species_id,common_name,purpose,p_score,rank,confidence,n_missing,weights_status,breakdown_json
1,Narra,planting,0.7275,1,1.0,0,provisional,"{""intended_use_fit"":{""score"":0.5,""weight"":0.15,""missing"":""0/2"",""parts"":{""urban_tags"":0.0,""common_uses"":1.0},""src"":[19,53],""ext"":[""provisional_map:tag_maps_urban.csv""]},""conservation_value"":{""score"":0.667,""weight"":0.2,""missing"":""0/2"",""parts"":{""endangered"":0.33,""origin"":1.0},""src"":[3,31]},""livelihood_value"":{""score"":0.502,""weight"":0.2,""missing"":""0/3"",""parts"":{""is_high_value_crop"":0.0,""timber_density"":0.51,""common_uses"":1.0},""src"":[15,53],""ext"":[""team_decision:species_directsource.csv (not a sourced fact)""]},""establishment_ease"":{""score"":0.844,""weight"":0.2,""missing"":""0/3"",""parts"":{""propagation_method"":1.0,""germination_days"":0.99,""dry_season_months"":0.55},""src"":[40,47,52]},""growth_speed"":{""score"":1.0,""weight"":0.15,""missing"":""0/1"",""parts"":{""growth_rate"":1.0},""src"":[27]},""soil_improvement_nurse"":{""score"":1.0,""weight"":0.1,""missing"":""0/1"",""parts"":{""n_fixing"":1.0},""src"":[34]}}"
7,Duhat,planting,0.6819,2,1.0,0,provisional,"{""intended_use_fit"":{""score"":1.0,""weight"":0.15,""missing"":""0/2"",""parts"":{""urban_tags"":1.0,""common_uses"":1.0},""src"":[332,365],""ext"":[""provisional_map:tag_maps_urban.csv""]},""conservation_value"":{""score"":0.5,""weight"":0.2,""missing"":""0/2"",""parts"":{""endangered"":0.0,""origin"":1.0},""src"":[316,344]},""livelihood_value"":{""score"":0.521,""weight"":0.2,""missing"":""0/3"",""parts"":{""is_high_value_crop"":0.0,""timber_density"":0.56,""common_uses"":1.0},""src"":[328,365],""ext"":[""team_decision:species_directsource.csv (not a sourced fact)""]},""establishment_ease"":{""score"":0.889,""weight"":0.2,""missing"":""0/3"",""parts"":{""propagation_method"":1.0,""germination_days"":0.94,""dry_season_months"":0.73},""src"":[353,360,364]},""growth_speed"":{""score"":1.0,""weight"":0.15,""missing"":""0/1"",""parts"":{""growth_rate"":1.0},""src"":[340]},""soil_improvement_nurse"":{""score"":0.0,""weight"":0.1,""missing"":""0/1"",""parts"":{""n_fixing"":0.0},""src"":[347]}}"
19,Kasoy,planting,0.6457,3,1.0,0,provisional,"{""intended_use_fit"":{""score"":1.0,""weight"":0.15,""missing"":""0/2"",""parts"":{""urban_tags"":1.0,""common_uses"":1.0},""src"":[958,991],""ext"":[""provisional_map:tag_maps_urban.csv""]},""conservation_value"":{""score"":0.0,""weight"":0.2,""missing"":""0/2"",""parts"":{""endangered"":0.0,""origin"":0.0},""src"":[942,970]},""livelihood_value"":{""score"":0.779,""weight"":0.2,""missing"":""0/3"",""parts"":{""is_high_value_crop"":1.0,""timber_density"":0.34,""common_uses"":1.0},""src"":[954,991],""ext"":[""team_decision:species_directsource.csv (not a sourced fact)""]},""establishment_ease"":{""score"":0.95,""weight"":0.2,""missing"":""0/3"",""parts"":{""propagation_method"":1.0,""germination_days"":0.94,""dry_season_months"":0.91},""src"":[979,986,990]},""growth_speed"":{""score"":1.0,""weight"":0.15,""missing"":""0/1"",""parts"":{""growth_rate"":1.0},""src"":[966]},""soil_improvement_nurse"":{""score"":0.0,""weight"":0.1,""missing"":""0/1"",""parts"":{""n_fixing"":0.0},""src"":[973]}}"
41,Guava,planting,0.644,4,1.0,0,provisional,"{""intended_use_fit"":{""score"":1.0,""weight"":0.15,""missing"":""0/2"",""parts"":{""urban_tags"":1.0,""common_uses"":1.0},""src"":[2108,2142],""ext"":[""provisional_map:tag_maps_urban.csv""]},""conservation_value"":{""score"":0.0,""weight"":0.2,""missing"":""0/2"",""parts"":{""endangered"":0.0,""origin"":0.0},""src"":[2092,2120]},""livelihood_value"":{""score"":0.891,""weight"":0.2,""missing"":""0/3"",""parts"":{""is_high_value_crop"":1.0,""timber_density"":0.67,""common_uses"":1.0},""src"":[2104,2142],""ext"":[""team_decision:species_directsource.csv (not a sourced fact)""]},""establishment_ease"":{""score"":0.828,""weight"":0.2,""missing"":""0/3"",""parts"":{""propagation_method"":1.0,""germination_days"":0.94,""dry_season_months"":0.55},""src"":[2129,2136,2141]},""growth_speed"":{""score"":1.0,""weight"":0.15,""missing"":""0/1"",""parts"":{""growth_rate"":1.0},""src"":[2116]},""soil_improvement_nurse"":{""score"":0.0,""weight"":0.1,""missing"":""0/1"",""parts"":{""n_fixing"":0.0},""src"":[2123]}}"
24,Malunggay,planting,0.628,5,1.0,0,provisional,"{""intended_use_fit"":{""score"":1.0,""weight"":0.15,""missing"":""0/2"",""parts"":{""urban_tags"":1.0,""common_uses"":1.0},""src"":[1221,1255],""ext"":[""provisional_map:tag_maps_urban.csv""]},""conservation_value"":{""score"":0.0,""weight"":0.2,""missing"":""0/2"",""parts"":{""endangered"":0.0,""origin"":0.0},""src"":[1205,1233]},""livelihood_value"":{""score"":0.704,""weight"":0.2,""missing"":""0/3"",""parts"":{""is_high_value_crop"":1.0,""timber_density"":0.11,""common_uses"":1.0},""src"":[1217,1255],""ext"":[""team_decision:species_directsource.csv (not a sourced fact)""]},""establishment_ease"":{""score"":0.936,""weight"":0.2,""missing"":""0/3"",""parts"":{""propagation_method"":1.0,""germination_days"":0.99,""dry_season_months"":0.82},""src"":[1242,1249,1254]},""growth_speed"":{""score"":1.0,""weight"":0.15,""missing"":""0/1"",""parts"":{""growth_rate"":1.0},""src"":[1229]},""soil_improvement_nurse"":{""score"":0.0,""weight"":0.1,""missing"":""0/1"",""parts"":{""n_fixing"":0.0},""src"":[1236]}}"
25,Star Apple,planting,0.6161,6,1.0,0,provisional,"{""intended_use_fit"":{""score"":1.0,""weight"":0.15,""missing"":""0/2"",""parts"":{""urban_tags"":1.0,""common_uses"":1.0},""src"":[1274,1308],""ext"":[""provisional_map:tag_maps_urban.csv""]},""conservation_value"":{""score"":0.0,""weight"":0.2,""missing"":""0/2"",""parts"":{""endangered"":0.0,""origin"":0.0},""src"":[1258,1286]},""livelihood_value"":{""score"":0.835,""weight"":0.2,""missing"":""0/3"",""parts"":{""is_high_value_crop"":1.0,""timber_density"":0.51,""common_uses"":1.0},""src"":[1270,1308],""ext"":[""team_decision:species_directsource.csv (not a sourced fact)""]},""establishment_ease"":{""score"":0.745,""weight"":0.2,""missing"":""0/3"",""parts"":{""propagation_method"":1.0,""germination_days"":0.87,""dry_season_months"":0.36},""src"":[1295,1302,1307]},""growth_speed"":{""score"":1.0,""weight"":0.15,""missing"":""0/1"",""parts"":{""growth_rate"":1.0},""src"":[1282]},""soil_improvement_nurse"":{""score"":0.0,""weight"":0.1,""missing"":""0/1"",""parts"":{""n_fixing"":0.0},""src"":[1289]}}"
23,Santol,planting,0.6107,7,1.0,0,provisional,"{""intended_use_fit"":{""score"":1.0,""weight"":0.15,""missing"":""0/2"",""parts"":{""urban_tags"":1.0,""common_uses"":1.0},""src"":[1168,1202],""ext"":[""provisional_map:tag_maps_urban.csv""]},""conservation_value"":{""score"":0.0,""weight"":0.2,""missing"":""0/2"",""parts"":{""endangered"":0.0,""origin"":0.0},""src"":[1152,1180]},""livelihood_value"":{""score"":0.798,""weight"":0.2,""missing"":""0/3"",""parts"":{""is_high_value_crop"":1.0,""timber_density"":0.39,""common_uses"":1.0},""src"":[1164,1202],""ext"":[""team_decision:species_directsource.csv (not a sourced fact)""]},""establishment_ease"":{""score"":0.756,""weight"":0.2,""missing"":""0/3"",""parts"":{""propagation_method"":1.0,""germination_days"":0.9,""dry_season_months"":0.36},""src"":[1189,1196,1201]},""growth_speed"":{""score"":1.0,""weight"":0.15,""missing"":""0/1"",""parts"":{""growth_rate"":1.0},""src"":[1176]},""soil_improvement_nurse"":{""score"":0.0,""weight"":0.1,""missing"":""0/1"",""parts"":{""n_fixing"":0.0},""src"":[1183]}}"
21,Yakal,planting,0.6096,8,1.0,0,provisional,"{""intended_use_fit"":{""score"":1.0,""weight"":0.15,""missing"":""0/2"",""parts"":{""urban_tags"":1.0,""common_uses"":1.0},""src"":[1063,1096],""ext"":[""provisional_map:tag_maps_urban.csv""]},""conservation_value"":{""score"":1.0,""weight"":0.2,""missing"":""0/2"",""parts"":{""endangered"":1.0,""origin"":1.0},""src"":[1047,1075]},""livelihood_value"":{""score"":0.596,""weight"":0.2,""missing"":""0/3"",""parts"":{""is_high_value_crop"":0.0,""timber_density"":0.79,""common_uses"":1.0},""src"":[1059,1096],""ext"":[""team_decision:species_directsource.csv (not a sourced fact)""]},""establishment_ease"":{""score"":0.702,""weight"":0.2,""missing"":""0/3"",""parts"":{""propagation_method"":1.0,""germination_days"":0.93,""dry_season_months"":0.18},""src"":[1084,1091,1095]},""growth_speed"":{""score"":0.0,""weight"":0.15,""missing"":""0/1"",""parts"":{""growth_rate"":0.0},""src"":[1071]},""soil_improvement_nurse"":{""score"":0.0,""weight"":0.1,""missing"":""0/1"",""parts"":{""n_fixing"":0.0},""src"":[1078]}}"
26,Banana - Saba,planting,0.6081,9,0.9333,1,provisional,"{""intended_use_fit"":{""score"":1.0,""weight"":0.15,""missing"":""0/2"",""parts"":{""urban_tags"":1.0,""common_uses"":1.0},""src"":[1326,1360],""ext"":[""provisional_map:tag_maps_urban.csv""]},""conservation_value"":{""score"":0.0,""weight"":0.2,""missing"":""0/2"",""parts"":{""endangered"":0.0,""origin"":0.0},""src"":[1311,1338]},""livelihood_value"":{""score"":0.833,""weight"":0.2,""missing"":""1/3"",""parts"":{""is_high_value_crop"":1.0,""timber_density"":null,""common_uses"":1.0},""src"":[1360],""ext"":[""team_decision:species_directsource.csv (not a sourced fact)""]},""establishment_ease"":{""score"":0.707,""weight"":0.2,""missing"":""0/3"",""parts"":{""propagation_method"":1.0,""germination_days"":0.94,""dry_season_months"":0.18},""src"":[1347,1354,1359]},""growth_speed"":{""score"":1.0,""weight"":0.15,""missing"":""0/1"",""parts"":{""growth_rate"":1.0},""src"":[1334]},""soil_improvement_nurse"":{""score"":0.0,""weight"":0.1,""missing"":""0/1"",""parts"":{""n_fixing"":0.0},""src"":[1341]}}"
36,Robusta (Coffee),planting,0.6062,10,1.0,0,provisional,"{""intended_use_fit"":{""score"":1.0,""weight"":0.15,""missing"":""0/2"",""parts"":{""urban_tags"":1.0,""common_uses"":1.0},""src"":[1849,1882],""ext"":[""provisional_map:tag_maps_urban.csv""]},""conservation_value"":{""score"":0.0,""weight"":0.2,""missing"":""0/2"",""parts"":{""endangered"":0.0,""origin"":0.0},""src"":[1833,1861]},""livelihood_value"":{""score"":0.816,""weight"":0.2,""missing"":""0/3"",""parts"":{""is_high_value_crop"":1.0,""timber_density"":0.45,""common_uses"":1.0},""src"":[1845,1882],""ext"":[""team_decision:species_directsource.csv (not a sourced fact)""]},""establishment_ease"":{""score"":0.715,""weight"":0.2,""missing"":""0/3"",""parts"":{""propagation_method"":1.0,""germination_days"":0.78,""dry_season_months"":0.36},""src"":[1870,1877,1881]},""growth_speed"":{""score"":1.0,""weight"":0.15,""missing"":""0/1"",""parts"":{""growth_rate"":1.0},""src"":[1857]},""soil_improvement_nurse"":{""score"":0.0,""weight"":0.1,""missing"":""0/1"",""parts"":{""n_fixing"":0.0},""src"":[1864]}}"
16,Atsuete,planting,0.6059,11,1.0,0,provisional,"{""intended_use_fit"":{""score"":1.0,""weight"":0.15,""missing"":""0/2"",""parts"":{""urban_tags"":1.0,""common_uses"":1.0},""src"":[800,833],""ext"":[""provisional_map:tag_maps_urban.csv""]},""conservation_value"":{""score"":0.0,""weight"":0.2,""missing"":""0/2"",""parts"":{""endangered"":0.0,""origin"":0.0},""src"":[784,812]},""livelihood_value"":{""score"":0.742,""weight"":0.2,""missing"":""0/3"",""parts"":{""is_high_value_crop"":1.0,""timber_density"":0.22,""common_uses"":1.0},""src"":[796,833],""ext"":[""team_decision:species_directsource.csv (not a sourced fact)""]},""establishment_ease"":{""score"":0.788,""weight"":0.2,""missing"":""0/3"",""parts"":{""propagation_method"":1.0,""germination_days"":1.0,""dry_season_months"":0.36},""src"":[821,828,832]},""growth_speed"":{""score"":1.0,""weight"":0.15,""missing"":""0/1"",""parts"":{""growth_rate"":1.0},""src"":[808]},""soil_improvement_nurse"":{""score"":0.0,""weight"":0.1,""missing"":""0/1"",""parts"":{""n_fixing"":0.0},""src"":[815]}}"
37,Apitong,planting,0.6005,12,1.0,0,provisional,"{""intended_use_fit"":{""score"":1.0,""weight"":0.15,""missing"":""0/2"",""parts"":{""urban_tags"":1.0,""common_uses"":1.0},""src"":[1901,1934],""ext"":[""provisional_map:tag_maps_urban.csv""]},""conservation_value"":{""score"":1.0,""weight"":0.2,""missing"":""0/2"",""parts"":{""endangered"":1.0,""origin"":1.0},""src"":[1885,1913]},""livelihood_value"":{""score"":0.539,""weight"":0.2,""missing"":""0/3"",""parts"":{""is_high_value_crop"":0.0,""timber_density"":0.62,""common_uses"":1.0},""src"":[1897,1934],""ext"":[""team_decision:species_directsource.csv (not a sourced fact)""]},""establishment_ease"":{""score"":0.713,""weight"":0.2,""missing"":""0/3"",""parts"":{""propagation_method"":1.0,""germination_days"":0.96,""dry_season_months"":0.18},""src"":[1922,1929,1933]},""growth_speed"":{""score"":0.0,""weight"":0.15,""missing"":""0/1"",""parts"":{""growth_rate"":0.0},""src"":[1909]},""soil_improvement_nurse"":{""score"":0.0,""weight"":0.1,""missing"":""0/1"",""parts"":{""n_fixing"":0.0},""src"":[1916]}}"
8,Kamagong,planting,0.5991,13,1.0,0,provisional,"{""intended_use_fit"":{""score"":1.0,""weight"":0.15,""missing"":""0/2"",""parts"":{""urban_tags"":1.0,""common_uses"":1.0},""src"":[384,417],""ext"":[""provisional_map:tag_maps_urban.csv""]},""conservation_value"":{""score"":0.833,""weight"":0.2,""missing"":""0/2"",""parts"":{""endangered"":0.67,""origin"":1.0},""src"":[368,396]},""livelihood_value"":{""score"":0.667,""weight"":0.2,""missing"":""0/3"",""parts"":{""is_high_value_crop"":0.0,""timber_density"":1.0,""common_uses"":1.0},""src"":[380,417],""ext"":[""team_decision:species_directsource.csv (not a sourced fact)""]},""establishment_ease"":{""score"":0.745,""weight"":0.2,""missing"":""0/3"",""parts"":{""propagation_method"":1.0,""germination_days"":0.87,""dry_season_months"":0.36},""src"":[405,412,416]},""growth_speed"":{""score"":0.0,""weight"":0.15,""missing"":""0/1"",""parts"":{""growth_rate"":0.0},""src"":[392]},""soil_improvement_nurse"":{""score"":0.0,""weight"":0.1,""missing"":""0/1"",""parts"":{""n_fixing"":0.0},""src"":[399]}}"
15,Guyabano,planting,0.5874,14,1.0,0,provisional,"{""intended_use_fit"":{""score"":1.0,""weight"":0.15,""missing"":""0/2"",""parts"":{""urban_tags"":1.0,""common_uses"":1.0},""src"":[748,781],""ext"":[""provisional_map:tag_maps_urban.csv""]},""conservation_value"":{""score"":0.0,""weight"":0.2,""missing"":""0/2"",""parts"":{""endangered"":0.0,""origin"":0.0},""src"":[732,760]},""livelihood_value"":{""score"":0.742,""weight"":0.2,""missing"":""0/3"",""parts"":{""is_high_value_crop"":1.0,""timber_density"":0.22,""common_uses"":1.0},""src"":[744,781],""ext"":[""team_decision:species_directsource.csv (not a sourced fact)""]},""establishment_ease"":{""score"":0.695,""weight"":0.2,""missing"":""0/3"",""parts"":{""propagation_method"":1.0,""germination_days"":0.9,""dry_season_months"":0.18},""src"":[769,776,780]},""growth_speed"":{""score"":1.0,""weight"":0.15,""missing"":""0/1"",""parts"":{""growth_rate"":1.0},""src"":[756]},""soil_improvement_nurse"":{""score"":0.0,""weight"":0.1,""missing"":""0/1"",""parts"":{""n_fixing"":0.0},""src"":[763]}}"
34,Red Lauan,planting,0.5871,15,1.0,0,provisional,"{""intended_use_fit"":{""score"":1.0,""weight"":0.15,""missing"":""0/2"",""parts"":{""urban_tags"":1.0,""common_uses"":1.0},""src"":[1745,1778],""ext"":[""provisional_map:tag_maps_urban.csv""]},""conservation_value"":{""score"":1.0,""weight"":0.2,""missing"":""0/2"",""parts"":{""endangered"":1.0,""origin"":1.0},""src"":[1729,1757]},""livelihood_value"":{""score"":0.483,""weight"":0.2,""missing"":""0/3"",""parts"":{""is_high_value_crop"":0.0,""timber_density"":0.45,""common_uses"":1.0},""src"":[1741,1778],""ext"":[""team_decision:species_directsource.csv (not a sourced fact)""]},""establishment_ease"":{""score"":0.702,""weight"":0.2,""missing"":""0/3"",""parts"":{""propagation_method"":1.0,""germination_days"":0.93,""dry_season_months"":0.18},""src"":[1766,1773,1777]},""growth_speed"":{""score"":0.0,""weight"":0.15,""missing"":""0/1"",""parts"":{""growth_rate"":0.0},""src"":[1753]},""soil_improvement_nurse"":{""score"":0.0,""weight"":0.1,""missing"":""0/1"",""parts"":{""n_fixing"":0.0},""src"":[1760]}}"
22,Indian/Carabao Mango,planting,0.5867,16,1.0,0,provisional,"{""intended_use_fit"":{""score"":1.0,""weight"":0.15,""missing"":""0/2"",""parts"":{""urban_tags"":1.0,""common_uses"":1.0},""src"":[1115,1149],""ext"":[""provisional_map:tag_maps_urban.csv""]},""conservation_value"":{""score"":0.0,""weight"":0.2,""missing"":""0/2"",""parts"":{""endangered"":0.0,""origin"":0.0},""src"":[1099,1127]},""livelihood_value"":{""score"":0.835,""weight"":0.2,""missing"":""0/3"",""parts"":{""is_high_value_crop"":1.0,""timber_density"":0.51,""common_uses"":1.0},""src"":[1111,1149],""ext"":[""team_decision:species_directsource.csv (not a sourced fact)""]},""establishment_ease"":{""score"":0.599,""weight"":0.2,""missing"":""0/3"",""parts"":{""propagation_method"":0.0,""germination_days"":0.89,""dry_season_months"":0.91},""src"":[1136,1143,1148]},""growth_speed"":{""score"":1.0,""weight"":0.15,""missing"":""0/1"",""parts"":{""growth_rate"":1.0},""src"":[1123]},""soil_improvement_nurse"":{""score"":0.0,""weight"":0.1,""missing"":""0/1"",""parts"":{""n_fixing"":0.0},""src"":[1130]}}"
12,Talisay,planting,0.5837,17,1.0,0,provisional,"{""intended_use_fit"":{""score"":0.5,""weight"":0.15,""missing"":""0/2"",""parts"":{""urban_tags"":0.0,""common_uses"":1.0},""src"":[591,624],""ext"":[""provisional_map:tag_maps_urban.csv""]},""conservation_value"":{""score"":0.5,""weight"":0.2,""missing"":""0/2"",""parts"":{""endangered"":0.0,""origin"":1.0},""src"":[575,603]},""livelihood_value"":{""score"":0.464,""weight"":0.2,""missing"":""0/3"",""parts"":{""is_high_value_crop"":0.0,""timber_density"":0.39,""common_uses"":1.0},""src"":[587,624],""ext"":[""team_decision:species_directsource.csv (not a sourced fact)""]},""establishment_ease"":{""score"":0.829,""weight"":0.2,""missing"":""0/3"",""parts"":{""propagation_method"":1.0,""germination_days"":0.85,""dry_season_months"":0.64},""src"":[612,619,623]},""growth_speed"":{""score"":1.0,""weight"":0.15,""missing"":""0/1"",""parts"":{""growth_rate"":1.0},""src"":[599]},""soil_improvement_nurse"":{""score"":0.0,""weight"":0.1,""missing"":""0/1"",""parts"":{""n_fixing"":0.0},""src"":[606]}}"
30,Papaya,planting,0.5757,18,1.0,0,provisional,"{""intended_use_fit"":{""score"":1.0,""weight"":0.15,""missing"":""0/2"",""parts"":{""urban_tags"":1.0,""common_uses"":1.0},""src"":[1536,1570],""ext"":[""provisional_map:tag_maps_urban.csv""]},""conservation_value"":{""score"":0.0,""weight"":0.2,""missing"":""0/2"",""parts"":{""endangered"":0.0,""origin"":0.0},""src"":[1520,1548]},""livelihood_value"":{""score"":0.667,""weight"":0.2,""missing"":""0/3"",""parts"":{""is_high_value_crop"":1.0,""timber_density"":0.0,""common_uses"":1.0},""src"":[1532,1570],""ext"":[""team_decision:species_directsource.csv (not a sourced fact)""]},""establishment_ease"":{""score"":0.712,""weight"":0.2,""missing"":""0/3"",""parts"":{""propagation_method"":1.0,""germination_days"":0.95,""dry_season_months"":0.18},""src"":[1557,1564,1569]},""growth_speed"":{""score"":1.0,""weight"":0.15,""missing"":""0/1"",""parts"":{""growth_rate"":1.0},""src"":[1544]},""soil_improvement_nurse"":{""score"":0.0,""weight"":0.1,""missing"":""0/1"",""parts"":{""n_fixing"":0.0},""src"":[1551]}}"
4,Banaba,planting,0.574,19,1.0,0,provisional,"{""intended_use_fit"":{""score"":0.5,""weight"":0.15,""missing"":""0/2"",""parts"":{""urban_tags"":0.0,""common_uses"":1.0},""src"":[176,209],""ext"":[""provisional_map:tag_maps_urban.csv""]},""conservation_value"":{""score"":0.5,""weight"":0.2,""missing"":""0/2"",""parts"":{""endangered"":0.0,""origin"":1.0},""src"":[160,188]},""livelihood_value"":{""score"":0.483,""weight"":0.2,""missing"":""0/3"",""parts"":{""is_high_value_crop"":0.0,""timber_density"":0.45,""common_uses"":1.0},""src"":[172,209],""ext"":[""team_decision:species_directsource.csv (not a sourced fact)""]},""establishment_ease"":{""score"":0.762,""weight"":0.2,""missing"":""0/3"",""parts"":{""propagation_method"":1.0,""germination_days"":0.92,""dry_season_months"":0.36},""src"":[197,204,208]},""growth_speed"":{""score"":1.0,""weight"":0.15,""missing"":""0/1"",""parts"":{""growth_rate"":1.0},""src"":[184]},""soil_improvement_nurse"":{""score"":0.0,""weight"":0.1,""missing"":""0/1"",""parts"":{""n_fixing"":0.0},""src"":[191]}}"
38,Chesa/Tiesa,planting,0.5682,20,1.0,0,provisional,"{""intended_use_fit"":{""score"":1.0,""weight"":0.15,""missing"":""0/2"",""parts"":{""urban_tags"":1.0,""common_uses"":1.0},""src"":[1953,1986],""ext"":[""provisional_map:tag_maps_urban.csv""]},""conservation_value"":{""score"":0.0,""weight"":0.2,""missing"":""0/2"",""parts"":{""endangered"":0.0,""origin"":0.0},""src"":[1937,1965]},""livelihood_value"":{""score"":0.835,""weight"":0.2,""missing"":""0/3"",""parts"":{""is_high_value_crop"":1.0,""timber_density"":0.51,""common_uses"":1.0},""src"":[1949,1986],""ext"":[""team_decision:species_directsource.csv (not a sourced fact)""]},""establishment_ease"":{""score"":0.881,""weight"":0.2,""missing"":""0/3"",""parts"":{""propagation_method"":1.0,""germination_days"":0.91,""dry_season_months"":0.73},""src"":[1974,1981,1985]},""growth_speed"":{""score"":0.5,""weight"":0.15,""missing"":""0/1"",""parts"":{""growth_rate"":0.5},""src"":[1961]},""soil_improvement_nurse"":{""score"":0.0,""weight"":0.1,""missing"":""0/1"",""parts"":{""n_fixing"":0.0},""src"":[1968]}}"
27,Banana - Latundan,planting,0.5667,21,0.8667,2,provisional,"{""intended_use_fit"":{""score"":1.0,""weight"":0.15,""missing"":""0/2"",""parts"":{""urban_tags"":1.0,""common_uses"":1.0},""src"":[1378,1412],""ext"":[""provisional_map:tag_maps_urban.csv""]},""conservation_value"":{""score"":0.0,""weight"":0.2,""missing"":""0/2"",""parts"":{""endangered"":0.0,""origin"":0.0},""src"":[1363,1390]},""livelihood_value"":{""score"":0.833,""weight"":0.2,""missing"":""1/3"",""parts"":{""is_high_value_crop"":1.0,""timber_density"":null,""common_uses"":1.0},""src"":[1412],""ext"":[""team_decision:species_directsource.csv (not a sourced fact)""]},""establishment_ease"":{""score"":0.5,""weight"":0.2,""missing"":""1/3"",""parts"":{""propagation_method"":1.0,""germination_days"":null,""dry_season_months"":0.0},""src"":[1399,1406,1411]},""growth_speed"":{""score"":1.0,""weight"":0.15,""missing"":""0/1"",""parts"":{""growth_rate"":1.0},""src"":[1386]},""soil_improvement_nurse"":{""score"":0.0,""weight"":0.1,""missing"":""0/1"",""parts"":{""n_fixing"":0.0},""src"":[1393]}}"
28,Coconut,planting,0.5528,22,1.0,0,provisional,"{""intended_use_fit"":{""score"":1.0,""weight"":0.15,""missing"":""0/2"",""parts"":{""urban_tags"":1.0,""common_uses"":1.0},""src"":[1431,1465],""ext"":[""provisional_map:tag_maps_urban.csv""]},""conservation_value"":{""score"":0.0,""weight"":0.2,""missing"":""0/2"",""parts"":{""endangered"":0.0,""origin"":0.0},""src"":[1415,1443]},""livelihood_value"":{""score"":0.929,""weight"":0.2,""missing"":""0/3"",""parts"":{""is_high_value_crop"":1.0,""timber_density"":0.79,""common_uses"":1.0},""src"":[1427,1465],""ext"":[""team_decision:species_directsource.csv (not a sourced fact)""]},""establishment_ease"":{""score"":0.71,""weight"":0.2,""missing"":""0/3"",""parts"":{""propagation_method"":1.0,""germination_days"":0.59,""dry_season_months"":0.55},""src"":[1452,1459,1464]},""growth_speed"":{""score"":0.5,""weight"":0.15,""missing"":""0/1"",""parts"":{""growth_rate"":0.5},""src"":[1439]},""soil_improvement_nurse"":{""score"":0.0,""weight"":0.1,""missing"":""0/1"",""parts"":{""n_fixing"":0.0},""src"":[1446]}}"
2,Molave,planting,0.5452,23,1.0,0,provisional,"{""intended_use_fit"":{""score"":0.5,""weight"":0.15,""missing"":""0/2"",""parts"":{""urban_tags"":0.0,""common_uses"":1.0},""src"":[72,105],""ext"":[""provisional_map:tag_maps_urban.csv""]},""conservation_value"":{""score"":0.833,""weight"":0.2,""missing"":""0/2"",""parts"":{""endangered"":0.67,""origin"":1.0},""src"":[56,84]},""livelihood_value"":{""score"":0.607,""weight"":0.2,""missing"":""0/3"",""parts"":{""is_high_value_crop"":0.0,""timber_density"":0.82,""common_uses"":1.0},""src"":[68,105],""ext"":[""team_decision:species_directsource.csv (not a sourced fact)""]},""establishment_ease"":{""score"":0.911,""weight"":0.2,""missing"":""0/3"",""parts"":{""propagation_method"":1.0,""germination_days"":0.91,""dry_season_months"":0.82},""src"":[93,100,104]},""growth_speed"":{""score"":0.0,""weight"":0.15,""missing"":""0/1"",""parts"":{""growth_rate"":0.0},""src"":[80]},""soil_improvement_nurse"":{""score"":0.0,""weight"":0.1,""missing"":""0/1"",""parts"":{""n_fixing"":0.0},""src"":[87]}}"
29,Calamansi,planting,0.5417,24,0.9333,1,provisional,"{""intended_use_fit"":{""score"":1.0,""weight"":0.15,""missing"":""0/2"",""parts"":{""urban_tags"":1.0,""common_uses"":1.0},""src"":[1483,1517],""ext"":[""provisional_map:tag_maps_urban.csv""]},""conservation_value"":{""score"":0.0,""weight"":0.2,""missing"":""0/2"",""parts"":{""endangered"":0.0,""origin"":0.0},""src"":[1468,1495]},""livelihood_value"":{""score"":0.833,""weight"":0.2,""missing"":""1/3"",""parts"":{""is_high_value_crop"":1.0,""timber_density"":null,""common_uses"":1.0},""src"":[1517],""ext"":[""team_decision:species_directsource.csv (not a sourced fact)""]},""establishment_ease"":{""score"":0.75,""weight"":0.2,""missing"":""0/3"",""parts"":{""propagation_method"":1.0,""germination_days"":0.89,""dry_season_months"":0.36},""src"":[1504,1511,1516]},""growth_speed"":{""score"":0.5,""weight"":0.15,""missing"":""0/1"",""parts"":{""growth_rate"":0.5},""src"":[1491]},""soil_improvement_nurse"":{""score"":0.0,""weight"":0.1,""missing"":""0/1"",""parts"":{""n_fixing"":0.0},""src"":[1498]}}"
14,Langka,planting,0.5383,25,1.0,0,provisional,"{""intended_use_fit"":{""score"":1.0,""weight"":0.15,""missing"":""0/2"",""parts"":{""urban_tags"":1.0,""common_uses"":1.0},""src"":[696,729],""ext"":[""provisional_map:tag_maps_urban.csv""]},""conservation_value"":{""score"":0.0,""weight"":0.2,""missing"":""0/2"",""parts"":{""endangered"":0.0,""origin"":0.0},""src"":[680,708]},""livelihood_value"":{""score"":0.816,""weight"":0.2,""missing"":""0/3"",""parts"":{""is_high_value_crop"":1.0,""timber_density"":0.45,""common_uses"":1.0},""src"":[692,729],""ext"":[""team_decision:species_directsource.csv (not a sourced fact)""]},""establishment_ease"":{""score"":0.75,""weight"":0.2,""missing"":""0/3"",""parts"":{""propagation_method"":1.0,""germination_days"":0.89,""dry_season_months"":0.36},""src"":[717,724,728]},""growth_speed"":{""score"":0.5,""weight"":0.15,""missing"":""0/1"",""parts"":{""growth_rate"":0.5},""src"":[704]},""soil_improvement_nurse"":{""score"":0.0,""weight"":0.1,""missing"":""0/1"",""parts"":{""n_fixing"":0.0},""src"":[711]}}"
6,Kalumpit,planting,0.5262,26,1.0,0,provisional,"{""intended_use_fit"":{""score"":0.5,""weight"":0.15,""missing"":""0/2"",""parts"":{""urban_tags"":0.0,""common_uses"":1.0},""src"":[280,313],""ext"":[""provisional_map:tag_maps_urban.csv""]},""conservation_value"":{""score"":0.667,""weight"":0.2,""missing"":""0/2"",""parts"":{""endangered"":0.33,""origin"":1.0},""src"":[264,292]},""livelihood_value"":{""score"":0.464,""weight"":0.2,""missing"":""0/3"",""parts"":{""is_high_value_crop"":0.0,""timber_density"":0.39,""common_uses"":1.0},""src"":[276,313],""ext"":[""team_decision:species_directsource.csv (not a sourced fact)""]},""establishment_ease"":{""score"":0.75,""weight"":0.2,""missing"":""0/3"",""parts"":{""propagation_method"":1.0,""germination_days"":0.89,""dry_season_months"":0.36},""src"":[301,308,312]},""growth_speed"":{""score"":0.5,""weight"":0.15,""missing"":""0/1"",""parts"":{""growth_rate"":0.5},""src"":[288]},""soil_improvement_nurse"":{""score"":0.0,""weight"":0.1,""missing"":""0/1"",""parts"":{""n_fixing"":0.0},""src"":[295]}}"
20,Sampalok,planting,0.5254,27,1.0,0,provisional,"{""intended_use_fit"":{""score"":1.0,""weight"":0.15,""missing"":""0/2"",""parts"":{""urban_tags"":1.0,""common_uses"":1.0},""src"":[1010,1044],""ext"":[""provisional_map:tag_maps_urban.csv""]},""conservation_value"":{""score"":0.0,""weight"":0.2,""missing"":""0/2"",""parts"":{""endangered"":0.0,""origin"":0.0},""src"":[994,1022]},""livelihood_value"":{""score"":0.891,""weight"":0.2,""missing"":""0/3"",""parts"":{""is_high_value_crop"":1.0,""timber_density"":0.67,""common_uses"":1.0},""src"":[1006,1044],""ext"":[""team_decision:species_directsource.csv (not a sourced fact)""]},""establishment_ease"":{""score"":0.986,""weight"":0.2,""missing"":""0/3"",""parts"":{""propagation_method"":1.0,""germination_days"":0.96,""dry_season_months"":1.0},""src"":[1031,1038,1043]},""growth_speed"":{""score"":0.0,""weight"":0.15,""missing"":""0/1"",""parts"":{""growth_rate"":0.0},""src"":[1018]},""soil_improvement_nurse"":{""score"":0.0,""weight"":0.1,""missing"":""0/1"",""parts"":{""n_fixing"":0.0},""src"":[1025]}}"
11,Palosapis,planting,0.5242,28,1.0,0,provisional,"{""intended_use_fit"":{""score"":1.0,""weight"":0.15,""missing"":""0/2"",""parts"":{""urban_tags"":1.0,""common_uses"":1.0},""src"":[539,572],""ext"":[""provisional_map:tag_maps_urban.csv""]},""conservation_value"":{""score"":0.667,""weight"":0.2,""missing"":""0/2"",""parts"":{""endangered"":0.33,""origin"":1.0},""src"":[524,551]},""livelihood_value"":{""score"":0.502,""weight"":0.2,""missing"":""0/3"",""parts"":{""is_high_value_crop"":0.0,""timber_density"":0.51,""common_uses"":1.0},""src"":[535,572],""ext"":[""team_decision:species_directsource.csv (not a sourced fact)""]},""establishment_ease"":{""score"":0.702,""weight"":0.2,""missing"":""0/3"",""parts"":{""propagation_method"":1.0,""germination_days"":0.93,""dry_season_months"":0.18},""src"":[560,567,571]},""growth_speed"":{""score"":0.0,""weight"":0.15,""missing"":""0/1"",""parts"":{""growth_rate"":0.0},""src"":[547]},""soil_improvement_nurse"":{""score"":0.0,""weight"":0.1,""missing"":""0/1"",""parts"":{""n_fixing"":0.0},""src"":[554]}}"
35,Bagtikan,planting,0.5242,28,1.0,0,provisional,"{""intended_use_fit"":{""score"":1.0,""weight"":0.15,""missing"":""0/2"",""parts"":{""urban_tags"":1.0,""common_uses"":1.0},""src"":[1797,1830],""ext"":[""provisional_map:tag_maps_urban.csv""]},""conservation_value"":{""score"":0.667,""weight"":0.2,""missing"":""0/2"",""parts"":{""endangered"":0.33,""origin"":1.0},""src"":[1781,1809]},""livelihood_value"":{""score"":0.502,""weight"":0.2,""missing"":""0/3"",""parts"":{""is_high_value_crop"":0.0,""timber_density"":0.51,""common_uses"":1.0},""src"":[1793,1830],""ext"":[""team_decision:species_directsource.csv (not a sourced fact)""]},""establishment_ease"":{""score"":0.702,""weight"":0.2,""missing"":""0/3"",""parts"":{""propagation_method"":1.0,""germination_days"":0.93,""dry_season_months"":0.18},""src"":[1818,1825,1829]},""growth_speed"":{""score"":0.0,""weight"":0.15,""missing"":""0/1"",""parts"":{""growth_rate"":0.0},""src"":[1805]},""soil_improvement_nurse"":{""score"":0.0,""weight"":0.1,""missing"":""0/1"",""parts"":{""n_fixing"":0.0},""src"":[1812]}}"
32,Salinggogon,planting,0.5224,30,1.0,0,provisional,"{""intended_use_fit"":{""score"":0.5,""weight"":0.15,""missing"":""0/2"",""parts"":{""urban_tags"":0.0,""common_uses"":1.0},""src"":[1641,1674],""ext"":[""provisional_map:tag_maps_urban.csv""]},""conservation_value"":{""score"":0.5,""weight"":0.2,""missing"":""0/2"",""parts"":{""endangered"":0.0,""origin"":1.0},""src"":[1625,1653]},""livelihood_value"":{""score"":0.539,""weight"":0.2,""missing"":""0/3"",""parts"":{""is_high_value_crop"":0.0,""timber_density"":0.62,""common_uses"":1.0},""src"":[1637,1674],""ext"":[""team_decision:species_directsource.csv (not a sourced fact)""]},""establishment_ease"":{""score"":0.822,""weight"":0.2,""missing"":""0/3"",""parts"":{""propagation_method"":1.0,""germination_days"":0.92,""dry_season_months"":0.55},""src"":[1662,1669,1673]},""growth_speed"":{""score"":0.5,""weight"":0.15,""missing"":""0/1"",""parts"":{""growth_rate"":0.5},""src"":[1649]},""soil_improvement_nurse"":{""score"":0.0,""weight"":0.1,""missing"":""0/1"",""parts"":{""n_fixing"":0.0},""src"":[1656]}}"
45,Kamias,planting,0.5222,31,1.0,0,provisional,"{""intended_use_fit"":{""score"":1.0,""weight"":0.15,""missing"":""0/2"",""parts"":{""urban_tags"":1.0,""common_uses"":1.0},""src"":[2314,2347],""ext"":[""provisional_map:tag_maps_urban.csv""]},""conservation_value"":{""score"":0.0,""weight"":0.2,""missing"":""0/2"",""parts"":{""endangered"":0.0,""origin"":0.0},""src"":[2298,2326]},""livelihood_value"":{""score"":0.779,""weight"":0.2,""missing"":""0/3"",""parts"":{""is_high_value_crop"":1.0,""timber_density"":0.34,""common_uses"":1.0},""src"":[2310,2347],""ext"":[""team_decision:species_directsource.csv (not a sourced fact)""]},""establishment_ease"":{""score"":0.707,""weight"":0.2,""missing"":""0/3"",""parts"":{""propagation_method"":1.0,""germination_days"":0.94,""dry_season_months"":0.18},""src"":[2335,2342,2346]},""growth_speed"":{""score"":0.5,""weight"":0.15,""missing"":""0/1"",""parts"":{""growth_rate"":0.5},""src"":[2322]},""soil_improvement_nurse"":{""score"":0.0,""weight"":0.1,""missing"":""0/1"",""parts"":{""n_fixing"":0.0},""src"":[2329]}}"
39,Avocado,planting,0.5187,32,1.0,0,provisional,"{""intended_use_fit"":{""score"":1.0,""weight"":0.15,""missing"":""0/2"",""parts"":{""urban_tags"":1.0,""common_uses"":1.0},""src"":[2005,2038],""ext"":[""provisional_map:tag_maps_urban.csv""]},""conservation_value"":{""score"":0.0,""weight"":0.2,""missing"":""0/2"",""parts"":{""endangered"":0.0,""origin"":0.0},""src"":[1989,2017]},""livelihood_value"":{""score"":0.779,""weight"":0.2,""missing"":""0/3"",""parts"":{""is_high_value_crop"":1.0,""timber_density"":0.34,""common_uses"":1.0},""src"":[2001,2038],""ext"":[""team_decision:species_directsource.csv (not a sourced fact)""]},""establishment_ease"":{""score"":0.689,""weight"":0.2,""missing"":""0/3"",""parts"":{""propagation_method"":1.0,""germination_days"":0.89,""dry_season_months"":0.18},""src"":[2026,2033,2037]},""growth_speed"":{""score"":0.5,""weight"":0.15,""missing"":""0/1"",""parts"":{""growth_rate"":0.5},""src"":[2013]},""soil_improvement_nurse"":{""score"":0.0,""weight"":0.1,""missing"":""0/1"",""parts"":{""n_fixing"":0.0},""src"":[2020]}}"
33,White Lauan,planting,0.5167,33,1.0,0,provisional,"{""intended_use_fit"":{""score"":1.0,""weight"":0.15,""missing"":""0/2"",""parts"":{""urban_tags"":1.0,""common_uses"":1.0},""src"":[1693,1726],""ext"":[""provisional_map:tag_maps_urban.csv""]},""conservation_value"":{""score"":0.667,""weight"":0.2,""missing"":""0/2"",""parts"":{""endangered"":0.33,""origin"":1.0},""src"":[1677,1705]},""livelihood_value"":{""score"":0.464,""weight"":0.2,""missing"":""0/3"",""parts"":{""is_high_value_crop"":0.0,""timber_density"":0.39,""common_uses"":1.0},""src"":[1689,1726],""ext"":[""team_decision:species_directsource.csv (not a sourced fact)""]},""establishment_ease"":{""score"":0.702,""weight"":0.2,""missing"":""0/3"",""parts"":{""propagation_method"":1.0,""germination_days"":0.93,""dry_season_months"":0.18},""src"":[1714,1721,1725]},""growth_speed"":{""score"":0.0,""weight"":0.15,""missing"":""0/1"",""parts"":{""growth_rate"":0.0},""src"":[1701]},""soil_improvement_nurse"":{""score"":0.0,""weight"":0.1,""missing"":""0/1"",""parts"":{""n_fixing"":0.0},""src"":[1708]}}"
3,Dao,planting,0.5164,34,1.0,0,provisional,"{""intended_use_fit"":{""score"":0.5,""weight"":0.15,""missing"":""0/2"",""parts"":{""urban_tags"":0.0,""common_uses"":1.0},""src"":[124,157],""ext"":[""provisional_map:tag_maps_urban.csv""]},""conservation_value"":{""score"":0.667,""weight"":0.2,""missing"":""0/2"",""parts"":{""endangered"":0.33,""origin"":1.0},""src"":[108,136]},""livelihood_value"":{""score"":0.446,""weight"":0.2,""missing"":""0/3"",""parts"":{""is_high_value_crop"":0.0,""timber_density"":0.34,""common_uses"":1.0},""src"":[120,157],""ext"":[""team_decision:species_directsource.csv (not a sourced fact)""]},""establishment_ease"":{""score"":0.72,""weight"":0.2,""missing"":""0/3"",""parts"":{""propagation_method"":1.0,""germination_days"":0.89,""dry_season_months"":0.27},""src"":[145,152,156]},""growth_speed"":{""score"":0.5,""weight"":0.15,""missing"":""0/1"",""parts"":{""growth_rate"":0.5},""src"":[132]},""soil_improvement_nurse"":{""score"":0.0,""weight"":0.1,""missing"":""0/1"",""parts"":{""n_fixing"":0.0},""src"":[139]}}"
17,Cacao,planting,0.5162,35,1.0,0,provisional,"{""intended_use_fit"":{""score"":1.0,""weight"":0.15,""missing"":""0/2"",""parts"":{""urban_tags"":1.0,""common_uses"":1.0},""src"":[852,886],""ext"":[""provisional_map:tag_maps_urban.csv""]},""conservation_value"":{""score"":0.0,""weight"":0.2,""missing"":""0/2"",""parts"":{""endangered"":0.0,""origin"":0.0},""src"":[836,864]},""livelihood_value"":{""score"":0.749,""weight"":0.2,""missing"":""0/3"",""parts"":{""is_high_value_crop"":1.0,""timber_density"":0.25,""common_uses"":1.0},""src"":[848,886],""ext"":[""team_decision:species_directsource.csv (not a sourced fact)""]},""establishment_ease"":{""score"":0.707,""weight"":0.2,""missing"":""0/3"",""parts"":{""propagation_method"":1.0,""germination_days"":0.94,""dry_season_months"":0.18},""src"":[873,880,885]},""growth_speed"":{""score"":0.5,""weight"":0.15,""missing"":""0/1"",""parts"":{""growth_rate"":0.5},""src"":[860]},""soil_improvement_nurse"":{""score"":0.0,""weight"":0.1,""missing"":""0/1"",""parts"":{""n_fixing"":0.0},""src"":[867]}}"
9,Katmon,planting,0.5036,36,1.0,0,provisional,"{""intended_use_fit"":{""score"":1.0,""weight"":0.15,""missing"":""0/2"",""parts"":{""urban_tags"":1.0,""common_uses"":1.0},""src"":[436,469],""ext"":[""provisional_map:tag_maps_urban.csv""]},""conservation_value"":{""score"":0.667,""weight"":0.2,""missing"":""0/2"",""parts"":{""endangered"":0.33,""origin"":1.0},""src"":[420,448]},""livelihood_value"":{""score"":0.502,""weight"":0.2,""missing"":""0/3"",""parts"":{""is_high_value_crop"":0.0,""timber_density"":0.51,""common_uses"":1.0},""src"":[432,469],""ext"":[""team_decision:species_directsource.csv (not a sourced fact)""]},""establishment_ease"":{""score"":0.599,""weight"":0.2,""missing"":""0/3"",""parts"":{""propagation_method"":1.0,""germination_days"":0.8,""dry_season_months"":0.0},""src"":[457,464,468]},""growth_speed"":{""score"":0.0,""weight"":0.15,""missing"":""0/1"",""parts"":{""growth_rate"":0.0},""src"":[444]},""soil_improvement_nurse"":{""score"":0.0,""weight"":0.1,""missing"":""0/1"",""parts"":{""n_fixing"":0.0},""src"":[451]}}"
10,Batikuling,planting,0.4787,37,1.0,0,provisional,"{""intended_use_fit"":{""score"":1.0,""weight"":0.15,""missing"":""0/2"",""parts"":{""urban_tags"":1.0,""common_uses"":1.0},""src"":[488,521],""ext"":[""provisional_map:tag_maps_urban.csv""]},""conservation_value"":{""score"":0.833,""weight"":0.2,""missing"":""0/2"",""parts"":{""endangered"":0.67,""origin"":1.0},""src"":[472,500]},""livelihood_value"":{""score"":0.446,""weight"":0.2,""missing"":""0/3"",""parts"":{""is_high_value_crop"":0.0,""timber_density"":0.34,""common_uses"":1.0},""src"":[484,521],""ext"":[""team_decision:species_directsource.csv (not a sourced fact)""]},""establishment_ease"":{""score"":0.364,""weight"":0.2,""missing"":""0/3"",""parts"":{""propagation_method"":1.0,""germination_days"":0.0,""dry_season_months"":0.09},""src"":[509,516,520]},""growth_speed"":{""score"":0.0,""weight"":0.15,""missing"":""0/1"",""parts"":{""growth_rate"":0.0},""src"":[496]},""soil_improvement_nurse"":{""score"":0.0,""weight"":0.1,""missing"":""0/1"",""parts"":{""n_fixing"":0.0},""src"":[503]}}"
43,Lemon,planting,0.475,38,0.9333,1,provisional,"{""intended_use_fit"":{""score"":1.0,""weight"":0.15,""missing"":""0/2"",""parts"":{""urban_tags"":1.0,""common_uses"":1.0},""src"":[2211,2244],""ext"":[""provisional_map:tag_maps_urban.csv""]},""conservation_value"":{""score"":0.0,""weight"":0.2,""missing"":""0/2"",""parts"":{""endangered"":0.0,""origin"":0.0},""src"":[2196,2223]},""livelihood_value"":{""score"":0.833,""weight"":0.2,""missing"":""1/3"",""parts"":{""is_high_value_crop"":1.0,""timber_density"":null,""common_uses"":1.0},""src"":[2244],""ext"":[""team_decision:species_directsource.csv (not a sourced fact)""]},""establishment_ease"":{""score"":0.417,""weight"":0.2,""missing"":""0/3"",""parts"":{""propagation_method"":0.0,""germination_days"":0.89,""dry_season_months"":0.36},""src"":[2232,2239,2243]},""growth_speed"":{""score"":0.5,""weight"":0.15,""missing"":""0/1"",""parts"":{""growth_rate"":0.5},""src"":[2219]},""soil_improvement_nurse"":{""score"":0.0,""weight"":0.1,""missing"":""0/1"",""parts"":{""n_fixing"":0.0},""src"":[2226]}}"
13,Clumping Bamboo,planting,0.4719,39,1.0,0,provisional,"{""intended_use_fit"":{""score"":0.5,""weight"":0.15,""missing"":""0/2"",""parts"":{""urban_tags"":0.0,""common_uses"":1.0},""src"":[643,677],""ext"":[""provisional_map:tag_maps_urban.csv""]},""conservation_value"":{""score"":0.0,""weight"":0.2,""missing"":""0/2"",""parts"":{""endangered"":0.0,""origin"":0.0},""src"":[627,655]},""livelihood_value"":{""score"":0.408,""weight"":0.2,""missing"":""0/3"",""parts"":{""is_high_value_crop"":0.0,""timber_density"":0.22,""common_uses"":1.0},""src"":[639,677],""ext"":[""team_decision:species_directsource.csv (not a sourced fact)""]},""establishment_ease"":{""score"":0.826,""weight"":0.2,""missing"":""0/3"",""parts"":{""propagation_method"":1.0,""germination_days"":0.93,""dry_season_months"":0.55},""src"":[664,671,676]},""growth_speed"":{""score"":1.0,""weight"":0.15,""missing"":""0/1"",""parts"":{""growth_rate"":1.0},""src"":[651]},""soil_improvement_nurse"":{""score"":0.0,""weight"":0.1,""missing"":""0/1"",""parts"":{""n_fixing"":0.0},""src"":[658]}}"
18,Rambutan,planting,0.4697,40,1.0,0,provisional,"{""intended_use_fit"":{""score"":1.0,""weight"":0.15,""missing"":""0/2"",""parts"":{""urban_tags"":1.0,""common_uses"":1.0},""src"":[905,939],""ext"":[""provisional_map:tag_maps_urban.csv""]},""conservation_value"":{""score"":0.0,""weight"":0.2,""missing"":""0/2"",""parts"":{""endangered"":0.0,""origin"":0.0},""src"":[889,917]},""livelihood_value"":{""score"":0.91,""weight"":0.2,""missing"":""0/3"",""parts"":{""is_high_value_crop"":1.0,""timber_density"":0.73,""common_uses"":1.0},""src"":[901,939],""ext"":[""team_decision:species_directsource.csv (not a sourced fact)""]},""establishment_ease"":{""score"":0.313,""weight"":0.2,""missing"":""0/3"",""parts"":{""propagation_method"":0.0,""germination_days"":0.94,""dry_season_months"":0.0},""src"":[926,933,938]},""growth_speed"":{""score"":0.5,""weight"":0.15,""missing"":""0/1"",""parts"":{""growth_rate"":0.5},""src"":[913]},""soil_improvement_nurse"":{""score"":0.0,""weight"":0.1,""missing"":""0/1"",""parts"":{""n_fixing"":0.0},""src"":[920]}}"
42,Weeping Fig (Balete),planting,0.4466,41,0.9333,1,provisional,"{""intended_use_fit"":{""score"":0.0,""weight"":0.15,""missing"":""0/2"",""parts"":{""urban_tags"":0.0,""common_uses"":0.0},""src"":[2160,2193],""ext"":[""provisional_map:tag_maps_urban.csv""]},""conservation_value"":{""score"":0.5,""weight"":0.2,""missing"":""0/2"",""parts"":{""endangered"":0.0,""origin"":1.0},""src"":[2145,2172]},""livelihood_value"":{""score"":0.167,""weight"":0.2,""missing"":""1/3"",""parts"":{""is_high_value_crop"":0.0,""timber_density"":null,""common_uses"":0.0},""src"":[2193],""ext"":[""team_decision:species_directsource.csv (not a sourced fact)""]},""establishment_ease"":{""score"":0.817,""weight"":0.2,""missing"":""0/3"",""parts"":{""propagation_method"":1.0,""germination_days"":0.9,""dry_season_months"":0.55},""src"":[2181,2188,2192]},""growth_speed"":{""score"":1.0,""weight"":0.15,""missing"":""0/1"",""parts"":{""growth_rate"":1.0},""src"":[2168]},""soil_improvement_nurse"":{""score"":0.0,""weight"":0.1,""missing"":""0/1"",""parts"":{""n_fixing"":0.0},""src"":[2175]}}"
5,Bitaog,planting,0.4379,42,1.0,0,provisional,"{""intended_use_fit"":{""score"":0.5,""weight"":0.15,""missing"":""0/2"",""parts"":{""urban_tags"":0.0,""common_uses"":1.0},""src"":[228,261],""ext"":[""provisional_map:tag_maps_urban.csv""]},""conservation_value"":{""score"":0.5,""weight"":0.2,""missing"":""0/2"",""parts"":{""endangered"":0.0,""origin"":1.0},""src"":[212,240]},""livelihood_value"":{""score"":0.539,""weight"":0.2,""missing"":""0/3"",""parts"":{""is_high_value_crop"":0.0,""timber_density"":0.62,""common_uses"":1.0},""src"":[224,261],""ext"":[""team_decision:species_directsource.csv (not a sourced fact)""]},""establishment_ease"":{""score"":0.775,""weight"":0.2,""missing"":""0/3"",""parts"":{""propagation_method"":1.0,""germination_days"":0.78,""dry_season_months"":0.55},""src"":[249,256,260]},""growth_speed"":{""score"":0.0,""weight"":0.15,""missing"":""0/1"",""parts"":{""growth_rate"":0.0},""src"":[236]},""soil_improvement_nurse"":{""score"":0.0,""weight"":0.1,""missing"":""0/1"",""parts"":{""n_fixing"":0.0},""src"":[243]}}"
31,Fire Tree,planting,0.3921,43,1.0,0,provisional,"{""intended_use_fit"":{""score"":0.0,""weight"":0.15,""missing"":""0/2"",""parts"":{""urban_tags"":0.0,""common_uses"":0.0},""src"":[1589,1622],""ext"":[""provisional_map:tag_maps_urban.csv""]},""conservation_value"":{""score"":0.0,""weight"":0.2,""missing"":""0/2"",""parts"":{""endangered"":0.0,""origin"":0.0},""src"":[1573,1601]},""livelihood_value"":{""score"":0.225,""weight"":0.2,""missing"":""0/3"",""parts"":{""is_high_value_crop"":0.0,""timber_density"":0.67,""common_uses"":0.0},""src"":[1585,1622],""ext"":[""team_decision:species_directsource.csv (not a sourced fact)""]},""establishment_ease"":{""score"":0.986,""weight"":0.2,""missing"":""0/3"",""parts"":{""propagation_method"":1.0,""germination_days"":0.96,""dry_season_months"":1.0},""src"":[1610,1617,1621]},""growth_speed"":{""score"":1.0,""weight"":0.15,""missing"":""0/1"",""parts"":{""growth_rate"":1.0},""src"":[1597]},""soil_improvement_nurse"":{""score"":0.0,""weight"":0.1,""missing"":""0/1"",""parts"":{""n_fixing"":0.0},""src"":[1604]}}"
44,Balai Lamok,planting,0.3705,44,0.9333,1,provisional,"{""intended_use_fit"":{""score"":0.0,""weight"":0.15,""missing"":""0/2"",""parts"":{""urban_tags"":0.0,""common_uses"":0.0},""src"":[2262,2295],""ext"":[""provisional_map:tag_maps_urban.csv""]},""conservation_value"":{""score"":0.5,""weight"":0.2,""missing"":""0/2"",""parts"":{""endangered"":0.0,""origin"":1.0},""src"":[2247,2274]},""livelihood_value"":{""score"":0.167,""weight"":0.2,""missing"":""1/3"",""parts"":{""is_high_value_crop"":0.0,""timber_density"":null,""common_uses"":0.0},""src"":[2295],""ext"":[""team_decision:species_directsource.csv (not a sourced fact)""]},""establishment_ease"":{""score"":0.811,""weight"":0.2,""missing"":""0/3"",""parts"":{""propagation_method"":1.0,""germination_days"":0.89,""dry_season_months"":0.55},""src"":[2283,2290,2294]},""growth_speed"":{""score"":0.5,""weight"":0.15,""missing"":""0/1"",""parts"":{""growth_rate"":0.5},""src"":[2270]},""soil_improvement_nurse"":{""score"":0.0,""weight"":0.1,""missing"":""0/1"",""parts"":{""n_fixing"":0.0},""src"":[2277]}}"
40,Peacock Flower Tree,planting,0.3635,45,0.9333,1,provisional,"{""intended_use_fit"":{""score"":0.0,""weight"":0.15,""missing"":""0/2"",""parts"":{""urban_tags"":0.0,""common_uses"":0.0},""src"":[2056,2089],""ext"":[""provisional_map:tag_maps_urban.csv""]},""conservation_value"":{""score"":0.0,""weight"":0.2,""missing"":""0/2"",""parts"":{""endangered"":0.0,""origin"":0.0},""src"":[2041,2068]},""livelihood_value"":{""score"":0.167,""weight"":0.2,""missing"":""1/3"",""parts"":{""is_high_value_crop"":0.0,""timber_density"":null,""common_uses"":0.0},""src"":[2089],""ext"":[""team_decision:species_directsource.csv (not a sourced fact)""]},""establishment_ease"":{""score"":0.901,""weight"":0.2,""missing"":""0/3"",""parts"":{""propagation_method"":1.0,""germination_days"":0.98,""dry_season_months"":0.73},""src"":[2077,2084,2088]},""growth_speed"":{""score"":1.0,""weight"":0.15,""missing"":""0/1"",""parts"":{""growth_rate"":1.0},""src"":[2064]},""soil_improvement_nurse"":{""score"":0.0,""weight"":0.1,""missing"":""0/1"",""parts"":{""n_fixing"":0.0},""src"":[2071]}}"
8,Kamagong,urban,0.7703,1,0.9333,1,provisional,"{""intended_use_fit"":{""score"":1.0,""weight"":0.15,""missing"":""0/1"",""parts"":{""urban_tags"":1.0},""src"":[384],""ext"":[""provisional_map:tag_maps_urban.csv""]},""shade_provision"":{""score"":0.515,""weight"":0.2,""missing"":""0/3"",""parts"":{""canopy_spread_m"":0.55,""growth_rate"":0.0,""foliage"":1.0},""src"":[382,392,401]},""infrastructure_safety"":{""score"":0.642,""weight"":0.2,""missing"":""1/3"",""parts"":{""root_urban_safety_prov"":0.8,""planting_difficulty"":null,""mature_height_m"":0.62},""src"":[381,383,397],""ext"":[""provisional_map:tag_maps_root.csv""]},""storm_safety"":{""score"":1.0,""weight"":0.15,""missing"":""0/2"",""parts"":{""typhoon_res"":1.0,""timber_density"":1.0},""src"":[380,391]},""low_maintenance"":{""score"":0.778,""weight"":0.2,""missing"":""0/3"",""parts"":{""drought_tol"":1.0,""problem_tags"":0.67,""care_tags"":0.67},""src"":[378,394,407]},""native_biodiversity_value"":{""score"":0.833,""weight"":0.1,""missing"":""0/2"",""parts"":{""origin"":1.0,""endangered"":0.67},""src"":[368,396]}}"
7,Duhat,urban,0.7281,2,0.8667,2,provisional,"{""intended_use_fit"":{""score"":1.0,""weight"":0.15,""missing"":""0/1"",""parts"":{""urban_tags"":1.0},""src"":[332],""ext"":[""provisional_map:tag_maps_urban.csv""]},""shade_provision"":{""score"":0.682,""weight"":0.2,""missing"":""1/3"",""parts"":{""canopy_spread_m"":0.55,""growth_rate"":1.0,""foliage"":null},""src"":[330,340,349]},""infrastructure_safety"":{""score"":0.838,""weight"":0.2,""missing"":""0/3"",""parts"":{""root_urban_safety_prov"":0.8,""planting_difficulty"":1.0,""mature_height_m"":0.71},""src"":[329,331,345],""ext"":[""provisional_map:tag_maps_root.csv""]},""storm_safety"":{""score"":0.531,""weight"":0.15,""missing"":""0/2"",""parts"":{""typhoon_res"":0.5,""timber_density"":0.56},""src"":[328,339]},""low_maintenance"":{""score"":0.722,""weight"":0.2,""missing"":""1/3"",""parts"":{""drought_tol"":1.0,""problem_tags"":0.67,""care_tags"":null},""src"":[326,342,355]},""native_biodiversity_value"":{""score"":0.5,""weight"":0.1,""missing"":""0/2"",""parts"":{""origin"":1.0,""endangered"":0.0},""src"":[316,344]}}"
42,Weeping Fig (Balete),urban,0.6993,3,0.8583,2,provisional,"{""intended_use_fit"":{""score"":1.0,""weight"":0.15,""missing"":""0/1"",""parts"":{""urban_tags"":1.0},""src"":[2160],""ext"":[""provisional_map:tag_maps_urban.csv""]},""shade_provision"":{""score"":1.0,""weight"":0.2,""missing"":""0/3"",""parts"":{""canopy_spread_m"":1.0,""growth_rate"":1.0,""foliage"":1.0},""src"":[2158,2168,2177]},""infrastructure_safety"":{""score"":0.212,""weight"":0.2,""missing"":""0/3"",""parts"":{""root_urban_safety_prov"":0.1,""planting_difficulty"":0.0,""mature_height_m"":0.54},""src"":[2157,2159,2173],""ext"":[""provisional_map:tag_maps_root.csv""]},""storm_safety"":{""score"":0.75,""weight"":0.15,""missing"":""1/2"",""parts"":{""typhoon_res"":1.0,""timber_density"":null},""src"":[2167]},""low_maintenance"":{""score"":0.722,""weight"":0.2,""missing"":""1/3"",""parts"":{""drought_tol"":1.0,""problem_tags"":0.67,""care_tags"":null},""src"":[2155,2170,2183]},""native_biodiversity_value"":{""score"":0.5,""weight"":0.1,""missing"":""0/2"",""parts"":{""origin"":1.0,""endangered"":0.0},""src"":[2145,2172]}}"
22,Indian/Carabao Mango,urban,0.6857,4,0.9333,1,provisional,"{""intended_use_fit"":{""score"":1.0,""weight"":0.15,""missing"":""0/1"",""parts"":{""urban_tags"":1.0},""src"":[1115],""ext"":[""provisional_map:tag_maps_urban.csv""]},""shade_provision"":{""score"":0.848,""weight"":0.2,""missing"":""0/3"",""parts"":{""canopy_spread_m"":0.55,""growth_rate"":1.0,""foliage"":1.0},""src"":[1113,1123,1132]},""infrastructure_safety"":{""score"":0.675,""weight"":0.2,""missing"":""1/3"",""parts"":{""root_urban_safety_prov"":0.9,""planting_difficulty"":null,""mature_height_m"":0.62},""src"":[1112,1114,1128],""ext"":[""provisional_map:tag_maps_root.csv""]},""storm_safety"":{""score"":0.503,""weight"":0.15,""missing"":""0/2"",""parts"":{""typhoon_res"":0.5,""timber_density"":0.51},""src"":[1111,1122]},""low_maintenance"":{""score"":0.778,""weight"":0.2,""missing"":""0/3"",""parts"":{""drought_tol"":1.0,""problem_tags"":0.67,""care_tags"":0.67},""src"":[1109,1125,1138]},""native_biodiversity_value"":{""score"":0.0,""weight"":0.1,""missing"":""0/2"",""parts"":{""origin"":0.0,""endangered"":0.0},""src"":[1099,1127]}}"
38,Chesa/Tiesa,urban,0.6688,5,0.8667,2,provisional,"{""intended_use_fit"":{""score"":1.0,""weight"":0.15,""missing"":""0/1"",""parts"":{""urban_tags"":1.0},""src"":[1953],""ext"":[""provisional_map:tag_maps_urban.csv""]},""shade_provision"":{""score"":0.606,""weight"":0.2,""missing"":""0/3"",""parts"":{""canopy_spread_m"":0.32,""growth_rate"":0.5,""foliage"":1.0},""src"":[1951,1961,1970]},""infrastructure_safety"":{""score"":0.701,""weight"":0.2,""missing"":""1/3"",""parts"":{""root_urban_safety_prov"":0.8,""planting_difficulty"":null,""mature_height_m"":0.8},""src"":[1950,1952,1966],""ext"":[""provisional_map:tag_maps_root.csv""]},""storm_safety"":{""score"":0.753,""weight"":0.15,""missing"":""0/2"",""parts"":{""typhoon_res"":1.0,""timber_density"":0.51},""src"":[1949,1960]},""low_maintenance"":{""score"":0.722,""weight"":0.2,""missing"":""1/3"",""parts"":{""drought_tol"":1.0,""problem_tags"":0.67,""care_tags"":null},""src"":[1947,1963,1976]},""native_biodiversity_value"":{""score"":0.0,""weight"":0.1,""missing"":""0/2"",""parts"":{""origin"":0.0,""endangered"":0.0},""src"":[1937,1965]}}"
20,Sampalok,urban,0.658,6,0.8667,2,provisional,"{""intended_use_fit"":{""score"":1.0,""weight"":0.15,""missing"":""0/1"",""parts"":{""urban_tags"":1.0},""src"":[1010],""ext"":[""provisional_map:tag_maps_urban.csv""]},""shade_provision"":{""score"":0.515,""weight"":0.2,""missing"":""0/3"",""parts"":{""canopy_spread_m"":0.55,""growth_rate"":0.0,""foliage"":1.0},""src"":[1008,1018,1027]},""infrastructure_safety"":{""score"":0.675,""weight"":0.2,""missing"":""1/3"",""parts"":{""root_urban_safety_prov"":0.9,""planting_difficulty"":null,""mature_height_m"":0.62},""src"":[1007,1009,1023],""ext"":[""provisional_map:tag_maps_root.csv""]},""storm_safety"":{""score"":0.837,""weight"":0.15,""missing"":""0/2"",""parts"":{""typhoon_res"":1.0,""timber_density"":0.67},""src"":[1006,1017]},""low_maintenance"":{""score"":0.722,""weight"":0.2,""missing"":""1/3"",""parts"":{""drought_tol"":1.0,""problem_tags"":0.67,""care_tags"":null},""src"":[1004,1020,1033]},""native_biodiversity_value"":{""score"":0.0,""weight"":0.1,""missing"":""0/2"",""parts"":{""origin"":0.0,""endangered"":0.0},""src"":[994,1022]}}"
32,Salinggogon,urban,0.6505,7,0.9333,1,provisional,"{""intended_use_fit"":{""score"":1.0,""weight"":0.15,""missing"":""0/1"",""parts"":{""urban_tags"":1.0},""src"":[1641],""ext"":[""provisional_map:tag_maps_urban.csv""]},""shade_provision"":{""score"":0.273,""weight"":0.2,""missing"":""0/3"",""parts"":{""canopy_spread_m"":0.32,""growth_rate"":0.5,""foliage"":0.0},""src"":[1639,1649,1658]},""infrastructure_safety"":{""score"":0.838,""weight"":0.2,""missing"":""0/3"",""parts"":{""root_urban_safety_prov"":0.8,""planting_difficulty"":1.0,""mature_height_m"":0.71},""src"":[1638,1640,1654],""ext"":[""provisional_map:tag_maps_root.csv""]},""storm_safety"":{""score"":0.559,""weight"":0.15,""missing"":""0/2"",""parts"":{""typhoon_res"":0.5,""timber_density"":0.62},""src"":[1637,1648]},""low_maintenance"":{""score"":0.722,""weight"":0.2,""missing"":""1/3"",""parts"":{""drought_tol"":1.0,""problem_tags"":0.67,""care_tags"":null},""src"":[1635,1651,1664]},""native_biodiversity_value"":{""score"":0.5,""weight"":0.1,""missing"":""0/2"",""parts"":{""origin"":1.0,""endangered"":0.0},""src"":[1625,1653]}}"
40,Peacock Flower Tree,urban,0.6472,8,0.8583,2,provisional,"{""intended_use_fit"":{""score"":1.0,""weight"":0.15,""missing"":""0/1"",""parts"":{""urban_tags"":1.0},""src"":[2056],""ext"":[""provisional_map:tag_maps_urban.csv""]},""shade_provision"":{""score"":0.5,""weight"":0.2,""missing"":""1/3"",""parts"":{""canopy_spread_m"":0.0,""growth_rate"":1.0,""foliage"":null},""src"":[2054,2064,2073]},""infrastructure_safety"":{""score"":0.833,""weight"":0.2,""missing"":""0/3"",""parts"":{""root_urban_safety_prov"":0.5,""planting_difficulty"":1.0,""mature_height_m"":1.0},""src"":[2053,2055,2069],""ext"":[""provisional_map:tag_maps_root.csv""]},""storm_safety"":{""score"":0.5,""weight"":0.15,""missing"":""1/2"",""parts"":{""typhoon_res"":0.5,""timber_density"":null},""src"":[2063]},""low_maintenance"":{""score"":0.778,""weight"":0.2,""missing"":""0/3"",""parts"":{""drought_tol"":1.0,""problem_tags"":0.67,""care_tags"":0.67},""src"":[2051,2066,2079]},""native_biodiversity_value"":{""score"":0.0,""weight"":0.1,""missing"":""0/2"",""parts"":{""origin"":0.0,""endangered"":0.0},""src"":[2041,2068]}}"
41,Guava,urban,0.6372,9,0.8667,2,provisional,"{""intended_use_fit"":{""score"":1.0,""weight"":0.15,""missing"":""0/1"",""parts"":{""urban_tags"":1.0},""src"":[2108],""ext"":[""provisional_map:tag_maps_urban.csv""]},""shade_provision"":{""score"":0.742,""weight"":0.2,""missing"":""0/3"",""parts"":{""canopy_spread_m"":0.23,""growth_rate"":1.0,""foliage"":1.0},""src"":[2106,2116,2125]},""infrastructure_safety"":{""score"":0.531,""weight"":0.2,""missing"":""1/3"",""parts"":{""root_urban_safety_prov"":0.2,""planting_difficulty"":null,""mature_height_m"":0.89},""src"":[2105,2107,2121],""ext"":[""provisional_map:tag_maps_root.csv""]},""storm_safety"":{""score"":0.587,""weight"":0.15,""missing"":""0/2"",""parts"":{""typhoon_res"":0.5,""timber_density"":0.67},""src"":[2104,2115]},""low_maintenance"":{""score"":0.722,""weight"":0.2,""missing"":""1/3"",""parts"":{""drought_tol"":1.0,""problem_tags"":null,""care_tags"":0.67},""src"":[2102,2118,2131]},""native_biodiversity_value"":{""score"":0.0,""weight"":0.1,""missing"":""0/2"",""parts"":{""origin"":0.0,""endangered"":0.0},""src"":[2092,2120]}}"
25,Star Apple,urban,0.6314,10,0.8667,2,provisional,"{""intended_use_fit"":{""score"":1.0,""weight"":0.15,""missing"":""0/1"",""parts"":{""urban_tags"":1.0},""src"":[1274],""ext"":[""provisional_map:tag_maps_urban.csv""]},""shade_provision"":{""score"":0.803,""weight"":0.2,""missing"":""0/3"",""parts"":{""canopy_spread_m"":0.41,""growth_rate"":1.0,""foliage"":1.0},""src"":[1272,1282,1291]},""infrastructure_safety"":{""score"":0.671,""weight"":0.2,""missing"":""1/3"",""parts"":{""root_urban_safety_prov"":0.8,""planting_difficulty"":null,""mature_height_m"":0.71},""src"":[1271,1273,1287],""ext"":[""provisional_map:tag_maps_root.csv""]},""storm_safety"":{""score"":0.503,""weight"":0.15,""missing"":""0/2"",""parts"":{""typhoon_res"":0.5,""timber_density"":0.51},""src"":[1270,1281]},""low_maintenance"":{""score"":0.556,""weight"":0.2,""missing"":""1/3"",""parts"":{""drought_tol"":0.5,""problem_tags"":null,""care_tags"":0.67},""src"":[1268,1284,1297]},""native_biodiversity_value"":{""score"":0.0,""weight"":0.1,""missing"":""0/2"",""parts"":{""origin"":0.0,""endangered"":0.0},""src"":[1258,1286]}}"
12,Talisay,urban,0.6292,11,0.8,3,provisional,"{""intended_use_fit"":{""score"":1.0,""weight"":0.15,""missing"":""0/1"",""parts"":{""urban_tags"":1.0},""src"":[591],""ext"":[""provisional_map:tag_maps_urban.csv""]},""shade_provision"":{""score"":0.682,""weight"":0.2,""missing"":""1/3"",""parts"":{""canopy_spread_m"":0.55,""growth_rate"":1.0,""foliage"":null},""src"":[589,599,608]},""infrastructure_safety"":{""score"":0.275,""weight"":0.2,""missing"":""0/3"",""parts"":{""root_urban_safety_prov"":0.2,""planting_difficulty"":0.0,""mature_height_m"":0.62},""src"":[588,590,604],""ext"":[""provisional_map:tag_maps_root.csv""]},""storm_safety"":{""score"":0.697,""weight"":0.15,""missing"":""0/2"",""parts"":{""typhoon_res"":1.0,""timber_density"":0.39},""src"":[587,598]},""low_maintenance"":{""score"":0.667,""weight"":0.2,""missing"":""2/3"",""parts"":{""drought_tol"":1.0,""problem_tags"":null,""care_tags"":null},""src"":[585,601,614]},""native_biodiversity_value"":{""score"":0.5,""weight"":0.1,""missing"":""0/2"",""parts"":{""origin"":1.0,""endangered"":0.0},""src"":[575,603]}}"
23,Santol,urban,0.6244,12,0.8667,2,provisional,"{""intended_use_fit"":{""score"":1.0,""weight"":0.15,""missing"":""0/1"",""parts"":{""urban_tags"":1.0},""src"":[1168],""ext"":[""provisional_map:tag_maps_urban.csv""]},""shade_provision"":{""score"":0.682,""weight"":0.2,""missing"":""0/3"",""parts"":{""canopy_spread_m"":0.55,""growth_rate"":1.0,""foliage"":0.5},""src"":[1166,1176,1185]},""infrastructure_safety"":{""score"":0.612,""weight"":0.2,""missing"":""1/3"",""parts"":{""root_urban_safety_prov"":0.8,""planting_difficulty"":null,""mature_height_m"":0.54},""src"":[1165,1167,1181],""ext"":[""provisional_map:tag_maps_root.csv""]},""storm_safety"":{""score"":0.697,""weight"":0.15,""missing"":""0/2"",""parts"":{""typhoon_res"":1.0,""timber_density"":0.39},""src"":[1164,1175]},""low_maintenance"":{""score"":0.556,""weight"":0.2,""missing"":""1/3"",""parts"":{""drought_tol"":0.5,""problem_tags"":null,""care_tags"":0.67},""src"":[1162,1178,1191]},""native_biodiversity_value"":{""score"":0.0,""weight"":0.1,""missing"":""0/2"",""parts"":{""origin"":0.0,""endangered"":0.0},""src"":[1152,1180]}}"
16,Atsuete,urban,0.6176,13,0.8667,2,provisional,"{""intended_use_fit"":{""score"":1.0,""weight"":0.15,""missing"":""0/1"",""parts"":{""urban_tags"":1.0},""src"":[800],""ext"":[""provisional_map:tag_maps_urban.csv""]},""shade_provision"":{""score"":0.545,""weight"":0.2,""missing"":""1/3"",""parts"":{""canopy_spread_m"":0.14,""growth_rate"":1.0,""foliage"":null},""src"":[798,808,817]},""infrastructure_safety"":{""score"":0.743,""weight"":0.2,""missing"":""1/3"",""parts"":{""root_urban_safety_prov"":0.8,""planting_difficulty"":null,""mature_height_m"":0.93},""src"":[797,799,813],""ext"":[""provisional_map:tag_maps_root.csv""]},""storm_safety"":{""score"":0.362,""weight"":0.15,""missing"":""0/2"",""parts"":{""typhoon_res"":0.5,""timber_density"":0.22},""src"":[796,807]},""low_maintenance"":{""score"":0.778,""weight"":0.2,""missing"":""0/3"",""parts"":{""drought_tol"":1.0,""problem_tags"":0.67,""care_tags"":0.67},""src"":[794,810,823]},""native_biodiversity_value"":{""score"":0.0,""weight"":0.1,""missing"":""0/2"",""parts"":{""origin"":0.0,""endangered"":0.0},""src"":[784,812]}}"
44,Balai Lamok,urban,0.6142,14,0.8583,2,provisional,"{""intended_use_fit"":{""score"":1.0,""weight"":0.15,""missing"":""0/1"",""parts"":{""urban_tags"":1.0},""src"":[2262],""ext"":[""provisional_map:tag_maps_urban.csv""]},""shade_provision"":{""score"":0.273,""weight"":0.2,""missing"":""0/3"",""parts"":{""canopy_spread_m"":0.32,""growth_rate"":0.5,""foliage"":0.0},""src"":[2260,2270,2279]},""infrastructure_safety"":{""score"":0.868,""weight"":0.2,""missing"":""0/3"",""parts"":{""root_urban_safety_prov"":0.8,""planting_difficulty"":1.0,""mature_height_m"":0.8},""src"":[2259,2261,2275],""ext"":[""provisional_map:tag_maps_root.csv""]},""storm_safety"":{""score"":0.5,""weight"":0.15,""missing"":""1/2"",""parts"":{""typhoon_res"":0.5,""timber_density"":null},""src"":[2269]},""low_maintenance"":{""score"":0.556,""weight"":0.2,""missing"":""1/3"",""parts"":{""drought_tol"":0.5,""problem_tags"":0.67,""care_tags"":null},""src"":[2257,2272,2285]},""native_biodiversity_value"":{""score"":0.5,""weight"":0.1,""missing"":""0/2"",""parts"":{""origin"":1.0,""endangered"":0.0},""src"":[2247,2274]}}"
1,Narra,urban,0.5993,15,1.0,0,provisional,"{""intended_use_fit"":{""score"":1.0,""weight"":0.15,""missing"":""0/1"",""parts"":{""urban_tags"":1.0},""src"":[19],""ext"":[""provisional_map:tag_maps_urban.csv""]},""shade_provision"":{""score"":0.591,""weight"":0.2,""missing"":""0/3"",""parts"":{""canopy_spread_m"":0.77,""growth_rate"":1.0,""foliage"":0.0},""src"":[17,27,36]},""infrastructure_safety"":{""score"":0.279,""weight"":0.2,""missing"":""0/3"",""parts"":{""root_urban_safety_prov"":0.3,""planting_difficulty"":0.0,""mature_height_m"":0.54},""src"":[16,18,32],""ext"":[""provisional_map:tag_maps_root.csv""]},""storm_safety"":{""score"":0.503,""weight"":0.15,""missing"":""0/2"",""parts"":{""typhoon_res"":0.5,""timber_density"":0.51},""src"":[15,26]},""low_maintenance"":{""score"":0.667,""weight"":0.2,""missing"":""0/3"",""parts"":{""drought_tol"":1.0,""problem_tags"":0.33,""care_tags"":0.67},""src"":[13,29,42]},""native_biodiversity_value"":{""score"":0.667,""weight"":0.1,""missing"":""0/2"",""parts"":{""origin"":1.0,""endangered"":0.33},""src"":[3,31]}}"
29,Calamansi,urban,0.5957,16,0.8583,2,provisional,"{""intended_use_fit"":{""score"":1.0,""weight"":0.15,""missing"":""0/1"",""parts"":{""urban_tags"":1.0},""src"":[1483],""ext"":[""provisional_map:tag_maps_urban.csv""]},""shade_provision"":{""score"":0.515,""weight"":0.2,""missing"":""0/3"",""parts"":{""canopy_spread_m"":0.05,""growth_rate"":0.5,""foliage"":1.0},""src"":[1481,1491,1500]},""infrastructure_safety"":{""score"":0.727,""weight"":0.2,""missing"":""1/3"",""parts"":{""root_urban_safety_prov"":0.7,""planting_difficulty"":null,""mature_height_m"":0.98},""src"":[1480,1482,1496],""ext"":[""provisional_map:tag_maps_root.csv""]},""storm_safety"":{""score"":0.5,""weight"":0.15,""missing"":""1/2"",""parts"":{""typhoon_res"":0.5,""timber_density"":null},""src"":[1490]},""low_maintenance"":{""score"":0.611,""weight"":0.2,""missing"":""0/3"",""parts"":{""drought_tol"":0.5,""problem_tags"":0.67,""care_tags"":0.67},""src"":[1478,1493,1506]},""native_biodiversity_value"":{""score"":0.0,""weight"":0.1,""missing"":""0/2"",""parts"":{""origin"":0.0,""endangered"":0.0},""src"":[1468,1495]}}"
2,Molave,urban,0.5957,17,0.8667,2,provisional,"{""intended_use_fit"":{""score"":0.0,""weight"":0.15,""missing"":""0/1"",""parts"":{""urban_tags"":0.0},""src"":[72],""ext"":[""provisional_map:tag_maps_urban.csv""]},""shade_provision"":{""score"":0.348,""weight"":0.2,""missing"":""1/3"",""parts"":{""canopy_spread_m"":0.55,""growth_rate"":0.0,""foliage"":null},""src"":[70,80,89]},""infrastructure_safety"":{""score"":0.808,""weight"":0.2,""missing"":""0/3"",""parts"":{""root_urban_safety_prov"":0.8,""planting_difficulty"":1.0,""mature_height_m"":0.62},""src"":[69,71,85],""ext"":[""provisional_map:tag_maps_root.csv""]},""storm_safety"":{""score"":0.91,""weight"":0.15,""missing"":""0/2"",""parts"":{""typhoon_res"":1.0,""timber_density"":0.82},""src"":[68,79]},""low_maintenance"":{""score"":0.722,""weight"":0.2,""missing"":""1/3"",""parts"":{""drought_tol"":1.0,""problem_tags"":0.67,""care_tags"":null},""src"":[66,82,95]},""native_biodiversity_value"":{""score"":0.833,""weight"":0.1,""missing"":""0/2"",""parts"":{""origin"":1.0,""endangered"":0.67},""src"":[56,84]}}"
4,Banaba,urban,0.5689,18,1.0,0,provisional,"{""intended_use_fit"":{""score"":1.0,""weight"":0.15,""missing"":""0/1"",""parts"":{""urban_tags"":1.0},""src"":[176],""ext"":[""provisional_map:tag_maps_urban.csv""]},""shade_provision"":{""score"":0.439,""weight"":0.2,""missing"":""0/3"",""parts"":{""canopy_spread_m"":0.32,""growth_rate"":1.0,""foliage"":0.0},""src"":[174,184,193]},""infrastructure_safety"":{""score"":0.438,""weight"":0.2,""missing"":""0/3"",""parts"":{""root_urban_safety_prov"":0.6,""planting_difficulty"":0.0,""mature_height_m"":0.71},""src"":[173,175,189],""ext"":[""provisional_map:tag_maps_root.csv""]},""storm_safety"":{""score"":0.475,""weight"":0.15,""missing"":""0/2"",""parts"":{""typhoon_res"":0.5,""timber_density"":0.45},""src"":[172,183]},""low_maintenance"":{""score"":0.611,""weight"":0.2,""missing"":""0/3"",""parts"":{""drought_tol"":0.5,""problem_tags"":0.67,""care_tags"":0.67},""src"":[170,186,199]},""native_biodiversity_value"":{""score"":0.5,""weight"":0.1,""missing"":""0/2"",""parts"":{""origin"":1.0,""endangered"":0.0},""src"":[160,188]}}"
3,Dao,urban,0.5544,19,0.8667,2,provisional,"{""intended_use_fit"":{""score"":1.0,""weight"":0.15,""missing"":""0/1"",""parts"":{""urban_tags"":1.0},""src"":[124],""ext"":[""provisional_map:tag_maps_urban.csv""]},""shade_provision"":{""score"":0.667,""weight"":0.2,""missing"":""1/3"",""parts"":{""canopy_spread_m"":1.0,""growth_rate"":0.5,""foliage"":null},""src"":[122,132,141]},""infrastructure_safety"":{""score"":0.152,""weight"":0.2,""missing"":""0/3"",""parts"":{""root_urban_safety_prov"":0.1,""planting_difficulty"":0.0,""mature_height_m"":0.36},""src"":[121,123,137],""ext"":[""provisional_map:tag_maps_root.csv""]},""storm_safety"":{""score"":0.419,""weight"":0.15,""missing"":""0/2"",""parts"":{""typhoon_res"":0.5,""timber_density"":0.34},""src"":[120,131]},""low_maintenance"":{""score"":0.556,""weight"":0.2,""missing"":""1/3"",""parts"":{""drought_tol"":0.5,""problem_tags"":0.67,""care_tags"":null},""src"":[118,134,147]},""native_biodiversity_value"":{""score"":0.667,""weight"":0.1,""missing"":""0/2"",""parts"":{""origin"":1.0,""endangered"":0.33},""src"":[108,136]}}"
9,Katmon,urban,0.5535,20,0.7333,4,provisional,"{""intended_use_fit"":{""score"":1.0,""weight"":0.15,""missing"":""0/1"",""parts"":{""urban_tags"":1.0},""src"":[436],""ext"":[""provisional_map:tag_maps_urban.csv""]},""shade_provision"":{""score"":0.273,""weight"":0.2,""missing"":""1/3"",""parts"":{""canopy_spread_m"":0.32,""growth_rate"":0.0,""foliage"":null},""src"":[434,444,453]},""infrastructure_safety"":{""score"":0.701,""weight"":0.2,""missing"":""1/3"",""parts"":{""root_urban_safety_prov"":0.8,""planting_difficulty"":null,""mature_height_m"":0.8},""src"":[433,435,449],""ext"":[""provisional_map:tag_maps_root.csv""]},""storm_safety"":{""score"":0.503,""weight"":0.15,""missing"":""0/2"",""parts"":{""typhoon_res"":0.5,""timber_density"":0.51},""src"":[432,443]},""low_maintenance"":{""score"":0.333,""weight"":0.2,""missing"":""2/3"",""parts"":{""drought_tol"":0.0,""problem_tags"":null,""care_tags"":null},""src"":[430,446,459]},""native_biodiversity_value"":{""score"":0.667,""weight"":0.1,""missing"":""0/2"",""parts"":{""origin"":1.0,""endangered"":0.33},""src"":[420,448]}}"
26,Banana - Saba,urban,0.5326,21,0.725,4,provisional,"{""intended_use_fit"":{""score"":1.0,""weight"":0.15,""missing"":""0/1"",""parts"":{""urban_tags"":1.0},""src"":[1326],""ext"":[""provisional_map:tag_maps_urban.csv""]},""shade_provision"":{""score"":0.515,""weight"":0.2,""missing"":""1/3"",""parts"":{""canopy_spread_m"":0.05,""growth_rate"":1.0,""foliage"":null},""src"":[1324,1334,1343]},""infrastructure_safety"":{""score"":0.655,""weight"":0.2,""missing"":""1/3"",""parts"":{""root_urban_safety_prov"":0.5,""planting_difficulty"":null,""mature_height_m"":0.96},""src"":[1323,1325,1339],""ext"":[""provisional_map:tag_maps_root.csv""]},""storm_safety"":{""score"":0.25,""weight"":0.15,""missing"":""1/2"",""parts"":{""typhoon_res"":0.0,""timber_density"":null},""src"":[1333]},""low_maintenance"":{""score"":0.556,""weight"":0.2,""missing"":""1/3"",""parts"":{""drought_tol"":0.5,""problem_tags"":0.67,""care_tags"":null},""src"":[1321,1336,1349]},""native_biodiversity_value"":{""score"":0.0,""weight"":0.1,""missing"":""0/2"",""parts"":{""origin"":0.0,""endangered"":0.0},""src"":[1311,1338]}}"
5,Bitaog,urban,0.5223,22,0.8,3,provisional,"{""intended_use_fit"":{""score"":0.0,""weight"":0.15,""missing"":""0/1"",""parts"":{""urban_tags"":0.0},""src"":[228],""ext"":[""provisional_map:tag_maps_urban.csv""]},""shade_provision"":{""score"":0.424,""weight"":0.2,""missing"":""1/3"",""parts"":{""canopy_spread_m"":0.77,""growth_rate"":0.0,""foliage"":null},""src"":[226,236,245]},""infrastructure_safety"":{""score"":0.608,""weight"":0.2,""missing"":""1/3"",""parts"":{""root_urban_safety_prov"":0.7,""planting_difficulty"":null,""mature_height_m"":0.62},""src"":[225,227,241],""ext"":[""provisional_map:tag_maps_root.csv""]},""storm_safety"":{""score"":0.809,""weight"":0.15,""missing"":""0/2"",""parts"":{""typhoon_res"":1.0,""timber_density"":0.62},""src"":[224,235]},""low_maintenance"":{""score"":0.722,""weight"":0.2,""missing"":""1/3"",""parts"":{""drought_tol"":1.0,""problem_tags"":0.67,""care_tags"":null},""src"":[222,238,251]},""native_biodiversity_value"":{""score"":0.5,""weight"":0.1,""missing"":""0/2"",""parts"":{""origin"":1.0,""endangered"":0.0},""src"":[212,240]}}"
43,Lemon,urban,0.5148,23,0.8583,2,provisional,"{""intended_use_fit"":{""score"":1.0,""weight"":0.15,""missing"":""0/1"",""parts"":{""urban_tags"":1.0},""src"":[2211],""ext"":[""provisional_map:tag_maps_urban.csv""]},""shade_provision"":{""score"":0.515,""weight"":0.2,""missing"":""0/3"",""parts"":{""canopy_spread_m"":0.05,""growth_rate"":0.5,""foliage"":1.0},""src"":[2209,2219,2228]},""infrastructure_safety"":{""score"":0.621,""weight"":0.2,""missing"":""1/3"",""parts"":{""root_urban_safety_prov"":0.4,""planting_difficulty"":null,""mature_height_m"":0.96},""src"":[2208,2210,2224],""ext"":[""provisional_map:tag_maps_root.csv""]},""storm_safety"":{""score"":0.25,""weight"":0.15,""missing"":""1/2"",""parts"":{""typhoon_res"":0.0,""timber_density"":null},""src"":[2218]},""low_maintenance"":{""score"":0.5,""weight"":0.2,""missing"":""0/3"",""parts"":{""drought_tol"":0.5,""problem_tags"":0.33,""care_tags"":0.67},""src"":[2206,2221,2234]},""native_biodiversity_value"":{""score"":0.0,""weight"":0.1,""missing"":""0/2"",""parts"":{""origin"":0.0,""endangered"":0.0},""src"":[2196,2223]}}"
31,Fire Tree,urban,0.5083,24,0.9333,1,provisional,"{""intended_use_fit"":{""score"":1.0,""weight"":0.15,""missing"":""0/1"",""parts"":{""urban_tags"":1.0},""src"":[1589],""ext"":[""provisional_map:tag_maps_urban.csv""]},""shade_provision"":{""score"":0.515,""weight"":0.2,""missing"":""0/3"",""parts"":{""canopy_spread_m"":0.55,""growth_rate"":1.0,""foliage"":0.0},""src"":[1587,1597,1606]},""infrastructure_safety"":{""score"":0.301,""weight"":0.2,""missing"":""0/3"",""parts"":{""root_urban_safety_prov"":0.1,""planting_difficulty"":0.0,""mature_height_m"":0.8},""src"":[1586,1588,1602],""ext"":[""provisional_map:tag_maps_root.csv""]},""storm_safety"":{""score"":0.337,""weight"":0.15,""missing"":""0/2"",""parts"":{""typhoon_res"":0.0,""timber_density"":0.67},""src"":[1585,1596]},""low_maintenance"":{""score"":0.722,""weight"":0.2,""missing"":""1/3"",""parts"":{""drought_tol"":1.0,""problem_tags"":0.67,""care_tags"":null},""src"":[1583,1599,1612]},""native_biodiversity_value"":{""score"":0.0,""weight"":0.1,""missing"":""0/2"",""parts"":{""origin"":0.0,""endangered"":0.0},""src"":[1573,1601]}}"
45,Kamias,urban,0.4972,25,0.8,3,provisional,"{""intended_use_fit"":{""score"":1.0,""weight"":0.15,""missing"":""0/1"",""parts"":{""urban_tags"":1.0},""src"":[2314],""ext"":[""provisional_map:tag_maps_urban.csv""]},""shade_provision"":{""score"":0.545,""weight"":0.2,""missing"":""0/3"",""parts"":{""canopy_spread_m"":0.14,""growth_rate"":0.5,""foliage"":1.0},""src"":[2312,2322,2331]},""infrastructure_safety"":{""score"":0.731,""weight"":0.2,""missing"":""1/3"",""parts"":{""root_urban_safety_prov"":0.8,""planting_difficulty"":null,""mature_height_m"":0.89},""src"":[2311,2313,2327],""ext"":[""provisional_map:tag_maps_root.csv""]},""storm_safety"":{""score"":0.169,""weight"":0.15,""missing"":""0/2"",""parts"":{""typhoon_res"":0.0,""timber_density"":0.34},""src"":[2310,2321]},""low_maintenance"":{""score"":0.333,""weight"":0.2,""missing"":""2/3"",""parts"":{""drought_tol"":0.0,""problem_tags"":null,""care_tags"":null},""src"":[2308,2324,2337]},""native_biodiversity_value"":{""score"":0.0,""weight"":0.1,""missing"":""0/2"",""parts"":{""origin"":0.0,""endangered"":0.0},""src"":[2298,2326]}}"
24,Malunggay,urban,0.4929,26,0.8667,2,provisional,"{""intended_use_fit"":{""score"":1.0,""weight"":0.15,""missing"":""0/1"",""parts"":{""urban_tags"":1.0},""src"":[1221],""ext"":[""provisional_map:tag_maps_urban.csv""]},""shade_provision"":{""score"":0.364,""weight"":0.2,""missing"":""0/3"",""parts"":{""canopy_spread_m"":0.09,""growth_rate"":1.0,""foliage"":0.0},""src"":[1219,1229,1238]},""infrastructure_safety"":{""score"":0.698,""weight"":0.2,""missing"":""1/3"",""parts"":{""root_urban_safety_prov"":0.7,""planting_difficulty"":null,""mature_height_m"":0.89},""src"":[1218,1220,1234],""ext"":[""provisional_map:tag_maps_root.csv""]},""storm_safety"":{""score"":0.056,""weight"":0.15,""missing"":""0/2"",""parts"":{""typhoon_res"":0.0,""timber_density"":0.11},""src"":[1217,1228]},""low_maintenance"":{""score"":0.611,""weight"":0.2,""missing"":""1/3"",""parts"":{""drought_tol"":1.0,""problem_tags"":0.33,""care_tags"":null},""src"":[1215,1231,1244]},""native_biodiversity_value"":{""score"":0.0,""weight"":0.1,""missing"":""0/2"",""parts"":{""origin"":0.0,""endangered"":0.0},""src"":[1205,1233]}}"
19,Kasoy,urban,0.4903,27,0.8,3,provisional,"{""intended_use_fit"":{""score"":0.0,""weight"":0.15,""missing"":""0/1"",""parts"":{""urban_tags"":0.0},""src"":[958],""ext"":[""provisional_map:tag_maps_urban.csv""]},""shade_provision"":{""score"":0.803,""weight"":0.2,""missing"":""0/3"",""parts"":{""canopy_spread_m"":0.41,""growth_rate"":1.0,""foliage"":1.0},""src"":[956,966,975]},""infrastructure_safety"":{""score"":0.668,""weight"":0.2,""missing"":""1/3"",""parts"":{""root_urban_safety_prov"":0.7,""planting_difficulty"":null,""mature_height_m"":0.8},""src"":[955,957,971],""ext"":[""provisional_map:tag_maps_root.csv""]},""storm_safety"":{""score"":0.419,""weight"":0.15,""missing"":""0/2"",""parts"":{""typhoon_res"":0.5,""timber_density"":0.34},""src"":[954,965]},""low_maintenance"":{""score"":0.667,""weight"":0.2,""missing"":""2/3"",""parts"":{""drought_tol"":1.0,""problem_tags"":null,""care_tags"":null},""src"":[952,968,981]},""native_biodiversity_value"":{""score"":0.0,""weight"":0.1,""missing"":""0/2"",""parts"":{""origin"":0.0,""endangered"":0.0},""src"":[942,970]}}"
27,Banana - Latundan,urban,0.4875,28,0.6583,5,provisional,"{""intended_use_fit"":{""score"":1.0,""weight"":0.15,""missing"":""0/1"",""parts"":{""urban_tags"":1.0},""src"":[1378],""ext"":[""provisional_map:tag_maps_urban.csv""]},""shade_provision"":{""score"":0.5,""weight"":0.2,""missing"":""1/3"",""parts"":{""canopy_spread_m"":0.0,""growth_rate"":1.0,""foliage"":null},""src"":[1376,1386,1395]},""infrastructure_safety"":{""score"":0.667,""weight"":0.2,""missing"":""1/3"",""parts"":{""root_urban_safety_prov"":0.5,""planting_difficulty"":null,""mature_height_m"":1.0},""src"":[1375,1377,1391],""ext"":[""provisional_map:tag_maps_root.csv""]},""storm_safety"":{""score"":0.25,""weight"":0.15,""missing"":""1/2"",""parts"":{""typhoon_res"":0.0,""timber_density"":null},""src"":[1385]},""low_maintenance"":{""score"":0.333,""weight"":0.2,""missing"":""2/3"",""parts"":{""drought_tol"":0.0,""problem_tags"":null,""care_tags"":null},""src"":[1373,1388,1401]},""native_biodiversity_value"":{""score"":0.0,""weight"":0.1,""missing"":""0/2"",""parts"":{""origin"":0.0,""endangered"":0.0},""src"":[1363,1390]}}"
21,Yakal,urban,0.4867,29,0.8667,2,provisional,"{""intended_use_fit"":{""score"":0.0,""weight"":0.15,""missing"":""0/1"",""parts"":{""urban_tags"":0.0},""src"":[1063],""ext"":[""provisional_map:tag_maps_urban.csv""]},""shade_provision"":{""score"":0.424,""weight"":0.2,""missing"":""1/3"",""parts"":{""canopy_spread_m"":0.77,""growth_rate"":0.0,""foliage"":null},""src"":[1061,1071,1080]},""infrastructure_safety"":{""score"":0.582,""weight"":0.2,""missing"":""1/3"",""parts"":{""root_urban_safety_prov"":0.8,""planting_difficulty"":null,""mature_height_m"":0.45},""src"":[1060,1062,1076],""ext"":[""provisional_map:tag_maps_root.csv""]},""storm_safety"":{""score"":0.643,""weight"":0.15,""missing"":""0/2"",""parts"":{""typhoon_res"":0.5,""timber_density"":0.79},""src"":[1059,1070]},""low_maintenance"":{""score"":0.444,""weight"":0.2,""missing"":""0/3"",""parts"":{""drought_tol"":0.0,""problem_tags"":0.67,""care_tags"":0.67},""src"":[1057,1073,1086]},""native_biodiversity_value"":{""score"":1.0,""weight"":0.1,""missing"":""0/2"",""parts"":{""origin"":1.0,""endangered"":1.0},""src"":[1047,1075]}}"
30,Papaya,urban,0.483,30,0.8,3,provisional,"{""intended_use_fit"":{""score"":1.0,""weight"":0.15,""missing"":""0/1"",""parts"":{""urban_tags"":1.0},""src"":[1536],""ext"":[""provisional_map:tag_maps_urban.csv""]},""shade_provision"":{""score"":0.5,""weight"":0.2,""missing"":""1/3"",""parts"":{""canopy_spread_m"":0.0,""growth_rate"":1.0,""foliage"":null},""src"":[1534,1544,1553]},""infrastructure_safety"":{""score"":0.61,""weight"":0.2,""missing"":""1/3"",""parts"":{""root_urban_safety_prov"":0.4,""planting_difficulty"":null,""mature_height_m"":0.93},""src"":[1533,1535,1549],""ext"":[""provisional_map:tag_maps_root.csv""]},""storm_safety"":{""score"":0.0,""weight"":0.15,""missing"":""0/2"",""parts"":{""typhoon_res"":0.0,""timber_density"":0.0},""src"":[1532,1543]},""low_maintenance"":{""score"":0.556,""weight"":0.2,""missing"":""1/3"",""parts"":{""drought_tol"":0.5,""problem_tags"":0.67,""care_tags"":null},""src"":[1530,1546,1559]},""native_biodiversity_value"":{""score"":0.0,""weight"":0.1,""missing"":""0/2"",""parts"":{""origin"":0.0,""endangered"":0.0},""src"":[1520,1548]}}"
37,Apitong,urban,0.4681,31,0.8667,2,provisional,"{""intended_use_fit"":{""score"":0.0,""weight"":0.15,""missing"":""0/1"",""parts"":{""urban_tags"":0.0},""src"":[1901],""ext"":[""provisional_map:tag_maps_urban.csv""]},""shade_provision"":{""score"":0.424,""weight"":0.2,""missing"":""1/3"",""parts"":{""canopy_spread_m"":0.77,""growth_rate"":0.0,""foliage"":null},""src"":[1899,1909,1918]},""infrastructure_safety"":{""score"":0.552,""weight"":0.2,""missing"":""1/3"",""parts"":{""root_urban_safety_prov"":0.8,""planting_difficulty"":null,""mature_height_m"":0.36},""src"":[1898,1900,1914],""ext"":[""provisional_map:tag_maps_root.csv""]},""storm_safety"":{""score"":0.559,""weight"":0.15,""missing"":""0/2"",""parts"":{""typhoon_res"":0.5,""timber_density"":0.62},""src"":[1897,1908]},""low_maintenance"":{""score"":0.444,""weight"":0.2,""missing"":""0/3"",""parts"":{""drought_tol"":0.0,""problem_tags"":0.67,""care_tags"":0.67},""src"":[1895,1911,1924]},""native_biodiversity_value"":{""score"":1.0,""weight"":0.1,""missing"":""0/2"",""parts"":{""origin"":1.0,""endangered"":1.0},""src"":[1885,1913]}}"
28,Coconut,urban,0.456,32,0.8,3,provisional,"{""intended_use_fit"":{""score"":0.0,""weight"":0.15,""missing"":""0/1"",""parts"":{""urban_tags"":0.0},""src"":[1431],""ext"":[""provisional_map:tag_maps_urban.csv""]},""shade_provision"":{""score"":0.409,""weight"":0.2,""missing"":""1/3"",""parts"":{""canopy_spread_m"":0.23,""growth_rate"":0.5,""foliage"":null},""src"":[1429,1439,1448]},""infrastructure_safety"":{""score"":0.479,""weight"":0.2,""missing"":""1/3"",""parts"":{""root_urban_safety_prov"":0.4,""planting_difficulty"":null,""mature_height_m"":0.54},""src"":[1428,1430,1444],""ext"":[""provisional_map:tag_maps_root.csv""]},""storm_safety"":{""score"":0.893,""weight"":0.15,""missing"":""0/2"",""parts"":{""typhoon_res"":1.0,""timber_density"":0.79},""src"":[1427,1438]},""low_maintenance"":{""score"":0.722,""weight"":0.2,""missing"":""1/3"",""parts"":{""drought_tol"":1.0,""problem_tags"":null,""care_tags"":0.67},""src"":[1425,1441,1454]},""native_biodiversity_value"":{""score"":0.0,""weight"":0.1,""missing"":""0/2"",""parts"":{""origin"":0.0,""endangered"":0.0},""src"":[1415,1443]}}"
6,Kalumpit,urban,0.4451,33,0.8,3,provisional,"{""intended_use_fit"":{""score"":0.0,""weight"":0.15,""missing"":""0/1"",""parts"":{""urban_tags"":0.0},""src"":[280],""ext"":[""provisional_map:tag_maps_urban.csv""]},""shade_provision"":{""score"":0.591,""weight"":0.2,""missing"":""1/3"",""parts"":{""canopy_spread_m"":0.77,""growth_rate"":0.5,""foliage"":null},""src"":[278,288,297]},""infrastructure_safety"":{""score"":0.279,""weight"":0.2,""missing"":""0/3"",""parts"":{""root_urban_safety_prov"":0.3,""planting_difficulty"":0.0,""mature_height_m"":0.54},""src"":[277,279,293],""ext"":[""provisional_map:tag_maps_root.csv""]},""storm_safety"":{""score"":0.697,""weight"":0.15,""missing"":""0/2"",""parts"":{""typhoon_res"":1.0,""timber_density"":0.39},""src"":[276,287]},""low_maintenance"":{""score"":0.5,""weight"":0.2,""missing"":""2/3"",""parts"":{""drought_tol"":0.5,""problem_tags"":null,""care_tags"":null},""src"":[274,290,303]},""native_biodiversity_value"":{""score"":0.667,""weight"":0.1,""missing"":""0/2"",""parts"":{""origin"":1.0,""endangered"":0.33},""src"":[264,292]}}"
13,Clumping Bamboo,urban,0.4436,34,0.8,3,provisional,"{""intended_use_fit"":{""score"":0.0,""weight"":0.15,""missing"":""0/1"",""parts"":{""urban_tags"":0.0},""src"":[643],""ext"":[""provisional_map:tag_maps_urban.csv""]},""shade_provision"":{""score"":0.606,""weight"":0.2,""missing"":""1/3"",""parts"":{""canopy_spread_m"":0.32,""growth_rate"":1.0,""foliage"":null},""src"":[641,651,660]},""infrastructure_safety"":{""score"":0.542,""weight"":0.2,""missing"":""1/3"",""parts"":{""root_urban_safety_prov"":0.5,""planting_difficulty"":null,""mature_height_m"":0.62},""src"":[640,642,656],""ext"":[""provisional_map:tag_maps_root.csv""]},""storm_safety"":{""score"":0.612,""weight"":0.15,""missing"":""0/2"",""parts"":{""typhoon_res"":1.0,""timber_density"":0.22},""src"":[639,650]},""low_maintenance"":{""score"":0.611,""weight"":0.2,""missing"":""1/3"",""parts"":{""drought_tol"":1.0,""problem_tags"":0.33,""care_tags"":null},""src"":[637,653,666]},""native_biodiversity_value"":{""score"":0.0,""weight"":0.1,""missing"":""0/2"",""parts"":{""origin"":0.0,""endangered"":0.0},""src"":[627,655]}}"
34,Red Lauan,urban,0.4435,35,0.8667,2,provisional,"{""intended_use_fit"":{""score"":0.0,""weight"":0.15,""missing"":""0/1"",""parts"":{""urban_tags"":0.0},""src"":[1745],""ext"":[""provisional_map:tag_maps_urban.csv""]},""shade_provision"":{""score"":0.424,""weight"":0.2,""missing"":""1/3"",""parts"":{""canopy_spread_m"":0.77,""growth_rate"":0.0,""foliage"":null},""src"":[1743,1753,1762]},""infrastructure_safety"":{""score"":0.493,""weight"":0.2,""missing"":""1/3"",""parts"":{""root_urban_safety_prov"":0.8,""planting_difficulty"":null,""mature_height_m"":0.18},""src"":[1742,1744,1758],""ext"":[""provisional_map:tag_maps_root.csv""]},""storm_safety"":{""score"":0.475,""weight"":0.15,""missing"":""0/2"",""parts"":{""typhoon_res"":0.5,""timber_density"":0.45},""src"":[1741,1752]},""low_maintenance"":{""score"":0.444,""weight"":0.2,""missing"":""0/3"",""parts"":{""drought_tol"":0.0,""problem_tags"":0.67,""care_tags"":0.67},""src"":[1739,1755,1768]},""native_biodiversity_value"":{""score"":1.0,""weight"":0.1,""missing"":""0/2"",""parts"":{""origin"":1.0,""endangered"":1.0},""src"":[1729,1757]}}"
11,Palosapis,urban,0.4415,36,0.8667,2,provisional,"{""intended_use_fit"":{""score"":0.0,""weight"":0.15,""missing"":""0/1"",""parts"":{""urban_tags"":0.0},""src"":[539],""ext"":[""provisional_map:tag_maps_urban.csv""]},""shade_provision"":{""score"":0.5,""weight"":0.2,""missing"":""1/3"",""parts"":{""canopy_spread_m"":1.0,""growth_rate"":0.0,""foliage"":null},""src"":[537,547,556]},""infrastructure_safety"":{""score"":0.552,""weight"":0.2,""missing"":""1/3"",""parts"":{""root_urban_safety_prov"":0.8,""planting_difficulty"":null,""mature_height_m"":0.36},""src"":[536,538,552],""ext"":[""provisional_map:tag_maps_root.csv""]},""storm_safety"":{""score"":0.503,""weight"":0.15,""missing"":""0/2"",""parts"":{""typhoon_res"":0.5,""timber_density"":0.51},""src"":[535,546]},""low_maintenance"":{""score"":0.444,""weight"":0.2,""missing"":""0/3"",""parts"":{""drought_tol"":0.0,""problem_tags"":0.67,""care_tags"":0.67},""src"":[533,549,562]},""native_biodiversity_value"":{""score"":0.667,""weight"":0.1,""missing"":""0/2"",""parts"":{""origin"":1.0,""endangered"":0.33},""src"":[524,551]}}"
36,Robusta (Coffee),urban,0.433,37,0.9333,1,provisional,"{""intended_use_fit"":{""score"":0.0,""weight"":0.15,""missing"":""0/1"",""parts"":{""urban_tags"":0.0},""src"":[1849],""ext"":[""provisional_map:tag_maps_urban.csv""]},""shade_provision"":{""score"":0.682,""weight"":0.2,""missing"":""0/3"",""parts"":{""canopy_spread_m"":0.05,""growth_rate"":1.0,""foliage"":1.0},""src"":[1847,1857,1866]},""infrastructure_safety"":{""score"":0.627,""weight"":0.2,""missing"":""1/3"",""parts"":{""root_urban_safety_prov"":0.4,""planting_difficulty"":null,""mature_height_m"":0.98},""src"":[1846,1848,1862],""ext"":[""provisional_map:tag_maps_root.csv""]},""storm_safety"":{""score"":0.475,""weight"":0.15,""missing"":""0/2"",""parts"":{""typhoon_res"":0.5,""timber_density"":0.45},""src"":[1845,1856]},""low_maintenance"":{""score"":0.5,""weight"":0.2,""missing"":""0/3"",""parts"":{""drought_tol"":0.5,""problem_tags"":0.33,""care_tags"":0.67},""src"":[1843,1859,1872]},""native_biodiversity_value"":{""score"":0.0,""weight"":0.1,""missing"":""0/2"",""parts"":{""origin"":0.0,""endangered"":0.0},""src"":[1833,1861]}}"
35,Bagtikan,urban,0.4176,38,0.8667,2,provisional,"{""intended_use_fit"":{""score"":0.0,""weight"":0.15,""missing"":""0/1"",""parts"":{""urban_tags"":0.0},""src"":[1797],""ext"":[""provisional_map:tag_maps_urban.csv""]},""shade_provision"":{""score"":0.5,""weight"":0.2,""missing"":""1/3"",""parts"":{""canopy_spread_m"":1.0,""growth_rate"":0.0,""foliage"":null},""src"":[1795,1805,1814]},""infrastructure_safety"":{""score"":0.433,""weight"":0.2,""missing"":""1/3"",""parts"":{""root_urban_safety_prov"":0.8,""planting_difficulty"":null,""mature_height_m"":0.0},""src"":[1794,1796,1810],""ext"":[""provisional_map:tag_maps_root.csv""]},""storm_safety"":{""score"":0.503,""weight"":0.15,""missing"":""0/2"",""parts"":{""typhoon_res"":0.5,""timber_density"":0.51},""src"":[1793,1804]},""low_maintenance"":{""score"":0.444,""weight"":0.2,""missing"":""0/3"",""parts"":{""drought_tol"":0.0,""problem_tags"":0.67,""care_tags"":0.67},""src"":[1791,1807,1820]},""native_biodiversity_value"":{""score"":0.667,""weight"":0.1,""missing"":""0/2"",""parts"":{""origin"":1.0,""endangered"":0.33},""src"":[1781,1809]}}"
14,Langka,urban,0.4156,39,0.8667,2,provisional,"{""intended_use_fit"":{""score"":0.0,""weight"":0.15,""missing"":""0/1"",""parts"":{""urban_tags"":0.0},""src"":[696],""ext"":[""provisional_map:tag_maps_urban.csv""]},""shade_provision"":{""score"":0.606,""weight"":0.2,""missing"":""0/3"",""parts"":{""canopy_spread_m"":0.32,""growth_rate"":0.5,""foliage"":1.0},""src"":[694,704,713]},""infrastructure_safety"":{""score"":0.671,""weight"":0.2,""missing"":""1/3"",""parts"":{""root_urban_safety_prov"":0.8,""planting_difficulty"":null,""mature_height_m"":0.71},""src"":[693,695,709],""ext"":[""provisional_map:tag_maps_root.csv""]},""storm_safety"":{""score"":0.475,""weight"":0.15,""missing"":""0/2"",""parts"":{""typhoon_res"":0.5,""timber_density"":0.45},""src"":[692,703]},""low_maintenance"":{""score"":0.444,""weight"":0.2,""missing"":""1/3"",""parts"":{""drought_tol"":0.5,""problem_tags"":0.33,""care_tags"":null},""src"":[690,706,719]},""native_biodiversity_value"":{""score"":0.0,""weight"":0.1,""missing"":""0/2"",""parts"":{""origin"":0.0,""endangered"":0.0},""src"":[680,708]}}"
33,White Lauan,urban,0.406,40,0.8667,2,provisional,"{""intended_use_fit"":{""score"":0.0,""weight"":0.15,""missing"":""0/1"",""parts"":{""urban_tags"":0.0},""src"":[1693],""ext"":[""provisional_map:tag_maps_urban.csv""]},""shade_provision"":{""score"":0.424,""weight"":0.2,""missing"":""1/3"",""parts"":{""canopy_spread_m"":0.77,""growth_rate"":0.0,""foliage"":null},""src"":[1691,1701,1710]},""infrastructure_safety"":{""score"":0.493,""weight"":0.2,""missing"":""1/3"",""parts"":{""root_urban_safety_prov"":0.8,""planting_difficulty"":null,""mature_height_m"":0.18},""src"":[1690,1692,1706],""ext"":[""provisional_map:tag_maps_root.csv""]},""storm_safety"":{""score"":0.447,""weight"":0.15,""missing"":""0/2"",""parts"":{""typhoon_res"":0.5,""timber_density"":0.39},""src"":[1689,1700]},""low_maintenance"":{""score"":0.444,""weight"":0.2,""missing"":""0/3"",""parts"":{""drought_tol"":0.0,""problem_tags"":0.67,""care_tags"":0.67},""src"":[1687,1703,1716]},""native_biodiversity_value"":{""score"":0.667,""weight"":0.1,""missing"":""0/2"",""parts"":{""origin"":1.0,""endangered"":0.33},""src"":[1677,1705]}}"
10,Batikuling,urban,0.4021,41,0.8,3,provisional,"{""intended_use_fit"":{""score"":0.0,""weight"":0.15,""missing"":""0/1"",""parts"":{""urban_tags"":0.0},""src"":[488],""ext"":[""provisional_map:tag_maps_urban.csv""]},""shade_provision"":{""score"":0.348,""weight"":0.2,""missing"":""1/3"",""parts"":{""canopy_spread_m"":0.55,""growth_rate"":0.0,""foliage"":null},""src"":[486,496,505]},""infrastructure_safety"":{""score"":0.542,""weight"":0.2,""missing"":""1/3"",""parts"":{""root_urban_safety_prov"":0.5,""planting_difficulty"":null,""mature_height_m"":0.62},""src"":[485,487,501],""ext"":[""provisional_map:tag_maps_root.csv""]},""storm_safety"":{""score"":0.42,""weight"":0.15,""missing"":""0/2"",""parts"":{""typhoon_res"":0.5,""timber_density"":0.34},""src"":[484,495]},""low_maintenance"":{""score"":0.389,""weight"":0.2,""missing"":""1/3"",""parts"":{""drought_tol"":0.0,""problem_tags"":null,""care_tags"":0.67},""src"":[482,498,511]},""native_biodiversity_value"":{""score"":0.833,""weight"":0.1,""missing"":""0/2"",""parts"":{""origin"":1.0,""endangered"":0.67},""src"":[472,500]}}"
18,Rambutan,urban,0.3941,42,0.8667,2,provisional,"{""intended_use_fit"":{""score"":0.0,""weight"":0.15,""missing"":""0/1"",""parts"":{""urban_tags"":0.0},""src"":[905],""ext"":[""provisional_map:tag_maps_urban.csv""]},""shade_provision"":{""score"":0.636,""weight"":0.2,""missing"":""0/3"",""parts"":{""canopy_spread_m"":0.41,""growth_rate"":0.5,""foliage"":1.0},""src"":[903,913,922]},""infrastructure_safety"":{""score"":0.671,""weight"":0.2,""missing"":""1/3"",""parts"":{""root_urban_safety_prov"":0.8,""planting_difficulty"":null,""mature_height_m"":0.71},""src"":[902,904,918],""ext"":[""provisional_map:tag_maps_root.csv""]},""storm_safety"":{""score"":0.365,""weight"":0.15,""missing"":""0/2"",""parts"":{""typhoon_res"":0.0,""timber_density"":0.73},""src"":[901,912]},""low_maintenance"":{""score"":0.389,""weight"":0.2,""missing"":""1/3"",""parts"":{""drought_tol"":0.0,""problem_tags"":0.67,""care_tags"":null},""src"":[899,915,928]},""native_biodiversity_value"":{""score"":0.0,""weight"":0.1,""missing"":""0/2"",""parts"":{""origin"":0.0,""endangered"":0.0},""src"":[889,917]}}"
15,Guyabano,urban,0.379,43,0.8667,2,provisional,"{""intended_use_fit"":{""score"":0.0,""weight"":0.15,""missing"":""0/1"",""parts"":{""urban_tags"":0.0},""src"":[748],""ext"":[""provisional_map:tag_maps_urban.csv""]},""shade_provision"":{""score"":0.712,""weight"":0.2,""missing"":""0/3"",""parts"":{""canopy_spread_m"":0.14,""growth_rate"":1.0,""foliage"":1.0},""src"":[746,756,765]},""infrastructure_safety"":{""score"":0.543,""weight"":0.2,""missing"":""1/3"",""parts"":{""root_urban_safety_prov"":0.2,""planting_difficulty"":null,""mature_height_m"":0.93},""src"":[745,747,761],""ext"":[""provisional_map:tag_maps_root.csv""]},""storm_safety"":{""score"":0.112,""weight"":0.15,""missing"":""0/2"",""parts"":{""typhoon_res"":0.0,""timber_density"":0.22},""src"":[744,755]},""low_maintenance"":{""score"":0.556,""weight"":0.2,""missing"":""1/3"",""parts"":{""drought_tol"":0.5,""problem_tags"":0.67,""care_tags"":null},""src"":[742,758,771]},""native_biodiversity_value"":{""score"":0.0,""weight"":0.1,""missing"":""0/2"",""parts"":{""origin"":0.0,""endangered"":0.0},""src"":[732,760]}}"
39,Avocado,urban,0.3378,44,0.8667,2,provisional,"{""intended_use_fit"":{""score"":0.0,""weight"":0.15,""missing"":""0/1"",""parts"":{""urban_tags"":0.0},""src"":[2005],""ext"":[""provisional_map:tag_maps_urban.csv""]},""shade_provision"":{""score"":0.606,""weight"":0.2,""missing"":""0/3"",""parts"":{""canopy_spread_m"":0.32,""growth_rate"":0.5,""foliage"":1.0},""src"":[2003,2013,2022]},""infrastructure_safety"":{""score"":0.568,""weight"":0.2,""missing"":""1/3"",""parts"":{""root_urban_safety_prov"":0.4,""planting_difficulty"":null,""mature_height_m"":0.8},""src"":[2002,2004,2018],""ext"":[""provisional_map:tag_maps_root.csv""]},""storm_safety"":{""score"":0.169,""weight"":0.15,""missing"":""0/2"",""parts"":{""typhoon_res"":0.0,""timber_density"":0.34},""src"":[2001,2012]},""low_maintenance"":{""score"":0.389,""weight"":0.2,""missing"":""1/3"",""parts"":{""drought_tol"":0.0,""problem_tags"":0.67,""care_tags"":null},""src"":[1999,2015,2028]},""native_biodiversity_value"":{""score"":0.0,""weight"":0.1,""missing"":""0/2"",""parts"":{""origin"":0.0,""endangered"":0.0},""src"":[1989,2017]}}"
17,Cacao,urban,0.3295,45,0.9333,1,provisional,"{""intended_use_fit"":{""score"":0.0,""weight"":0.15,""missing"":""0/1"",""parts"":{""urban_tags"":0.0},""src"":[852],""ext"":[""provisional_map:tag_maps_urban.csv""]},""shade_provision"":{""score"":0.545,""weight"":0.2,""missing"":""0/3"",""parts"":{""canopy_spread_m"":0.14,""growth_rate"":0.5,""foliage"":1.0},""src"":[850,860,869]},""infrastructure_safety"":{""score"":0.676,""weight"":0.2,""missing"":""1/3"",""parts"":{""root_urban_safety_prov"":0.6,""planting_difficulty"":null,""mature_height_m"":0.93},""src"":[849,851,865],""ext"":[""provisional_map:tag_maps_root.csv""]},""storm_safety"":{""score"":0.124,""weight"":0.15,""missing"":""0/2"",""parts"":{""typhoon_res"":0.0,""timber_density"":0.25},""src"":[848,859]},""low_maintenance"":{""score"":0.333,""weight"":0.2,""missing"":""0/3"",""parts"":{""drought_tol"":0.0,""problem_tags"":0.33,""care_tags"":0.67},""src"":[846,862,875]},""native_biodiversity_value"":{""score"":0.0,""weight"":0.1,""missing"":""0/2"",""parts"":{""origin"":0.0,""endangered"":0.0},""src"":[836,864]}}"
13,Clumping Bamboo,watershed,0.7909,1,0.95,1,provisional,"{""intended_use_fit"":{""score"":1.0,""weight"":0.15,""missing"":""0/1"",""parts"":{""urban_tags"":1.0},""src"":[643],""ext"":[""provisional_map:tag_maps_urban.csv""]},""soil_binding"":{""score"":0.8,""weight"":0.25,""missing"":""0/1"",""parts"":{""root_soil_binding_prov"":0.8},""src"":[642],""ext"":[""provisional_map:tag_maps_root.csv""]},""steep_slope_tolerance"":{""score"":1.0,""weight"":0.15,""missing"":""0/1"",""parts"":{""max_slope_pct"":1.0},""src"":[633]},""riparian_tolerance"":{""score"":1.0,""weight"":0.15,""missing"":""0/2"",""parts"":{""waterlog_tol"":1.0,""native_habitat"":1.0},""src"":[638,659]},""cover_interception"":{""score"":0.606,""weight"":0.15,""missing"":""1/3"",""parts"":{""canopy_spread_m"":0.32,""foliage"":null,""growth_rate"":1.0},""src"":[641,651,660]},""soil_improvement"":{""score"":0.0,""weight"":0.1,""missing"":""0/1"",""parts"":{""n_fixing"":0.0},""src"":[658]},""slope_failure_resistance"":{""score"":1.0,""weight"":0.05,""missing"":""0/1"",""parts"":{""typhoon_res"":1.0},""src"":[650]}}"
3,Dao,watershed,0.7068,2,0.95,1,provisional,"{""intended_use_fit"":{""score"":1.0,""weight"":0.15,""missing"":""0/1"",""parts"":{""urban_tags"":1.0},""src"":[124],""ext"":[""provisional_map:tag_maps_urban.csv""]},""soil_binding"":{""score"":0.8,""weight"":0.25,""missing"":""0/1"",""parts"":{""root_soil_binding_prov"":0.8},""src"":[123],""ext"":[""provisional_map:tag_maps_root.csv""]},""steep_slope_tolerance"":{""score"":0.545,""weight"":0.15,""missing"":""0/1"",""parts"":{""max_slope_pct"":0.55},""src"":[114]},""riparian_tolerance"":{""score"":1.0,""weight"":0.15,""missing"":""0/2"",""parts"":{""waterlog_tol"":1.0,""native_habitat"":1.0},""src"":[119,140]},""cover_interception"":{""score"":0.667,""weight"":0.15,""missing"":""1/3"",""parts"":{""canopy_spread_m"":1.0,""foliage"":null,""growth_rate"":0.5},""src"":[122,132,141]},""soil_improvement"":{""score"":0.0,""weight"":0.1,""missing"":""0/1"",""parts"":{""n_fixing"":0.0},""src"":[139]},""slope_failure_resistance"":{""score"":0.5,""weight"":0.05,""missing"":""0/1"",""parts"":{""typhoon_res"":0.5},""src"":[131]}}"
6,Kalumpit,watershed,0.583,3,0.95,1,provisional,"{""intended_use_fit"":{""score"":1.0,""weight"":0.15,""missing"":""0/1"",""parts"":{""urban_tags"":1.0},""src"":[280],""ext"":[""provisional_map:tag_maps_urban.csv""]},""soil_binding"":{""score"":0.7,""weight"":0.25,""missing"":""0/1"",""parts"":{""root_soil_binding_prov"":0.7},""src"":[279],""ext"":[""provisional_map:tag_maps_root.csv""]},""steep_slope_tolerance"":{""score"":0.545,""weight"":0.15,""missing"":""0/1"",""parts"":{""max_slope_pct"":0.55},""src"":[270]},""riparian_tolerance"":{""score"":0.25,""weight"":0.15,""missing"":""0/2"",""parts"":{""waterlog_tol"":0.5,""native_habitat"":0.0},""src"":[275,296]},""cover_interception"":{""score"":0.591,""weight"":0.15,""missing"":""1/3"",""parts"":{""canopy_spread_m"":0.77,""foliage"":null,""growth_rate"":0.5},""src"":[278,288,297]},""soil_improvement"":{""score"":0.0,""weight"":0.1,""missing"":""0/1"",""parts"":{""n_fixing"":0.0},""src"":[295]},""slope_failure_resistance"":{""score"":1.0,""weight"":0.05,""missing"":""0/1"",""parts"":{""typhoon_res"":1.0},""src"":[287]}}"
5,Bitaog,watershed,0.5773,4,0.95,1,provisional,"{""intended_use_fit"":{""score"":1.0,""weight"":0.15,""missing"":""0/1"",""parts"":{""urban_tags"":1.0},""src"":[228],""ext"":[""provisional_map:tag_maps_urban.csv""]},""soil_binding"":{""score"":0.9,""weight"":0.25,""missing"":""0/1"",""parts"":{""root_soil_binding_prov"":0.9},""src"":[227],""ext"":[""provisional_map:tag_maps_root.csv""]},""steep_slope_tolerance"":{""score"":0.091,""weight"":0.15,""missing"":""0/1"",""parts"":{""max_slope_pct"":0.09},""src"":[218]},""riparian_tolerance"":{""score"":0.5,""weight"":0.15,""missing"":""0/2"",""parts"":{""waterlog_tol"":1.0,""native_habitat"":0.0},""src"":[223,244]},""cover_interception"":{""score"":0.424,""weight"":0.15,""missing"":""1/3"",""parts"":{""canopy_spread_m"":0.77,""foliage"":null,""growth_rate"":0.0},""src"":[226,236,245]},""soil_improvement"":{""score"":0.0,""weight"":0.1,""missing"":""0/1"",""parts"":{""n_fixing"":0.0},""src"":[243]},""slope_failure_resistance"":{""score"":1.0,""weight"":0.05,""missing"":""0/1"",""parts"":{""typhoon_res"":1.0},""src"":[235]}}"
12,Talisay,watershed,0.5557,5,0.95,1,provisional,"{""intended_use_fit"":{""score"":1.0,""weight"":0.15,""missing"":""0/1"",""parts"":{""urban_tags"":1.0},""src"":[591],""ext"":[""provisional_map:tag_maps_urban.csv""]},""soil_binding"":{""score"":0.7,""weight"":0.25,""missing"":""0/1"",""parts"":{""root_soil_binding_prov"":0.7},""src"":[590],""ext"":[""provisional_map:tag_maps_root.csv""]},""steep_slope_tolerance"":{""score"":0.273,""weight"":0.15,""missing"":""0/1"",""parts"":{""max_slope_pct"":0.27},""src"":[581]},""riparian_tolerance"":{""score"":0.25,""weight"":0.15,""missing"":""0/2"",""parts"":{""waterlog_tol"":0.5,""native_habitat"":0.0},""src"":[586,607]},""cover_interception"":{""score"":0.682,""weight"":0.15,""missing"":""1/3"",""parts"":{""canopy_spread_m"":0.55,""foliage"":null,""growth_rate"":1.0},""src"":[589,599,608]},""soil_improvement"":{""score"":0.0,""weight"":0.1,""missing"":""0/1"",""parts"":{""n_fixing"":0.0},""src"":[606]},""slope_failure_resistance"":{""score"":1.0,""weight"":0.05,""missing"":""0/1"",""parts"":{""typhoon_res"":1.0},""src"":[598]}}"
2,Molave,watershed,0.55,6,0.95,1,provisional,"{""intended_use_fit"":{""score"":1.0,""weight"":0.15,""missing"":""0/1"",""parts"":{""urban_tags"":1.0},""src"":[72],""ext"":[""provisional_map:tag_maps_urban.csv""]},""soil_binding"":{""score"":0.7,""weight"":0.25,""missing"":""0/1"",""parts"":{""root_soil_binding_prov"":0.7},""src"":[71],""ext"":[""provisional_map:tag_maps_root.csv""]},""steep_slope_tolerance"":{""score"":0.818,""weight"":0.15,""missing"":""0/1"",""parts"":{""max_slope_pct"":0.82},""src"":[62]},""riparian_tolerance"":{""score"":0.0,""weight"":0.15,""missing"":""0/2"",""parts"":{""waterlog_tol"":0.0,""native_habitat"":0.0},""src"":[67,88]},""cover_interception"":{""score"":0.348,""weight"":0.15,""missing"":""1/3"",""parts"":{""canopy_spread_m"":0.55,""foliage"":null,""growth_rate"":0.0},""src"":[70,80,89]},""soil_improvement"":{""score"":0.0,""weight"":0.1,""missing"":""0/1"",""parts"":{""n_fixing"":0.0},""src"":[87]},""slope_failure_resistance"":{""score"":1.0,""weight"":0.05,""missing"":""0/1"",""parts"":{""typhoon_res"":1.0},""src"":[79]}}"
28,Coconut,watershed,0.5261,7,0.95,1,provisional,"{""intended_use_fit"":{""score"":1.0,""weight"":0.15,""missing"":""0/1"",""parts"":{""urban_tags"":1.0},""src"":[1431],""ext"":[""provisional_map:tag_maps_urban.csv""]},""soil_binding"":{""score"":0.8,""weight"":0.25,""missing"":""0/1"",""parts"":{""root_soil_binding_prov"":0.8},""src"":[1430],""ext"":[""provisional_map:tag_maps_root.csv""]},""steep_slope_tolerance"":{""score"":0.182,""weight"":0.15,""missing"":""0/1"",""parts"":{""max_slope_pct"":0.18},""src"":[1421]},""riparian_tolerance"":{""score"":0.25,""weight"":0.15,""missing"":""0/2"",""parts"":{""waterlog_tol"":0.5,""native_habitat"":0.0},""src"":[1426,1447]},""cover_interception"":{""score"":0.409,""weight"":0.15,""missing"":""1/3"",""parts"":{""canopy_spread_m"":0.23,""foliage"":null,""growth_rate"":0.5},""src"":[1429,1439,1448]},""soil_improvement"":{""score"":0.0,""weight"":0.1,""missing"":""0/1"",""parts"":{""n_fixing"":0.0},""src"":[1446]},""slope_failure_resistance"":{""score"":1.0,""weight"":0.05,""missing"":""0/1"",""parts"":{""typhoon_res"":1.0},""src"":[1438]}}"
11,Palosapis,watershed,0.5068,8,0.95,1,provisional,"{""intended_use_fit"":{""score"":1.0,""weight"":0.15,""missing"":""0/1"",""parts"":{""urban_tags"":1.0},""src"":[539],""ext"":[""provisional_map:tag_maps_urban.csv""]},""soil_binding"":{""score"":0.7,""weight"":0.25,""missing"":""0/1"",""parts"":{""root_soil_binding_prov"":0.7},""src"":[538],""ext"":[""provisional_map:tag_maps_root.csv""]},""steep_slope_tolerance"":{""score"":0.545,""weight"":0.15,""missing"":""0/1"",""parts"":{""max_slope_pct"":0.55},""src"":[529]},""riparian_tolerance"":{""score"":0.0,""weight"":0.15,""missing"":""0/2"",""parts"":{""waterlog_tol"":0.0,""native_habitat"":0.0},""src"":[534,555]},""cover_interception"":{""score"":0.5,""weight"":0.15,""missing"":""1/3"",""parts"":{""canopy_spread_m"":1.0,""foliage"":null,""growth_rate"":0.0},""src"":[537,547,556]},""soil_improvement"":{""score"":0.0,""weight"":0.1,""missing"":""0/1"",""parts"":{""n_fixing"":0.0},""src"":[554]},""slope_failure_resistance"":{""score"":0.5,""weight"":0.05,""missing"":""0/1"",""parts"":{""typhoon_res"":0.5},""src"":[546]}}"
35,Bagtikan,watershed,0.5068,8,0.95,1,provisional,"{""intended_use_fit"":{""score"":1.0,""weight"":0.15,""missing"":""0/1"",""parts"":{""urban_tags"":1.0},""src"":[1797],""ext"":[""provisional_map:tag_maps_urban.csv""]},""soil_binding"":{""score"":0.7,""weight"":0.25,""missing"":""0/1"",""parts"":{""root_soil_binding_prov"":0.7},""src"":[1796],""ext"":[""provisional_map:tag_maps_root.csv""]},""steep_slope_tolerance"":{""score"":0.545,""weight"":0.15,""missing"":""0/1"",""parts"":{""max_slope_pct"":0.55},""src"":[1787]},""riparian_tolerance"":{""score"":0.0,""weight"":0.15,""missing"":""0/2"",""parts"":{""waterlog_tol"":0.0,""native_habitat"":0.0},""src"":[1792,1813]},""cover_interception"":{""score"":0.5,""weight"":0.15,""missing"":""1/3"",""parts"":{""canopy_spread_m"":1.0,""foliage"":null,""growth_rate"":0.0},""src"":[1795,1805,1814]},""soil_improvement"":{""score"":0.0,""weight"":0.1,""missing"":""0/1"",""parts"":{""n_fixing"":0.0},""src"":[1812]},""slope_failure_resistance"":{""score"":0.5,""weight"":0.05,""missing"":""0/1"",""parts"":{""typhoon_res"":0.5},""src"":[1804]}}"
21,Yakal,watershed,0.4955,10,0.95,1,provisional,"{""intended_use_fit"":{""score"":1.0,""weight"":0.15,""missing"":""0/1"",""parts"":{""urban_tags"":1.0},""src"":[1063],""ext"":[""provisional_map:tag_maps_urban.csv""]},""soil_binding"":{""score"":0.7,""weight"":0.25,""missing"":""0/1"",""parts"":{""root_soil_binding_prov"":0.7},""src"":[1062],""ext"":[""provisional_map:tag_maps_root.csv""]},""steep_slope_tolerance"":{""score"":0.545,""weight"":0.15,""missing"":""0/1"",""parts"":{""max_slope_pct"":0.55},""src"":[1053]},""riparian_tolerance"":{""score"":0.0,""weight"":0.15,""missing"":""0/2"",""parts"":{""waterlog_tol"":0.0,""native_habitat"":0.0},""src"":[1058,1079]},""cover_interception"":{""score"":0.424,""weight"":0.15,""missing"":""1/3"",""parts"":{""canopy_spread_m"":0.77,""foliage"":null,""growth_rate"":0.0},""src"":[1061,1071,1080]},""soil_improvement"":{""score"":0.0,""weight"":0.1,""missing"":""0/1"",""parts"":{""n_fixing"":0.0},""src"":[1078]},""slope_failure_resistance"":{""score"":0.5,""weight"":0.05,""missing"":""0/1"",""parts"":{""typhoon_res"":0.5},""src"":[1070]}}"
33,White Lauan,watershed,0.4955,10,0.95,1,provisional,"{""intended_use_fit"":{""score"":1.0,""weight"":0.15,""missing"":""0/1"",""parts"":{""urban_tags"":1.0},""src"":[1693],""ext"":[""provisional_map:tag_maps_urban.csv""]},""soil_binding"":{""score"":0.7,""weight"":0.25,""missing"":""0/1"",""parts"":{""root_soil_binding_prov"":0.7},""src"":[1692],""ext"":[""provisional_map:tag_maps_root.csv""]},""steep_slope_tolerance"":{""score"":0.545,""weight"":0.15,""missing"":""0/1"",""parts"":{""max_slope_pct"":0.55},""src"":[1683]},""riparian_tolerance"":{""score"":0.0,""weight"":0.15,""missing"":""0/2"",""parts"":{""waterlog_tol"":0.0,""native_habitat"":0.0},""src"":[1688,1709]},""cover_interception"":{""score"":0.424,""weight"":0.15,""missing"":""1/3"",""parts"":{""canopy_spread_m"":0.77,""foliage"":null,""growth_rate"":0.0},""src"":[1691,1701,1710]},""soil_improvement"":{""score"":0.0,""weight"":0.1,""missing"":""0/1"",""parts"":{""n_fixing"":0.0},""src"":[1708]},""slope_failure_resistance"":{""score"":0.5,""weight"":0.05,""missing"":""0/1"",""parts"":{""typhoon_res"":0.5},""src"":[1700]}}"
34,Red Lauan,watershed,0.4955,10,0.95,1,provisional,"{""intended_use_fit"":{""score"":1.0,""weight"":0.15,""missing"":""0/1"",""parts"":{""urban_tags"":1.0},""src"":[1745],""ext"":[""provisional_map:tag_maps_urban.csv""]},""soil_binding"":{""score"":0.7,""weight"":0.25,""missing"":""0/1"",""parts"":{""root_soil_binding_prov"":0.7},""src"":[1744],""ext"":[""provisional_map:tag_maps_root.csv""]},""steep_slope_tolerance"":{""score"":0.545,""weight"":0.15,""missing"":""0/1"",""parts"":{""max_slope_pct"":0.55},""src"":[1735]},""riparian_tolerance"":{""score"":0.0,""weight"":0.15,""missing"":""0/2"",""parts"":{""waterlog_tol"":0.0,""native_habitat"":0.0},""src"":[1740,1761]},""cover_interception"":{""score"":0.424,""weight"":0.15,""missing"":""1/3"",""parts"":{""canopy_spread_m"":0.77,""foliage"":null,""growth_rate"":0.0},""src"":[1743,1753,1762]},""soil_improvement"":{""score"":0.0,""weight"":0.1,""missing"":""0/1"",""parts"":{""n_fixing"":0.0},""src"":[1760]},""slope_failure_resistance"":{""score"":0.5,""weight"":0.05,""missing"":""0/1"",""parts"":{""typhoon_res"":0.5},""src"":[1752]}}"
37,Apitong,watershed,0.4955,10,0.95,1,provisional,"{""intended_use_fit"":{""score"":1.0,""weight"":0.15,""missing"":""0/1"",""parts"":{""urban_tags"":1.0},""src"":[1901],""ext"":[""provisional_map:tag_maps_urban.csv""]},""soil_binding"":{""score"":0.7,""weight"":0.25,""missing"":""0/1"",""parts"":{""root_soil_binding_prov"":0.7},""src"":[1900],""ext"":[""provisional_map:tag_maps_root.csv""]},""steep_slope_tolerance"":{""score"":0.545,""weight"":0.15,""missing"":""0/1"",""parts"":{""max_slope_pct"":0.55},""src"":[1891]},""riparian_tolerance"":{""score"":0.0,""weight"":0.15,""missing"":""0/2"",""parts"":{""waterlog_tol"":0.0,""native_habitat"":0.0},""src"":[1896,1917]},""cover_interception"":{""score"":0.424,""weight"":0.15,""missing"":""1/3"",""parts"":{""canopy_spread_m"":0.77,""foliage"":null,""growth_rate"":0.0},""src"":[1899,1909,1918]},""soil_improvement"":{""score"":0.0,""weight"":0.1,""missing"":""0/1"",""parts"":{""n_fixing"":0.0},""src"":[1916]},""slope_failure_resistance"":{""score"":0.5,""weight"":0.05,""missing"":""0/1"",""parts"":{""typhoon_res"":0.5},""src"":[1908]}}"
7,Duhat,watershed,0.4932,14,0.95,1,provisional,"{""intended_use_fit"":{""score"":0.0,""weight"":0.15,""missing"":""0/1"",""parts"":{""urban_tags"":0.0},""src"":[332],""ext"":[""provisional_map:tag_maps_urban.csv""]},""soil_binding"":{""score"":0.7,""weight"":0.25,""missing"":""0/1"",""parts"":{""root_soil_binding_prov"":0.7},""src"":[331],""ext"":[""provisional_map:tag_maps_root.csv""]},""steep_slope_tolerance"":{""score"":0.273,""weight"":0.15,""missing"":""0/1"",""parts"":{""max_slope_pct"":0.27},""src"":[322]},""riparian_tolerance"":{""score"":1.0,""weight"":0.15,""missing"":""0/2"",""parts"":{""waterlog_tol"":1.0,""native_habitat"":1.0},""src"":[327,348]},""cover_interception"":{""score"":0.682,""weight"":0.15,""missing"":""1/3"",""parts"":{""canopy_spread_m"":0.55,""foliage"":null,""growth_rate"":1.0},""src"":[330,340,349]},""soil_improvement"":{""score"":0.0,""weight"":0.1,""missing"":""0/1"",""parts"":{""n_fixing"":0.0},""src"":[347]},""slope_failure_resistance"":{""score"":0.5,""weight"":0.05,""missing"":""0/1"",""parts"":{""typhoon_res"":0.5},""src"":[339]}}"
1,Narra,watershed,0.467,15,1.0,0,provisional,"{""intended_use_fit"":{""score"":0.0,""weight"":0.15,""missing"":""0/1"",""parts"":{""urban_tags"":0.0},""src"":[19],""ext"":[""provisional_map:tag_maps_urban.csv""]},""soil_binding"":{""score"":0.7,""weight"":0.25,""missing"":""0/1"",""parts"":{""root_soil_binding_prov"":0.7},""src"":[18],""ext"":[""provisional_map:tag_maps_root.csv""]},""steep_slope_tolerance"":{""score"":0.273,""weight"":0.15,""missing"":""0/1"",""parts"":{""max_slope_pct"":0.27},""src"":[9]},""riparian_tolerance"":{""score"":0.25,""weight"":0.15,""missing"":""0/2"",""parts"":{""waterlog_tol"":0.5,""native_habitat"":0.0},""src"":[14,35]},""cover_interception"":{""score"":0.591,""weight"":0.15,""missing"":""0/3"",""parts"":{""canopy_spread_m"":0.77,""foliage"":0.0,""growth_rate"":1.0},""src"":[17,27,36]},""soil_improvement"":{""score"":1.0,""weight"":0.1,""missing"":""0/1"",""parts"":{""n_fixing"":1.0},""src"":[34]},""slope_failure_resistance"":{""score"":0.5,""weight"":0.05,""missing"":""0/1"",""parts"":{""typhoon_res"":0.5},""src"":[26]}}"
4,Banaba,watershed,0.4409,16,1.0,0,provisional,"{""intended_use_fit"":{""score"":0.0,""weight"":0.15,""missing"":""0/1"",""parts"":{""urban_tags"":0.0},""src"":[176],""ext"":[""provisional_map:tag_maps_urban.csv""]},""soil_binding"":{""score"":0.8,""weight"":0.25,""missing"":""0/1"",""parts"":{""root_soil_binding_prov"":0.8},""src"":[175],""ext"":[""provisional_map:tag_maps_root.csv""]},""steep_slope_tolerance"":{""score"":0.0,""weight"":0.15,""missing"":""0/1"",""parts"":{""max_slope_pct"":0.0},""src"":[166]},""riparian_tolerance"":{""score"":1.0,""weight"":0.15,""missing"":""0/2"",""parts"":{""waterlog_tol"":1.0,""native_habitat"":1.0},""src"":[171,192]},""cover_interception"":{""score"":0.439,""weight"":0.15,""missing"":""0/3"",""parts"":{""canopy_spread_m"":0.32,""foliage"":0.0,""growth_rate"":1.0},""src"":[174,184,193]},""soil_improvement"":{""score"":0.0,""weight"":0.1,""missing"":""0/1"",""parts"":{""n_fixing"":0.0},""src"":[191]},""slope_failure_resistance"":{""score"":0.5,""weight"":0.05,""missing"":""0/1"",""parts"":{""typhoon_res"":0.5},""src"":[183]}}"
19,Kasoy,watershed,0.4386,17,1.0,0,provisional,"{""intended_use_fit"":{""score"":0.0,""weight"":0.15,""missing"":""0/1"",""parts"":{""urban_tags"":0.0},""src"":[958],""ext"":[""provisional_map:tag_maps_urban.csv""]},""soil_binding"":{""score"":0.9,""weight"":0.25,""missing"":""0/1"",""parts"":{""root_soil_binding_prov"":0.9},""src"":[957],""ext"":[""provisional_map:tag_maps_root.csv""]},""steep_slope_tolerance"":{""score"":0.455,""weight"":0.15,""missing"":""0/1"",""parts"":{""max_slope_pct"":0.45},""src"":[948]},""riparian_tolerance"":{""score"":0.0,""weight"":0.15,""missing"":""0/2"",""parts"":{""waterlog_tol"":0.0,""native_habitat"":0.0},""src"":[953,974]},""cover_interception"":{""score"":0.803,""weight"":0.15,""missing"":""0/3"",""parts"":{""canopy_spread_m"":0.41,""foliage"":1.0,""growth_rate"":1.0},""src"":[956,966,975]},""soil_improvement"":{""score"":0.0,""weight"":0.1,""missing"":""0/1"",""parts"":{""n_fixing"":0.0},""src"":[973]},""slope_failure_resistance"":{""score"":0.5,""weight"":0.05,""missing"":""0/1"",""parts"":{""typhoon_res"":0.5},""src"":[965]}}"
22,Indian/Carabao Mango,watershed,0.4045,18,1.0,0,provisional,"{""intended_use_fit"":{""score"":0.0,""weight"":0.15,""missing"":""0/1"",""parts"":{""urban_tags"":0.0},""src"":[1115],""ext"":[""provisional_map:tag_maps_urban.csv""]},""soil_binding"":{""score"":0.9,""weight"":0.25,""missing"":""0/1"",""parts"":{""root_soil_binding_prov"":0.9},""src"":[1114],""ext"":[""provisional_map:tag_maps_root.csv""]},""steep_slope_tolerance"":{""score"":0.182,""weight"":0.15,""missing"":""0/1"",""parts"":{""max_slope_pct"":0.18},""src"":[1105]},""riparian_tolerance"":{""score"":0.0,""weight"":0.15,""missing"":""0/2"",""parts"":{""waterlog_tol"":0.0,""native_habitat"":0.0},""src"":[1110,1131]},""cover_interception"":{""score"":0.848,""weight"":0.15,""missing"":""0/3"",""parts"":{""canopy_spread_m"":0.55,""foliage"":1.0,""growth_rate"":1.0},""src"":[1113,1123,1132]},""soil_improvement"":{""score"":0.0,""weight"":0.1,""missing"":""0/1"",""parts"":{""n_fixing"":0.0},""src"":[1130]},""slope_failure_resistance"":{""score"":0.5,""weight"":0.05,""missing"":""0/1"",""parts"":{""typhoon_res"":0.5},""src"":[1122]}}"
44,Balai Lamok,watershed,0.3943,19,1.0,0,provisional,"{""intended_use_fit"":{""score"":0.0,""weight"":0.15,""missing"":""0/1"",""parts"":{""urban_tags"":0.0},""src"":[2262],""ext"":[""provisional_map:tag_maps_urban.csv""]},""soil_binding"":{""score"":0.7,""weight"":0.25,""missing"":""0/1"",""parts"":{""root_soil_binding_prov"":0.7},""src"":[2261],""ext"":[""provisional_map:tag_maps_root.csv""]},""steep_slope_tolerance"":{""score"":0.273,""weight"":0.15,""missing"":""0/1"",""parts"":{""max_slope_pct"":0.27},""src"":[2253]},""riparian_tolerance"":{""score"":0.75,""weight"":0.15,""missing"":""0/2"",""parts"":{""waterlog_tol"":0.5,""native_habitat"":1.0},""src"":[2258,2278]},""cover_interception"":{""score"":0.273,""weight"":0.15,""missing"":""0/3"",""parts"":{""canopy_spread_m"":0.32,""foliage"":0.0,""growth_rate"":0.5},""src"":[2260,2270,2279]},""soil_improvement"":{""score"":0.0,""weight"":0.1,""missing"":""0/1"",""parts"":{""n_fixing"":0.0},""src"":[2277]},""slope_failure_resistance"":{""score"":0.5,""weight"":0.05,""missing"":""0/1"",""parts"":{""typhoon_res"":0.5},""src"":[2269]}}"
20,Sampalok,watershed,0.3932,20,1.0,0,provisional,"{""intended_use_fit"":{""score"":0.0,""weight"":0.15,""missing"":""0/1"",""parts"":{""urban_tags"":0.0},""src"":[1010],""ext"":[""provisional_map:tag_maps_urban.csv""]},""soil_binding"":{""score"":0.9,""weight"":0.25,""missing"":""0/1"",""parts"":{""root_soil_binding_prov"":0.9},""src"":[1009],""ext"":[""provisional_map:tag_maps_root.csv""]},""steep_slope_tolerance"":{""score"":0.273,""weight"":0.15,""missing"":""0/1"",""parts"":{""max_slope_pct"":0.27},""src"":[1000]},""riparian_tolerance"":{""score"":0.0,""weight"":0.15,""missing"":""0/2"",""parts"":{""waterlog_tol"":0.0,""native_habitat"":0.0},""src"":[1005,1026]},""cover_interception"":{""score"":0.515,""weight"":0.15,""missing"":""0/3"",""parts"":{""canopy_spread_m"":0.55,""foliage"":1.0,""growth_rate"":0.0},""src"":[1008,1018,1027]},""soil_improvement"":{""score"":0.0,""weight"":0.1,""missing"":""0/1"",""parts"":{""n_fixing"":0.0},""src"":[1025]},""slope_failure_resistance"":{""score"":1.0,""weight"":0.05,""missing"":""0/1"",""parts"":{""typhoon_res"":1.0},""src"":[1017]}}"
42,Weeping Fig (Balete),watershed,0.3909,21,1.0,0,provisional,"{""intended_use_fit"":{""score"":0.0,""weight"":0.15,""missing"":""0/1"",""parts"":{""urban_tags"":0.0},""src"":[2160],""ext"":[""provisional_map:tag_maps_urban.csv""]},""soil_binding"":{""score"":0.6,""weight"":0.25,""missing"":""0/1"",""parts"":{""root_soil_binding_prov"":0.6},""src"":[2159],""ext"":[""provisional_map:tag_maps_root.csv""]},""steep_slope_tolerance"":{""score"":0.273,""weight"":0.15,""missing"":""0/1"",""parts"":{""max_slope_pct"":0.27},""src"":[2151]},""riparian_tolerance"":{""score"":0.0,""weight"":0.15,""missing"":""0/2"",""parts"":{""waterlog_tol"":0.0,""native_habitat"":0.0},""src"":[2156,2176]},""cover_interception"":{""score"":1.0,""weight"":0.15,""missing"":""0/3"",""parts"":{""canopy_spread_m"":1.0,""foliage"":1.0,""growth_rate"":1.0},""src"":[2158,2168,2177]},""soil_improvement"":{""score"":0.0,""weight"":0.1,""missing"":""0/1"",""parts"":{""n_fixing"":0.0},""src"":[2175]},""slope_failure_resistance"":{""score"":1.0,""weight"":0.05,""missing"":""0/1"",""parts"":{""typhoon_res"":1.0},""src"":[2167]}}"
8,Kamagong,watershed,0.3841,22,1.0,0,provisional,"{""intended_use_fit"":{""score"":0.0,""weight"":0.15,""missing"":""0/1"",""parts"":{""urban_tags"":0.0},""src"":[384],""ext"":[""provisional_map:tag_maps_urban.csv""]},""soil_binding"":{""score"":0.7,""weight"":0.25,""missing"":""0/1"",""parts"":{""root_soil_binding_prov"":0.7},""src"":[383],""ext"":[""provisional_map:tag_maps_root.csv""]},""steep_slope_tolerance"":{""score"":0.545,""weight"":0.15,""missing"":""0/1"",""parts"":{""max_slope_pct"":0.55},""src"":[374]},""riparian_tolerance"":{""score"":0.0,""weight"":0.15,""missing"":""0/2"",""parts"":{""waterlog_tol"":0.0,""native_habitat"":0.0},""src"":[379,400]},""cover_interception"":{""score"":0.515,""weight"":0.15,""missing"":""0/3"",""parts"":{""canopy_spread_m"":0.55,""foliage"":1.0,""growth_rate"":0.0},""src"":[382,392,401]},""soil_improvement"":{""score"":0.0,""weight"":0.1,""missing"":""0/1"",""parts"":{""n_fixing"":0.0},""src"":[399]},""slope_failure_resistance"":{""score"":1.0,""weight"":0.05,""missing"":""0/1"",""parts"":{""typhoon_res"":1.0},""src"":[391]}}"
23,Santol,watershed,0.3682,23,1.0,0,provisional,"{""intended_use_fit"":{""score"":0.0,""weight"":0.15,""missing"":""0/1"",""parts"":{""urban_tags"":0.0},""src"":[1168],""ext"":[""provisional_map:tag_maps_urban.csv""]},""soil_binding"":{""score"":0.7,""weight"":0.25,""missing"":""0/1"",""parts"":{""root_soil_binding_prov"":0.7},""src"":[1167],""ext"":[""provisional_map:tag_maps_root.csv""]},""steep_slope_tolerance"":{""score"":0.273,""weight"":0.15,""missing"":""0/1"",""parts"":{""max_slope_pct"":0.27},""src"":[1158]},""riparian_tolerance"":{""score"":0.0,""weight"":0.15,""missing"":""0/2"",""parts"":{""waterlog_tol"":0.0,""native_habitat"":0.0},""src"":[1163,1184]},""cover_interception"":{""score"":0.682,""weight"":0.15,""missing"":""0/3"",""parts"":{""canopy_spread_m"":0.55,""foliage"":0.5,""growth_rate"":1.0},""src"":[1166,1176,1185]},""soil_improvement"":{""score"":0.0,""weight"":0.1,""missing"":""0/1"",""parts"":{""n_fixing"":0.0},""src"":[1183]},""slope_failure_resistance"":{""score"":1.0,""weight"":0.05,""missing"":""0/1"",""parts"":{""typhoon_res"":1.0},""src"":[1175]}}"
9,Katmon,watershed,0.3602,24,0.95,1,provisional,"{""intended_use_fit"":{""score"":0.0,""weight"":0.15,""missing"":""0/1"",""parts"":{""urban_tags"":0.0},""src"":[436],""ext"":[""provisional_map:tag_maps_urban.csv""]},""soil_binding"":{""score"":0.7,""weight"":0.25,""missing"":""0/1"",""parts"":{""root_soil_binding_prov"":0.7},""src"":[435],""ext"":[""provisional_map:tag_maps_root.csv""]},""steep_slope_tolerance"":{""score"":0.545,""weight"":0.15,""missing"":""0/1"",""parts"":{""max_slope_pct"":0.55},""src"":[426]},""riparian_tolerance"":{""score"":0.25,""weight"":0.15,""missing"":""0/2"",""parts"":{""waterlog_tol"":0.5,""native_habitat"":0.0},""src"":[431,452]},""cover_interception"":{""score"":0.273,""weight"":0.15,""missing"":""1/3"",""parts"":{""canopy_spread_m"":0.32,""foliage"":null,""growth_rate"":0.0},""src"":[434,444,453]},""soil_improvement"":{""score"":0.0,""weight"":0.1,""missing"":""0/1"",""parts"":{""n_fixing"":0.0},""src"":[451]},""slope_failure_resistance"":{""score"":0.5,""weight"":0.05,""missing"":""0/1"",""parts"":{""typhoon_res"":0.5},""src"":[443]}}"
25,Star Apple,watershed,0.3477,25,1.0,0,provisional,"{""intended_use_fit"":{""score"":0.0,""weight"":0.15,""missing"":""0/1"",""parts"":{""urban_tags"":0.0},""src"":[1274],""ext"":[""provisional_map:tag_maps_urban.csv""]},""soil_binding"":{""score"":0.7,""weight"":0.25,""missing"":""0/1"",""parts"":{""root_soil_binding_prov"":0.7},""src"":[1273],""ext"":[""provisional_map:tag_maps_root.csv""]},""steep_slope_tolerance"":{""score"":0.182,""weight"":0.15,""missing"":""0/1"",""parts"":{""max_slope_pct"":0.18},""src"":[1264]},""riparian_tolerance"":{""score"":0.0,""weight"":0.15,""missing"":""0/2"",""parts"":{""waterlog_tol"":0.0,""native_habitat"":0.0},""src"":[1269,1290]},""cover_interception"":{""score"":0.803,""weight"":0.15,""missing"":""0/3"",""parts"":{""canopy_spread_m"":0.41,""foliage"":1.0,""growth_rate"":1.0},""src"":[1272,1282,1291]},""soil_improvement"":{""score"":0.0,""weight"":0.1,""missing"":""0/1"",""parts"":{""n_fixing"":0.0},""src"":[1289]},""slope_failure_resistance"":{""score"":0.5,""weight"":0.05,""missing"":""0/1"",""parts"":{""typhoon_res"":0.5},""src"":[1281]}}"
36,Robusta (Coffee),watershed,0.3432,26,1.0,0,provisional,"{""intended_use_fit"":{""score"":0.0,""weight"":0.15,""missing"":""0/1"",""parts"":{""urban_tags"":0.0},""src"":[1849],""ext"":[""provisional_map:tag_maps_urban.csv""]},""soil_binding"":{""score"":0.7,""weight"":0.25,""missing"":""0/1"",""parts"":{""root_soil_binding_prov"":0.7},""src"":[1848],""ext"":[""provisional_map:tag_maps_root.csv""]},""steep_slope_tolerance"":{""score"":0.273,""weight"":0.15,""missing"":""0/1"",""parts"":{""max_slope_pct"":0.27},""src"":[1839]},""riparian_tolerance"":{""score"":0.0,""weight"":0.15,""missing"":""0/2"",""parts"":{""waterlog_tol"":0.0,""native_habitat"":0.0},""src"":[1844,1865]},""cover_interception"":{""score"":0.682,""weight"":0.15,""missing"":""0/3"",""parts"":{""canopy_spread_m"":0.05,""foliage"":1.0,""growth_rate"":1.0},""src"":[1847,1857,1866]},""soil_improvement"":{""score"":0.0,""weight"":0.1,""missing"":""0/1"",""parts"":{""n_fixing"":0.0},""src"":[1864]},""slope_failure_resistance"":{""score"":0.5,""weight"":0.05,""missing"":""0/1"",""parts"":{""typhoon_res"":0.5},""src"":[1856]}}"
38,Chesa/Tiesa,watershed,0.3432,26,1.0,0,provisional,"{""intended_use_fit"":{""score"":0.0,""weight"":0.15,""missing"":""0/1"",""parts"":{""urban_tags"":0.0},""src"":[1953],""ext"":[""provisional_map:tag_maps_urban.csv""]},""soil_binding"":{""score"":0.7,""weight"":0.25,""missing"":""0/1"",""parts"":{""root_soil_binding_prov"":0.7},""src"":[1952],""ext"":[""provisional_map:tag_maps_root.csv""]},""steep_slope_tolerance"":{""score"":0.182,""weight"":0.15,""missing"":""0/1"",""parts"":{""max_slope_pct"":0.18},""src"":[1943]},""riparian_tolerance"":{""score"":0.0,""weight"":0.15,""missing"":""0/2"",""parts"":{""waterlog_tol"":0.0,""native_habitat"":0.0},""src"":[1948,1969]},""cover_interception"":{""score"":0.606,""weight"":0.15,""missing"":""0/3"",""parts"":{""canopy_spread_m"":0.32,""foliage"":1.0,""growth_rate"":0.5},""src"":[1951,1961,1970]},""soil_improvement"":{""score"":0.0,""weight"":0.1,""missing"":""0/1"",""parts"":{""n_fixing"":0.0},""src"":[1968]},""slope_failure_resistance"":{""score"":1.0,""weight"":0.05,""missing"":""0/1"",""parts"":{""typhoon_res"":1.0},""src"":[1960]}}"
40,Peacock Flower Tree,watershed,0.3409,28,0.95,1,provisional,"{""intended_use_fit"":{""score"":0.0,""weight"":0.15,""missing"":""0/1"",""parts"":{""urban_tags"":0.0},""src"":[2056],""ext"":[""provisional_map:tag_maps_urban.csv""]},""soil_binding"":{""score"":0.8,""weight"":0.25,""missing"":""0/1"",""parts"":{""root_soil_binding_prov"":0.8},""src"":[2055],""ext"":[""provisional_map:tag_maps_root.csv""]},""steep_slope_tolerance"":{""score"":0.273,""weight"":0.15,""missing"":""0/1"",""parts"":{""max_slope_pct"":0.27},""src"":[2047]},""riparian_tolerance"":{""score"":0.0,""weight"":0.15,""missing"":""0/2"",""parts"":{""waterlog_tol"":0.0,""native_habitat"":0.0},""src"":[2052,2072]},""cover_interception"":{""score"":0.5,""weight"":0.15,""missing"":""1/3"",""parts"":{""canopy_spread_m"":0.0,""foliage"":null,""growth_rate"":1.0},""src"":[2054,2064,2073]},""soil_improvement"":{""score"":0.0,""weight"":0.1,""missing"":""0/1"",""parts"":{""n_fixing"":0.0},""src"":[2071]},""slope_failure_resistance"":{""score"":0.5,""weight"":0.05,""missing"":""0/1"",""parts"":{""typhoon_res"":0.5},""src"":[2063]}}"
10,Batikuling,watershed,0.3341,29,0.95,1,provisional,"{""intended_use_fit"":{""score"":0.0,""weight"":0.15,""missing"":""0/1"",""parts"":{""urban_tags"":0.0},""src"":[488],""ext"":[""provisional_map:tag_maps_urban.csv""]},""soil_binding"":{""score"":0.7,""weight"":0.25,""missing"":""0/1"",""parts"":{""root_soil_binding_prov"":0.7},""src"":[487],""ext"":[""provisional_map:tag_maps_root.csv""]},""steep_slope_tolerance"":{""score"":0.545,""weight"":0.15,""missing"":""0/1"",""parts"":{""max_slope_pct"":0.55},""src"":[478]},""riparian_tolerance"":{""score"":0.0,""weight"":0.15,""missing"":""0/2"",""parts"":{""waterlog_tol"":0.0,""native_habitat"":0.0},""src"":[483,504]},""cover_interception"":{""score"":0.348,""weight"":0.15,""missing"":""1/3"",""parts"":{""canopy_spread_m"":0.55,""foliage"":null,""growth_rate"":0.0},""src"":[486,496,505]},""soil_improvement"":{""score"":0.0,""weight"":0.1,""missing"":""0/1"",""parts"":{""n_fixing"":0.0},""src"":[503]},""slope_failure_resistance"":{""score"":0.5,""weight"":0.05,""missing"":""0/1"",""parts"":{""typhoon_res"":0.5},""src"":[495]}}"
29,Calamansi,watershed,0.3295,30,1.0,0,provisional,"{""intended_use_fit"":{""score"":0.0,""weight"":0.15,""missing"":""0/1"",""parts"":{""urban_tags"":0.0},""src"":[1483],""ext"":[""provisional_map:tag_maps_urban.csv""]},""soil_binding"":{""score"":0.8,""weight"":0.25,""missing"":""0/1"",""parts"":{""root_soil_binding_prov"":0.8},""src"":[1482],""ext"":[""provisional_map:tag_maps_root.csv""]},""steep_slope_tolerance"":{""score"":0.182,""weight"":0.15,""missing"":""0/1"",""parts"":{""max_slope_pct"":0.18},""src"":[1474]},""riparian_tolerance"":{""score"":0.0,""weight"":0.15,""missing"":""0/2"",""parts"":{""waterlog_tol"":0.0,""native_habitat"":0.0},""src"":[1479,1499]},""cover_interception"":{""score"":0.515,""weight"":0.15,""missing"":""0/3"",""parts"":{""canopy_spread_m"":0.05,""foliage"":1.0,""growth_rate"":0.5},""src"":[1481,1491,1500]},""soil_improvement"":{""score"":0.0,""weight"":0.1,""missing"":""0/1"",""parts"":{""n_fixing"":0.0},""src"":[1498]},""slope_failure_resistance"":{""score"":0.5,""weight"":0.05,""missing"":""0/1"",""parts"":{""typhoon_res"":0.5},""src"":[1490]}}"
16,Atsuete,watershed,0.3227,31,0.95,1,provisional,"{""intended_use_fit"":{""score"":0.0,""weight"":0.15,""missing"":""0/1"",""parts"":{""urban_tags"":0.0},""src"":[800],""ext"":[""provisional_map:tag_maps_urban.csv""]},""soil_binding"":{""score"":0.7,""weight"":0.25,""missing"":""0/1"",""parts"":{""root_soil_binding_prov"":0.7},""src"":[799],""ext"":[""provisional_map:tag_maps_root.csv""]},""steep_slope_tolerance"":{""score"":0.273,""weight"":0.15,""missing"":""0/1"",""parts"":{""max_slope_pct"":0.27},""src"":[790]},""riparian_tolerance"":{""score"":0.0,""weight"":0.15,""missing"":""0/2"",""parts"":{""waterlog_tol"":0.0,""native_habitat"":0.0},""src"":[795,816]},""cover_interception"":{""score"":0.545,""weight"":0.15,""missing"":""1/3"",""parts"":{""canopy_spread_m"":0.14,""foliage"":null,""growth_rate"":1.0},""src"":[798,808,817]},""soil_improvement"":{""score"":0.0,""weight"":0.1,""missing"":""0/1"",""parts"":{""n_fixing"":0.0},""src"":[815]},""slope_failure_resistance"":{""score"":0.5,""weight"":0.05,""missing"":""0/1"",""parts"":{""typhoon_res"":0.5},""src"":[807]}}"
14,Langka,watershed,0.3182,32,1.0,0,provisional,"{""intended_use_fit"":{""score"":0.0,""weight"":0.15,""missing"":""0/1"",""parts"":{""urban_tags"":0.0},""src"":[696],""ext"":[""provisional_map:tag_maps_urban.csv""]},""soil_binding"":{""score"":0.7,""weight"":0.25,""missing"":""0/1"",""parts"":{""root_soil_binding_prov"":0.7},""src"":[695],""ext"":[""provisional_map:tag_maps_root.csv""]},""steep_slope_tolerance"":{""score"":0.182,""weight"":0.15,""missing"":""0/1"",""parts"":{""max_slope_pct"":0.18},""src"":[686]},""riparian_tolerance"":{""score"":0.0,""weight"":0.15,""missing"":""0/2"",""parts"":{""waterlog_tol"":0.0,""native_habitat"":0.0},""src"":[691,712]},""cover_interception"":{""score"":0.606,""weight"":0.15,""missing"":""0/3"",""parts"":{""canopy_spread_m"":0.32,""foliage"":1.0,""growth_rate"":0.5},""src"":[694,704,713]},""soil_improvement"":{""score"":0.0,""weight"":0.1,""missing"":""0/1"",""parts"":{""n_fixing"":0.0},""src"":[711]},""slope_failure_resistance"":{""score"":0.5,""weight"":0.05,""missing"":""0/1"",""parts"":{""typhoon_res"":0.5},""src"":[703]}}"
41,Guava,watershed,0.3136,33,1.0,0,provisional,"{""intended_use_fit"":{""score"":0.0,""weight"":0.15,""missing"":""0/1"",""parts"":{""urban_tags"":0.0},""src"":[2108],""ext"":[""provisional_map:tag_maps_urban.csv""]},""soil_binding"":{""score"":0.6,""weight"":0.25,""missing"":""0/1"",""parts"":{""root_soil_binding_prov"":0.6},""src"":[2107],""ext"":[""provisional_map:tag_maps_root.csv""]},""steep_slope_tolerance"":{""score"":0.182,""weight"":0.15,""missing"":""0/1"",""parts"":{""max_slope_pct"":0.18},""src"":[2098]},""riparian_tolerance"":{""score"":0.0,""weight"":0.15,""missing"":""0/2"",""parts"":{""waterlog_tol"":0.0,""native_habitat"":0.0},""src"":[2103,2124]},""cover_interception"":{""score"":0.742,""weight"":0.15,""missing"":""0/3"",""parts"":{""canopy_spread_m"":0.23,""foliage"":1.0,""growth_rate"":1.0},""src"":[2106,2116,2125]},""soil_improvement"":{""score"":0.0,""weight"":0.1,""missing"":""0/1"",""parts"":{""n_fixing"":0.0},""src"":[2123]},""slope_failure_resistance"":{""score"":0.5,""weight"":0.05,""missing"":""0/1"",""parts"":{""typhoon_res"":0.5},""src"":[2115]}}"
17,Cacao,watershed,0.3091,34,1.0,0,provisional,"{""intended_use_fit"":{""score"":0.0,""weight"":0.15,""missing"":""0/1"",""parts"":{""urban_tags"":0.0},""src"":[852],""ext"":[""provisional_map:tag_maps_urban.csv""]},""soil_binding"":{""score"":0.8,""weight"":0.25,""missing"":""0/1"",""parts"":{""root_soil_binding_prov"":0.8},""src"":[851],""ext"":[""provisional_map:tag_maps_root.csv""]},""steep_slope_tolerance"":{""score"":0.182,""weight"":0.15,""missing"":""0/1"",""parts"":{""max_slope_pct"":0.18},""src"":[842]},""riparian_tolerance"":{""score"":0.0,""weight"":0.15,""missing"":""0/2"",""parts"":{""waterlog_tol"":0.0,""native_habitat"":0.0},""src"":[847,868]},""cover_interception"":{""score"":0.545,""weight"":0.15,""missing"":""0/3"",""parts"":{""canopy_spread_m"":0.14,""foliage"":1.0,""growth_rate"":0.5},""src"":[850,860,869]},""soil_improvement"":{""score"":0.0,""weight"":0.1,""missing"":""0/1"",""parts"":{""n_fixing"":0.0},""src"":[867]},""slope_failure_resistance"":{""score"":0.0,""weight"":0.05,""missing"":""0/1"",""parts"":{""typhoon_res"":0.0},""src"":[859]}}"
15,Guyabano,watershed,0.2841,35,1.0,0,provisional,"{""intended_use_fit"":{""score"":0.0,""weight"":0.15,""missing"":""0/1"",""parts"":{""urban_tags"":0.0},""src"":[748],""ext"":[""provisional_map:tag_maps_urban.csv""]},""soil_binding"":{""score"":0.6,""weight"":0.25,""missing"":""0/1"",""parts"":{""root_soil_binding_prov"":0.6},""src"":[747],""ext"":[""provisional_map:tag_maps_root.csv""]},""steep_slope_tolerance"":{""score"":0.182,""weight"":0.15,""missing"":""0/1"",""parts"":{""max_slope_pct"":0.18},""src"":[738]},""riparian_tolerance"":{""score"":0.0,""weight"":0.15,""missing"":""0/2"",""parts"":{""waterlog_tol"":0.0,""native_habitat"":0.0},""src"":[743,764]},""cover_interception"":{""score"":0.712,""weight"":0.15,""missing"":""0/3"",""parts"":{""canopy_spread_m"":0.14,""foliage"":1.0,""growth_rate"":1.0},""src"":[746,756,765]},""soil_improvement"":{""score"":0.0,""weight"":0.1,""missing"":""0/1"",""parts"":{""n_fixing"":0.0},""src"":[763]},""slope_failure_resistance"":{""score"":0.0,""weight"":0.05,""missing"":""0/1"",""parts"":{""typhoon_res"":0.0},""src"":[755]}}"
18,Rambutan,watershed,0.2841,35,1.0,0,provisional,"{""intended_use_fit"":{""score"":0.0,""weight"":0.15,""missing"":""0/1"",""parts"":{""urban_tags"":0.0},""src"":[905],""ext"":[""provisional_map:tag_maps_urban.csv""]},""soil_binding"":{""score"":0.7,""weight"":0.25,""missing"":""0/1"",""parts"":{""root_soil_binding_prov"":0.7},""src"":[904],""ext"":[""provisional_map:tag_maps_root.csv""]},""steep_slope_tolerance"":{""score"":0.091,""weight"":0.15,""missing"":""0/1"",""parts"":{""max_slope_pct"":0.09},""src"":[895]},""riparian_tolerance"":{""score"":0.0,""weight"":0.15,""missing"":""0/2"",""parts"":{""waterlog_tol"":0.0,""native_habitat"":0.0},""src"":[900,921]},""cover_interception"":{""score"":0.636,""weight"":0.15,""missing"":""0/3"",""parts"":{""canopy_spread_m"":0.41,""foliage"":1.0,""growth_rate"":0.5},""src"":[903,913,922]},""soil_improvement"":{""score"":0.0,""weight"":0.1,""missing"":""0/1"",""parts"":{""n_fixing"":0.0},""src"":[920]},""slope_failure_resistance"":{""score"":0.0,""weight"":0.05,""missing"":""0/1"",""parts"":{""typhoon_res"":0.0},""src"":[912]}}"
32,Salinggogon,watershed,0.2818,37,1.0,0,provisional,"{""intended_use_fit"":{""score"":0.0,""weight"":0.15,""missing"":""0/1"",""parts"":{""urban_tags"":0.0},""src"":[1641],""ext"":[""provisional_map:tag_maps_urban.csv""]},""soil_binding"":{""score"":0.7,""weight"":0.25,""missing"":""0/1"",""parts"":{""root_soil_binding_prov"":0.7},""src"":[1640],""ext"":[""provisional_map:tag_maps_root.csv""]},""steep_slope_tolerance"":{""score"":0.273,""weight"":0.15,""missing"":""0/1"",""parts"":{""max_slope_pct"":0.27},""src"":[1631]},""riparian_tolerance"":{""score"":0.0,""weight"":0.15,""missing"":""0/2"",""parts"":{""waterlog_tol"":0.0,""native_habitat"":0.0},""src"":[1636,1657]},""cover_interception"":{""score"":0.273,""weight"":0.15,""missing"":""0/3"",""parts"":{""canopy_spread_m"":0.32,""foliage"":0.0,""growth_rate"":0.5},""src"":[1639,1649,1658]},""soil_improvement"":{""score"":0.0,""weight"":0.1,""missing"":""0/1"",""parts"":{""n_fixing"":0.0},""src"":[1656]},""slope_failure_resistance"":{""score"":0.5,""weight"":0.05,""missing"":""0/1"",""parts"":{""typhoon_res"":0.5},""src"":[1648]}}"
45,Kamias,watershed,0.2705,38,1.0,0,provisional,"{""intended_use_fit"":{""score"":0.0,""weight"":0.15,""missing"":""0/1"",""parts"":{""urban_tags"":0.0},""src"":[2314],""ext"":[""provisional_map:tag_maps_urban.csv""]},""soil_binding"":{""score"":0.7,""weight"":0.25,""missing"":""0/1"",""parts"":{""root_soil_binding_prov"":0.7},""src"":[2313],""ext"":[""provisional_map:tag_maps_root.csv""]},""steep_slope_tolerance"":{""score"":0.091,""weight"":0.15,""missing"":""0/1"",""parts"":{""max_slope_pct"":0.09},""src"":[2304]},""riparian_tolerance"":{""score"":0.0,""weight"":0.15,""missing"":""0/2"",""parts"":{""waterlog_tol"":0.0,""native_habitat"":0.0},""src"":[2309,2330]},""cover_interception"":{""score"":0.545,""weight"":0.15,""missing"":""0/3"",""parts"":{""canopy_spread_m"":0.14,""foliage"":1.0,""growth_rate"":0.5},""src"":[2312,2322,2331]},""soil_improvement"":{""score"":0.0,""weight"":0.1,""missing"":""0/1"",""parts"":{""n_fixing"":0.0},""src"":[2329]},""slope_failure_resistance"":{""score"":0.0,""weight"":0.05,""missing"":""0/1"",""parts"":{""typhoon_res"":0.0},""src"":[2321]}}"
43,Lemon,watershed,0.2659,39,1.0,0,provisional,"{""intended_use_fit"":{""score"":0.0,""weight"":0.15,""missing"":""0/1"",""parts"":{""urban_tags"":0.0},""src"":[2211],""ext"":[""provisional_map:tag_maps_urban.csv""]},""soil_binding"":{""score"":0.7,""weight"":0.25,""missing"":""0/1"",""parts"":{""root_soil_binding_prov"":0.7},""src"":[2210],""ext"":[""provisional_map:tag_maps_root.csv""]},""steep_slope_tolerance"":{""score"":0.091,""weight"":0.15,""missing"":""0/1"",""parts"":{""max_slope_pct"":0.09},""src"":[2202]},""riparian_tolerance"":{""score"":0.0,""weight"":0.15,""missing"":""0/2"",""parts"":{""waterlog_tol"":0.0,""native_habitat"":0.0},""src"":[2207,2227]},""cover_interception"":{""score"":0.515,""weight"":0.15,""missing"":""0/3"",""parts"":{""canopy_spread_m"":0.05,""foliage"":1.0,""growth_rate"":0.5},""src"":[2209,2219,2228]},""soil_improvement"":{""score"":0.0,""weight"":0.1,""missing"":""0/1"",""parts"":{""n_fixing"":0.0},""src"":[2226]},""slope_failure_resistance"":{""score"":0.0,""weight"":0.05,""missing"":""0/1"",""parts"":{""typhoon_res"":0.0},""src"":[2218]}}"
26,Banana - Saba,watershed,0.2545,40,0.95,1,provisional,"{""intended_use_fit"":{""score"":0.0,""weight"":0.15,""missing"":""0/1"",""parts"":{""urban_tags"":0.0},""src"":[1326],""ext"":[""provisional_map:tag_maps_urban.csv""]},""soil_binding"":{""score"":0.6,""weight"":0.25,""missing"":""0/1"",""parts"":{""root_soil_binding_prov"":0.6},""src"":[1325],""ext"":[""provisional_map:tag_maps_root.csv""]},""steep_slope_tolerance"":{""score"":0.182,""weight"":0.15,""missing"":""0/1"",""parts"":{""max_slope_pct"":0.18},""src"":[1317]},""riparian_tolerance"":{""score"":0.0,""weight"":0.15,""missing"":""0/2"",""parts"":{""waterlog_tol"":0.0,""native_habitat"":0.0},""src"":[1322,1342]},""cover_interception"":{""score"":0.515,""weight"":0.15,""missing"":""1/3"",""parts"":{""canopy_spread_m"":0.05,""foliage"":null,""growth_rate"":1.0},""src"":[1324,1334,1343]},""soil_improvement"":{""score"":0.0,""weight"":0.1,""missing"":""0/1"",""parts"":{""n_fixing"":0.0},""src"":[1341]},""slope_failure_resistance"":{""score"":0.0,""weight"":0.05,""missing"":""0/1"",""parts"":{""typhoon_res"":0.0},""src"":[1333]}}"
27,Banana - Latundan,watershed,0.2523,41,0.95,1,provisional,"{""intended_use_fit"":{""score"":0.0,""weight"":0.15,""missing"":""0/1"",""parts"":{""urban_tags"":0.0},""src"":[1378],""ext"":[""provisional_map:tag_maps_urban.csv""]},""soil_binding"":{""score"":0.6,""weight"":0.25,""missing"":""0/1"",""parts"":{""root_soil_binding_prov"":0.6},""src"":[1377],""ext"":[""provisional_map:tag_maps_root.csv""]},""steep_slope_tolerance"":{""score"":0.182,""weight"":0.15,""missing"":""0/1"",""parts"":{""max_slope_pct"":0.18},""src"":[1369]},""riparian_tolerance"":{""score"":0.0,""weight"":0.15,""missing"":""0/2"",""parts"":{""waterlog_tol"":0.0,""native_habitat"":0.0},""src"":[1374,1394]},""cover_interception"":{""score"":0.5,""weight"":0.15,""missing"":""1/3"",""parts"":{""canopy_spread_m"":0.0,""foliage"":null,""growth_rate"":1.0},""src"":[1376,1386,1395]},""soil_improvement"":{""score"":0.0,""weight"":0.1,""missing"":""0/1"",""parts"":{""n_fixing"":0.0},""src"":[1393]},""slope_failure_resistance"":{""score"":0.0,""weight"":0.05,""missing"":""0/1"",""parts"":{""typhoon_res"":0.0},""src"":[1385]}}"
30,Papaya,watershed,0.25,42,0.95,1,provisional,"{""intended_use_fit"":{""score"":0.0,""weight"":0.15,""missing"":""0/1"",""parts"":{""urban_tags"":0.0},""src"":[1536],""ext"":[""provisional_map:tag_maps_urban.csv""]},""soil_binding"":{""score"":0.7,""weight"":0.25,""missing"":""0/1"",""parts"":{""root_soil_binding_prov"":0.7},""src"":[1535],""ext"":[""provisional_map:tag_maps_root.csv""]},""steep_slope_tolerance"":{""score"":0.0,""weight"":0.15,""missing"":""0/1"",""parts"":{""max_slope_pct"":0.0},""src"":[1526]},""riparian_tolerance"":{""score"":0.0,""weight"":0.15,""missing"":""0/2"",""parts"":{""waterlog_tol"":0.0,""native_habitat"":0.0},""src"":[1531,1552]},""cover_interception"":{""score"":0.5,""weight"":0.15,""missing"":""1/3"",""parts"":{""canopy_spread_m"":0.0,""foliage"":null,""growth_rate"":1.0},""src"":[1534,1544,1553]},""soil_improvement"":{""score"":0.0,""weight"":0.1,""missing"":""0/1"",""parts"":{""n_fixing"":0.0},""src"":[1551]},""slope_failure_resistance"":{""score"":0.0,""weight"":0.05,""missing"":""0/1"",""parts"":{""typhoon_res"":0.0},""src"":[1543]}}"
31,Fire Tree,watershed,0.2409,43,1.0,0,provisional,"{""intended_use_fit"":{""score"":0.0,""weight"":0.15,""missing"":""0/1"",""parts"":{""urban_tags"":0.0},""src"":[1589],""ext"":[""provisional_map:tag_maps_urban.csv""]},""soil_binding"":{""score"":0.6,""weight"":0.25,""missing"":""0/1"",""parts"":{""root_soil_binding_prov"":0.6},""src"":[1588],""ext"":[""provisional_map:tag_maps_root.csv""]},""steep_slope_tolerance"":{""score"":0.091,""weight"":0.15,""missing"":""0/1"",""parts"":{""max_slope_pct"":0.09},""src"":[1579]},""riparian_tolerance"":{""score"":0.0,""weight"":0.15,""missing"":""0/2"",""parts"":{""waterlog_tol"":0.0,""native_habitat"":0.0},""src"":[1584,1605]},""cover_interception"":{""score"":0.515,""weight"":0.15,""missing"":""0/3"",""parts"":{""canopy_spread_m"":0.55,""foliage"":0.0,""growth_rate"":1.0},""src"":[1587,1597,1606]},""soil_improvement"":{""score"":0.0,""weight"":0.1,""missing"":""0/1"",""parts"":{""n_fixing"":0.0},""src"":[1604]},""slope_failure_resistance"":{""score"":0.0,""weight"":0.05,""missing"":""0/1"",""parts"":{""typhoon_res"":0.0},""src"":[1596]}}"
24,Malunggay,watershed,0.2318,44,1.0,0,provisional,"{""intended_use_fit"":{""score"":0.0,""weight"":0.15,""missing"":""0/1"",""parts"":{""urban_tags"":0.0},""src"":[1221],""ext"":[""provisional_map:tag_maps_urban.csv""]},""soil_binding"":{""score"":0.6,""weight"":0.25,""missing"":""0/1"",""parts"":{""root_soil_binding_prov"":0.6},""src"":[1220],""ext"":[""provisional_map:tag_maps_root.csv""]},""steep_slope_tolerance"":{""score"":0.182,""weight"":0.15,""missing"":""0/1"",""parts"":{""max_slope_pct"":0.18},""src"":[1211]},""riparian_tolerance"":{""score"":0.0,""weight"":0.15,""missing"":""0/2"",""parts"":{""waterlog_tol"":0.0,""native_habitat"":0.0},""src"":[1216,1237]},""cover_interception"":{""score"":0.364,""weight"":0.15,""missing"":""0/3"",""parts"":{""canopy_spread_m"":0.09,""foliage"":0.0,""growth_rate"":1.0},""src"":[1219,1229,1238]},""soil_improvement"":{""score"":0.0,""weight"":0.1,""missing"":""0/1"",""parts"":{""n_fixing"":0.0},""src"":[1236]},""slope_failure_resistance"":{""score"":0.0,""weight"":0.05,""missing"":""0/1"",""parts"":{""typhoon_res"":0.0},""src"":[1228]}}"
39,Avocado,watershed,0.2045,45,1.0,0,provisional,"{""intended_use_fit"":{""score"":0.0,""weight"":0.15,""missing"":""0/1"",""parts"":{""urban_tags"":0.0},""src"":[2005],""ext"":[""provisional_map:tag_maps_urban.csv""]},""soil_binding"":{""score"":0.4,""weight"":0.25,""missing"":""0/1"",""parts"":{""root_soil_binding_prov"":0.4},""src"":[2004],""ext"":[""provisional_map:tag_maps_root.csv""]},""steep_slope_tolerance"":{""score"":0.091,""weight"":0.15,""missing"":""0/1"",""parts"":{""max_slope_pct"":0.09},""src"":[1995]},""riparian_tolerance"":{""score"":0.0,""weight"":0.15,""missing"":""0/2"",""parts"":{""waterlog_tol"":0.0,""native_habitat"":0.0},""src"":[2000,2021]},""cover_interception"":{""score"":0.606,""weight"":0.15,""missing"":""0/3"",""parts"":{""canopy_spread_m"":0.32,""foliage"":1.0,""growth_rate"":0.5},""src"":[2003,2013,2022]},""soil_improvement"":{""score"":0.0,""weight"":0.1,""missing"":""0/1"",""parts"":{""n_fixing"":0.0},""src"":[2020]},""slope_failure_resistance"":{""score"":0.0,""weight"":0.05,""missing"":""0/1"",""parts"":{""typhoon_res"":0.0},""src"":[2012]}}"
