point_id,soil_series,soil_texture,purity,valid_share,soil_filled
17097,,,,0.0,0
17208,,,,0.0,0
17319,,,,0.0,0
17430,,,,0.0,0
16543,,,,0.0,0
16654,,,,0.0,0
16765,,,,0.0,0
16876,,,,0.0,0
16987,,,,0.0,0
15878,,,,0.0,0
15989,,,,0.0,0
16100,,,,0.0,0
16211,,,,0.0,0
16322,,,,0.0,0
16433,,,,0.0,0
16544,,,,0.0,0
16655,,,,0.0,0
16766,,,,0.0,0
16877,,,,0.0,0
16988,,,,0.0,0
15324,,,,0.0,0
15435,,,,0.0,0
15546,,,,0.0,0
15657,,,,0.0,0
15768,,,,0.0,0
15879,,,,0.0,0
15990,,,,0.0,0
16101,,,,0.0,0
16212,,,,0.0,0
16323,,,,0.0,0
16434,,,,0.0,0
16545,,,,0.0,0
16656,,,,0.0,0
16767,,,,0.0,0
16878,,,,0.0,0
16989,,,,0.0,0
17100,,,,0.0,0
14770,,,,0.0,0
14881,,,,0.0,0
14992,,,,0.0,0
15103,,,,0.0,0
15214,,,,0.0,0
15325,,,,0.0,0
15436,,,,0.0,0
15547,,,,0.0,0
15658,,,,0.0,0
15769,,,,0.0,0
15880,,,,0.0,0
15991,,,,0.0,0
16102,,,,0.0,0
16213,,,,0.0,0
16324,,,,0.0,0
16435,,,,0.0,0
16546,,,,0.0,0
16657,,,,0.0,0
16768,,,,0.0,0
16879,,,,0.0,0
16990,,,,0.0,0
17101,,,,0.0,0
17212,,,,0.0,0
14105,,,,0.0,0
14216,,,,0.0,0
14327,,,,0.0,0
14438,,,,0.0,0
14549,,,,0.0,0
14660,,,,0.0,0
14771,,,,0.0,0
14882,,,,0.0,0
14993,,,,0.0,0
15104,,,,0.0,0
15215,,,,0.0,0
15326,,,,0.0,0
15437,,,,0.0,0
15548,,,,0.0,0
15659,,,,0.0,0
15770,,,,0.0,0
15881,,,,0.0,0
15992,,,,0.0,0
16103,,,,0.0,0
16214,,,,0.0,0
16325,,,,0.0,0
16436,,,,0.0,0
16547,,,,0.0,0
16658,,,,0.0,0
16769,,,,0.0,0
13551,,,,0.0,0
13662,,,,0.0,0
13773,,,,0.0,0
13884,,,,0.0,0
13995,,,,0.0,0
14106,,,,0.0,0
14217,,,,0.0,0
14328,,,,0.0,0
14439,,,,0.0,0
14550,,,,0.0,0
14661,,,,0.0,0
14772,,,,0.0,0
14883,,,,0.0,0
14994,,,,0.0,0
15105,,,,0.0,0
15216,,,,0.0,0
15327,,,,0.0,0
15438,,,,0.0,0
15549,,,,0.0,0
15660,,,,0.0,0
15771,,,,0.0,0
15882,,,,0.0,0
15993,,,,0.0,0
16104,,,,0.0,0
16215,,,,0.0,0
16326,,,,0.0,0
16437,,,,0.0,0
16548,,,,0.0,0
16659,,,,0.0,0
16770,,,,0.0,0
12997,,,,0.0,0
13108,,,,0.0,0
13219,,,,0.0,0
13330,,,,0.0,0
13441,,,,0.0,0
13552,,,,0.0,0
13663,,,,0.0,0
13774,,,,0.0,0
13885,,,,0.0,0
13996,,,,0.0,0
14107,,,,0.0,0
14218,,,,0.0,0
14329,,,,0.0,0
14440,,,,0.0,0
14551,,,,0.0,0
14662,,,,0.0,0
14773,,,,0.0,0
14884,,,,0.0,0
14995,,,,0.0,0
15106,,,,0.0,0
15217,,,,0.0,0
15328,,,,0.0,0
15439,,,,0.0,0
15550,,,,0.0,0
15661,,,,0.0,0
15772,,,,0.0,0
15883,,,,0.0,0
15994,,,,0.0,0
16105,,,,0.0,0
16216,,,,0.0,0
16327,,,,0.0,0
16438,,,,0.0,0
16549,,,,0.0,0
16660,,,,0.0,0
16771,,,,0.0,0
12332,,,,0.0,0
12443,,,,0.0,0
12554,,,,0.0,0
12665,,,,0.0,0
12776,,,,0.0,0
12887,,,,0.0,0
12998,,,,0.0,0
13109,,,,0.0,0
13220,,,,0.0,0
13331,,,,0.0,0
13442,,,,0.0,0
13553,,,,0.0,0
13664,,,,0.0,0
13775,,,,0.0,0
13886,,,,0.0,0
13997,,,,0.0,0
14108,,,,0.0,0
14219,,,,0.0,0
14330,,,,0.0,0
14441,,,,0.0,0
14552,,,,0.0,0
14663,,,,0.0,0
14774,,,,0.0,0
14885,,,,0.0,0
14996,,,,0.0,0
15107,,,,0.0,0
15218,,,,0.0,0
15329,,,,0.0,0
15440,,,,0.0,0
15551,,,,0.0,0
15662,,,,0.0,0
15773,,,,0.0,0
15884,,,,0.0,0
15995,,,,0.0,0
16106,,,,0.0,0
16217,,,,0.0,0
16328,,,,0.0,0
16439,,,,0.0,0
16550,,,,0.0,0
16661,,,,0.0,0
11778,,,,0.0,0
11889,,,,0.0,0
12000,,,,0.0,0
12111,,,,0.0,0
12222,,,,0.0,0
12333,,,,0.0,0
12444,,,,0.0,0
12555,,,,0.0,0
12666,,,,0.0,0
12777,,,,0.0,0
12888,,,,0.0,0
12999,,,,0.0,0
13110,,,,0.0,0
13221,,,,0.0,0
13332,,,,0.0,0
13443,,,,0.0,0
13554,,,,0.0,0
13665,,,,0.0,0
13776,,,,0.0,0
13887,,,,0.0,0
13998,,,,0.0,0
14109,,,,0.0,0
14220,,,,0.0,0
14331,,,,0.0,0
14442,,,,0.0,0
14553,,,,0.0,0
14664,,,,0.0,0
14775,,,,0.0,0
14886,,,,0.0,0
14997,,,,0.0,0
15108,,,,0.0,0
15219,,,,0.0,0
15330,,,,0.0,0
15441,,,,0.0,0
15552,,,,0.0,0
15663,,,,0.0,0
15774,,,,0.0,0
15885,,,,0.0,0
15996,,,,0.0,0
16107,,,,0.0,0
16218,,,,0.0,0
16329,,,,0.0,0
16440,,,,0.0,0
16551,,,,0.0,0
16662,,,,0.0,0
11113,,,,0.0,0
11224,,,,0.0,0
11335,,,,0.0,0
11446,,,,0.0,0
11557,,,,0.0,0
11668,,,,0.0,0
11779,,,,0.0,0
11890,,,,0.0,0
12001,,,,0.0,0
12112,,,,0.0,0
12223,,,,0.0,0
12334,,,,0.0,0
12445,,,,0.0,0
12556,,,,0.0,0
12667,,,,0.0,0
12778,,,,0.0,0
12889,,,,0.0,0
13000,,,,0.0,0
13111,,,,0.0,0
13222,,,,0.0,0
13333,,,,0.0,0
13444,,,,0.0,0
13555,,,,0.0,0
13666,,,,0.0,0
13777,,,,0.0,0
13888,,,,0.0,0
13999,,,,0.0,0
14110,,,,0.0,0
14221,,,,0.0,0
14332,,,,0.0,0
14443,,,,0.0,0
14554,,,,0.0,0
14665,,,,0.0,0
14776,,,,0.0,0
14887,,,,0.0,0
14998,,,,0.0,0
15109,,,,0.0,0
15220,,,,0.0,0
15331,,,,0.0,0
15442,,,,0.0,0
15553,,,,0.0,0
15664,,,,0.0,0
15775,,,,0.0,0
15886,,,,0.0,0
15997,,,,0.0,0
16108,,,,0.0,0
16219,,,,0.0,0
16330,,,,0.0,0
16441,,,,0.0,0
16552,,,,0.0,0
16663,,,,0.0,0
10559,,,,0.0,0
10670,,,,0.0,0
10781,,,,0.0,0
10892,,,,0.0,0
11003,,,,0.0,0
11114,,,,0.0,0
11225,,,,0.0,0
11336,,,,0.0,0
11447,,,,0.0,0
11558,,,,0.0,0
11669,,,,0.0,0
11780,,,,0.0,0
11891,,,,0.0,0
12002,,,,0.0,0
12113,,,,0.0,0
12224,,,,0.0,0
12335,,,,0.0,0
12446,,,,0.0,0
12557,,,,0.0,0
12668,,,,0.0,0
12779,,,,0.0,0
12890,,,,0.0,0
13001,,,,0.0,0
13112,,,,0.0,0
13223,,,,0.0,0
13334,,,,0.0,0
13445,,,,0.0,0
13556,,,,0.0,0
13667,,,,0.0,0
13778,,,,0.0,0
13889,,,,0.0,0
14000,,,,0.0,0
14111,,,,0.0,0
14222,,,,0.0,0
14333,,,,0.0,0
14444,,,,0.0,0
14555,,,,0.0,0
14666,,,,0.0,0
14777,,,,0.0,0
14888,,,,0.0,0
14999,,,,0.0,0
15110,,,,0.0,0
15221,,,,0.0,0
15332,,,,0.0,0
15443,,,,0.0,0
15554,,,,0.0,0
15665,,,,0.0,0
15776,,,,0.0,0
15887,,,,0.0,0
15998,,,,0.0,0
16109,,,,0.0,0
16220,,,,0.0,0
16331,,,,0.0,0
16442,,,,0.0,0
9561,,,,0.0,0
9672,,,,0.0,0
9783,,,,0.0,0
9894,,,,0.0,0
10005,,,,0.0,0
10116,,,,0.0,0
10227,,,,0.0,0
10338,,,,0.0,0
10449,,,,0.0,0
10560,,,,0.0,0
10671,,,,0.0,0
10782,,,,0.0,0
10893,,,,0.0,0
11004,,,,0.0,0
11115,,,,0.0,0
11226,,,,0.0,0
11337,,,,0.0,0
11448,,,,0.0,0
11559,,,,0.0,0
11670,,,,0.0,0
11781,,,,0.0,0
11892,,,,0.0,0
12003,,,,0.0,0
12114,,,,0.0,0
12225,,,,0.0,0
12336,,,,0.0,0
12447,,,,0.0,0
12558,,,,0.0,0
12669,,,,0.0,0
12780,,,,0.0,0
12891,,,,0.0,0
13002,,,,0.0,0
13113,,,,0.0,0
13224,,,,0.0,0
13335,,,,0.0,0
13446,,,,0.0,0
13557,,,,0.0,0
13668,,,,0.0,0
13779,,,,0.0,0
13890,,,,0.0,0
14001,,,,0.0,0
14112,,,,0.0,0
14223,,,,0.0,0
14334,,,,0.0,0
14445,,,,0.0,0
14556,,,,0.0,0
14667,,,,0.0,0
14778,,,,0.0,0
14889,,,,0.0,0
15000,,,,0.0,0
15111,,,,0.0,0
15222,,,,0.0,0
15333,,,,0.0,0
15444,,,,0.0,0
15555,,,,0.0,0
15666,,,,0.0,0
15777,,,,0.0,0
15888,,,,0.0,0
15999,,,,0.0,0
16110,,,,0.0,0
9451,,,,0.0,0
9562,,,,0.0,0
9673,,,,0.0,0
9784,,,,0.0,0
9895,,,,0.0,0
10006,,,,0.0,0
10117,,,,0.0,0
10228,,,,0.0,0
10339,,,,0.0,0
10450,,,,0.0,0
10561,,,,0.0,0
10672,,,,0.0,0
10783,,,,0.0,0
10894,,,,0.0,0
11005,,,,0.0,0
11116,,,,0.0,0
11227,,,,0.0,0
11338,,,,0.0,0
11449,,,,0.0,0
11560,,,,0.0,0
11671,,,,0.0,0
11782,,,,0.0,0
11893,,,,0.0,0
12004,,,,0.0,0
12115,,,,0.0,0
12226,,,,0.0,0
12337,,,,0.0,0
12448,,,,0.0,0
12559,,,,0.0,0
12670,,,,0.0,0
12781,,,,0.0,0
12892,,,,0.0,0
13003,,,,0.0,0
13114,,,,0.0,0
13225,,,,0.0,0
13336,,,,0.0,0
13447,,,,0.0,0
13558,,,,0.0,0
13669,,,,0.0,0
13780,,,,0.0,0
13891,,,,0.0,0
14002,,,,0.0,0
14113,,,,0.0,0
14224,,,,0.0,0
14335,,,,0.0,0
14446,,,,0.0,0
14557,,,,0.0,0
14668,,,,0.0,0
14779,,,,0.0,0
14890,,,,0.0,0
15001,,,,0.0,0
15112,,,,0.0,0
15223,,,,0.0,0
15334,,,,0.0,0
15445,,,,0.0,0
15556,,,,0.0,0
15667,,,,0.0,0
15778,,,,0.0,0
15889,,,,0.0,0
16000,,,,0.0,0
16111,,,,0.0,0
9341,,,,0.0,0
9452,,,,0.0,0
9563,,,,0.0,0
9674,,,,0.0,0
9785,,,,0.0,0
9896,,,,0.0,0
10007,,,,0.0,0
10118,,,,0.0,0
10229,,,,0.0,0
10340,,,,0.0,0
10451,,,,0.0,0
10562,,,,0.0,0
10673,,,,0.0,0
10784,,,,0.0,0
10895,,,,0.0,0
11006,,,,0.0,0
11117,,,,0.0,0
11228,,,,0.0,0
11339,,,,0.0,0
11450,,,,0.0,0
11561,,,,0.0,0
11672,,,,0.0,0
11783,,,,0.0,0
11894,,,,0.0,0
12005,,,,0.0,0
12116,,,,0.0,0
12227,,,,0.0,0
12338,,,,0.0,0
12449,,,,0.0,0
12560,,,,0.0,0
12671,,,,0.0,0
12782,,,,0.0,0
12893,,,,0.0,0
13004,,,,0.0,0
13115,,,,0.0,0
13226,,,,0.0,0
13337,,,,0.0,0
13448,,,,0.0,0
13559,,,,0.0,0
13670,,,,0.0,0
13781,,,,0.0,0
13892,,,,0.0,0
14003,,,,0.0,0
14114,,,,0.0,0
14225,,,,0.0,0
14336,,,,0.0,0
14447,,,,0.0,0
14558,,,,0.0,0
14669,,,,0.0,0
14780,,,,0.0,0
14891,,,,0.0,0
15002,,,,0.0,0
15113,,,,0.0,0
15224,,,,0.0,0
15335,,,,0.0,0
15446,,,,0.0,0
15557,,,,0.0,0
15668,,,,0.0,0
15779,,,,0.0,0
15890,,,,0.0,0
16001,,,,0.0,0
16112,,,,0.0,0
9120,,,,0.0,0
9231,,,,0.0,0
9342,,,,0.0,0
9453,,,,0.0,0
9564,,,,0.0,0
9675,,,,0.0,0
9786,,,,0.0,0
9897,,,,0.0,0
10008,,,,0.0,0
10119,,,,0.0,0
10230,,,,0.0,0
10341,,,,0.0,0
10452,,,,0.0,0
10674,,,,0.0,0
10785,,,,0.0,0
10896,,,,0.0,0
11007,,,,0.0,0
11118,,,,0.0,0
11229,,,,0.0,0
11340,,,,0.0,0
11451,,,,0.0,0
11562,,,,0.0,0
11673,,,,0.0,0
11784,,,,0.0,0
11895,,,,0.0,0
12006,,,,0.0,0
12117,,,,0.0,0
12228,,,,0.0,0
12339,,,,0.0,0
12450,,,,0.0,0
12561,,,,0.0,0
12672,,,,0.0,0
12783,,,,0.0,0
12894,,,,0.0,0
13005,,,,0.0,0
13116,,,,0.0,0
13227,,,,0.0,0
13338,,,,0.0,0
13449,,,,0.0,0
13560,,,,0.0,0
13671,,,,0.0,0
13782,,,,0.0,0
13893,,,,0.0,0
14004,,,,0.0,0
14115,,,,0.0,0
14226,,,,0.0,0
14337,,,,0.0,0
14448,,,,0.0,0
14559,,,,0.0,0
14670,,,,0.0,0
14781,,,,0.0,0
14892,,,,0.0,0
15003,,,,0.0,0
15114,,,,0.0,0
15225,,,,0.0,0
15336,,,,0.0,0
15447,,,,0.0,0
15558,,,,0.0,0
15891,,,,0.0,0
16002,,,,0.0,0
16113,,,,0.0,0
9010,,,,0.0,0
9121,,,,0.0,0
9232,,,,0.0,0
9343,,,,0.0,0
9454,,,,0.0,0
9565,,,,0.0,0
9676,,,,0.0,0
9787,,,,0.0,0
9898,,,,0.0,0
10009,,,,0.0,0
10120,,,,0.0,0
10231,,,,0.0,0
10342,,,,0.0,0
10453,,,,0.0,0
10564,,,,0.0,0
10675,,,,0.0,0
10786,,,,0.0,0
10897,,,,0.0,0
11008,,,,0.0,0
11119,,,,0.0,0
11230,,,,0.0,0
11341,,,,0.0,0
11452,,,,0.0,0
11563,,,,0.0,0
11674,,,,0.0,0
11785,,,,0.0,0
11896,,,,0.0,0
12007,,,,0.0,0
12118,,,,0.0,0
12229,,,,0.0,0
12340,,,,0.0,0
12451,,,,0.0,0
12562,,,,0.0,0
12673,,,,0.0,0
12784,,,,0.0,0
12895,,,,0.0,0
13006,,,,0.0,0
13117,,,,0.0,0
13228,,,,0.0,0
13339,,,,0.0,0
13450,,,,0.0,0
13561,,,,0.0,0
13672,,,,0.0,0
13783,,,,0.0,0
13894,,,,0.0,0
14005,,,,0.0,0
14116,,,,0.0,0
14227,,,,0.0,0
14338,,,,0.0,0
14449,,,,0.0,0
14560,,,,0.0,0
14671,,,,0.0,0
14782,,,,0.0,0
14893,,,,0.0,0
15004,,,,0.0,0
15115,,,,0.0,0
15226,,,,0.0,0
15337,,,,0.0,0
15448,,,,0.0,0
16003,,,,0.0,0
16114,,,,0.0,0
8900,,,,0.0,0
9011,,,,0.0,0
9122,,,,0.0,0
9233,,,,0.0,0
9344,,,,0.0,0
9455,,,,0.0,0
9566,,,,0.0,0
9677,,,,0.0,0
9788,,,,0.0,0
9899,,,,0.0,0
10010,,,,0.0,0
10121,,,,0.0,0
10232,,,,0.0,0
10343,,,,0.0,0
10454,,,,0.0,0
10565,,,,0.0,0
10676,,,,0.0,0
10787,,,,0.0,0
10898,,,,0.0,0
11009,,,,0.0,0
11120,,,,0.0,0
11231,,,,0.0,0
11342,,,,0.0,0
11453,,,,0.0,0
11564,,,,0.0,0
11675,,,,0.0,0
11786,,,,0.0,0
11897,,,,0.0,0
12008,,,,0.0,0
12119,,,,0.0,0
12230,,,,0.0,0
12341,,,,0.0,0
12452,,,,0.0,0
12563,,,,0.0,0
12674,,,,0.0,0
12785,,,,0.0,0
12896,,,,0.0,0
13007,,,,0.0,0
13118,,,,0.0,0
13229,,,,0.0,0
13340,,,,0.0,0
13451,,,,0.0,0
13562,,,,0.0,0
13673,,,,0.0,0
13784,,,,0.0,0
13895,,,,0.0,0
14006,,,,0.0,0
14117,,,,0.0,0
14228,,,,0.0,0
14339,,,,0.0,0
14450,,,,0.0,0
14561,,,,0.0,0
14672,,,,0.0,0
14783,,,,0.0,0
14894,,,,0.0,0
15005,,,,0.0,0
15116,,,,0.0,0
15227,,,,0.0,0
15338,,,,0.0,0
15449,,,,0.0,0
16115,,,,0.0,0
8679,,,,0.0,0
8790,,,,0.0,0
8901,,,,0.0,0
9012,,,,0.0,0
9123,,,,0.0,0
9234,,,,0.0,0
9345,,,,0.0,0
9456,,,,0.0,0
9567,,,,0.0,0
9678,,,,0.0,0
9789,,,,0.0,0
9900,,,,0.0,0
10011,,,,0.0,0
10122,,,,0.0,0
10233,,,,0.0,0
10344,,,,0.0,0
10455,,,,0.0,0
10566,,,,0.0,0
10677,,,,0.0,0
10788,,,,0.0,0
10899,,,,0.0,0
11010,,,,0.0,0
11121,,,,0.0,0
11232,,,,0.0,0
11343,,,,0.0,0
11454,,,,0.0,0
11565,,,,0.0,0
11676,,,,0.0,0
11787,,,,0.0,0
11898,,,,0.0,0
12009,,,,0.0,0
12120,,,,0.0,0
12231,,,,0.0,0
12342,,,,0.0,0
12453,,,,0.0,0
12564,,,,0.0,0
12675,,,,0.0,0
12786,,,,0.0,0
12897,,,,0.0,0
13008,,,,0.0,0
13119,,,,0.0,0
13230,,,,0.0,0
13341,,,,0.0,0
13452,,,,0.0,0
13563,,,,0.0,0
13674,,,,0.0,0
13785,,,,0.0,0
13896,,,,0.0,0
14007,,,,0.0,0
14118,,,,0.0,0
14229,,,,0.0,0
14340,,,,0.0,0
14451,,,,0.0,0
14562,,,,0.0,0
14673,,,,0.0,0
14784,,,,0.0,0
14895,,,,0.0,0
15006,,,,0.0,0
15117,,,,0.0,0
15228,,,,0.0,0
15339,,,,0.0,0
15450,,,,0.0,0
8569,,,,0.0,0
8680,,,,0.0,0
8791,,,,0.0,0
8902,,,,0.0,0
9013,,,,0.0,0
9124,,,,0.0,0
9235,,,,0.0,0
9346,,,,0.0,0
9457,,,,0.0,0
9568,,,,0.0,0
9679,,,,0.0,0
9790,,,,0.0,0
9901,,,,0.0,0
10012,,,,0.0,0
10123,,,,0.0,0
10234,,,,0.0,0
10345,,,,0.0,0
10456,,,,0.0,0
10567,,,,0.0,0
10678,,,,0.0,0
10789,,,,0.0,0
10900,,,,0.0,0
11011,,,,0.0,0
11122,,,,0.0,0
11233,,,,0.0,0
11344,,,,0.0,0
11455,,,,0.0,0
11566,,,,0.0,0
11677,,,,0.0,0
11788,,,,0.0,0
11899,,,,0.0,0
12010,,,,0.0,0
12121,,,,0.0,0
12232,,,,0.0,0
12343,,,,0.0,0
12454,,,,0.0,0
12565,,,,0.0,0
12676,,,,0.0,0
12787,,,,0.0,0
12898,,,,0.0,0
13009,,,,0.0,0
13120,,,,0.0,0
13231,,,,0.0,0
13342,,,,0.0,0
13453,,,,0.0,0
13564,,,,0.0,0
13675,,,,0.0,0
13786,,,,0.0,0
13897,,,,0.0,0
14008,,,,0.0,0
14119,,,,0.0,0
14230,,,,0.0,0
14341,,,,0.0,0
14452,,,,0.0,0
14563,,,,0.0,0
14674,,,,0.0,0
14785,,,,0.0,0
14896,,,,0.0,0
15007,,,,0.0,0
15118,,,,0.0,0
15229,,,,0.0,0
15340,,,,0.0,0
15451,,,,0.0,0
1355,Quingua Sandy Loam,Sandy Loam,1.0,1.0,0
1466,Quingua Sandy Loam,Sandy Loam,1.0,1.0,0
8459,,,,0.0,0
8570,,,,0.0,0
8681,,,,0.0,0
8792,,,,0.0,0
8903,,,,0.0,0
9014,,,,0.0,0
9125,,,,0.0,0
9236,,,,0.0,0
9347,,,,0.0,0
9458,,,,0.0,0
9569,,,,0.0,0
9680,,,,0.0,0
9791,,,,0.0,0
9902,,,,0.0,0
10013,,,,0.0,0
10124,,,,0.0,0
10235,,,,0.0,0
10346,,,,0.0,0
10457,,,,0.0,0
10568,,,,0.0,0
10679,,,,0.0,0
10790,,,,0.0,0
10901,,,,0.0,0
11123,,,,0.0,0
11234,,,,0.0,0
11345,,,,0.0,0
11456,,,,0.0,0
11567,,,,0.0,0
11678,,,,0.0,0
11789,,,,0.0,0
11900,,,,0.0,0
12011,,,,0.0,0
12122,,,,0.0,0
12233,,,,0.0,0
12344,,,,0.0,0
12455,,,,0.0,0
12566,,,,0.0,0
12677,,,,0.0,0
12788,,,,0.0,0
12899,,,,0.0,0
13010,,,,0.0,0
13121,,,,0.0,0
13232,,,,0.0,0
13343,,,,0.0,0
13454,,,,0.0,0
13565,,,,0.0,0
13676,,,,0.0,0
13787,,,,0.0,0
13898,,,,0.0,0
14009,,,,0.0,0
14120,,,,0.0,0
14231,,,,0.0,0
14342,,,,0.0,0
14453,,,,0.0,0
14564,,,,0.0,0
14675,,,,0.0,0
14786,,,,0.0,0
14897,,,,0.0,0
15008,,,,0.0,0
15119,,,,0.0,0
15230,,,,0.0,0
1356,Quingua Sandy Loam,Sandy Loam,1.0,1.0,0
1467,Quingua Sandy Loam,Sandy Loam,1.0,1.0,0
1578,Quingua Sandy Loam,Sandy Loam,1.0,1.0,0
8238,,,,0.0,0
8349,,,,0.0,0
8460,,,,0.0,0
8571,,,,0.0,0
8682,,,,0.0,0
8793,,,,0.0,0
8904,,,,0.0,0
9015,,,,0.0,0
9126,,,,0.0,0
9237,,,,0.0,0
9348,,,,0.0,0
9459,,,,0.0,0
9570,,,,0.0,0
9681,,,,0.0,0
9792,,,,0.0,0
9903,,,,0.0,0
10014,,,,0.0,0
10125,,,,0.0,0
10236,,,,0.0,0
10347,,,,0.0,0
10458,,,,0.0,0
10569,,,,0.0,0
10680,,,,0.0,0
10791,,,,0.0,0
10902,,,,0.0,0
11013,,,,0.0,0
11124,,,,0.0,0
11235,,,,0.0,0
11346,,,,0.0,0
11457,,,,0.0,0
11568,,,,0.0,0
11679,,,,0.0,0
11790,,,,0.0,0
11901,,,,0.0,0
12012,,,,0.0,0
12123,,,,0.0,0
12234,,,,0.0,0
12345,,,,0.0,0
12456,,,,0.0,0
12567,,,,0.0,0
12678,,,,0.0,0
12789,,,,0.0,0
12900,,,,0.0,0
13011,,,,0.0,0
13122,,,,0.0,0
13233,,,,0.0,0
13344,,,,0.0,0
13455,,,,0.0,0
13566,,,,0.0,0
13677,,,,0.0,0
13788,,,,0.0,0
13899,,,,0.0,0
14010,,,,0.0,0
14121,,,,0.0,0
14232,,,,0.0,0
14343,,,,0.0,0
14454,,,,0.0,0
14565,,,,0.0,0
14676,,,,0.0,0
14787,,,,0.0,0
14898,,,,0.0,0
15009,,,,0.0,0
15120,,,,0.0,0
15231,,,,0.0,0
1246,Quingua Sandy Loam,Sandy Loam,1.0,1.0,0
1357,Quingua Sandy Loam,Sandy Loam,1.0,1.0,0
1468,Quingua Sandy Loam,Sandy Loam,1.0,1.0,0
1579,Quingua Sandy Loam,Sandy Loam,1.0,1.0,0
1690,Quingua Sandy Loam,Sandy Loam,1.0,1.0,0
8128,,,,0.0,0
8239,,,,0.0,0
8350,,,,0.0,0
8461,,,,0.0,0
8572,,,,0.0,0
8683,,,,0.0,0
8794,,,,0.0,0
8905,,,,0.0,0
9016,,,,0.0,0
9127,,,,0.0,0
9238,,,,0.0,0
9349,,,,0.0,0
9460,,,,0.0,0
9571,,,,0.0,0
9682,,,,0.0,0
9793,,,,0.0,0
9904,,,,0.0,0
10015,,,,0.0,0
10126,,,,0.0,0
10237,,,,0.0,0
10348,,,,0.0,0
10459,,,,0.0,0
10570,,,,0.0,0
10681,,,,0.0,0
10792,,,,0.0,0
10903,,,,0.0,0
11014,,,,0.0,0
11125,,,,0.0,0
11236,,,,0.0,0
11347,,,,0.0,0
11458,,,,0.0,0
11569,,,,0.0,0
11680,,,,0.0,0
11791,,,,0.0,0
11902,,,,0.0,0
12013,,,,0.0,0
12124,,,,0.0,0
12235,,,,0.0,0
12346,,,,0.0,0
12457,,,,0.0,0
12568,,,,0.0,0
12679,,,,0.0,0
12790,,,,0.0,0
12901,,,,0.0,0
13012,,,,0.0,0
13123,,,,0.0,0
13234,,,,0.0,0
13345,,,,0.0,0
13456,,,,0.0,0
13567,,,,0.0,0
13678,,,,0.0,0
13789,,,,0.0,0
13900,,,,0.0,0
14011,,,,0.0,0
14122,,,,0.0,0
14233,,,,0.0,0
14344,,,,0.0,0
14455,,,,0.0,0
14566,,,,0.0,0
14677,,,,0.0,0
14788,,,,0.0,0
14899,,,,0.0,0
15010,,,,0.0,0
15121,,,,0.0,0
1247,Quingua Sandy Loam,Sandy Loam,1.0,1.0,0
1358,Quingua Sandy Loam,Sandy Loam,1.0,1.0,0
1469,Quingua Sandy Loam,Sandy Loam,1.0,1.0,0
1580,Quingua Sandy Loam,Sandy Loam,1.0,1.0,0
1691,Quingua Sandy Loam,Sandy Loam,1.0,1.0,0
1802,Quingua Sandy Loam,Sandy Loam,1.0,1.0,0
1913,Quingua Sandy Loam,Sandy Loam,1.0,1.0,0
8018,,,,0.0,0
8129,,,,0.0,0
8240,,,,0.0,0
8351,,,,0.0,0
8462,,,,0.0,0
8573,,,,0.0,0
8684,,,,0.0,0
8795,,,,0.0,0
8906,,,,0.0,0
9017,,,,0.0,0
9128,,,,0.0,0
9239,,,,0.0,0
9350,,,,0.0,0
9461,,,,0.0,0
9572,,,,0.0,0
9683,,,,0.0,0
9794,,,,0.0,0
9905,,,,0.0,0
10016,,,,0.0,0
10127,,,,0.0,0
10238,,,,0.0,0
10349,,,,0.0,0
10460,,,,0.0,0
10571,,,,0.0,0
10682,,,,0.0,0
10793,,,,0.0,0
10904,,,,0.0,0
11015,,,,0.0,0
11126,,,,0.0,0
11237,,,,0.0,0
11348,,,,0.0,0
11459,,,,0.0,0
11570,,,,0.0,0
11681,,,,0.0,0
11792,,,,0.0,0
11903,,,,0.0,0
12014,,,,0.0,0
12125,,,,0.0,0
12236,,,,0.0,0
12347,,,,0.0,0
12458,,,,0.0,0
12569,,,,0.0,0
12680,,,,0.0,0
12791,,,,0.0,0
12902,,,,0.0,0
13013,,,,0.0,0
13124,,,,0.0,0
13235,,,,0.0,0
13346,,,,0.0,0
13457,,,,0.0,0
13568,,,,0.0,0
13679,,,,0.0,0
13790,,,,0.0,0
13901,,,,0.0,0
14012,,,,0.0,0
14123,,,,0.0,0
14234,,,,0.0,0
14345,,,,0.0,0
14456,,,,0.0,0
14567,,,,0.0,0
14678,,,,0.0,0
14789,,,,0.0,0
14900,,,,0.0,0
15011,,,,0.0,0
1248,Quingua Sandy Loam,Sandy Loam,1.0,1.0,0
1359,Quingua Sandy Loam,Sandy Loam,1.0,1.0,0
1470,Quingua Sandy Loam,Sandy Loam,1.0,1.0,0
1581,Quingua Sandy Loam,Sandy Loam,1.0,1.0,0
1692,Quingua Sandy Loam,Sandy Loam,1.0,1.0,0
1803,Quingua Sandy Loam,Sandy Loam,1.0,1.0,0
1914,Quingua Sandy Loam,Sandy Loam,1.0,1.0,0
2025,Quingua Sandy Loam,Sandy Loam,1.0,1.0,0
7797,,,,0.0,0
7908,,,,0.0,0
8019,,,,0.0,0
8130,,,,0.0,0
8241,,,,0.0,0
8352,,,,0.0,0
8463,,,,0.0,0
8574,,,,0.0,0
8685,,,,0.0,0
8796,,,,0.0,0
8907,,,,0.0,0
9018,,,,0.0,0
9129,,,,0.0,0
9240,,,,0.0,0
9351,,,,0.0,0
9462,,,,0.0,0
9573,,,,0.0,0
9684,,,,0.0,0
9795,,,,0.0,0
9906,,,,0.0,0
10017,,,,0.0,0
10128,,,,0.0,0
10239,,,,0.0,0
10350,,,,0.0,0
10461,,,,0.0,0
10572,,,,0.0,0
10683,,,,0.0,0
10794,,,,0.0,0
10905,,,,0.0,0
11016,,,,0.0,0
11127,,,,0.0,0
11238,,,,0.0,0
11349,,,,0.0,0
11460,,,,0.0,0
11571,,,,0.0,0
11682,,,,0.0,0
11793,,,,0.0,0
11904,,,,0.0,0
12015,,,,0.0,0
12126,,,,0.0,0
12237,,,,0.0,0
12348,,,,0.0,0
12459,,,,0.0,0
12570,,,,0.0,0
12681,,,,0.0,0
12792,,,,0.0,0
12903,,,,0.0,0
13014,,,,0.0,0
13125,,,,0.0,0
13236,,,,0.0,0
13347,,,,0.0,0
13458,,,,0.0,0
13569,,,,0.0,0
13680,,,,0.0,0
13791,,,,0.0,0
13902,,,,0.0,0
14013,,,,0.0,0
14124,,,,0.0,0
14235,,,,0.0,0
14346,,,,0.0,0
14457,,,,0.0,0
14568,,,,0.0,0
14679,,,,0.0,0
14790,,,,0.0,0
14901,,,,0.0,0
1249,Quingua Sandy Loam,Sandy Loam,1.0,1.0,0
1360,Quingua Sandy Loam,Sandy Loam,1.0,1.0,0
1582,Quingua Sandy Loam,Sandy Loam,1.0,1.0,0
1693,Quingua Sandy Loam,Sandy Loam,1.0,1.0,0
1804,Quingua Sandy Loam,Sandy Loam,1.0,1.0,0
1915,Quingua Sandy Loam,Sandy Loam,1.0,1.0,0
2026,Quingua Sandy Loam,Sandy Loam,1.0,1.0,0
2137,Marikina Silt Loam,Silt Loam,0.551,1.0,0
2248,Marikina Silt Loam,Silt Loam,1.0,1.0,0
7465,,,,0.0,0
7576,,,,0.0,0
7687,,,,0.0,0
7798,,,,0.0,0
7909,,,,0.0,0
8020,,,,0.0,0
8131,,,,0.0,0
8242,,,,0.0,0
8353,,,,0.0,0
8464,,,,0.0,0
8575,,,,0.0,0
8686,,,,0.0,0
8797,,,,0.0,0
8908,,,,0.0,0
9019,,,,0.0,0
9130,,,,0.0,0
9241,,,,0.0,0
9352,,,,0.0,0
9463,,,,0.0,0
9574,,,,0.0,0
9685,,,,0.0,0
9796,,,,0.0,0
9907,,,,0.0,0
10018,,,,0.0,0
10129,,,,0.0,0
10240,,,,0.0,0
10351,,,,0.0,0
10462,,,,0.0,0
10573,,,,0.0,0
10684,,,,0.0,0
10795,,,,0.0,0
10906,,,,0.0,0
11017,,,,0.0,0
11128,,,,0.0,0
11239,,,,0.0,0
11350,,,,0.0,0
11461,,,,0.0,0
11572,,,,0.0,0
11683,,,,0.0,0
11794,,,,0.0,0
11905,,,,0.0,0
12016,,,,0.0,0
12127,,,,0.0,0
12238,,,,0.0,0
12349,,,,0.0,0
12460,,,,0.0,0
12571,,,,0.0,0
12682,,,,0.0,0
12793,,,,0.0,0
12904,,,,0.0,0
13015,,,,0.0,0
13126,,,,0.0,0
13237,,,,0.0,0
13348,,,,0.0,0
13459,,,,0.0,0
13570,,,,0.0,0
13681,,,,0.0,0
13792,,,,0.0,0
13903,,,,0.0,0
14014,,,,0.0,0
14125,,,,0.0,0
14236,,,,0.0,0
14347,,,,0.0,0
14458,,,,0.0,0
14569,,,,0.0,0
14680,,,,0.0,0
14791,,,,0.0,0
1250,Quingua Sandy Loam,Sandy Loam,1.0,1.0,0
1472,Quingua Sandy Loam,Sandy Loam,1.0,1.0,0
1694,Quingua Sandy Loam,Sandy Loam,1.0,1.0,0
1805,Quingua Sandy Loam,Sandy Loam,1.0,1.0,0
1916,Quingua Sandy Loam,Sandy Loam,1.0,1.0,0
2027,Quingua Sandy Loam,Sandy Loam,1.0,1.0,0
2138,Quingua Sandy Loam,Sandy Loam,0.517,1.0,0
2249,Marikina Silt Loam,Silt Loam,1.0,1.0,0
2360,Marikina Silt Loam,Silt Loam,1.0,1.0,0
7133,,,,0.0,0
7244,,,,0.0,0
7355,,,,0.0,0
7466,,,,0.0,0
7577,,,,0.0,0
7688,,,,0.0,0
7799,,,,0.0,0
7910,,,,0.0,0
8021,,,,0.0,0
8132,,,,0.0,0
8243,,,,0.0,0
8354,,,,0.0,0
8465,,,,0.0,0
8576,,,,0.0,0
8687,,,,0.0,0
8798,,,,0.0,0
8909,,,,0.0,0
9020,,,,0.0,0
9131,,,,0.0,0
9242,,,,0.0,0
9353,,,,0.0,0
9464,,,,0.0,0
9575,,,,0.0,0
9686,,,,0.0,0
9797,,,,0.0,0
9908,,,,0.0,0
10019,,,,0.0,0
10130,,,,0.0,0
10241,,,,0.0,0
10352,,,,0.0,0
10463,,,,0.0,0
10574,,,,0.0,0
10685,,,,0.0,0
10796,,,,0.0,0
10907,,,,0.0,0
11018,,,,0.0,0
11129,,,,0.0,0
11240,,,,0.0,0
11351,,,,0.0,0
11462,,,,0.0,0
11573,,,,0.0,0
11684,,,,0.0,0
11795,,,,0.0,0
11906,,,,0.0,0
12017,,,,0.0,0
12128,,,,0.0,0
12239,,,,0.0,0
12350,,,,0.0,0
12461,,,,0.0,0
12572,,,,0.0,0
12683,,,,0.0,0
12794,,,,0.0,0
12905,,,,0.0,0
13016,,,,0.0,0
13127,,,,0.0,0
13238,,,,0.0,0
13349,,,,0.0,0
13460,,,,0.0,0
13571,,,,0.0,0
13682,,,,0.0,0
13793,,,,0.0,0
13904,,,,0.0,0
14015,,,,0.0,0
14126,,,,0.0,0
14237,,,,0.0,0
14348,,,,0.0,0
14459,,,,0.0,0
14570,,,,0.0,0
14681,,,,0.0,0
14792,,,,0.0,0
14903,,,,0.0,0
15014,,,,0.0,0
15125,,,,0.0,0
1140,Quingua Sandy Loam,Sandy Loam,0.696,1.0,0
1251,Quingua Sandy Loam,Sandy Loam,1.0,1.0,0
1362,Quingua Sandy Loam,Sandy Loam,1.0,1.0,0
1473,Quingua Sandy Loam,Sandy Loam,1.0,1.0,0
1584,Quingua Sandy Loam,Sandy Loam,1.0,1.0,0
1695,Quingua Sandy Loam,Sandy Loam,1.0,1.0,0
1806,Quingua Sandy Loam,Sandy Loam,1.0,1.0,0
1917,Quingua Sandy Loam,Sandy Loam,0.75,1.0,0
2028,Marikina Silt Loam,Silt Loam,0.688,1.0,0
2250,Marikina Silt Loam,Silt Loam,1.0,1.0,0
2361,Marikina Silt Loam,Silt Loam,1.0,1.0,0
2472,Marikina Silt Loam,Silt Loam,1.0,1.0,0
6801,,,,0.0,0
6912,,,,0.0,0
7023,,,,0.0,0
7134,,,,0.0,0
7245,,,,0.0,0
7356,,,,0.0,0
7467,,,,0.0,0
7578,,,,0.0,0
7689,,,,0.0,0
7800,,,,0.0,0
7911,,,,0.0,0
8022,,,,0.0,0
8133,,,,0.0,0
8244,,,,0.0,0
8355,,,,0.0,0
8466,,,,0.0,0
8577,,,,0.0,0
8688,,,,0.0,0
8799,,,,0.0,0
8910,,,,0.0,0
9021,,,,0.0,0
9132,,,,0.0,0
9243,,,,0.0,0
9354,,,,0.0,0
9465,,,,0.0,0
9576,,,,0.0,0
9687,,,,0.0,0
9798,,,,0.0,0
9909,,,,0.0,0
10020,,,,0.0,0
10131,,,,0.0,0
10242,,,,0.0,0
10353,,,,0.0,0
10464,,,,0.0,0
10575,,,,0.0,0
10686,,,,0.0,0
10797,,,,0.0,0
10908,,,,0.0,0
11019,,,,0.0,0
11130,,,,0.0,0
11241,,,,0.0,0
11352,,,,0.0,0
11463,,,,0.0,0
11574,,,,0.0,0
11685,,,,0.0,0
11796,,,,0.0,0
11907,,,,0.0,0
12018,,,,0.0,0
12129,,,,0.0,0
12240,,,,0.0,0
12351,,,,0.0,0
12462,,,,0.0,0
12573,,,,0.0,0
12684,,,,0.0,0
12795,,,,0.0,0
12906,,,,0.0,0
13017,,,,0.0,0
13128,,,,0.0,0
13239,,,,0.0,0
13350,,,,0.0,0
13461,,,,0.0,0
13572,,,,0.0,0
13683,,,,0.0,0
13794,,,,0.0,0
13905,,,,0.0,0
14016,,,,0.0,0
14127,,,,0.0,0
14238,,,,0.0,0
14349,,,,0.0,0
14460,,,,0.0,0
14571,,,,0.0,0
14682,,,,0.0,0
14793,,,,0.0,0
14904,,,,0.0,0
15015,,,,0.0,0
1141,Quingua Sandy Loam,Sandy Loam,1.0,1.0,0
1252,Quingua Sandy Loam,Sandy Loam,1.0,1.0,0
1363,Quingua Sandy Loam,Sandy Loam,1.0,1.0,0
1474,Quingua Sandy Loam,Sandy Loam,1.0,1.0,0
1585,Quingua Sandy Loam,Sandy Loam,1.0,1.0,0
1696,Quingua Sandy Loam,Sandy Loam,0.797,1.0,0
1807,Marikina Silt Loam,Silt Loam,0.714,1.0,0
1918,Marikina Silt Loam,Silt Loam,1.0,1.0,0
2029,Marikina Silt Loam,Silt Loam,1.0,1.0,0
2140,Marikina Silt Loam,Silt Loam,0.812,1.0,0
2251,Marikina Silt Loam,Silt Loam,1.0,1.0,0
2362,Marikina Silt Loam,Silt Loam,1.0,1.0,0
2473,Marikina Silt Loam,Silt Loam,1.0,1.0,0
2584,Marikina Silt Loam,Silt Loam,1.0,1.0,0
2695,Marikina Silt Loam,Silt Loam,1.0,1.0,0
6469,Antipolo Clay,Clay,,0.0,1
6580,Antipolo Clay,Clay,,0.0,1
6691,Antipolo Clay,Clay,,0.0,1
6802,Antipolo Clay,Clay,,0.0,1
6913,,,,0.0,0
7024,,,,0.0,0
7135,,,,0.0,0
7246,,,,0.0,0
7357,,,,0.0,0
7468,,,,0.0,0
7579,,,,0.0,0
7690,,,,0.0,0
7801,,,,0.0,0
7912,,,,0.0,0
8023,,,,0.0,0
8134,,,,0.0,0
8245,,,,0.0,0
8356,,,,0.0,0
8467,,,,0.0,0
8578,,,,0.0,0
8689,,,,0.0,0
8800,,,,0.0,0
8911,,,,0.0,0
9022,,,,0.0,0
9133,,,,0.0,0
9244,,,,0.0,0
9355,,,,0.0,0
9466,,,,0.0,0
9577,,,,0.0,0
9688,,,,0.0,0
9799,,,,0.0,0
9910,,,,0.0,0
10021,,,,0.0,0
10132,,,,0.0,0
10243,,,,0.0,0
10354,,,,0.0,0
10465,,,,0.0,0
10576,,,,0.0,0
10687,,,,0.0,0
10798,,,,0.0,0
10909,,,,0.0,0
11020,,,,0.0,0
11131,,,,0.0,0
11242,,,,0.0,0
11353,,,,0.0,0
11464,,,,0.0,0
11575,,,,0.0,0
11686,,,,0.0,0
11797,,,,0.0,0
11908,,,,0.0,0
12019,,,,0.0,0
12130,,,,0.0,0
12241,,,,0.0,0
12352,,,,0.0,0
12463,,,,0.0,0
12574,,,,0.0,0
12685,,,,0.0,0
12796,,,,0.0,0
12907,,,,0.0,0
13018,,,,0.0,0
13129,,,,0.0,0
13240,,,,0.0,0
13351,,,,0.0,0
13462,,,,0.0,0
13573,,,,0.0,0
13684,,,,0.0,0
13795,,,,0.0,0
13906,,,,0.0,0
14017,,,,0.0,0
14128,,,,0.0,0
14239,,,,0.0,0
14350,,,,0.0,0
14461,,,,0.0,0
14572,,,,0.0,0
14683,,,,0.0,0
14794,,,,0.0,0
1142,Quingua Sandy Loam,Sandy Loam,1.0,1.0,0
1253,Quingua Sandy Loam,Sandy Loam,1.0,1.0,0
1364,Quingua Sandy Loam,Sandy Loam,1.0,1.0,0
1475,Quingua Sandy Loam,Sandy Loam,1.0,1.0,0
1586,Quingua Sandy Loam,Sandy Loam,0.672,1.0,0
1697,Marikina Silt Loam,Silt Loam,0.953,1.0,0
1808,Marikina Silt Loam,Silt Loam,1.0,1.0,0
1919,Marikina Silt Loam,Silt Loam,1.0,1.0,0
2030,Marikina Silt Loam,Silt Loam,0.902,1.0,0
2141,Novaliches Clay Loam,Clay Loam,0.625,1.0,0
2252,Marikina Silt Loam,Silt Loam,1.0,1.0,0
2363,Marikina Silt Loam,Silt Loam,1.0,1.0,0
2474,Marikina Silt Loam,Silt Loam,1.0,1.0,0
2585,Marikina Silt Loam,Silt Loam,1.0,1.0,0
2696,Marikina Silt Loam,Silt Loam,1.0,1.0,0
2807,Marikina Silt Loam,Silt Loam,1.0,1.0,0
6137,Antipolo Clay,Clay,,0.0,1
6248,Antipolo Clay,Clay,1.0,0.047,1
6359,Antipolo Clay,Clay,1.0,0.25,1
6470,Antipolo Clay,Clay,1.0,0.161,1
6581,Antipolo Clay,Clay,,0.0,1
6692,Antipolo Clay,Clay,,0.0,1
6803,Antipolo Clay,Clay,,0.0,1
6914,,,,0.0,0
7025,,,,0.0,0
7136,,,,0.0,0
7247,,,,0.0,0
7358,,,,0.0,0
7469,,,,0.0,0
7580,,,,0.0,0
7691,,,,0.0,0
7802,,,,0.0,0
7913,,,,0.0,0
8024,,,,0.0,0
8135,,,,0.0,0
8246,,,,0.0,0
8357,,,,0.0,0
8468,,,,0.0,0
8579,,,,0.0,0
8690,,,,0.0,0
8801,,,,0.0,0
8912,,,,0.0,0
9023,,,,0.0,0
9134,,,,0.0,0
9245,,,,0.0,0
9356,,,,0.0,0
9467,,,,0.0,0
9578,,,,0.0,0
9689,,,,0.0,0
9800,,,,0.0,0
9911,,,,0.0,0
10022,,,,0.0,0
10133,,,,0.0,0
10244,,,,0.0,0
10355,,,,0.0,0
10466,,,,0.0,0
10577,,,,0.0,0
10688,,,,0.0,0
10799,,,,0.0,0
10910,,,,0.0,0
11021,,,,0.0,0
11132,,,,0.0,0
11243,,,,0.0,0
11354,,,,0.0,0
11465,,,,0.0,0
11576,,,,0.0,0
11687,,,,0.0,0
11798,,,,0.0,0
11909,,,,0.0,0
12020,,,,0.0,0
12131,,,,0.0,0
12242,,,,0.0,0
12353,,,,0.0,0
12464,,,,0.0,0
12575,,,,0.0,0
12686,,,,0.0,0
12797,,,,0.0,0
12908,,,,0.0,0
13019,,,,0.0,0
13130,,,,0.0,0
13241,,,,0.0,0
13352,,,,0.0,0
13463,,,,0.0,0
13574,,,,0.0,0
13685,,,,0.0,0
13796,,,,0.0,0
13907,,,,0.0,0
14018,,,,0.0,0
14129,,,,0.0,0
14240,,,,0.0,0
14351,,,,0.0,0
14462,,,,0.0,0
14573,,,,0.0,0
14684,,,,0.0,0
1143,Quingua Sandy Loam,Sandy Loam,1.0,1.0,0
1254,Quingua Sandy Loam,Sandy Loam,1.0,1.0,0
1365,Quingua Sandy Loam,Sandy Loam,1.0,1.0,0
1587,Marikina Silt Loam,Silt Loam,1.0,1.0,0
1698,Marikina Silt Loam,Silt Loam,1.0,1.0,0
1809,Marikina Silt Loam,Silt Loam,1.0,1.0,0
1920,Marikina Silt Loam,Silt Loam,1.0,1.0,0
2031,Marikina Silt Loam,Silt Loam,0.729,1.0,0
2142,Novaliches Clay Loam,Clay Loam,0.734,1.0,0
2253,Marikina Silt Loam,Silt Loam,0.933,1.0,0
2364,Antipolo Clay,Clay,0.75,1.0,0
2475,Antipolo Clay,Clay,0.562,1.0,0
2586,Marikina Silt Loam,Silt Loam,1.0,1.0,0
2697,Marikina Silt Loam,Silt Loam,1.0,1.0,0
2808,Marikina Silt Loam,Silt Loam,1.0,1.0,0
2919,Marikina Silt Loam,Silt Loam,0.984,1.0,0
5805,Antipolo Clay,Clay,1.0,1.0,0
5916,Antipolo Clay,Clay,1.0,1.0,0
6027,Antipolo Clay,Clay,1.0,0.821,0
6138,Antipolo Clay,Clay,1.0,0.812,0
6249,Antipolo Clay,Clay,1.0,0.969,0
6360,Antipolo Clay,Clay,1.0,1.0,0
6471,Antipolo Clay,Clay,1.0,1.0,0
6582,Antipolo Clay,Clay,1.0,0.406,0
6693,Antipolo Clay,Clay,,0.0,1
6804,Antipolo Clay,Clay,,0.0,1
6915,,,,0.0,0
7026,,,,0.0,0
7137,,,,0.0,0
7248,,,,0.0,0
7359,,,,0.0,0
7470,,,,0.0,0
7581,,,,0.0,0
7692,,,,0.0,0
7803,,,,0.0,0
7914,,,,0.0,0
8025,,,,0.0,0
8136,,,,0.0,0
8247,,,,0.0,0
8358,,,,0.0,0
8469,,,,0.0,0
8580,,,,0.0,0
8691,,,,0.0,0
8802,,,,0.0,0
8913,,,,0.0,0
9024,,,,0.0,0
9135,,,,0.0,0
9246,,,,0.0,0
9357,,,,0.0,0
9468,,,,0.0,0
9579,,,,0.0,0
9690,,,,0.0,0
9801,,,,0.0,0
9912,,,,0.0,0
10023,,,,0.0,0
10134,,,,0.0,0
10245,,,,0.0,0
10356,,,,0.0,0
10467,,,,0.0,0
10578,,,,0.0,0
10689,,,,0.0,0
10800,,,,0.0,0
10911,,,,0.0,0
11022,,,,0.0,0
11133,,,,0.0,0
11244,,,,0.0,0
11355,,,,0.0,0
11466,,,,0.0,0
11577,,,,0.0,0
11688,,,,0.0,0
11799,,,,0.0,0
11910,,,,0.0,0
12021,,,,0.0,0
12132,,,,0.0,0
12243,,,,0.0,0
12354,,,,0.0,0
12465,,,,0.0,0
12576,,,,0.0,0
12687,,,,0.0,0
12798,,,,0.0,0
12909,,,,0.0,0
13020,,,,0.0,0
13131,,,,0.0,0
13242,,,,0.0,0
13353,,,,0.0,0
13464,,,,0.0,0
13575,,,,0.0,0
13686,,,,0.0,0
13797,,,,0.0,0
13908,,,,0.0,0
14019,,,,0.0,0
14130,,,,0.0,0
14241,,,,0.0,0
14352,,,,0.0,0
14463,,,,0.0,0
14574,,,,0.0,0
14685,,,,0.0,0
1144,Quingua Sandy Loam,Sandy Loam,1.0,1.0,0
1255,Quingua Sandy Loam,Sandy Loam,1.0,1.0,0
1366,Quingua Sandy Loam,Sandy Loam,1.0,1.0,0
1477,Marikina Silt Loam,Silt Loam,0.964,1.0,0
1588,Marikina Silt Loam,Silt Loam,1.0,1.0,0
1699,Marikina Silt Loam,Silt Loam,0.953,1.0,0
1810,Marikina Silt Loam,Silt Loam,0.742,1.0,0
1921,Marikina Silt Loam,Silt Loam,1.0,1.0,0
2032,Marikina Silt Loam,Silt Loam,0.516,1.0,0
2143,Novaliches Clay Loam,Clay Loam,1.0,1.0,0
2254,Novaliches Clay Loam,Clay Loam,0.734,1.0,0
2365,Antipolo Clay,Clay,0.821,1.0,0
2476,Antipolo Clay,Clay,0.656,1.0,0
2587,Marikina Silt Loam,Silt Loam,1.0,1.0,0
2698,Marikina Silt Loam,Silt Loam,1.0,1.0,0
2809,Marikina Silt Loam,Silt Loam,1.0,1.0,0
2920,Marikina Silt Loam,Silt Loam,1.0,1.0,0
3031,Marikina Silt Loam,Silt Loam,0.517,1.0,0
3253,Marikina Loam,Loam,1.0,1.0,0
5140,Antipolo Clay,Clay,1.0,1.0,0
5251,Antipolo Clay,Clay,1.0,1.0,0
5362,Antipolo Clay,Clay,1.0,1.0,0
5695,Antipolo Clay,Clay,1.0,1.0,0
5806,Antipolo Clay,Clay,1.0,1.0,0
5917,Antipolo Clay,Clay,1.0,1.0,0
6028,Antipolo Clay,Clay,1.0,1.0,0
6139,Antipolo Clay,Clay,1.0,1.0,0
6250,Antipolo Clay,Clay,1.0,1.0,0
6361,Antipolo Clay,Clay,1.0,1.0,0
6472,Antipolo Clay,Clay,1.0,1.0,0
6583,Antipolo Clay,Clay,1.0,0.212,1
6694,Antipolo Clay,Clay,,0.0,1
6805,Antipolo Clay,Clay,,0.0,1
6916,,,,0.0,0
7027,,,,0.0,0
7138,,,,0.0,0
7249,,,,0.0,0
7360,,,,0.0,0
7471,,,,0.0,0
7582,,,,0.0,0
7693,,,,0.0,0
7804,,,,0.0,0
7915,,,,0.0,0
8026,,,,0.0,0
8137,,,,0.0,0
8248,,,,0.0,0
8359,,,,0.0,0
8470,,,,0.0,0
8581,,,,0.0,0
8692,,,,0.0,0
8803,,,,0.0,0
8914,,,,0.0,0
9025,,,,0.0,0
9136,,,,0.0,0
9247,,,,0.0,0
9358,,,,0.0,0
9469,,,,0.0,0
9580,,,,0.0,0
9691,,,,0.0,0
9802,,,,0.0,0
9913,,,,0.0,0
10024,,,,0.0,0
10135,,,,0.0,0
10246,,,,0.0,0
10357,,,,0.0,0
10468,,,,0.0,0
10579,,,,0.0,0
10690,,,,0.0,0
10801,,,,0.0,0
10912,,,,0.0,0
11023,,,,0.0,0
11134,,,,0.0,0
11245,,,,0.0,0
11356,,,,0.0,0
11467,,,,0.0,0
11578,,,,0.0,0
11689,,,,0.0,0
11800,,,,0.0,0
11911,,,,0.0,0
12022,,,,0.0,0
12133,,,,0.0,0
12244,,,,0.0,0
12355,,,,0.0,0
12466,,,,0.0,0
12577,,,,0.0,0
12688,,,,0.0,0
12799,,,,0.0,0
12910,,,,0.0,0
13021,,,,0.0,0
13132,,,,0.0,0
13243,,,,0.0,0
13354,,,,0.0,0
13465,,,,0.0,0
13576,,,,0.0,0
13687,,,,0.0,0
13798,,,,0.0,0
13909,,,,0.0,0
14020,,,,0.0,0
14131,,,,0.0,0
14242,,,,0.0,0
14353,,,,0.0,0
14464,,,,0.0,0
14575,,,,0.0,0
1145,Quingua Sandy Loam,Sandy Loam,1.0,1.0,0
1256,Quingua Sandy Loam,Sandy Loam,1.0,1.0,0
1367,Quingua Sandy Loam,Sandy Loam,0.698,1.0,0
1478,Marikina Silt Loam,Silt Loam,1.0,1.0,0
1589,Marikina Silt Loam,Silt Loam,0.953,1.0,0
1700,Novaliches Clay Loam,Clay Loam,0.562,1.0,0
1811,Novaliches Clay Loam,Clay Loam,0.609,1.0,0
1922,Antipolo Clay,Clay,0.696,1.0,0
2033,Antipolo Clay,Clay,0.734,1.0,0
2144,Novaliches Clay Loam,Clay Loam,0.562,1.0,0
2255,Antipolo Clay,Clay,0.609,1.0,0
2366,Antipolo Clay,Clay,0.768,1.0,0
2477,Antipolo Clay,Clay,0.906,1.0,0
2588,Marikina Silt Loam,Silt Loam,0.918,1.0,0
2699,Marikina Silt Loam,Silt Loam,1.0,1.0,0
2810,Marikina Silt Loam,Silt Loam,1.0,1.0,0
2921,Marikina Silt Loam,Silt Loam,1.0,1.0,0
3032,Marikina Silt Loam,Silt Loam,0.548,1.0,0
3143,Marikina Loam,Loam,1.0,1.0,0
3476,Marikina Loam,Loam,1.0,1.0,0
3920,Marikina Loam,Loam,1.0,1.0,0
4031,Marikina Loam,Loam,1.0,1.0,0
4142,Marikina Loam,Loam,0.859,1.0,0
4253,Antipolo Clay,Clay,1.0,1.0,0
4364,Antipolo Clay,Clay,1.0,0.967,0
4475,Antipolo Clay,Clay,1.0,0.429,0
4808,Antipolo Clay,Clay,1.0,1.0,0
5141,Antipolo Clay,Clay,1.0,1.0,0
5252,Antipolo Clay,Clay,1.0,1.0,0
5363,Antipolo Clay,Clay,1.0,1.0,0
5474,Antipolo Clay,Clay,1.0,1.0,0
5585,Antipolo Clay,Clay,1.0,1.0,0
5696,Antipolo Clay,Clay,1.0,1.0,0
5807,Antipolo Clay,Clay,1.0,1.0,0
5918,Antipolo Clay,Clay,1.0,1.0,0
6029,Antipolo Clay,Clay,1.0,1.0,0
6140,Antipolo Clay,Clay,1.0,1.0,0
6251,Antipolo Clay,Clay,1.0,1.0,0
6362,Antipolo Clay,Clay,1.0,1.0,0
6473,Antipolo Clay,Clay,1.0,0.754,0
6584,Antipolo Clay,Clay,,0.0,1
6695,Antipolo Clay,Clay,,0.0,1
6806,Antipolo Clay,Clay,,0.0,1
6917,Antipolo Clay,Clay,,0.0,1
7028,,,,0.0,0
7139,,,,0.0,0
7250,,,,0.0,0
7361,,,,0.0,0
7472,,,,0.0,0
7583,,,,0.0,0
7694,,,,0.0,0
7805,,,,0.0,0
7916,,,,0.0,0
8027,,,,0.0,0
8138,,,,0.0,0
8249,,,,0.0,0
8360,,,,0.0,0
8471,,,,0.0,0
8582,,,,0.0,0
8693,,,,0.0,0
8804,,,,0.0,0
8915,,,,0.0,0
9026,,,,0.0,0
9137,,,,0.0,0
9248,,,,0.0,0
9359,,,,0.0,0
9470,,,,0.0,0
9581,,,,0.0,0
9692,,,,0.0,0
9803,,,,0.0,0
9914,,,,0.0,0
10025,,,,0.0,0
10136,,,,0.0,0
10247,,,,0.0,0
10358,,,,0.0,0
10469,,,,0.0,0
10580,,,,0.0,0
10691,,,,0.0,0
10802,,,,0.0,0
10913,,,,0.0,0
11024,,,,0.0,0
11135,,,,0.0,0
11246,,,,0.0,0
11357,,,,0.0,0
11468,,,,0.0,0
11579,,,,0.0,0
11690,,,,0.0,0
11801,,,,0.0,0
11912,,,,0.0,0
12023,,,,0.0,0
12134,,,,0.0,0
12245,,,,0.0,0
12356,,,,0.0,0
12467,,,,0.0,0
12578,,,,0.0,0
12689,,,,0.0,0
12800,,,,0.0,0
12911,,,,0.0,0
13022,,,,0.0,0
13133,,,,0.0,0
13244,,,,0.0,0
13355,,,,0.0,0
13466,,,,0.0,0
13577,,,,0.0,0
13688,,,,0.0,0
13799,,,,0.0,0
13910,,,,0.0,0
14021,,,,0.0,0
14132,,,,0.0,0
14243,,,,0.0,0
14354,,,,0.0,0
14465,,,,0.0,0
1035,Quingua Sandy Loam,Sandy Loam,1.0,1.0,0
1146,Quingua Sandy Loam,Sandy Loam,1.0,1.0,0
1257,Quingua Sandy Loam,Sandy Loam,1.0,1.0,0
1368,Marikina Silt Loam,Silt Loam,0.578,1.0,0
1479,Marikina Silt Loam,Silt Loam,1.0,1.0,0
1701,Marikina Silt Loam,Silt Loam,0.844,1.0,0
1812,Marikina Silt Loam,Silt Loam,0.969,1.0,0
1923,Antipolo Clay,Clay,0.714,1.0,0
2034,Novaliches Clay Loam,Clay Loam,0.766,1.0,0
2145,Novaliches Clay Loam,Clay Loam,0.812,1.0,0
2256,Antipolo Clay,Clay,0.875,1.0,0
2367,Antipolo Clay,Clay,1.0,1.0,0
2478,Antipolo Clay,Clay,0.893,1.0,0
2589,Marikina Silt Loam,Silt Loam,0.966,1.0,0
2700,Marikina Silt Loam,Silt Loam,1.0,1.0,0
2811,Marikina Silt Loam,Silt Loam,1.0,1.0,0
2922,Marikina Silt Loam,Silt Loam,1.0,1.0,0
3144,Marikina Loam,Loam,0.906,1.0,0
3366,Marikina Loam,Loam,1.0,1.0,0
3477,Marikina Loam,Loam,1.0,1.0,0
3699,Marikina Loam,Loam,1.0,1.0,0
3810,Marikina Loam,Loam,1.0,1.0,0
3921,Marikina Loam,Loam,1.0,1.0,0
4032,Marikina Loam,Loam,1.0,1.0,0
4143,Marikina Loam,Loam,0.857,1.0,0
4254,Antipolo Clay,Clay,1.0,1.0,0
4365,Antipolo Clay,Clay,1.0,1.0,0
4809,Antipolo Clay,Clay,1.0,1.0,0
4920,Antipolo Clay,Clay,1.0,1.0,0
5031,Antipolo Clay,Clay,1.0,1.0,0
5142,Antipolo Clay,Clay,1.0,1.0,0
5253,Antipolo Clay,Clay,1.0,1.0,0
5364,Antipolo Clay,Clay,1.0,1.0,0
5475,Antipolo Clay,Clay,1.0,1.0,0
5586,Antipolo Clay,Clay,1.0,1.0,0
5697,Antipolo Clay,Clay,1.0,1.0,0
5808,Antipolo Clay,Clay,1.0,1.0,0
5919,Antipolo Clay,Clay,1.0,1.0,0
6030,Antipolo Clay,Clay,1.0,1.0,0
6141,Antipolo Clay,Clay,1.0,1.0,0
6252,Antipolo Clay,Clay,1.0,1.0,0
6363,Antipolo Clay,Clay,1.0,1.0,0
6474,Antipolo Clay,Clay,1.0,0.969,0
6585,Antipolo Clay,Clay,1.0,0.5,0
6696,Antipolo Clay,Clay,1.0,0.219,1
6807,Antipolo Clay,Clay,,0.0,1
6918,Antipolo Clay,Clay,,0.0,1
7029,,,,0.0,0
7140,,,,0.0,0
7251,,,,0.0,0
7362,,,,0.0,0
7473,,,,0.0,0
7584,,,,0.0,0
7695,,,,0.0,0
7806,,,,0.0,0
7917,,,,0.0,0
8028,,,,0.0,0
8139,,,,0.0,0
8250,,,,0.0,0
8361,,,,0.0,0
8472,,,,0.0,0
8583,,,,0.0,0
8694,,,,0.0,0
8805,,,,0.0,0
8916,,,,0.0,0
9027,,,,0.0,0
9138,,,,0.0,0
9249,,,,0.0,0
9360,,,,0.0,0
9471,,,,0.0,0
9582,,,,0.0,0
9693,,,,0.0,0
9804,,,,0.0,0
9915,,,,0.0,0
10026,,,,0.0,0
10137,,,,0.0,0
10248,,,,0.0,0
10359,,,,0.0,0
10470,,,,0.0,0
10581,,,,0.0,0
10692,,,,0.0,0
10803,,,,0.0,0
10914,,,,0.0,0
11025,,,,0.0,0
11136,,,,0.0,0
11247,,,,0.0,0
11358,,,,0.0,0
11469,,,,0.0,0
11580,,,,0.0,0
11691,,,,0.0,0
11802,,,,0.0,0
11913,,,,0.0,0
12024,,,,0.0,0
12135,,,,0.0,0
12246,,,,0.0,0
12357,,,,0.0,0
12468,,,,0.0,0
12579,,,,0.0,0
12690,,,,0.0,0
12801,,,,0.0,0
12912,,,,0.0,0
13023,,,,0.0,0
13134,,,,0.0,0
13245,,,,0.0,0
13356,,,,0.0,0
13467,,,,0.0,0
13578,,,,0.0,0
13689,,,,0.0,0
13800,,,,0.0,0
13911,,,,0.0,0
14022,,,,0.0,0
14133,,,,0.0,0
14244,,,,0.0,0
14355,,,,0.0,0
1036,Quingua Sandy Loam,Sandy Loam,1.0,1.0,0
1147,Quingua Sandy Loam,Sandy Loam,1.0,1.0,0
1258,Quingua Sandy Loam,Sandy Loam,0.984,1.0,0
1480,Marikina Silt Loam,Silt Loam,0.5,1.0,0
1591,Novaliches Clay Loam,Clay Loam,0.719,1.0,0
1702,Marikina Silt Loam,Silt Loam,1.0,1.0,0
1924,Marikina Silt Loam,Silt Loam,0.735,1.0,0
2035,Novaliches Clay Loam,Clay Loam,1.0,1.0,0
2146,Novaliches Clay Loam,Clay Loam,1.0,1.0,0
2257,Novaliches Clay Loam,Clay Loam,0.859,1.0,0
2368,Antipolo Clay,Clay,0.459,1.0,0
2479,Marikina Silt Loam,Silt Loam,0.932,1.0,0
2590,Marikina Silt Loam,Silt Loam,1.0,1.0,0
2701,Marikina Silt Loam,Silt Loam,1.0,1.0,0
2812,Marikina Silt Loam,Silt Loam,1.0,1.0,0
3256,Marikina Loam,Loam,0.938,1.0,0
3367,Marikina Loam,Loam,1.0,1.0,0
3478,Marikina Loam,Loam,1.0,1.0,0
3589,Marikina Loam,Loam,1.0,1.0,0
3700,Marikina Loam,Loam,1.0,1.0,0
3811,Marikina Loam,Loam,1.0,1.0,0
3922,Marikina Loam,Loam,1.0,1.0,0
4033,Marikina Loam,Loam,1.0,1.0,0
4144,Marikina Loam,Loam,0.828,1.0,0
4255,Antipolo Clay,Clay,1.0,1.0,0
4366,Antipolo Clay,Clay,1.0,1.0,0
4477,Antipolo Clay,Clay,1.0,1.0,0
4588,Antipolo Clay,Clay,1.0,1.0,0
4699,Antipolo Clay,Clay,1.0,1.0,0
4810,Antipolo Clay,Clay,1.0,1.0,0
5032,Antipolo Clay,Clay,1.0,1.0,0
5143,Antipolo Clay,Clay,1.0,1.0,0
5254,Antipolo Clay,Clay,1.0,1.0,0
5365,Antipolo Clay,Clay,1.0,1.0,0
5476,Antipolo Clay,Clay,1.0,1.0,0
5587,Antipolo Clay,Clay,1.0,1.0,0
5698,Antipolo Clay,Clay,1.0,1.0,0
5809,Antipolo Clay,Clay,1.0,1.0,0
5920,Antipolo Clay,Clay,1.0,1.0,0
6031,Antipolo Clay,Clay,1.0,1.0,0
6142,Antipolo Clay,Clay,1.0,1.0,0
6253,Antipolo Clay,Clay,1.0,1.0,0
6364,Antipolo Clay,Clay,1.0,1.0,0
6475,Antipolo Clay,Clay,1.0,1.0,0
6586,Antipolo Clay,Clay,1.0,1.0,0
6697,Antipolo Clay,Clay,1.0,0.656,0
6808,Antipolo Clay,Clay,,0.0,1
6919,Antipolo Clay,Clay,,0.0,1
7030,Antipolo Clay,Clay,,0.0,1
7141,Antipolo Clay,Clay,,0.0,1
7252,Antipolo Clay,Clay,,0.0,1
7363,Antipolo Clay,Clay,,0.0,1
7474,,,,0.0,0
7585,,,,0.0,0
7696,,,,0.0,0
7807,,,,0.0,0
7918,,,,0.0,0
8029,,,,0.0,0
8140,,,,0.0,0
8251,,,,0.0,0
8362,,,,0.0,0
8473,,,,0.0,0
8584,,,,0.0,0
8695,,,,0.0,0
8806,,,,0.0,0
8917,,,,0.0,0
9028,,,,0.0,0
9139,,,,0.0,0
9250,,,,0.0,0
9361,,,,0.0,0
9472,,,,0.0,0
9583,,,,0.0,0
9694,,,,0.0,0
9805,,,,0.0,0
9916,,,,0.0,0
10027,,,,0.0,0
10138,,,,0.0,0
10249,,,,0.0,0
10360,,,,0.0,0
10471,,,,0.0,0
10582,,,,0.0,0
10693,,,,0.0,0
10804,,,,0.0,0
10915,,,,0.0,0
11026,,,,0.0,0
11137,,,,0.0,0
11248,,,,0.0,0
11359,,,,0.0,0
11470,,,,0.0,0
11581,,,,0.0,0
11692,,,,0.0,0
11803,,,,0.0,0
11914,,,,0.0,0
12025,,,,0.0,0
12136,,,,0.0,0
12247,,,,0.0,0
12358,,,,0.0,0
12469,,,,0.0,0
12580,,,,0.0,0
12691,,,,0.0,0
12802,,,,0.0,0
12913,,,,0.0,0
13024,,,,0.0,0
13135,,,,0.0,0
13246,,,,0.0,0
13357,,,,0.0,0
13468,,,,0.0,0
13579,,,,0.0,0
13690,,,,0.0,0
13801,,,,0.0,0
13912,,,,0.0,0
14023,,,,0.0,0
14134,,,,0.0,0
14245,,,,0.0,0
14356,,,,0.0,0
14467,,,,0.0,0
1148,Quingua Sandy Loam,Sandy Loam,0.906,1.0,0
1259,Marikina Silt Loam,Silt Loam,0.797,1.0,0
1370,Marikina Silt Loam,Silt Loam,1.0,1.0,0
1481,Novaliches Clay Loam,Clay Loam,0.62,1.0,0
1592,Novaliches Clay Loam,Clay Loam,0.509,1.0,0
1703,Marikina Silt Loam,Silt Loam,1.0,1.0,0
1814,Marikina Silt Loam,Silt Loam,1.0,1.0,0
1925,Marikina Silt Loam,Silt Loam,0.825,1.0,0
2036,Novaliches Clay Loam,Clay Loam,1.0,1.0,0
2147,Novaliches Clay Loam,Clay Loam,0.984,1.0,0
2258,Marikina Silt Loam,Silt Loam,0.688,1.0,0
2369,Marikina Silt Loam,Silt Loam,1.0,1.0,0
2480,Marikina Silt Loam,Silt Loam,1.0,1.0,0
2591,Marikina Silt Loam,Silt Loam,1.0,1.0,0
2702,Marikina Silt Loam,Silt Loam,1.0,1.0,0
3035,Marikina Silt Loam,Silt Loam,1.0,1.0,0
3257,Marikina Silt Loam,Silt Loam,0.571,1.0,0
3368,Marikina Loam,Loam,1.0,1.0,0
3479,Marikina Loam,Loam,1.0,1.0,0
3590,Marikina Loam,Loam,1.0,1.0,0
3701,Marikina Loam,Loam,1.0,1.0,0
3812,Marikina Loam,Loam,1.0,1.0,0
3923,Marikina Loam,Loam,1.0,1.0,0
4034,Marikina Loam,Loam,1.0,1.0,0
4256,Antipolo Clay,Clay,1.0,1.0,0
4367,Antipolo Clay,Clay,1.0,1.0,0
4478,Antipolo Clay,Clay,1.0,1.0,0
4589,Antipolo Clay,Clay,1.0,1.0,0
4700,Antipolo Clay,Clay,1.0,1.0,0
4811,Antipolo Clay,Clay,1.0,1.0,0
4922,Antipolo Clay,Clay,1.0,1.0,0
5033,Antipolo Clay,Clay,1.0,1.0,0
5144,Antipolo Clay,Clay,1.0,1.0,0
5255,Antipolo Clay,Clay,1.0,1.0,0
5366,Antipolo Clay,Clay,1.0,1.0,0
5477,Antipolo Clay,Clay,1.0,1.0,0
5588,Antipolo Clay,Clay,1.0,1.0,0
5699,Antipolo Clay,Clay,1.0,1.0,0
5810,Antipolo Clay,Clay,1.0,1.0,0
5921,Antipolo Clay,Clay,1.0,1.0,0
6032,Antipolo Clay,Clay,1.0,1.0,0
6143,Antipolo Clay,Clay,1.0,1.0,0
6254,Antipolo Clay,Clay,1.0,1.0,0
6365,Antipolo Clay,Clay,1.0,1.0,0
6476,Antipolo Clay,Clay,1.0,1.0,0
6587,Antipolo Clay,Clay,1.0,1.0,0
6698,Antipolo Clay,Clay,1.0,0.981,0
6809,Antipolo Clay,Clay,1.0,0.179,1
6920,Antipolo Clay,Clay,,0.0,1
7031,Antipolo Clay,Clay,,0.0,1
7142,Antipolo Clay,Clay,,0.0,1
7253,Antipolo Clay,Clay,,0.0,1
7364,Antipolo Clay,Clay,,0.0,1
7475,Antipolo Clay,Clay,,0.0,1
7586,Antipolo Clay,Clay,,0.0,1
7697,Antipolo Clay,Clay,,0.0,1
7808,Antipolo Clay,Clay,,0.0,1
7919,Antipolo Clay,Clay,,0.0,1
8030,,,,0.0,0
8141,,,,0.0,0
8252,,,,0.0,0
8363,,,,0.0,0
8474,,,,0.0,0
8585,,,,0.0,0
8696,,,,0.0,0
8807,,,,0.0,0
8918,,,,0.0,0
9029,,,,0.0,0
9140,,,,0.0,0
9251,,,,0.0,0
9362,,,,0.0,0
9473,,,,0.0,0
9584,,,,0.0,0
9695,,,,0.0,0
9806,,,,0.0,0
9917,,,,0.0,0
10028,,,,0.0,0
10139,,,,0.0,0
10250,,,,0.0,0
10361,,,,0.0,0
10472,,,,0.0,0
10583,,,,0.0,0
10694,,,,0.0,0
10805,,,,0.0,0
10916,,,,0.0,0
11027,,,,0.0,0
11138,,,,0.0,0
11249,,,,0.0,0
11360,,,,0.0,0
11471,,,,0.0,0
11582,,,,0.0,0
11693,,,,0.0,0
11804,,,,0.0,0
11915,,,,0.0,0
12026,,,,0.0,0
12137,,,,0.0,0
12248,,,,0.0,0
12359,,,,0.0,0
12470,,,,0.0,0
12581,,,,0.0,0
12692,,,,0.0,0
12803,,,,0.0,0
12914,,,,0.0,0
13025,,,,0.0,0
13136,,,,0.0,0
13247,,,,0.0,0
13358,,,,0.0,0
13469,,,,0.0,0
13580,,,,0.0,0
13691,,,,0.0,0
13802,,,,0.0,0
13913,,,,0.0,0
14024,,,,0.0,0
14135,,,,0.0,0
14246,,,,0.0,0
14357,,,,0.0,0
14468,,,,0.0,0
14579,,,,0.0,0
1038,Quingua Sandy Loam,Sandy Loam,0.66,1.0,0
1149,Marikina Silt Loam,Silt Loam,0.755,1.0,0
1260,Marikina Silt Loam,Silt Loam,1.0,1.0,0
1371,Marikina Silt Loam,Silt Loam,1.0,1.0,0
1482,Marikina Silt Loam,Silt Loam,0.812,1.0,0
1593,Marikina Silt Loam,Silt Loam,0.893,1.0,0
1704,Marikina Silt Loam,Silt Loam,1.0,1.0,0
1815,Marikina Silt Loam,Silt Loam,1.0,1.0,0
1926,Marikina Silt Loam,Silt Loam,1.0,1.0,0
2037,Marikina Silt Loam,Silt Loam,0.625,1.0,0
2148,Marikina Silt Loam,Silt Loam,0.766,1.0,0
2259,Marikina Silt Loam,Silt Loam,1.0,1.0,0
2370,Marikina Silt Loam,Silt Loam,1.0,1.0,0
2481,Marikina Silt Loam,Silt Loam,1.0,1.0,0
2703,Marikina Silt Loam,Silt Loam,1.0,1.0,0
2925,Marikina Silt Loam,Silt Loam,1.0,1.0,0
3147,Marikina Silt Loam,Silt Loam,1.0,1.0,0
3258,Marikina Silt Loam,Silt Loam,0.922,1.0,0
3369,Marikina Loam,Loam,1.0,1.0,0
3480,Marikina Loam,Loam,1.0,1.0,0
3591,Marikina Loam,Loam,1.0,1.0,0
3702,Marikina Loam,Loam,1.0,1.0,0
3813,Marikina Loam,Loam,1.0,1.0,0
3924,Marikina Loam,Loam,1.0,1.0,0
4035,Marikina Loam,Loam,1.0,1.0,0
4146,Marikina Loam,Loam,0.75,1.0,0
4257,Antipolo Clay,Clay,1.0,1.0,0
4368,Antipolo Clay,Clay,1.0,1.0,0
4479,Antipolo Clay,Clay,1.0,1.0,0
4590,Antipolo Clay,Clay,1.0,1.0,0
4701,Antipolo Clay,Clay,1.0,1.0,0
4812,Antipolo Clay,Clay,1.0,1.0,0
4923,Antipolo Clay,Clay,1.0,1.0,0
5034,Antipolo Clay,Clay,1.0,1.0,0
5145,Antipolo Clay,Clay,1.0,1.0,0
5256,Antipolo Clay,Clay,1.0,1.0,0
5367,Antipolo Clay,Clay,1.0,1.0,0
5478,Antipolo Clay,Clay,1.0,1.0,0
5589,Antipolo Clay,Clay,1.0,1.0,0
5700,Antipolo Clay,Clay,1.0,1.0,0
5811,Antipolo Clay,Clay,1.0,1.0,0
5922,Antipolo Clay,Clay,1.0,1.0,0
6033,Antipolo Clay,Clay,1.0,1.0,0
6144,Antipolo Clay,Clay,1.0,1.0,0
6255,Antipolo Clay,Clay,1.0,1.0,0
6366,Antipolo Clay,Clay,1.0,1.0,0
6477,Antipolo Clay,Clay,1.0,1.0,0
6588,Antipolo Clay,Clay,1.0,1.0,0
6699,Antipolo Clay,Clay,1.0,1.0,0
6810,Antipolo Clay,Clay,1.0,0.859,0
6921,Antipolo Clay,Clay,1.0,0.562,0
7032,Antipolo Clay,Clay,1.0,0.469,0
7143,Antipolo Clay,Clay,1.0,0.304,0
7254,Antipolo Clay,Clay,1.0,0.047,1
7365,Antipolo Clay,Clay,,0.0,1
7476,Antipolo Clay,Clay,,0.0,1
7587,Antipolo Clay,Clay,,0.0,1
7698,Antipolo Clay,Clay,,0.0,1
7809,Antipolo Clay,Clay,,0.0,1
7920,Antipolo Clay,Clay,,0.0,1
8031,,,,0.0,0
8142,,,,0.0,0
8253,,,,0.0,0
8364,,,,0.0,0
8475,,,,0.0,0
8586,,,,0.0,0
8697,,,,0.0,0
8808,,,,0.0,0
8919,,,,0.0,0
9030,,,,0.0,0
9141,,,,0.0,0
9252,,,,0.0,0
9363,,,,0.0,0
9474,,,,0.0,0
9585,,,,0.0,0
9696,,,,0.0,0
9807,,,,0.0,0
9918,,,,0.0,0
10029,,,,0.0,0
10140,,,,0.0,0
10251,,,,0.0,0
10362,,,,0.0,0
10473,,,,0.0,0
10584,,,,0.0,0
10695,,,,0.0,0
10806,,,,0.0,0
10917,,,,0.0,0
11028,,,,0.0,0
11139,,,,0.0,0
11250,,,,0.0,0
11361,,,,0.0,0
11472,,,,0.0,0
11583,,,,0.0,0
11694,,,,0.0,0
11805,,,,0.0,0
11916,,,,0.0,0
12027,,,,0.0,0
12138,,,,0.0,0
12249,,,,0.0,0
12360,,,,0.0,0
12471,,,,0.0,0
12582,,,,0.0,0
12693,,,,0.0,0
12804,,,,0.0,0
12915,,,,0.0,0
13026,,,,0.0,0
13137,,,,0.0,0
13248,,,,0.0,0
13359,,,,0.0,0
13470,,,,0.0,0
13581,,,,0.0,0
13692,,,,0.0,0
13803,,,,0.0,0
13914,,,,0.0,0
14025,,,,0.0,0
14136,,,,0.0,0
14247,,,,0.0,0
14358,,,,0.0,0
14469,,,,0.0,0
14580,,,,0.0,0
1039,Marikina Silt Loam,Silt Loam,1.0,1.0,0
1261,Marikina Silt Loam,Silt Loam,1.0,1.0,0
1372,Marikina Silt Loam,Silt Loam,0.859,1.0,0
1483,Novaliches Clay Loam,Clay Loam,0.688,1.0,0
1594,Marikina Silt Loam,Silt Loam,1.0,1.0,0
1705,Marikina Silt Loam,Silt Loam,1.0,1.0,0
1816,Marikina Silt Loam,Silt Loam,1.0,1.0,0
1927,Marikina Silt Loam,Silt Loam,1.0,1.0,0
2038,Marikina Silt Loam,Silt Loam,1.0,1.0,0
2149,Marikina Silt Loam,Silt Loam,1.0,1.0,0
2260,Marikina Silt Loam,Silt Loam,1.0,1.0,0
2371,Marikina Silt Loam,Silt Loam,1.0,1.0,0
2482,Marikina Silt Loam,Silt Loam,1.0,1.0,0
2593,Marikina Silt Loam,Silt Loam,1.0,1.0,0
2704,Marikina Silt Loam,Silt Loam,1.0,1.0,0
2815,Marikina Silt Loam,Silt Loam,1.0,1.0,0
3148,Marikina Silt Loam,Silt Loam,1.0,1.0,0
3259,Marikina Silt Loam,Silt Loam,1.0,1.0,0
3370,Marikina Loam,Loam,0.875,1.0,0
3592,Marikina Loam,Loam,1.0,1.0,0
3703,Marikina Loam,Loam,1.0,1.0,0
3814,Marikina Loam,Loam,1.0,1.0,0
4036,Marikina Loam,Loam,1.0,1.0,0
4147,Marikina Loam,Loam,0.759,1.0,0
4258,Antipolo Clay,Clay,1.0,1.0,0
4369,Antipolo Clay,Clay,1.0,1.0,0
4480,Antipolo Clay,Clay,1.0,1.0,0
4591,Antipolo Clay,Clay,1.0,1.0,0
4702,Antipolo Clay,Clay,1.0,1.0,0
4813,Antipolo Clay,Clay,1.0,1.0,0
4924,Antipolo Clay,Clay,1.0,1.0,0
5035,Antipolo Clay,Clay,1.0,1.0,0
5146,Antipolo Clay,Clay,1.0,1.0,0
5257,Antipolo Clay,Clay,1.0,1.0,0
5368,Antipolo Clay,Clay,1.0,1.0,0
5479,Antipolo Clay,Clay,1.0,1.0,0
5590,Antipolo Clay,Clay,1.0,1.0,0
5701,Antipolo Clay,Clay,1.0,1.0,0
5812,Antipolo Clay,Clay,1.0,1.0,0
5923,Antipolo Clay,Clay,1.0,1.0,0
6034,Antipolo Clay,Clay,1.0,1.0,0
6145,Antipolo Clay,Clay,1.0,1.0,0
6256,Antipolo Clay,Clay,1.0,1.0,0
6367,Antipolo Clay,Clay,1.0,1.0,0
6478,Antipolo Clay,Clay,1.0,1.0,0
6589,Antipolo Clay,Clay,1.0,1.0,0
6700,Antipolo Clay,Clay,1.0,1.0,0
6811,Antipolo Clay,Clay,1.0,1.0,0
6922,Antipolo Clay,Clay,1.0,1.0,0
7033,Antipolo Clay,Clay,1.0,1.0,0
7144,Antipolo Clay,Clay,1.0,1.0,0
7255,Antipolo Clay,Clay,1.0,0.812,0
7366,Antipolo Clay,Clay,1.0,0.406,0
7477,Antipolo Clay,Clay,1.0,0.375,0
7588,Antipolo Clay,Clay,1.0,0.542,0
7699,Antipolo Clay,Clay,1.0,0.321,0
7810,Antipolo Clay,Clay,,0.0,1
7921,Antipolo Clay,Clay,,0.0,1
8032,Antipolo Clay,Clay,,0.0,1
8143,,,,0.0,0
8254,,,,0.0,0
8365,,,,0.0,0
8476,,,,0.0,0
8587,,,,0.0,0
8698,,,,0.0,0
8809,,,,0.0,0
8920,,,,0.0,0
9031,,,,0.0,0
9142,,,,0.0,0
9253,,,,0.0,0
9364,,,,0.0,0
9475,,,,0.0,0
9586,,,,0.0,0
9697,,,,0.0,0
9808,,,,0.0,0
9919,,,,0.0,0
10030,,,,0.0,0
10141,,,,0.0,0
10252,,,,0.0,0
10363,,,,0.0,0
10474,,,,0.0,0
10585,,,,0.0,0
10696,,,,0.0,0
10807,,,,0.0,0
10918,,,,0.0,0
11029,,,,0.0,0
11140,,,,0.0,0
11251,,,,0.0,0
11473,,,,0.0,0
11584,,,,0.0,0
11695,,,,0.0,0
11806,,,,0.0,0
11917,,,,0.0,0
12028,,,,0.0,0
12139,,,,0.0,0
12250,,,,0.0,0
12361,,,,0.0,0
12472,,,,0.0,0
12583,,,,0.0,0
12694,,,,0.0,0
12805,,,,0.0,0
12916,,,,0.0,0
13027,,,,0.0,0
13138,,,,0.0,0
13249,,,,0.0,0
13360,,,,0.0,0
13471,,,,0.0,0
13582,,,,0.0,0
13693,,,,0.0,0
13804,,,,0.0,0
13915,,,,0.0,0
14026,,,,0.0,0
14137,,,,0.0,0
14248,,,,0.0,0
14359,,,,0.0,0
14470,,,,0.0,0
929,Marikina Silt Loam,Silt Loam,1.0,1.0,0
1040,Marikina Silt Loam,Silt Loam,1.0,1.0,0
1151,Marikina Silt Loam,Silt Loam,1.0,1.0,0
1262,Marikina Silt Loam,Silt Loam,1.0,1.0,0
1373,Marikina Silt Loam,Silt Loam,0.562,1.0,0
1484,Novaliches Clay Loam,Clay Loam,0.906,1.0,0
1595,Marikina Silt Loam,Silt Loam,0.911,1.0,0
1706,Marikina Silt Loam,Silt Loam,1.0,1.0,0
1817,Marikina Silt Loam,Silt Loam,1.0,1.0,0
1928,Marikina Silt Loam,Silt Loam,1.0,1.0,0
2039,Marikina Silt Loam,Silt Loam,1.0,1.0,0
2150,Marikina Silt Loam,Silt Loam,1.0,1.0,0
2261,Marikina Silt Loam,Silt Loam,1.0,1.0,0
2594,Marikina Silt Loam,Silt Loam,1.0,1.0,0
2705,Marikina Silt Loam,Silt Loam,1.0,1.0,0
3038,Marikina Silt Loam,Silt Loam,1.0,1.0,0
3149,Marikina Silt Loam,Silt Loam,1.0,1.0,0
3371,Marikina Loam,Loam,0.953,1.0,0
3482,Marikina Loam,Loam,1.0,1.0,0
3593,Marikina Loam,Loam,1.0,1.0,0
3704,Marikina Loam,Loam,1.0,1.0,0
3815,Marikina Loam,Loam,1.0,1.0,0
3926,Marikina Loam,Loam,1.0,1.0,0
4037,Marikina Loam,Loam,1.0,1.0,0
4148,Marikina Loam,Loam,0.661,1.0,0
4259,Antipolo Clay,Clay,1.0,1.0,0
4370,Antipolo Clay,Clay,1.0,1.0,0
4703,Antipolo Clay,Clay,1.0,1.0,0
4814,Antipolo Clay,Clay,1.0,1.0,0
5036,Antipolo Clay,Clay,1.0,1.0,0
5147,Antipolo Clay,Clay,1.0,1.0,0
5258,Antipolo Clay,Clay,1.0,1.0,0
5369,Antipolo Clay,Clay,1.0,1.0,0
5480,Antipolo Clay,Clay,1.0,1.0,0
5591,Antipolo Clay,Clay,1.0,1.0,0
5702,Antipolo Clay,Clay,1.0,1.0,0
5813,Antipolo Clay,Clay,1.0,1.0,0
5924,Antipolo Clay,Clay,1.0,1.0,0
6035,Antipolo Clay,Clay,1.0,1.0,0
6146,Antipolo Clay,Clay,1.0,1.0,0
6257,Antipolo Clay,Clay,1.0,1.0,0
6368,Antipolo Clay,Clay,1.0,1.0,0
6479,Antipolo Clay,Clay,1.0,1.0,0
6590,Antipolo Clay,Clay,1.0,1.0,0
6701,Antipolo Clay,Clay,1.0,1.0,0
6812,Antipolo Clay,Clay,1.0,1.0,0
6923,Antipolo Clay,Clay,1.0,1.0,0
7034,Antipolo Clay,Clay,1.0,1.0,0
7145,Antipolo Clay,Clay,1.0,1.0,0
7256,Antipolo Clay,Clay,1.0,1.0,0
7367,Antipolo Clay,Clay,1.0,1.0,0
7478,Antipolo Clay,Clay,1.0,1.0,0
7589,Antipolo Clay,Clay,1.0,1.0,0
7700,Antipolo Clay,Clay,1.0,0.982,0
7811,Antipolo Clay,Clay,1.0,0.125,1
7922,Antipolo Clay,Clay,,0.0,1
8033,Antipolo Clay,Clay,,0.0,1
8144,,,,0.0,0
8255,,,,0.0,0
8366,,,,0.0,0
8477,,,,0.0,0
8588,,,,0.0,0
8699,,,,0.0,0
8810,,,,0.0,0
8921,,,,0.0,0
9032,,,,0.0,0
9143,,,,0.0,0
9254,,,,0.0,0
9365,,,,0.0,0
9476,,,,0.0,0
9587,,,,0.0,0
9698,,,,0.0,0
9809,,,,0.0,0
9920,,,,0.0,0
10031,,,,0.0,0
10142,,,,0.0,0
10253,,,,0.0,0
10364,,,,0.0,0
10475,,,,0.0,0
10586,,,,0.0,0
10697,,,,0.0,0
10808,,,,0.0,0
10919,,,,0.0,0
11030,,,,0.0,0
11141,,,,0.0,0
11252,,,,0.0,0
11363,,,,0.0,0
11474,,,,0.0,0
11585,,,,0.0,0
11696,,,,0.0,0
11807,,,,0.0,0
11918,,,,0.0,0
12029,,,,0.0,0
12140,,,,0.0,0
12251,,,,0.0,0
12362,,,,0.0,0
12473,,,,0.0,0
12584,,,,0.0,0
12695,,,,0.0,0
12806,,,,0.0,0
12917,,,,0.0,0
13028,,,,0.0,0
13139,,,,0.0,0
13250,,,,0.0,0
13361,,,,0.0,0
13472,,,,0.0,0
13583,,,,0.0,0
13694,,,,0.0,0
13805,,,,0.0,0
13916,,,,0.0,0
14027,,,,0.0,0
14138,,,,0.0,0
14249,,,,0.0,0
930,Marikina Silt Loam,Silt Loam,1.0,1.0,0
1041,Marikina Silt Loam,Silt Loam,1.0,1.0,0
1152,Marikina Silt Loam,Silt Loam,1.0,1.0,0
1263,Marikina Silt Loam,Silt Loam,1.0,1.0,0
1374,Marikina Silt Loam,Silt Loam,0.766,1.0,0
1485,Novaliches Clay Loam,Clay Loam,1.0,1.0,0
1596,Marikina Silt Loam,Silt Loam,0.528,1.0,0
1707,Marikina Silt Loam,Silt Loam,1.0,1.0,0
1818,Marikina Silt Loam,Silt Loam,1.0,1.0,0
1929,Marikina Silt Loam,Silt Loam,1.0,1.0,0
2040,Marikina Silt Loam,Silt Loam,1.0,1.0,0
2151,Marikina Silt Loam,Silt Loam,1.0,1.0,0
2262,Marikina Silt Loam,Silt Loam,1.0,1.0,0
2373,Marikina Silt Loam,Silt Loam,1.0,1.0,0
2817,Marikina Silt Loam,Silt Loam,1.0,1.0,0
2928,Marikina Silt Loam,Silt Loam,1.0,1.0,0
3039,Marikina Silt Loam,Silt Loam,1.0,1.0,0
3150,Marikina Silt Loam,Silt Loam,1.0,1.0,0
3261,Marikina Silt Loam,Silt Loam,0.828,1.0,0
3372,Marikina Loam,Loam,1.0,1.0,0
3483,Marikina Loam,Loam,1.0,1.0,0
3927,Marikina Loam,Loam,1.0,1.0,0
4038,Marikina Loam,Loam,0.951,1.0,0
4371,Antipolo Clay,Clay,1.0,1.0,0
4593,Antipolo Clay,Clay,1.0,1.0,0
4704,Antipolo Clay,Clay,1.0,1.0,0
4815,Antipolo Clay,Clay,1.0,1.0,0
4926,Antipolo Clay,Clay,1.0,1.0,0
5037,Antipolo Clay,Clay,1.0,1.0,0
5148,Antipolo Clay,Clay,1.0,1.0,0
5259,Antipolo Clay,Clay,1.0,1.0,0
5370,Antipolo Clay,Clay,1.0,1.0,0
5481,Antipolo Clay,Clay,1.0,1.0,0
5592,Antipolo Clay,Clay,1.0,1.0,0
5703,Antipolo Clay,Clay,1.0,1.0,0
5814,Antipolo Clay,Clay,1.0,1.0,0
5925,Antipolo Clay,Clay,1.0,1.0,0
6036,Antipolo Clay,Clay,1.0,1.0,0
6147,Antipolo Clay,Clay,1.0,1.0,0
6258,Antipolo Clay,Clay,1.0,1.0,0
6369,Antipolo Clay,Clay,1.0,1.0,0
6480,Antipolo Clay,Clay,1.0,1.0,0
6591,Antipolo Clay,Clay,1.0,1.0,0
6702,Antipolo Clay,Clay,1.0,1.0,0
6813,Antipolo Clay,Clay,1.0,1.0,0
6924,Antipolo Clay,Clay,1.0,1.0,0
7035,Antipolo Clay,Clay,1.0,1.0,0
7146,Antipolo Clay,Clay,1.0,1.0,0
7257,Antipolo Clay,Clay,1.0,1.0,0
7479,Antipolo Clay,Clay,1.0,1.0,0
7590,Antipolo Clay,Clay,1.0,1.0,0
7701,Antipolo Clay,Clay,1.0,1.0,0
7812,Antipolo Clay,Clay,1.0,0.547,0
7923,Antipolo Clay,Clay,,0.0,1
8034,Antipolo Clay,Clay,,0.0,1
8145,Antipolo Clay,Clay,,0.0,1
8256,,,,0.0,0
8367,,,,0.0,0
8478,,,,0.0,0
8589,,,,0.0,0
8700,,,,0.0,0
8811,,,,0.0,0
8922,,,,0.0,0
9033,,,,0.0,0
9144,,,,0.0,0
9255,,,,0.0,0
9366,,,,0.0,0
9477,,,,0.0,0
9588,,,,0.0,0
9699,,,,0.0,0
9810,,,,0.0,0
9921,,,,0.0,0
10032,,,,0.0,0
10143,,,,0.0,0
10254,,,,0.0,0
10365,,,,0.0,0
10476,,,,0.0,0
10587,,,,0.0,0
10698,,,,0.0,0
10809,,,,0.0,0
10920,,,,0.0,0
11031,,,,0.0,0
11142,,,,0.0,0
11253,,,,0.0,0
11364,,,,0.0,0
11475,,,,0.0,0
11586,,,,0.0,0
11697,,,,0.0,0
11808,,,,0.0,0
11919,,,,0.0,0
12030,,,,0.0,0
12141,,,,0.0,0
12252,,,,0.0,0
12363,,,,0.0,0
12474,,,,0.0,0
12585,,,,0.0,0
12696,,,,0.0,0
12807,,,,0.0,0
12918,,,,0.0,0
13029,,,,0.0,0
13140,,,,0.0,0
13251,,,,0.0,0
13362,,,,0.0,0
13473,,,,0.0,0
13584,,,,0.0,0
13695,,,,0.0,0
13806,,,,0.0,0
13917,,,,0.0,0
14028,,,,0.0,0
14139,,,,0.0,0
14250,,,,0.0,0
931,Marikina Silt Loam,Silt Loam,1.0,1.0,0
1042,Marikina Silt Loam,Silt Loam,1.0,1.0,0
1153,Marikina Silt Loam,Silt Loam,1.0,1.0,0
1264,Marikina Silt Loam,Silt Loam,1.0,1.0,0
1486,Novaliches Clay Loam,Clay Loam,0.857,1.0,0
1597,Marikina Silt Loam,Silt Loam,0.54,1.0,0
1708,Marikina Silt Loam,Silt Loam,1.0,1.0,0
1819,Marikina Silt Loam,Silt Loam,1.0,1.0,0
1930,Marikina Silt Loam,Silt Loam,1.0,1.0,0
2041,Marikina Silt Loam,Silt Loam,1.0,1.0,0
2152,Marikina Silt Loam,Silt Loam,1.0,1.0,0
2263,Marikina Silt Loam,Silt Loam,1.0,1.0,0
2374,Marikina Silt Loam,Silt Loam,1.0,1.0,0
2485,Marikina Silt Loam,Silt Loam,1.0,1.0,0
2707,Marikina Silt Loam,Silt Loam,1.0,1.0,0
2818,Marikina Silt Loam,Silt Loam,1.0,1.0,0
2929,Marikina Silt Loam,Silt Loam,1.0,1.0,0
3040,Marikina Silt Loam,Silt Loam,1.0,1.0,0
3151,Marikina Silt Loam,Silt Loam,1.0,1.0,0
3262,Marikina Silt Loam,Silt Loam,0.875,1.0,0
3373,Marikina Loam,Loam,1.0,1.0,0
3484,Marikina Loam,Loam,1.0,1.0,0
3595,Marikina Loam,Loam,1.0,1.0,0
4261,Antipolo Clay,Clay,1.0,1.0,0
4705,Antipolo Clay,Clay,1.0,1.0,0
4816,Antipolo Clay,Clay,1.0,1.0,0
4927,Antipolo Clay,Clay,1.0,1.0,0
5038,Antipolo Clay,Clay,1.0,1.0,0
5149,Antipolo Clay,Clay,1.0,1.0,0
5260,Antipolo Clay,Clay,1.0,1.0,0
5371,Antipolo Clay,Clay,1.0,1.0,0
5482,Antipolo Clay,Clay,1.0,1.0,0
5593,Antipolo Clay,Clay,1.0,1.0,0
5704,Antipolo Clay,Clay,1.0,1.0,0
5815,Antipolo Clay,Clay,1.0,1.0,0
5926,Antipolo Clay,Clay,1.0,1.0,0
6037,Antipolo Clay,Clay,1.0,1.0,0
6148,Antipolo Clay,Clay,1.0,1.0,0
6259,Antipolo Clay,Clay,1.0,1.0,0
6370,Antipolo Clay,Clay,1.0,1.0,0
6481,Antipolo Clay,Clay,1.0,1.0,0
6592,Antipolo Clay,Clay,1.0,1.0,0
6703,Antipolo Clay,Clay,1.0,1.0,0
6814,Antipolo Clay,Clay,1.0,1.0,0
6925,Antipolo Clay,Clay,1.0,1.0,0
7036,Antipolo Clay,Clay,1.0,1.0,0
7147,Antipolo Clay,Clay,1.0,1.0,0
7258,Antipolo Clay,Clay,1.0,1.0,0
7369,Antipolo Clay,Clay,1.0,1.0,0
7591,Antipolo Clay,Clay,1.0,1.0,0
7702,Antipolo Clay,Clay,1.0,1.0,0
7813,Antipolo Clay,Clay,1.0,0.984,0
7924,Antipolo Clay,Clay,1.0,0.141,1
8035,Antipolo Clay,Clay,,0.0,1
8146,Antipolo Clay,Clay,,0.0,1
8257,Antipolo Clay,Clay,,0.0,1
8368,,,,0.0,0
8590,,,,0.0,0
8701,,,,0.0,0
8812,,,,0.0,0
8923,,,,0.0,0
9034,,,,0.0,0
9145,,,,0.0,0
9256,,,,0.0,0
9367,,,,0.0,0
9478,,,,0.0,0
9589,,,,0.0,0
9700,,,,0.0,0
9811,,,,0.0,0
9922,,,,0.0,0
10033,,,,0.0,0
10144,,,,0.0,0
10255,,,,0.0,0
10366,,,,0.0,0
10477,,,,0.0,0
10588,,,,0.0,0
10699,,,,0.0,0
10810,,,,0.0,0
10921,,,,0.0,0
11032,,,,0.0,0
11143,,,,0.0,0
11254,,,,0.0,0
11365,,,,0.0,0
11476,,,,0.0,0
11587,,,,0.0,0
11698,,,,0.0,0
11809,,,,0.0,0
11920,,,,0.0,0
12031,,,,0.0,0
12142,,,,0.0,0
12253,,,,0.0,0
12364,,,,0.0,0
12475,,,,0.0,0
12586,,,,0.0,0
12697,,,,0.0,0
12808,,,,0.0,0
12919,,,,0.0,0
13030,,,,0.0,0
13141,,,,0.0,0
13252,,,,0.0,0
13363,,,,0.0,0
13474,,,,0.0,0
13585,,,,0.0,0
13696,,,,0.0,0
13807,,,,0.0,0
13918,,,,0.0,0
14029,,,,0.0,0
14140,,,,0.0,0
14251,,,,0.0,0
932,Marikina Silt Loam,Silt Loam,1.0,1.0,0
1043,Marikina Silt Loam,Silt Loam,1.0,1.0,0
1154,Marikina Silt Loam,Silt Loam,1.0,1.0,0
1265,Marikina Silt Loam,Silt Loam,1.0,1.0,0
1376,Marikina Silt Loam,Silt Loam,1.0,1.0,0
1487,Novaliches Clay Loam,Clay Loam,0.672,1.0,0
1598,Marikina Silt Loam,Silt Loam,0.578,1.0,0
1709,Marikina Silt Loam,Silt Loam,1.0,1.0,0
1820,Marikina Silt Loam,Silt Loam,1.0,1.0,0
1931,Marikina Silt Loam,Silt Loam,1.0,1.0,0
2153,Marikina Silt Loam,Silt Loam,1.0,1.0,0
2486,Marikina Silt Loam,Silt Loam,1.0,1.0,0
2708,Marikina Silt Loam,Silt Loam,1.0,1.0,0
2819,Marikina Silt Loam,Silt Loam,1.0,1.0,0
3041,Marikina Silt Loam,Silt Loam,1.0,1.0,0
3152,Marikina Silt Loam,Silt Loam,1.0,1.0,0
3263,Marikina Silt Loam,Silt Loam,0.766,1.0,0
3707,Marikina Loam,Loam,1.0,1.0,0
3818,Marikina Loam,Loam,1.0,1.0,0
3929,Antipolo Clay,Clay,0.625,1.0,0
4151,Antipolo Clay,Clay,1.0,1.0,0
4262,Antipolo Clay,Clay,1.0,1.0,0
4373,Antipolo Clay,Clay,1.0,1.0,0
4484,Antipolo Clay,Clay,1.0,1.0,0
4817,Antipolo Clay,Clay,1.0,1.0,0
4928,Antipolo Clay,Clay,1.0,1.0,0
5039,Antipolo Clay,Clay,1.0,1.0,0
5150,Antipolo Clay,Clay,1.0,1.0,0
5261,Antipolo Clay,Clay,1.0,1.0,0
5372,Antipolo Clay,Clay,1.0,1.0,0
5483,Antipolo Clay,Clay,1.0,1.0,0
5594,Antipolo Clay,Clay,1.0,1.0,0
5705,Antipolo Clay,Clay,1.0,1.0,0
5816,Antipolo Clay,Clay,1.0,1.0,0
5927,Antipolo Clay,Clay,1.0,1.0,0
6038,Antipolo Clay,Clay,1.0,1.0,0
6149,Antipolo Clay,Clay,1.0,1.0,0
6260,Antipolo Clay,Clay,1.0,1.0,0
6371,Antipolo Clay,Clay,1.0,1.0,0
6482,Antipolo Clay,Clay,1.0,1.0,0
6593,Antipolo Clay,Clay,1.0,1.0,0
6704,Antipolo Clay,Clay,1.0,1.0,0
6815,Antipolo Clay,Clay,1.0,1.0,0
6926,Antipolo Clay,Clay,1.0,1.0,0
7037,Antipolo Clay,Clay,1.0,1.0,0
7148,Antipolo Clay,Clay,1.0,1.0,0
7259,Antipolo Clay,Clay,1.0,1.0,0
7370,Antipolo Clay,Clay,1.0,1.0,0
7481,Antipolo Clay,Clay,1.0,1.0,0
7592,Antipolo Clay,Clay,1.0,1.0,0
7703,Antipolo Clay,Clay,1.0,1.0,0
7814,Antipolo Clay,Clay,1.0,1.0,0
7925,Antipolo Clay,Clay,1.0,0.679,0
8036,Antipolo Clay,Clay,,0.0,1
8147,Antipolo Clay,Clay,,0.0,1
8258,Antipolo Clay,Clay,,0.0,1
8369,Binangonan Clay,Clay,,0.0,1
8480,Binangonan Clay,Clay,,0.0,1
8591,Binangonan Clay,Clay,,0.0,1
8702,Binangonan Clay,Clay,,0.0,1
8813,Binangonan Clay,Clay,,0.0,1
8924,,,,0.0,0
9035,,,,0.0,0
9146,,,,0.0,0
9257,,,,0.0,0
9368,,,,0.0,0
9479,,,,0.0,0
9590,,,,0.0,0
9701,,,,0.0,0
9812,,,,0.0,0
9923,,,,0.0,0
10034,,,,0.0,0
10145,,,,0.0,0
10256,,,,0.0,0
10367,,,,0.0,0
10478,,,,0.0,0
10589,,,,0.0,0
10700,,,,0.0,0
10811,,,,0.0,0
10922,,,,0.0,0
11033,,,,0.0,0
11144,,,,0.0,0
11255,,,,0.0,0
11366,,,,0.0,0
11477,,,,0.0,0
11588,,,,0.0,0
11699,,,,0.0,0
11810,,,,0.0,0
11921,,,,0.0,0
12032,,,,0.0,0
12143,,,,0.0,0
12254,,,,0.0,0
12365,,,,0.0,0
12476,,,,0.0,0
12587,,,,0.0,0
12698,,,,0.0,0
12809,,,,0.0,0
12920,,,,0.0,0
13031,,,,0.0,0
13142,,,,0.0,0
13253,,,,0.0,0
13364,,,,0.0,0
13475,,,,0.0,0
13586,,,,0.0,0
13697,,,,0.0,0
13808,,,,0.0,0
13919,,,,0.0,0
14030,,,,0.0,0
14141,,,,0.0,0
14252,,,,0.0,0
933,Marikina Silt Loam,Silt Loam,1.0,1.0,0
1155,Marikina Silt Loam,Silt Loam,1.0,1.0,0
1266,Marikina Silt Loam,Silt Loam,1.0,1.0,0
1377,Marikina Silt Loam,Silt Loam,0.953,1.0,0
1488,Novaliches Clay Loam,Clay Loam,0.922,1.0,0
1599,Marikina Silt Loam,Silt Loam,0.672,1.0,0
1710,Marikina Silt Loam,Silt Loam,1.0,1.0,0
1821,Marikina Silt Loam,Silt Loam,1.0,1.0,0
2154,Marikina Silt Loam,Silt Loam,1.0,1.0,0
2265,Marikina Silt Loam,Silt Loam,1.0,1.0,0
2709,Marikina Silt Loam,Silt Loam,1.0,1.0,0
2820,Marikina Silt Loam,Silt Loam,1.0,1.0,0
2931,Marikina Silt Loam,Silt Loam,1.0,1.0,0
3153,Marikina Silt Loam,Silt Loam,0.982,1.0,0
3264,Marikina Loam,Loam,0.75,1.0,0
3486,Marikina Loam,Loam,1.0,1.0,0
3597,Marikina Loam,Loam,1.0,1.0,0
3708,Marikina Loam,Loam,1.0,1.0,0
3930,Antipolo Clay,Clay,1.0,1.0,0
4152,Antipolo Clay,Clay,1.0,1.0,0
4596,Antipolo Clay,Clay,1.0,1.0,0
4707,Antipolo Clay,Clay,1.0,1.0,0
4818,Antipolo Clay,Clay,1.0,1.0,0
4929,Antipolo Clay,Clay,1.0,1.0,0
5040,Antipolo Clay,Clay,1.0,1.0,0
5151,Antipolo Clay,Clay,1.0,1.0,0
5262,Antipolo Clay,Clay,1.0,1.0,0
5373,Antipolo Clay,Clay,1.0,1.0,0
5484,Antipolo Clay,Clay,1.0,1.0,0
5595,Antipolo Clay,Clay,1.0,1.0,0
5706,Antipolo Clay,Clay,1.0,1.0,0
5817,Antipolo Clay,Clay,1.0,1.0,0
5928,Antipolo Clay,Clay,1.0,1.0,0
6039,Antipolo Clay,Clay,1.0,1.0,0
6150,Antipolo Clay,Clay,1.0,1.0,0
6261,Antipolo Clay,Clay,1.0,1.0,0
6372,Antipolo Clay,Clay,1.0,1.0,0
6483,Antipolo Clay,Clay,1.0,1.0,0
6594,Antipolo Clay,Clay,1.0,1.0,0
6705,Antipolo Clay,Clay,1.0,1.0,0
6816,Antipolo Clay,Clay,1.0,1.0,0
6927,Antipolo Clay,Clay,1.0,1.0,0
7038,Antipolo Clay,Clay,1.0,1.0,0
7149,Antipolo Clay,Clay,1.0,1.0,0
7260,Antipolo Clay,Clay,1.0,1.0,0
7371,Antipolo Clay,Clay,1.0,1.0,0
7482,Antipolo Clay,Clay,1.0,1.0,0
7593,Antipolo Clay,Clay,1.0,1.0,0
7704,Antipolo Clay,Clay,1.0,1.0,0
7815,Antipolo Clay,Clay,1.0,1.0,0
7926,Antipolo Clay,Clay,1.0,1.0,0
8037,Antipolo Clay,Clay,1.0,0.703,0
8148,Antipolo Clay,Clay,1.0,0.062,1
8259,Antipolo Clay,Clay,,0.0,1
8370,Binangonan Clay,Clay,1.0,0.016,1
8481,Binangonan Clay,Clay,1.0,0.109,1
8592,Binangonan Clay,Clay,,0.0,1
8703,Binangonan Clay,Clay,,0.0,1
8814,Binangonan Clay,Clay,,0.0,1
8925,Binangonan Clay,Clay,,0.0,1
9036,,,,0.0,0
9147,,,,0.0,0
9258,,,,0.0,0
9369,,,,0.0,0
9480,,,,0.0,0
9591,,,,0.0,0
9702,,,,0.0,0
9813,,,,0.0,0
9924,,,,0.0,0
10035,,,,0.0,0
10146,,,,0.0,0
10257,,,,0.0,0
10368,,,,0.0,0
10479,,,,0.0,0
10590,,,,0.0,0
10701,,,,0.0,0
10812,,,,0.0,0
10923,,,,0.0,0
11034,,,,0.0,0
11145,,,,0.0,0
11256,,,,0.0,0
11367,,,,0.0,0
11478,,,,0.0,0
11589,,,,0.0,0
11700,,,,0.0,0
11811,,,,0.0,0
11922,,,,0.0,0
12033,,,,0.0,0
12144,,,,0.0,0
12255,,,,0.0,0
12366,,,,0.0,0
12477,,,,0.0,0
12588,,,,0.0,0
12699,,,,0.0,0
12810,,,,0.0,0
12921,,,,0.0,0
13032,,,,0.0,0
13143,,,,0.0,0
13254,,,,0.0,0
13365,,,,0.0,0
13476,,,,0.0,0
13587,,,,0.0,0
13698,,,,0.0,0
13809,,,,0.0,0
13920,,,,0.0,0
14031,,,,0.0,0
14142,,,,0.0,0
14253,,,,0.0,0
823,Marikina Silt Loam,Silt Loam,1.0,1.0,0
934,Marikina Silt Loam,Silt Loam,1.0,1.0,0
1045,Marikina Silt Loam,Silt Loam,1.0,1.0,0
1156,Marikina Silt Loam,Silt Loam,1.0,1.0,0
1267,Marikina Silt Loam,Silt Loam,1.0,1.0,0
1378,Marikina Silt Loam,Silt Loam,0.953,1.0,0
1489,Novaliches Clay Loam,Clay Loam,0.781,1.0,0
1600,Marikina Silt Loam,Silt Loam,0.906,1.0,0
1711,Marikina Silt Loam,Silt Loam,1.0,1.0,0
1822,Marikina Silt Loam,Silt Loam,1.0,1.0,0
2266,Marikina Silt Loam,Silt Loam,1.0,1.0,0
2710,Marikina Silt Loam,Silt Loam,1.0,1.0,0
2821,Marikina Silt Loam,Silt Loam,1.0,1.0,0
2932,Marikina Silt Loam,Silt Loam,1.0,1.0,0
3043,Marikina Silt Loam,Silt Loam,0.953,1.0,0
3154,Marikina Loam,Loam,0.732,1.0,0
3265,Marikina Loam,Loam,1.0,1.0,0
3376,Marikina Loam,Loam,1.0,1.0,0
3487,Marikina Loam,Loam,1.0,1.0,0
3598,Marikina Loam,Loam,1.0,1.0,0
3709,Marikina Loam,Loam,1.0,1.0,0
3820,Antipolo Clay,Clay,0.714,1.0,0
3931,Antipolo Clay,Clay,1.0,1.0,0
4042,Antipolo Clay,Clay,1.0,1.0,0
4153,Antipolo Clay,Clay,1.0,1.0,0
4264,Antipolo Clay,Clay,1.0,1.0,0
4375,Antipolo Clay,Clay,1.0,1.0,0
4597,Antipolo Clay,Clay,1.0,1.0,0
4708,Antipolo Clay,Clay,1.0,1.0,0
4819,Antipolo Clay,Clay,1.0,1.0,0
4930,Antipolo Clay,Clay,1.0,1.0,0
5041,Antipolo Clay,Clay,1.0,1.0,0
5152,Antipolo Clay,Clay,1.0,1.0,0
5263,Antipolo Clay,Clay,1.0,1.0,0
5374,Antipolo Clay,Clay,1.0,1.0,0
5485,Antipolo Clay,Clay,1.0,1.0,0
5596,Antipolo Clay,Clay,1.0,1.0,0
5707,Antipolo Clay,Clay,1.0,1.0,0
5929,Antipolo Clay,Clay,1.0,1.0,0
6040,Antipolo Clay,Clay,1.0,1.0,0
6151,Antipolo Clay,Clay,1.0,1.0,0
6262,Antipolo Clay,Clay,1.0,1.0,0
6373,Antipolo Clay,Clay,1.0,1.0,0
6484,Antipolo Clay,Clay,1.0,1.0,0
6595,Antipolo Clay,Clay,1.0,1.0,0
6706,Antipolo Clay,Clay,1.0,1.0,0
6817,Antipolo Clay,Clay,1.0,1.0,0
6928,Antipolo Clay,Clay,1.0,1.0,0
7039,Antipolo Clay,Clay,1.0,1.0,0
7150,Antipolo Clay,Clay,1.0,1.0,0
7261,Antipolo Clay,Clay,1.0,1.0,0
7372,Antipolo Clay,Clay,1.0,1.0,0
7483,Antipolo Clay,Clay,1.0,1.0,0
7594,Antipolo Clay,Clay,1.0,1.0,0
7705,Antipolo Clay,Clay,1.0,1.0,0
7816,Antipolo Clay,Clay,1.0,1.0,0
7927,Antipolo Clay,Clay,1.0,1.0,0
8038,Antipolo Clay,Clay,1.0,1.0,0
8260,Antipolo Clay,Clay,1.0,0.607,0
8371,Binangonan Clay,Clay,0.711,0.703,0
8482,Binangonan Clay,Clay,1.0,1.0,0
8593,Binangonan Clay,Clay,1.0,0.469,0
8704,Binangonan Clay,Clay,,0.0,1
8815,Binangonan Clay,Clay,,0.0,1
8926,Binangonan Clay,Clay,,0.0,1
9037,Binangonan Clay,Clay,,0.0,1
9148,,,,0.0,0
9259,,,,0.0,0
9370,,,,0.0,0
9481,,,,0.0,0
9592,,,,0.0,0
9703,,,,0.0,0
9814,,,,0.0,0
9925,,,,0.0,0
10036,,,,0.0,0
10147,,,,0.0,0
10258,,,,0.0,0
10369,,,,0.0,0
10480,,,,0.0,0
10591,,,,0.0,0
10702,,,,0.0,0
10813,,,,0.0,0
10924,,,,0.0,0
11035,,,,0.0,0
11146,,,,0.0,0
11257,,,,0.0,0
11368,,,,0.0,0
11479,,,,0.0,0
11590,,,,0.0,0
11701,,,,0.0,0
11812,,,,0.0,0
11923,,,,0.0,0
12034,,,,0.0,0
12145,,,,0.0,0
12367,,,,0.0,0
12478,,,,0.0,0
12589,,,,0.0,0
12700,,,,0.0,0
12811,,,,0.0,0
12922,,,,0.0,0
13033,,,,0.0,0
13144,,,,0.0,0
13255,,,,0.0,0
13366,,,,0.0,0
13477,,,,0.0,0
13588,,,,0.0,0
13699,,,,0.0,0
13810,,,,0.0,0
13921,,,,0.0,0
14032,,,,0.0,0
14143,,,,0.0,0
14254,,,,0.0,0
824,Marikina Silt Loam,Silt Loam,0.807,1.0,0
935,Novaliches Clay Loam,Clay Loam,0.762,1.0,0
1046,Novaliches Clay Loam,Clay Loam,0.766,1.0,0
1157,Marikina Silt Loam,Silt Loam,0.5,1.0,0
1379,Marikina Silt Loam,Silt Loam,1.0,1.0,0
1490,Marikina Silt Loam,Silt Loam,1.0,1.0,0
1601,Marikina Silt Loam,Silt Loam,1.0,1.0,0
1712,Marikina Silt Loam,Silt Loam,1.0,1.0,0
1823,Marikina Silt Loam,Silt Loam,1.0,1.0,0
1934,Marikina Silt Loam,Silt Loam,1.0,1.0,0
2045,Marikina Silt Loam,Silt Loam,1.0,1.0,0
2267,Marikina Silt Loam,Silt Loam,1.0,1.0,0
2378,Marikina Silt Loam,Silt Loam,1.0,1.0,0
2489,Marikina Silt Loam,Silt Loam,1.0,1.0,0
2600,Marikina Silt Loam,Silt Loam,1.0,1.0,0
2711,Marikina Silt Loam,Silt Loam,1.0,1.0,0
2933,Marikina Silt Loam,Silt Loam,1.0,1.0,0
3044,Marikina Loam,Loam,0.742,1.0,0
3155,Marikina Loam,Loam,1.0,1.0,0
3266,Marikina Loam,Loam,1.0,1.0,0
3377,Marikina Loam,Loam,1.0,1.0,0
3488,Marikina Loam,Loam,1.0,1.0,0
3599,Marikina Loam,Loam,1.0,1.0,0
3710,Marikina Loam,Loam,0.948,1.0,0
3821,Antipolo Clay,Clay,0.906,1.0,0
3932,Antipolo Clay,Clay,1.0,1.0,0
4043,Antipolo Clay,Clay,1.0,1.0,0
4154,Antipolo Clay,Clay,1.0,1.0,0
4487,Antipolo Clay,Clay,1.0,1.0,0
4709,Antipolo Clay,Clay,1.0,1.0,0
4820,Antipolo Clay,Clay,1.0,1.0,0
4931,Antipolo Clay,Clay,1.0,1.0,0
5042,Antipolo Clay,Clay,1.0,1.0,0
5153,Antipolo Clay,Clay,1.0,1.0,0
5264,Antipolo Clay,Clay,1.0,1.0,0
5375,Antipolo Clay,Clay,1.0,1.0,0
5486,Antipolo Clay,Clay,1.0,1.0,0
5597,Antipolo Clay,Clay,1.0,1.0,0
5708,Antipolo Clay,Clay,1.0,1.0,0
5819,Antipolo Clay,Clay,1.0,1.0,0
5930,Antipolo Clay,Clay,1.0,1.0,0
6041,Antipolo Clay,Clay,1.0,1.0,0
6152,Antipolo Clay,Clay,1.0,1.0,0
6263,Antipolo Clay,Clay,1.0,1.0,0
6374,Antipolo Clay,Clay,1.0,1.0,0
6485,Antipolo Clay,Clay,1.0,1.0,0
6596,Antipolo Clay,Clay,1.0,1.0,0
6707,Antipolo Clay,Clay,1.0,1.0,0
6818,Antipolo Clay,Clay,1.0,1.0,0
6929,Antipolo Clay,Clay,1.0,1.0,0
7040,Antipolo Clay,Clay,1.0,1.0,0
7151,Antipolo Clay,Clay,1.0,1.0,0
7262,Antipolo Clay,Clay,1.0,1.0,0
7373,Antipolo Clay,Clay,1.0,1.0,0
7484,Antipolo Clay,Clay,1.0,1.0,0
7595,Antipolo Clay,Clay,1.0,1.0,0
7706,Antipolo Clay,Clay,1.0,1.0,0
7817,Antipolo Clay,Clay,1.0,1.0,0
7928,Antipolo Clay,Clay,1.0,1.0,0
8039,Antipolo Clay,Clay,1.0,1.0,0
8150,Antipolo Clay,Clay,1.0,1.0,0
8261,Antipolo Clay,Clay,1.0,1.0,0
8372,Antipolo Clay,Clay,0.755,1.0,0
8483,Binangonan Clay,Clay,1.0,1.0,0
8594,Binangonan Clay,Clay,1.0,1.0,0
8705,Binangonan Clay,Clay,1.0,0.737,0
8816,Binangonan Clay,Clay,1.0,0.107,1
8927,Binangonan Clay,Clay,,0.0,1
9038,Binangonan Clay,Clay,,0.0,1
9149,Binangonan Clay,Clay,,0.0,1
9260,Binangonan Clay,Clay,,0.0,1
9371,,,,0.0,0
9482,,,,0.0,0
9593,,,,0.0,0
9704,,,,0.0,0
9815,,,,0.0,0
9926,,,,0.0,0
10037,,,,0.0,0
10148,,,,0.0,0
10259,,,,0.0,0
10370,,,,0.0,0
10481,,,,0.0,0
10592,,,,0.0,0
10703,,,,0.0,0
10814,,,,0.0,0
10925,,,,0.0,0
11036,,,,0.0,0
11147,,,,0.0,0
11258,,,,0.0,0
11369,,,,0.0,0
11480,,,,0.0,0
11591,,,,0.0,0
11813,,,,0.0,0
11924,,,,0.0,0
12035,,,,0.0,0
12146,,,,0.0,0
12257,,,,0.0,0
12368,,,,0.0,0
12479,,,,0.0,0
12590,,,,0.0,0
12701,,,,0.0,0
12812,,,,0.0,0
12923,,,,0.0,0
13034,,,,0.0,0
13145,,,,0.0,0
13256,,,,0.0,0
13367,,,,0.0,0
13478,,,,0.0,0
13589,,,,0.0,0
13700,,,,0.0,0
13811,,,,0.0,0
13922,,,,0.0,0
14033,,,,0.0,0
14144,,,,0.0,0
14255,,,,0.0,0
825,Marikina Silt Loam,Silt Loam,0.875,1.0,0
936,Marikina Silt Loam,Silt Loam,0.92,1.0,0
1047,Marikina Silt Loam,Silt Loam,1.0,1.0,0
1158,Marikina Silt Loam,Silt Loam,0.911,1.0,0
1380,Marikina Silt Loam,Silt Loam,1.0,1.0,0
1491,Marikina Silt Loam,Silt Loam,1.0,1.0,0
1602,Marikina Silt Loam,Silt Loam,1.0,1.0,0
1824,Marikina Silt Loam,Silt Loam,1.0,1.0,0
1935,Marikina Silt Loam,Silt Loam,1.0,1.0,0
2046,Marikina Silt Loam,Silt Loam,1.0,1.0,0
2268,Marikina Silt Loam,Silt Loam,1.0,1.0,0
2379,Marikina Silt Loam,Silt Loam,1.0,1.0,0
2490,Marikina Silt Loam,Silt Loam,1.0,1.0,0
2712,Marikina Silt Loam,Silt Loam,1.0,1.0,0
2823,Marikina Silt Loam,Silt Loam,1.0,1.0,0
2934,Marikina Silt Loam,Silt Loam,0.804,1.0,0
3045,Marikina Loam,Loam,1.0,1.0,0
3156,Marikina Loam,Loam,1.0,1.0,0
3267,Marikina Loam,Loam,1.0,1.0,0
3378,Marikina Loam,Loam,1.0,1.0,0
3489,Marikina Loam,Loam,1.0,1.0,0
3711,Antipolo Clay,Clay,0.554,1.0,0
3822,Antipolo Clay,Clay,1.0,1.0,0
4044,Antipolo Clay,Clay,1.0,1.0,0
4155,Antipolo Clay,Clay,1.0,1.0,0
4266,Antipolo Clay,Clay,1.0,1.0,0
4377,Antipolo Clay,Clay,1.0,1.0,0
4488,Antipolo Clay,Clay,1.0,1.0,0
4599,Antipolo Clay,Clay,1.0,1.0,0
4710,Antipolo Clay,Clay,1.0,1.0,0
4821,Antipolo Clay,Clay,1.0,1.0,0
4932,Antipolo Clay,Clay,1.0,1.0,0
5043,Antipolo Clay,Clay,1.0,1.0,0
5154,Antipolo Clay,Clay,1.0,1.0,0
5265,Antipolo Clay,Clay,1.0,1.0,0
5376,Antipolo Clay,Clay,1.0,1.0,0
5487,Antipolo Clay,Clay,1.0,1.0,0
5598,Antipolo Clay,Clay,1.0,1.0,0
5709,Antipolo Clay,Clay,1.0,1.0,0
5820,Antipolo Clay,Clay,1.0,1.0,0
5931,Antipolo Clay,Clay,1.0,1.0,0
6042,Antipolo Clay,Clay,1.0,1.0,0
6153,Antipolo Clay,Clay,1.0,1.0,0
6264,Antipolo Clay,Clay,1.0,1.0,0
6375,Antipolo Clay,Clay,1.0,1.0,0
6486,Antipolo Clay,Clay,1.0,1.0,0
6597,Antipolo Clay,Clay,1.0,1.0,0
6708,Antipolo Clay,Clay,1.0,1.0,0
6819,Antipolo Clay,Clay,1.0,1.0,0
6930,Antipolo Clay,Clay,1.0,1.0,0
7041,Antipolo Clay,Clay,1.0,1.0,0
7152,Antipolo Clay,Clay,1.0,1.0,0
7263,Antipolo Clay,Clay,1.0,1.0,0
7374,Antipolo Clay,Clay,1.0,1.0,0
7485,Antipolo Clay,Clay,1.0,1.0,0
7596,Antipolo Clay,Clay,1.0,1.0,0
7707,Antipolo Clay,Clay,1.0,1.0,0
7818,Antipolo Clay,Clay,1.0,1.0,0
8040,Antipolo Clay,Clay,1.0,1.0,0
8262,Antipolo Clay,Clay,1.0,1.0,0
8373,Antipolo Clay,Clay,1.0,1.0,0
8484,Binangonan Clay,Clay,0.734,1.0,0
8595,Binangonan Clay,Clay,1.0,1.0,0
8706,Binangonan Clay,Clay,1.0,1.0,0
8817,Binangonan Clay,Clay,1.0,0.911,0
9039,Binangonan Clay,Clay,,0.0,1
9150,Binangonan Clay,Clay,,0.0,1
9261,Binangonan Clay,Clay,,0.0,1
9372,Binangonan Clay,Clay,,0.0,1
9483,Binangonan Clay,Clay,,0.0,1
9594,,,,0.0,0
9705,,,,0.0,0
9816,,,,0.0,0
9927,,,,0.0,0
10038,,,,0.0,0
10149,,,,0.0,0
10260,,,,0.0,0
10371,,,,0.0,0
10482,,,,0.0,0
10593,,,,0.0,0
10704,,,,0.0,0
10815,,,,0.0,0
10926,,,,0.0,0
11037,,,,0.0,0
11148,,,,0.0,0
11259,,,,0.0,0
11370,,,,0.0,0
11481,,,,0.0,0
11592,,,,0.0,0
11703,,,,0.0,0
11814,,,,0.0,0
12036,,,,0.0,0
12147,,,,0.0,0
12258,,,,0.0,0
12369,,,,0.0,0
12480,,,,0.0,0
12591,,,,0.0,0
12702,,,,0.0,0
12813,,,,0.0,0
12924,,,,0.0,0
13035,,,,0.0,0
13146,,,,0.0,0
13257,,,,0.0,0
13368,,,,0.0,0
13479,,,,0.0,0
13590,,,,0.0,0
13701,,,,0.0,0
13812,,,,0.0,0
13923,,,,0.0,0
14034,,,,0.0,0
14145,,,,0.0,0
14256,,,,0.0,0
826,Marikina Silt Loam,Silt Loam,1.0,1.0,0
937,Marikina Silt Loam,Silt Loam,1.0,1.0,0
1048,Marikina Silt Loam,Silt Loam,1.0,1.0,0
1159,Marikina Silt Loam,Silt Loam,1.0,1.0,0
1270,Marikina Silt Loam,Silt Loam,1.0,1.0,0
1381,Marikina Silt Loam,Silt Loam,1.0,1.0,0
1492,Marikina Silt Loam,Silt Loam,1.0,1.0,0
1714,Marikina Silt Loam,Silt Loam,1.0,1.0,0
2158,Marikina Silt Loam,Silt Loam,1.0,1.0,0
2269,Marikina Silt Loam,Silt Loam,1.0,1.0,0
2602,Marikina Silt Loam,Silt Loam,1.0,1.0,0
2713,Marikina Silt Loam,Silt Loam,1.0,1.0,0
2824,Marikina Silt Loam,Silt Loam,0.893,1.0,0
2935,Marikina Loam,Loam,0.844,1.0,0
3046,Marikina Loam,Loam,1.0,1.0,0
3157,Marikina Loam,Loam,1.0,1.0,0
3268,Marikina Loam,Loam,1.0,1.0,0
3379,Marikina Loam,Loam,1.0,1.0,0
3490,Marikina Loam,Loam,1.0,1.0,0
3601,Marikina Loam,Loam,0.984,1.0,0
3712,Antipolo Clay,Clay,0.911,1.0,0
3823,Antipolo Clay,Clay,1.0,1.0,0
4045,Antipolo Clay,Clay,1.0,1.0,0
4156,Antipolo Clay,Clay,1.0,1.0,0
4378,Antipolo Clay,Clay,1.0,1.0,0
4489,Antipolo Clay,Clay,1.0,1.0,0
4600,Antipolo Clay,Clay,1.0,1.0,0
4822,Antipolo Clay,Clay,1.0,1.0,0
4933,Antipolo Clay,Clay,1.0,1.0,0
5044,Antipolo Clay,Clay,1.0,1.0,0
5155,Antipolo Clay,Clay,1.0,1.0,0
5266,Antipolo Clay,Clay,1.0,1.0,0
5488,Antipolo Clay,Clay,1.0,1.0,0
5599,Antipolo Clay,Clay,1.0,1.0,0
5710,Antipolo Clay,Clay,1.0,1.0,0
5821,Antipolo Clay,Clay,1.0,1.0,0
5932,Antipolo Clay,Clay,1.0,1.0,0
6043,Antipolo Clay,Clay,1.0,1.0,0
6154,Antipolo Clay,Clay,1.0,1.0,0
6265,Antipolo Clay,Clay,1.0,1.0,0
6376,Antipolo Clay,Clay,1.0,1.0,0
6487,Antipolo Clay,Clay,1.0,1.0,0
6598,Antipolo Clay,Clay,1.0,1.0,0
6709,Antipolo Clay,Clay,1.0,1.0,0
6820,Antipolo Clay,Clay,1.0,1.0,0
6931,Antipolo Clay,Clay,1.0,1.0,0
7042,Antipolo Clay,Clay,1.0,1.0,0
7153,Antipolo Clay,Clay,1.0,1.0,0
7264,Antipolo Clay,Clay,1.0,1.0,0
7375,Antipolo Clay,Clay,1.0,1.0,0
7486,Antipolo Clay,Clay,1.0,1.0,0
7597,Antipolo Clay,Clay,1.0,1.0,0
7708,Antipolo Clay,Clay,1.0,1.0,0
7819,Antipolo Clay,Clay,1.0,1.0,0
7930,Antipolo Clay,Clay,1.0,1.0,0
8041,Antipolo Clay,Clay,1.0,1.0,0
8152,Antipolo Clay,Clay,1.0,1.0,0
8263,Antipolo Clay,Clay,1.0,1.0,0
8374,Antipolo Clay,Clay,1.0,1.0,0
8485,Binangonan Clay,Clay,0.672,1.0,0
8596,Binangonan Clay,Clay,1.0,1.0,0
8818,Binangonan Clay,Clay,1.0,1.0,0
8929,Binangonan Clay,Clay,1.0,1.0,0
9040,Binangonan Clay,Clay,1.0,0.719,0
9151,Binangonan Clay,Clay,1.0,0.109,1
9262,Binangonan Clay,Clay,,0.0,1
9373,Binangonan Clay,Clay,,0.0,1
9484,Binangonan Clay,Clay,,0.0,1
9706,Binangonan Clay,Clay,,0.0,1
9817,,,,0.0,0
9928,,,,0.0,0
10039,,,,0.0,0
10150,,,,0.0,0
10261,,,,0.0,0
10372,,,,0.0,0
10483,,,,0.0,0
10594,,,,0.0,0
10705,,,,0.0,0
10816,,,,0.0,0
10927,,,,0.0,0
11038,,,,0.0,0
11149,,,,0.0,0
11260,,,,0.0,0
11371,,,,0.0,0
11482,,,,0.0,0
11593,,,,0.0,0
11704,,,,0.0,0
11815,,,,0.0,0
11926,,,,0.0,0
12037,,,,0.0,0
12148,,,,0.0,0
12259,,,,0.0,0
12370,,,,0.0,0
12481,,,,0.0,0
12592,,,,0.0,0
12703,,,,0.0,0
12814,,,,0.0,0
12925,,,,0.0,0
13036,,,,0.0,0
13147,,,,0.0,0
13258,,,,0.0,0
13369,,,,0.0,0
13480,,,,0.0,0
13591,,,,0.0,0
13702,,,,0.0,0
13813,,,,0.0,0
13924,,,,0.0,0
14035,,,,0.0,0
14146,,,,0.0,0
14257,,,,0.0,0
716,Marikina Silt Loam,Silt Loam,1.0,1.0,0
827,Marikina Silt Loam,Silt Loam,1.0,1.0,0
938,Marikina Silt Loam,Silt Loam,1.0,1.0,0
1049,Marikina Silt Loam,Silt Loam,1.0,1.0,0
1160,Marikina Silt Loam,Silt Loam,1.0,1.0,0
1382,Marikina Silt Loam,Silt Loam,1.0,1.0,0
1604,Marikina Silt Loam,Silt Loam,1.0,1.0,0
2159,Marikina Silt Loam,Silt Loam,1.0,1.0,0
2270,Marikina Silt Loam,Silt Loam,1.0,1.0,0
2492,Marikina Silt Loam,Silt Loam,1.0,1.0,0
2603,Marikina Silt Loam,Silt Loam,1.0,1.0,0
2714,Marikina Silt Loam,Silt Loam,0.922,1.0,0
2825,Marikina Loam,Loam,0.839,1.0,0
2936,Marikina Loam,Loam,1.0,1.0,0
3047,Marikina Loam,Loam,1.0,1.0,0
3158,Marikina Loam,Loam,1.0,1.0,0
3269,Marikina Loam,Loam,1.0,1.0,0
3491,Marikina Loam,Loam,1.0,1.0,0
3602,Marikina Loam,Loam,0.82,1.0,0
3713,Antipolo Clay,Clay,1.0,1.0,0
3824,Antipolo Clay,Clay,1.0,1.0,0
3935,Antipolo Clay,Clay,1.0,1.0,0
4046,Antipolo Clay,Clay,1.0,1.0,0
4490,Antipolo Clay,Clay,1.0,1.0,0
4601,Antipolo Clay,Clay,1.0,1.0,0
4712,Antipolo Clay,Clay,1.0,1.0,0
4823,Antipolo Clay,Clay,1.0,1.0,0
4934,Antipolo Clay,Clay,1.0,1.0,0
5045,Antipolo Clay,Clay,1.0,1.0,0
5156,Antipolo Clay,Clay,1.0,1.0,0
5267,Antipolo Clay,Clay,1.0,1.0,0
5489,Antipolo Clay,Clay,1.0,1.0,0
5600,Antipolo Clay,Clay,1.0,1.0,0
5711,Antipolo Clay,Clay,1.0,1.0,0
5822,Antipolo Clay,Clay,1.0,1.0,0
5933,Antipolo Clay,Clay,1.0,1.0,0
6044,Antipolo Clay,Clay,1.0,1.0,0
6155,Antipolo Clay,Clay,1.0,1.0,0
6266,Antipolo Clay,Clay,1.0,1.0,0
6377,Antipolo Clay,Clay,1.0,1.0,0
6488,Antipolo Clay,Clay,1.0,1.0,0
6599,Antipolo Clay,Clay,1.0,1.0,0
6710,Antipolo Clay,Clay,1.0,1.0,0
6821,Antipolo Clay,Clay,1.0,1.0,0
6932,Antipolo Clay,Clay,1.0,1.0,0
7043,Antipolo Clay,Clay,1.0,1.0,0
7265,Antipolo Clay,Clay,1.0,1.0,0
7487,Antipolo Clay,Clay,1.0,1.0,0
7598,Antipolo Clay,Clay,1.0,1.0,0
7709,Antipolo Clay,Clay,1.0,1.0,0
7820,Antipolo Clay,Clay,1.0,1.0,0
7931,Antipolo Clay,Clay,1.0,1.0,0
8042,Antipolo Clay,Clay,1.0,1.0,0
8153,Antipolo Clay,Clay,1.0,1.0,0
8264,Antipolo Clay,Clay,1.0,1.0,0
8375,Antipolo Clay,Clay,1.0,1.0,0
8486,Binangonan Clay,Clay,0.859,1.0,0
8597,Binangonan Clay,Clay,1.0,1.0,0
8708,Binangonan Clay,Clay,1.0,1.0,0
8819,Binangonan Clay,Clay,1.0,1.0,0
8930,Binangonan Clay,Clay,1.0,1.0,0
9041,Binangonan Clay,Clay,1.0,1.0,0
9152,Binangonan Clay,Clay,1.0,0.982,0
9263,Binangonan Clay,Clay,1.0,0.439,0
9374,Binangonan Clay,Clay,,0.0,1
9485,Binangonan Clay,Clay,,0.0,1
9596,Binangonan Clay,Clay,,0.0,1
9707,Binangonan Clay,Clay,,0.0,1
9818,Binangonan Clay,Clay,,0.0,1
9929,,,,0.0,0
10040,,,,0.0,0
10151,,,,0.0,0
10262,,,,0.0,0
10373,,,,0.0,0
10484,,,,0.0,0
10595,,,,0.0,0
10706,,,,0.0,0
10817,,,,0.0,0
10928,,,,0.0,0
11039,,,,0.0,0
11150,,,,0.0,0
11261,,,,0.0,0
11372,,,,0.0,0
11483,,,,0.0,0
11594,,,,0.0,0
11705,,,,0.0,0
11816,,,,0.0,0
11927,,,,0.0,0
12038,,,,0.0,0
12149,,,,0.0,0
12260,,,,0.0,0
12371,,,,0.0,0
12482,,,,0.0,0
12593,,,,0.0,0
12704,,,,0.0,0
12815,,,,0.0,0
12926,,,,0.0,0
13037,,,,0.0,0
13148,,,,0.0,0
13259,,,,0.0,0
13370,,,,0.0,0
13481,,,,0.0,0
13592,,,,0.0,0
13703,,,,0.0,0
13814,,,,0.0,0
13925,,,,0.0,0
14036,,,,0.0,0
14147,,,,0.0,0
14258,,,,0.0,0
14369,,,,0.0,0
717,Marikina Silt Loam,Silt Loam,1.0,1.0,0
828,Marikina Silt Loam,Silt Loam,1.0,1.0,0
939,Marikina Silt Loam,Silt Loam,1.0,1.0,0
1050,Marikina Silt Loam,Silt Loam,1.0,1.0,0
1272,Marikina Silt Loam,Silt Loam,1.0,1.0,0
1827,Marikina Silt Loam,Silt Loam,1.0,1.0,0
1938,Marikina Silt Loam,Silt Loam,1.0,1.0,0
2049,Marikina Silt Loam,Silt Loam,1.0,1.0,0
2271,Marikina Silt Loam,Silt Loam,1.0,1.0,0
2493,Marikina Silt Loam,Silt Loam,1.0,1.0,0
2715,Marikina Loam,Loam,0.766,1.0,0
2826,Marikina Loam,Loam,1.0,1.0,0
2937,Marikina Loam,Loam,1.0,1.0,0
3159,Marikina Loam,Loam,1.0,1.0,0
3492,Marikina Loam,Loam,1.0,1.0,0
3603,Marikina Loam,Loam,0.729,1.0,0
3714,Antipolo Clay,Clay,1.0,1.0,0
3825,Antipolo Clay,Clay,1.0,1.0,0
3936,Antipolo Clay,Clay,1.0,1.0,0
4269,Antipolo Clay,Clay,1.0,1.0,0
4491,Antipolo Clay,Clay,1.0,1.0,0
4602,Antipolo Clay,Clay,1.0,1.0,0
4713,Antipolo Clay,Clay,1.0,1.0,0
4824,Antipolo Clay,Clay,1.0,1.0,0
5046,Antipolo Clay,Clay,1.0,1.0,0
5157,Antipolo Clay,Clay,1.0,1.0,0
5268,Antipolo Clay,Clay,1.0,1.0,0
5379,Antipolo Clay,Clay,1.0,1.0,0
5490,Antipolo Clay,Clay,1.0,1.0,0
5601,Antipolo Clay,Clay,1.0,1.0,0
5712,Antipolo Clay,Clay,1.0,1.0,0
5823,Antipolo Clay,Clay,1.0,1.0,0
5934,Antipolo Clay,Clay,1.0,1.0,0
6045,Antipolo Clay,Clay,1.0,1.0,0
6156,Antipolo Clay,Clay,1.0,1.0,0
6267,Antipolo Clay,Clay,1.0,1.0,0
6378,Antipolo Clay,Clay,1.0,1.0,0
6489,Antipolo Clay,Clay,1.0,1.0,0
6600,Antipolo Clay,Clay,1.0,1.0,0
6711,Antipolo Clay,Clay,1.0,1.0,0
6822,Antipolo Clay,Clay,1.0,1.0,0
6933,Antipolo Clay,Clay,1.0,1.0,0
7044,Antipolo Clay,Clay,1.0,1.0,0
7266,Antipolo Clay,Clay,1.0,1.0,0
7377,Antipolo Clay,Clay,1.0,1.0,0
7488,Antipolo Clay,Clay,1.0,1.0,0
7599,Antipolo Clay,Clay,1.0,1.0,0
7710,Antipolo Clay,Clay,1.0,1.0,0
7821,Antipolo Clay,Clay,1.0,1.0,0
7932,Antipolo Clay,Clay,1.0,1.0,0
8043,Antipolo Clay,Clay,1.0,1.0,0
8154,Antipolo Clay,Clay,1.0,1.0,0
8265,Antipolo Clay,Clay,1.0,1.0,0
8376,Antipolo Clay,Clay,0.921,1.0,0
8487,Binangonan Clay,Clay,0.982,1.0,0
8598,Binangonan Clay,Clay,1.0,1.0,0
8709,Binangonan Clay,Clay,1.0,1.0,0
8820,Binangonan Clay,Clay,1.0,1.0,0
8931,Binangonan Clay,Clay,1.0,1.0,0
9042,Binangonan Clay,Clay,1.0,1.0,0
9153,Binangonan Clay,Clay,1.0,1.0,0
9264,Binangonan Clay,Clay,1.0,1.0,0
9375,Binangonan Clay,Clay,1.0,0.857,0
9486,Binangonan Clay,Clay,1.0,0.328,0
9597,Binangonan Clay,Clay,,0.0,1
9708,Binangonan Clay,Clay,,0.0,1
9819,Binangonan Clay,Clay,,0.0,1
9930,Binangonan Clay,Clay,,0.0,1
10041,Binangonan Clay,Clay,,0.0,1
10152,,,,0.0,0
10263,,,,0.0,0
10374,,,,0.0,0
10485,,,,0.0,0
10596,,,,0.0,0
10707,,,,0.0,0
10818,,,,0.0,0
10929,,,,0.0,0
11040,,,,0.0,0
11151,,,,0.0,0
11262,,,,0.0,0
11373,,,,0.0,0
11595,,,,0.0,0
11706,,,,0.0,0
11817,,,,0.0,0
11928,,,,0.0,0
12039,,,,0.0,0
12150,,,,0.0,0
12261,,,,0.0,0
12372,,,,0.0,0
12483,,,,0.0,0
12594,,,,0.0,0
12705,,,,0.0,0
12816,,,,0.0,0
12927,,,,0.0,0
13038,,,,0.0,0
13149,,,,0.0,0
13260,,,,0.0,0
13371,,,,0.0,0
13482,,,,0.0,0
13593,,,,0.0,0
13704,,,,0.0,0
13815,,,,0.0,0
13926,,,,0.0,0
14037,,,,0.0,0
14148,,,,0.0,0
14259,,,,0.0,0
14370,,,,0.0,0
718,Marikina Silt Loam,Silt Loam,1.0,1.0,0
829,Marikina Silt Loam,Silt Loam,1.0,1.0,0
940,Marikina Silt Loam,Silt Loam,1.0,1.0,0
1051,Marikina Silt Loam,Silt Loam,1.0,1.0,0
1273,Marikina Silt Loam,Silt Loam,1.0,1.0,0
1384,Marikina Silt Loam,Silt Loam,1.0,1.0,0
1606,Marikina Silt Loam,Silt Loam,1.0,1.0,0
1717,Marikina Silt Loam,Silt Loam,1.0,1.0,0
2050,Marikina Silt Loam,Silt Loam,1.0,1.0,0
2161,Marikina Silt Loam,Silt Loam,1.0,1.0,0
2383,Marikina Silt Loam,Silt Loam,1.0,1.0,0
2494,Marikina Silt Loam,Silt Loam,0.953,1.0,0
2605,Marikina Loam,Loam,0.766,1.0,0
2716,Marikina Loam,Loam,1.0,1.0,0
2938,Marikina Loam,Loam,1.0,1.0,0
3049,Marikina Loam,Loam,1.0,1.0,0
3160,Marikina Loam,Loam,1.0,1.0,0
3271,Marikina Loam,Loam,1.0,1.0,0
3382,Marikina Loam,Loam,1.0,1.0,0
3715,Antipolo Clay,Clay,1.0,1.0,0
3937,Antipolo Clay,Clay,1.0,1.0,0
4381,Antipolo Clay,Clay,1.0,1.0,0
4492,Antipolo Clay,Clay,1.0,1.0,0
4603,Antipolo Clay,Clay,1.0,1.0,0
4714,Antipolo Clay,Clay,1.0,1.0,0
4825,Antipolo Clay,Clay,1.0,1.0,0
4936,Antipolo Clay,Clay,1.0,1.0,0
5047,Antipolo Clay,Clay,1.0,1.0,0
5158,Antipolo Clay,Clay,1.0,1.0,0
5269,Antipolo Clay,Clay,1.0,1.0,0
5380,Antipolo Clay,Clay,1.0,1.0,0
5491,Antipolo Clay,Clay,1.0,1.0,0
5602,Antipolo Clay,Clay,1.0,1.0,0
5713,Antipolo Clay,Clay,1.0,1.0,0
5824,Antipolo Clay,Clay,1.0,1.0,0
5935,Antipolo Clay,Clay,1.0,1.0,0
6046,Antipolo Clay,Clay,1.0,1.0,0
6157,Antipolo Clay,Clay,1.0,1.0,0
6268,Antipolo Clay,Clay,1.0,1.0,0
6379,Antipolo Clay,Clay,1.0,1.0,0
6490,Antipolo Clay,Clay,1.0,1.0,0
6601,Antipolo Clay,Clay,1.0,1.0,0
6823,Antipolo Clay,Clay,1.0,1.0,0
6934,Antipolo Clay,Clay,1.0,1.0,0
7045,Antipolo Clay,Clay,1.0,1.0,0
7156,Antipolo Clay,Clay,1.0,1.0,0
7267,Antipolo Clay,Clay,1.0,1.0,0
7378,Antipolo Clay,Clay,1.0,1.0,0
7489,Antipolo Clay,Clay,1.0,1.0,0
7600,Antipolo Clay,Clay,1.0,1.0,0
7711,Antipolo Clay,Clay,1.0,1.0,0
7822,Antipolo Clay,Clay,1.0,1.0,0
7933,Antipolo Clay,Clay,1.0,1.0,0
8044,Antipolo Clay,Clay,1.0,1.0,0
8266,Antipolo Clay,Clay,1.0,1.0,0
8377,Antipolo Clay,Clay,0.679,1.0,0
8488,Binangonan Clay,Clay,1.0,1.0,0
8599,Binangonan Clay,Clay,1.0,1.0,0
8710,Binangonan Clay,Clay,1.0,1.0,0
8821,Binangonan Clay,Clay,1.0,1.0,0
8932,Binangonan Clay,Clay,1.0,1.0,0
9043,Binangonan Clay,Clay,1.0,1.0,0
9154,Binangonan Clay,Clay,1.0,1.0,0
9265,Binangonan Clay,Clay,1.0,1.0,0
9376,Binangonan Clay,Clay,1.0,1.0,0
9487,Binangonan Clay,Clay,1.0,1.0,0
9598,Binangonan Clay,Clay,1.0,0.781,0
9709,Binangonan Clay,Clay,1.0,0.109,1
9820,Binangonan Clay,Clay,,0.0,1
9931,Binangonan Clay,Clay,,0.0,1
10042,Binangonan Clay,Clay,,0.0,1
10153,Binangonan Clay,Clay,,0.0,1
10264,,,,0.0,0
10375,,,,0.0,0
10486,,,,0.0,0
10597,,,,0.0,0
10708,,,,0.0,0
10819,,,,0.0,0
10930,,,,0.0,0
11041,,,,0.0,0
11152,,,,0.0,0
11263,,,,0.0,0
11374,,,,0.0,0
11485,,,,0.0,0
11596,,,,0.0,0
11707,,,,0.0,0
11818,,,,0.0,0
11929,,,,0.0,0
12040,,,,0.0,0
12151,,,,0.0,0
12262,,,,0.0,0
12373,,,,0.0,0
12484,,,,0.0,0
12595,,,,0.0,0
12706,,,,0.0,0
12817,,,,0.0,0
12928,,,,0.0,0
13039,,,,0.0,0
13150,,,,0.0,0
13261,,,,0.0,0
13372,,,,0.0,0
13483,,,,0.0,0
13594,,,,0.0,0
13705,,,,0.0,0
13816,,,,0.0,0
13927,,,,0.0,0
14038,,,,0.0,0
14149,,,,0.0,0
14260,,,,0.0,0
14371,,,,0.0,0
719,Marikina Silt Loam,Silt Loam,1.0,1.0,0
830,Marikina Silt Loam,Silt Loam,1.0,1.0,0
941,Marikina Silt Loam,Silt Loam,1.0,1.0,0
1385,Marikina Silt Loam,Silt Loam,1.0,1.0,0
1607,Marikina Silt Loam,Silt Loam,1.0,1.0,0
1718,Marikina Silt Loam,Silt Loam,1.0,1.0,0
1940,Marikina Silt Loam,Silt Loam,1.0,1.0,0
2051,Marikina Silt Loam,Silt Loam,1.0,1.0,0
2273,Marikina Silt Loam,Silt Loam,1.0,1.0,0
2495,Marikina Loam,Loam,0.72,1.0,0
2606,Marikina Loam,Loam,1.0,1.0,0
2717,Marikina Loam,Loam,1.0,1.0,0
2828,Marikina Loam,Loam,1.0,1.0,0
2939,Marikina Loam,Loam,1.0,1.0,0
3050,Marikina Loam,Loam,1.0,1.0,0
3272,Marikina Loam,Loam,1.0,1.0,0
3494,Marikina Loam,Loam,1.0,1.0,0
3605,Marikina Loam,Loam,0.875,1.0,0
3716,Antipolo Clay,Clay,1.0,1.0,0
3938,Antipolo Clay,Clay,1.0,1.0,0
4160,Antipolo Clay,Clay,1.0,1.0,0
4271,Antipolo Clay,Clay,1.0,1.0,0
4493,Antipolo Clay,Clay,1.0,1.0,0
4604,Antipolo Clay,Clay,1.0,1.0,0
4715,Antipolo Clay,Clay,1.0,1.0,0
4826,Antipolo Clay,Clay,1.0,1.0,0
4937,Antipolo Clay,Clay,1.0,1.0,0
5048,Antipolo Clay,Clay,1.0,1.0,0
5159,Antipolo Clay,Clay,1.0,1.0,0
5270,Antipolo Clay,Clay,1.0,1.0,0
5381,Antipolo Clay,Clay,1.0,1.0,0
5492,Antipolo Clay,Clay,1.0,1.0,0
5603,Antipolo Clay,Clay,1.0,1.0,0
5714,Antipolo Clay,Clay,1.0,1.0,0
5825,Antipolo Clay,Clay,1.0,1.0,0
5936,Antipolo Clay,Clay,1.0,1.0,0
6047,Antipolo Clay,Clay,1.0,1.0,0
6269,Antipolo Clay,Clay,1.0,1.0,0
6380,Antipolo Clay,Clay,1.0,1.0,0
6491,Antipolo Clay,Clay,1.0,1.0,0
6602,Antipolo Clay,Clay,1.0,1.0,0
6713,Antipolo Clay,Clay,1.0,1.0,0
6824,Antipolo Clay,Clay,1.0,1.0,0
6935,Antipolo Clay,Clay,1.0,1.0,0
7046,Antipolo Clay,Clay,1.0,1.0,0
7157,Antipolo Clay,Clay,1.0,1.0,0
7268,Antipolo Clay,Clay,1.0,1.0,0
7379,Antipolo Clay,Clay,1.0,1.0,0
7490,Antipolo Clay,Clay,1.0,1.0,0
7601,Antipolo Clay,Clay,1.0,1.0,0
7712,Antipolo Clay,Clay,1.0,1.0,0
7823,Antipolo Clay,Clay,1.0,1.0,0
7934,Antipolo Clay,Clay,1.0,1.0,0
8045,Antipolo Clay,Clay,1.0,1.0,0
8156,Antipolo Clay,Clay,1.0,1.0,0
8267,Antipolo Clay,Clay,1.0,1.0,0
8489,Binangonan Clay,Clay,1.0,1.0,0
8600,Binangonan Clay,Clay,1.0,1.0,0
8711,Binangonan Clay,Clay,1.0,1.0,0
8822,Binangonan Clay,Clay,1.0,1.0,0
9044,Binangonan Clay,Clay,1.0,1.0,0
9155,Binangonan Clay,Clay,1.0,1.0,0
9377,Binangonan Clay,Clay,1.0,1.0,0
9488,Binangonan Clay,Clay,1.0,1.0,0
9599,Binangonan Clay,Clay,1.0,1.0,0
9710,Binangonan Clay,Clay,1.0,0.964,0
9821,Binangonan Clay,Clay,1.0,0.386,0
9932,Binangonan Clay,Clay,,0.0,1
10043,Binangonan Clay,Clay,,0.0,1
10154,Binangonan Clay,Clay,,0.0,1
10265,Binangonan Clay,Clay,,0.0,1
10376,,,,0.0,0
10487,,,,0.0,0
10598,,,,0.0,0
10709,,,,0.0,0
10820,,,,0.0,0
11042,,,,0.0,0
11153,,,,0.0,0
11264,,,,0.0,0
11375,,,,0.0,0
11486,,,,0.0,0
11597,,,,0.0,0
11708,,,,0.0,0
11819,,,,0.0,0
11930,,,,0.0,0
12041,,,,0.0,0
12152,,,,0.0,0
12263,,,,0.0,0
12374,,,,0.0,0
12485,,,,0.0,0
12596,,,,0.0,0
12707,,,,0.0,0
12818,,,,0.0,0
12929,,,,0.0,0
13040,,,,0.0,0
13151,,,,0.0,0
13262,,,,0.0,0
13373,,,,0.0,0
13484,,,,0.0,0
13595,,,,0.0,0
13706,,,,0.0,0
13817,,,,0.0,0
13928,,,,0.0,0
14039,,,,0.0,0
14150,,,,0.0,0
14261,,,,0.0,0
14372,,,,0.0,0
720,Marikina Silt Loam,Silt Loam,1.0,1.0,0
831,Marikina Silt Loam,Silt Loam,1.0,1.0,0
942,Marikina Silt Loam,Silt Loam,1.0,1.0,0
1053,Marikina Silt Loam,Silt Loam,1.0,1.0,0
1275,Marikina Silt Loam,Silt Loam,1.0,1.0,0
1608,Marikina Silt Loam,Silt Loam,1.0,1.0,0
1719,Marikina Silt Loam,Silt Loam,1.0,1.0,0
1830,Marikina Silt Loam,Silt Loam,1.0,1.0,0
2052,Marikina Silt Loam,Silt Loam,1.0,1.0,0
2163,Marikina Silt Loam,Silt Loam,1.0,1.0,0
2274,Marikina Silt Loam,Silt Loam,1.0,1.0,0
2496,Marikina Loam,Loam,1.0,1.0,0
2718,Marikina Loam,Loam,1.0,1.0,0
3162,Marikina Loam,Loam,1.0,1.0,0
3273,Marikina Loam,Loam,1.0,1.0,0
3384,Marikina Loam,Loam,1.0,1.0,0
3495,Marikina Loam,Loam,1.0,1.0,0
3606,Marikina Loam,Loam,0.812,1.0,0
3717,Antipolo Clay,Clay,1.0,1.0,0
3828,Antipolo Clay,Clay,1.0,1.0,0
3939,Antipolo Clay,Clay,1.0,1.0,0
4161,Antipolo Clay,Clay,1.0,1.0,0
4272,Antipolo Clay,Clay,1.0,1.0,0
4383,Antipolo Clay,Clay,1.0,1.0,0
4494,Antipolo Clay,Clay,1.0,1.0,0
4605,Antipolo Clay,Clay,1.0,1.0,0
4716,Antipolo Clay,Clay,1.0,1.0,0
4827,Antipolo Clay,Clay,1.0,1.0,0
4938,Antipolo Clay,Clay,1.0,1.0,0
5049,Antipolo Clay,Clay,1.0,1.0,0
5160,Antipolo Clay,Clay,1.0,1.0,0
5271,Antipolo Clay,Clay,1.0,1.0,0
5382,Antipolo Clay,Clay,1.0,1.0,0
5493,Antipolo Clay,Clay,1.0,1.0,0
5604,Antipolo Clay,Clay,1.0,1.0,0
5715,Antipolo Clay,Clay,1.0,1.0,0
5826,Antipolo Clay,Clay,1.0,1.0,0
5937,Antipolo Clay,Clay,1.0,1.0,0
6048,Antipolo Clay,Clay,1.0,1.0,0
6159,Antipolo Clay,Clay,1.0,1.0,0
6270,Antipolo Clay,Clay,1.0,1.0,0
6381,Antipolo Clay,Clay,1.0,1.0,0
6492,Antipolo Clay,Clay,1.0,1.0,0
6603,Antipolo Clay,Clay,1.0,1.0,0
6714,Antipolo Clay,Clay,1.0,1.0,0
6825,Antipolo Clay,Clay,1.0,1.0,0
6936,Antipolo Clay,Clay,1.0,1.0,0
7047,Antipolo Clay,Clay,1.0,1.0,0
7158,Antipolo Clay,Clay,1.0,1.0,0
7269,Antipolo Clay,Clay,1.0,1.0,0
7380,Antipolo Clay,Clay,1.0,1.0,0
7491,Antipolo Clay,Clay,1.0,1.0,0
7602,Antipolo Clay,Clay,1.0,1.0,0
7713,Antipolo Clay,Clay,1.0,1.0,0
7824,Antipolo Clay,Clay,1.0,1.0,0
7935,Antipolo Clay,Clay,1.0,1.0,0
8046,Antipolo Clay,Clay,1.0,1.0,0
8157,Antipolo Clay,Clay,1.0,1.0,0
8268,Antipolo Clay,Clay,0.812,1.0,0
8379,Binangonan Clay,Clay,1.0,1.0,0
8490,Binangonan Clay,Clay,1.0,1.0,0
8601,Binangonan Clay,Clay,1.0,1.0,0
8712,Binangonan Clay,Clay,1.0,1.0,0
8934,Binangonan Clay,Clay,1.0,1.0,0
9045,Binangonan Clay,Clay,1.0,1.0,0
9156,Binangonan Clay,Clay,1.0,1.0,0
9267,Binangonan Clay,Clay,1.0,1.0,0
9378,Binangonan Clay,Clay,1.0,1.0,0
9489,Binangonan Clay,Clay,1.0,1.0,0
9600,Binangonan Clay,Clay,1.0,1.0,0
9711,Binangonan Clay,Clay,1.0,1.0,0
9822,Binangonan Clay,Clay,1.0,1.0,0
9933,Binangonan Clay,Clay,1.0,0.768,0
10044,Binangonan Clay,Clay,1.0,0.109,1
10155,Binangonan Clay,Clay,,0.0,1
10266,Binangonan Clay,Clay,,0.0,1
10377,Binangonan Clay,Clay,,0.0,1
10488,,,,0.0,0
10599,,,,0.0,0
10710,,,,0.0,0
10821,,,,0.0,0
10932,,,,0.0,0
11043,,,,0.0,0
11154,,,,0.0,0
11265,,,,0.0,0
11376,,,,0.0,0
11487,,,,0.0,0
11598,,,,0.0,0
11820,,,,0.0,0
11931,,,,0.0,0
12042,,,,0.0,0
12153,,,,0.0,0
12264,,,,0.0,0
12375,,,,0.0,0
12486,,,,0.0,0
12597,,,,0.0,0
12708,,,,0.0,0
12819,,,,0.0,0
12930,,,,0.0,0
13041,,,,0.0,0
13152,,,,0.0,0
13263,,,,0.0,0
13374,,,,0.0,0
13485,,,,0.0,0
13596,,,,0.0,0
13707,,,,0.0,0
13818,,,,0.0,0
13929,,,,0.0,0
14040,,,,0.0,0
14151,,,,0.0,0
14262,,,,0.0,0
14373,,,,0.0,0
721,Marikina Silt Loam,Silt Loam,1.0,1.0,0
832,Marikina Silt Loam,Silt Loam,1.0,1.0,0
943,Marikina Silt Loam,Silt Loam,1.0,1.0,0
1498,Marikina Silt Loam,Silt Loam,1.0,1.0,0
1609,Marikina Silt Loam,Silt Loam,1.0,1.0,0
1831,Marikina Silt Loam,Silt Loam,1.0,1.0,0
2275,Marikina Silt Loam,Silt Loam,0.844,1.0,0
2497,Marikina Loam,Loam,1.0,1.0,0
2608,Marikina Loam,Loam,1.0,1.0,0
2830,Marikina Loam,Loam,1.0,1.0,0
3274,Marikina Loam,Loam,1.0,1.0,0
3829,Antipolo Clay,Clay,1.0,1.0,0
3940,Antipolo Clay,Clay,1.0,1.0,0
4051,Antipolo Clay,Clay,1.0,1.0,0
4162,Antipolo Clay,Clay,1.0,1.0,0
4384,Antipolo Clay,Clay,1.0,1.0,0
4495,Antipolo Clay,Clay,1.0,1.0,0
4606,Antipolo Clay,Clay,1.0,1.0,0
4717,Antipolo Clay,Clay,1.0,1.0,0
4828,Antipolo Clay,Clay,1.0,1.0,0
4939,Antipolo Clay,Clay,1.0,1.0,0
5050,Antipolo Clay,Clay,1.0,1.0,0
5161,Antipolo Clay,Clay,1.0,1.0,0
5272,Antipolo Clay,Clay,1.0,1.0,0
5383,Antipolo Clay,Clay,1.0,1.0,0
5605,Antipolo Clay,Clay,1.0,1.0,0
5716,Antipolo Clay,Clay,1.0,1.0,0
5827,Antipolo Clay,Clay,1.0,1.0,0
5938,Antipolo Clay,Clay,1.0,1.0,0
6049,Antipolo Clay,Clay,1.0,1.0,0
6160,Antipolo Clay,Clay,1.0,1.0,0
6271,Antipolo Clay,Clay,1.0,1.0,0
6382,Antipolo Clay,Clay,1.0,1.0,0
6493,Antipolo Clay,Clay,1.0,1.0,0
6604,Antipolo Clay,Clay,1.0,1.0,0
6715,Antipolo Clay,Clay,1.0,1.0,0
6826,Antipolo Clay,Clay,1.0,1.0,0
6937,Antipolo Clay,Clay,1.0,1.0,0
7048,Antipolo Clay,Clay,1.0,1.0,0
7270,Antipolo Clay,Clay,1.0,1.0,0
7381,Antipolo Clay,Clay,1.0,1.0,0
7492,Antipolo Clay,Clay,1.0,1.0,0
7603,Antipolo Clay,Clay,1.0,1.0,0
7714,Antipolo Clay,Clay,1.0,1.0,0
7825,Antipolo Clay,Clay,1.0,1.0,0
7936,Antipolo Clay,Clay,1.0,1.0,0
8047,Antipolo Clay,Clay,1.0,1.0,0
8158,Antipolo Clay,Clay,1.0,1.0,0
8269,Binangonan Clay,Clay,0.547,1.0,0
8380,Binangonan Clay,Clay,1.0,1.0,0
8491,Binangonan Clay,Clay,1.0,1.0,0
8602,Binangonan Clay,Clay,1.0,1.0,0
8713,Binangonan Clay,Clay,1.0,1.0,0
8824,Binangonan Clay,Clay,1.0,1.0,0
8935,Binangonan Clay,Clay,1.0,1.0,0
9046,Binangonan Clay,Clay,1.0,1.0,0
9157,Binangonan Clay,Clay,1.0,1.0,0
9268,Binangonan Clay,Clay,1.0,1.0,0
9379,Binangonan Clay,Clay,1.0,1.0,0
9490,Binangonan Clay,Clay,1.0,1.0,0
9601,Binangonan Clay,Clay,1.0,1.0,0
9712,Binangonan Clay,Clay,1.0,1.0,0
9823,Binangonan Clay,Clay,1.0,1.0,0
9934,Binangonan Clay,Clay,1.0,1.0,0
10045,Binangonan Clay,Clay,1.0,0.734,0
10156,Binangonan Clay,Clay,1.0,0.016,1
10267,Binangonan Clay,Clay,,0.0,1
10378,Binangonan Clay,Clay,,0.0,1
10489,,,,0.0,0
10600,,,,0.0,0
10711,,,,0.0,0
10822,,,,0.0,0
10933,,,,0.0,0
11044,,,,0.0,0
11155,,,,0.0,0
11266,,,,0.0,0
11377,,,,0.0,0
11488,,,,0.0,0
11599,,,,0.0,0
11710,,,,0.0,0
11821,,,,0.0,0
11932,,,,0.0,0
12043,,,,0.0,0
12154,,,,0.0,0
12265,,,,0.0,0
12376,,,,0.0,0
12487,,,,0.0,0
12598,,,,0.0,0
12709,,,,0.0,0
12820,,,,0.0,0
12931,,,,0.0,0
13042,,,,0.0,0
13153,,,,0.0,0
13264,,,,0.0,0
13375,,,,0.0,0
13486,,,,0.0,0
13597,,,,0.0,0
13708,,,,0.0,0
13819,,,,0.0,0
13930,,,,0.0,0
14041,,,,0.0,0
14152,,,,0.0,0
14263,,,,0.0,0
14374,,,,0.0,0
722,Marikina Silt Loam,Silt Loam,1.0,1.0,0
833,Marikina Silt Loam,Silt Loam,1.0,1.0,0
944,Marikina Silt Loam,Silt Loam,1.0,1.0,0
1166,Marikina Silt Loam,Silt Loam,1.0,1.0,0
1277,Marikina Silt Loam,Silt Loam,1.0,1.0,0
1388,Marikina Silt Loam,Silt Loam,1.0,1.0,0
1499,Marikina Silt Loam,Silt Loam,1.0,1.0,0
1610,Marikina Silt Loam,Silt Loam,1.0,1.0,0
1721,Marikina Silt Loam,Silt Loam,1.0,1.0,0
1832,Marikina Silt Loam,Silt Loam,1.0,1.0,0
2165,Marikina Silt Loam,Silt Loam,1.0,1.0,0
2387,Marikina Loam,Loam,1.0,1.0,0
2498,Marikina Loam,Loam,1.0,1.0,0
2609,Marikina Loam,Loam,1.0,1.0,0
3053,Marikina Loam,Loam,1.0,1.0,0
3164,Marikina Loam,Loam,1.0,1.0,0
3275,Marikina Loam,Loam,1.0,1.0,0
3386,Marikina Loam,Loam,1.0,1.0,0
3497,Marikina Loam,Loam,1.0,1.0,0
3608,Marikina Loam,Loam,1.0,1.0,0
3719,Antipolo Clay,Clay,1.0,1.0,0
3830,Antipolo Clay,Clay,1.0,1.0,0
3941,Antipolo Clay,Clay,1.0,1.0,0
4052,Antipolo Clay,Clay,1.0,1.0,0
4163,Antipolo Clay,Clay,1.0,1.0,0
4274,Antipolo Clay,Clay,1.0,1.0,0
4385,Antipolo Clay,Clay,1.0,1.0,0
4496,Antipolo Clay,Clay,1.0,1.0,0
4607,Antipolo Clay,Clay,1.0,1.0,0
4718,Antipolo Clay,Clay,1.0,1.0,0
4829,Antipolo Clay,Clay,1.0,1.0,0
4940,Antipolo Clay,Clay,1.0,1.0,0
5051,Antipolo Clay,Clay,1.0,1.0,0
5162,Antipolo Clay,Clay,1.0,1.0,0
5273,Antipolo Clay,Clay,1.0,1.0,0
5384,Antipolo Clay,Clay,1.0,1.0,0
5495,Antipolo Clay,Clay,1.0,1.0,0
5606,Antipolo Clay,Clay,1.0,1.0,0
5717,Antipolo Clay,Clay,1.0,1.0,0
5828,Antipolo Clay,Clay,1.0,1.0,0
5939,Antipolo Clay,Clay,1.0,1.0,0
6050,Antipolo Clay,Clay,1.0,1.0,0
6161,Antipolo Clay,Clay,1.0,1.0,0
6272,Antipolo Clay,Clay,1.0,1.0,0
6383,Antipolo Clay,Clay,1.0,1.0,0
6494,Antipolo Clay,Clay,1.0,1.0,0
6605,Antipolo Clay,Clay,1.0,1.0,0
6716,Antipolo Clay,Clay,1.0,1.0,0
6827,Antipolo Clay,Clay,1.0,1.0,0
6938,Antipolo Clay,Clay,1.0,1.0,0
7160,Antipolo Clay,Clay,1.0,1.0,0
7271,Antipolo Clay,Clay,1.0,1.0,0
7382,Antipolo Clay,Clay,1.0,1.0,0
7604,Antipolo Clay,Clay,1.0,1.0,0
7715,Antipolo Clay,Clay,1.0,1.0,0
7826,Antipolo Clay,Clay,1.0,1.0,0
8048,Antipolo Clay,Clay,1.0,1.0,0
8270,Binangonan Clay,Clay,0.9,1.0,0
8381,Binangonan Clay,Clay,1.0,1.0,0
8492,Binangonan Clay,Clay,1.0,1.0,0
8603,Binangonan Clay,Clay,1.0,1.0,0
8714,Binangonan Clay,Clay,1.0,1.0,0
8825,Binangonan Clay,Clay,1.0,1.0,0
8936,Binangonan Clay,Clay,1.0,1.0,0
9047,Binangonan Clay,Clay,1.0,1.0,0
9158,Binangonan Clay,Clay,1.0,1.0,0
9269,Binangonan Clay,Clay,1.0,1.0,0
9380,Binangonan Clay,Clay,1.0,1.0,0
9491,Binangonan Clay,Clay,1.0,1.0,0
9602,Binangonan Clay,Clay,1.0,1.0,0
9713,Binangonan Clay,Clay,1.0,1.0,0
9824,Binangonan Clay,Clay,1.0,1.0,0
9935,Binangonan Clay,Clay,1.0,1.0,0
10046,Binangonan Clay,Clay,1.0,1.0,0
10157,Binangonan Clay,Clay,1.0,0.464,0
10268,Binangonan Clay,Clay,,0.0,1
10379,Binangonan Clay,Clay,,0.0,1
10490,Binangonan Clay,Clay,,0.0,1
10601,,,,0.0,0
10712,,,,0.0,0
10934,,,,0.0,0
11045,,,,0.0,0
11156,,,,0.0,0
11267,,,,0.0,0
11378,,,,0.0,0
11489,,,,0.0,0
11600,,,,0.0,0
11711,,,,0.0,0
11822,,,,0.0,0
12044,,,,0.0,0
12155,,,,0.0,0
12266,,,,0.0,0
12377,,,,0.0,0
12488,,,,0.0,0
12599,,,,0.0,0
12710,,,,0.0,0
12821,,,,0.0,0
12932,,,,0.0,0
13043,,,,0.0,0
13154,,,,0.0,0
13265,,,,0.0,0
13376,,,,0.0,0
13487,,,,0.0,0
13598,,,,0.0,0
13709,,,,0.0,0
13820,,,,0.0,0
13931,,,,0.0,0
14042,,,,0.0,0
14153,,,,0.0,0
14264,,,,0.0,0
14375,,,,0.0,0
723,Marikina Silt Loam,Silt Loam,1.0,1.0,0
834,Marikina Silt Loam,Silt Loam,1.0,1.0,0
945,Marikina Silt Loam,Silt Loam,1.0,1.0,0
1167,Marikina Silt Loam,Silt Loam,1.0,1.0,0
1278,Marikina Silt Loam,Silt Loam,1.0,1.0,0
1389,Marikina Silt Loam,Silt Loam,1.0,1.0,0
1611,Marikina Silt Loam,Silt Loam,1.0,1.0,0
1722,Marikina Silt Loam,Silt Loam,1.0,1.0,0
1833,Marikina Silt Loam,Silt Loam,1.0,1.0,0
1944,Marikina Silt Loam,Silt Loam,1.0,1.0,0
2055,Marikina Silt Loam,Silt Loam,1.0,1.0,0
2277,Marikina Loam,Loam,0.812,1.0,0
2388,Marikina Loam,Loam,1.0,1.0,0
2721,Marikina Loam,Loam,1.0,1.0,0
2832,Marikina Loam,Loam,1.0,1.0,0
3276,Marikina Loam,Loam,1.0,1.0,0
3387,Marikina Loam,Loam,1.0,1.0,0
3498,Marikina Loam,Loam,1.0,1.0,0
3720,Antipolo Clay,Clay,1.0,1.0,0
3831,Antipolo Clay,Clay,1.0,1.0,0
3942,Antipolo Clay,Clay,1.0,1.0,0
4053,Antipolo Clay,Clay,1.0,1.0,0
4164,Antipolo Clay,Clay,1.0,1.0,0
4275,Antipolo Clay,Clay,1.0,1.0,0
4386,Antipolo Clay,Clay,1.0,1.0,0
4497,Antipolo Clay,Clay,1.0,1.0,0
4608,Antipolo Clay,Clay,1.0,1.0,0
4719,Antipolo Clay,Clay,1.0,1.0,0
4830,Antipolo Clay,Clay,1.0,1.0,0
4941,Antipolo Clay,Clay,1.0,1.0,0
5052,Antipolo Clay,Clay,1.0,1.0,0
5163,Antipolo Clay,Clay,1.0,1.0,0
5274,Antipolo Clay,Clay,1.0,1.0,0
5385,Antipolo Clay,Clay,1.0,1.0,0
5496,Antipolo Clay,Clay,1.0,1.0,0
5607,Antipolo Clay,Clay,1.0,1.0,0
5718,Antipolo Clay,Clay,1.0,1.0,0
5829,Antipolo Clay,Clay,1.0,1.0,0
5940,Antipolo Clay,Clay,1.0,1.0,0
6051,Antipolo Clay,Clay,1.0,1.0,0
6162,Antipolo Clay,Clay,1.0,1.0,0
6384,Antipolo Clay,Clay,1.0,1.0,0
6606,Antipolo Clay,Clay,1.0,1.0,0
6717,Antipolo Clay,Clay,1.0,1.0,0
6828,Antipolo Clay,Clay,1.0,1.0,0
6939,Antipolo Clay,Clay,1.0,1.0,0
7161,Antipolo Clay,Clay,1.0,1.0,0
7272,Antipolo Clay,Clay,1.0,1.0,0
7494,Antipolo Clay,Clay,1.0,1.0,0
7605,Antipolo Clay,Clay,1.0,1.0,0
7716,Antipolo Clay,Clay,1.0,1.0,0
7827,Antipolo Clay,Clay,1.0,1.0,0
7938,Antipolo Clay,Clay,1.0,1.0,0
8049,Antipolo Clay,Clay,1.0,1.0,0
8160,Antipolo Clay,Clay,0.878,1.0,0
8271,Binangonan Clay,Clay,1.0,1.0,0
8382,Binangonan Clay,Clay,1.0,1.0,0
8493,Binangonan Clay,Clay,1.0,1.0,0
8604,Binangonan Clay,Clay,1.0,1.0,0
8715,Binangonan Clay,Clay,1.0,1.0,0
8826,Binangonan Clay,Clay,1.0,1.0,0
9048,Binangonan Clay,Clay,1.0,1.0,0
9159,Binangonan Clay,Clay,1.0,1.0,0
9270,Binangonan Clay,Clay,1.0,1.0,0
9381,Binangonan Clay,Clay,1.0,1.0,0
9492,Binangonan Clay,Clay,1.0,1.0,0
9603,Binangonan Clay,Clay,1.0,1.0,0
9714,Binangonan Clay,Clay,1.0,1.0,0
9825,Binangonan Clay,Clay,1.0,1.0,0
9936,Binangonan Clay,Clay,1.0,1.0,0
10047,Binangonan Clay,Clay,1.0,1.0,0
10158,Binangonan Clay,Clay,1.0,0.875,0
10269,Binangonan Clay,Clay,1.0,0.047,1
10491,Binangonan Clay,Clay,,0.0,1
10602,,,,0.0,0
10713,,,,0.0,0
10824,,,,0.0,0
10935,,,,0.0,0
11046,,,,0.0,0
11157,,,,0.0,0
11268,,,,0.0,0
11379,,,,0.0,0
11490,,,,0.0,0
11601,,,,0.0,0
11712,,,,0.0,0
11823,,,,0.0,0
11934,,,,0.0,0
12045,,,,0.0,0
12156,,,,0.0,0
12267,,,,0.0,0
12378,,,,0.0,0
12489,,,,0.0,0
12600,,,,0.0,0
12711,,,,0.0,0
12822,,,,0.0,0
13044,,,,0.0,0
13155,,,,0.0,0
13266,,,,0.0,0
13377,,,,0.0,0
13488,,,,0.0,0
13599,,,,0.0,0
13710,,,,0.0,0
13821,,,,0.0,0
13932,,,,0.0,0
14043,,,,0.0,0
14154,,,,0.0,0
14265,,,,0.0,0
14376,,,,0.0,0
724,Marikina Silt Loam,Silt Loam,1.0,1.0,0
835,Marikina Silt Loam,Silt Loam,1.0,1.0,0
946,Marikina Silt Loam,Silt Loam,1.0,1.0,0
1168,Marikina Silt Loam,Silt Loam,1.0,1.0,0
1501,Marikina Silt Loam,Silt Loam,1.0,1.0,0
1612,Marikina Silt Loam,Silt Loam,1.0,1.0,0
1834,Marikina Silt Loam,Silt Loam,1.0,1.0,0
1945,Marikina Silt Loam,Silt Loam,1.0,1.0,0
2056,Marikina Silt Loam,Silt Loam,1.0,1.0,0
2278,Marikina Loam,Loam,0.786,1.0,0
2722,Marikina Loam,Loam,1.0,1.0,0
2833,Marikina Loam,Loam,1.0,1.0,0
3166,Marikina Loam,Loam,1.0,1.0,0
3277,Marikina Loam,Loam,1.0,1.0,0
3388,Marikina Loam,Loam,1.0,1.0,0
3499,Marikina Loam,Loam,1.0,1.0,0
3610,Marikina Loam,Loam,1.0,1.0,0
3721,Antipolo Clay,Clay,0.812,1.0,0
3832,Antipolo Clay,Clay,1.0,1.0,0
3943,Antipolo Clay,Clay,1.0,1.0,0
4054,Antipolo Clay,Clay,1.0,1.0,0
4387,Antipolo Clay,Clay,1.0,1.0,0
4498,Antipolo Clay,Clay,1.0,1.0,0
4609,Antipolo Clay,Clay,1.0,1.0,0
4720,Antipolo Clay,Clay,1.0,1.0,0
4831,Antipolo Clay,Clay,1.0,1.0,0
4942,Antipolo Clay,Clay,1.0,1.0,0
5053,Antipolo Clay,Clay,1.0,1.0,0
5164,Antipolo Clay,Clay,1.0,1.0,0
5275,Antipolo Clay,Clay,1.0,1.0,0
5386,Antipolo Clay,Clay,1.0,1.0,0
5497,Antipolo Clay,Clay,1.0,1.0,0
5608,Antipolo Clay,Clay,1.0,1.0,0
5719,Antipolo Clay,Clay,1.0,1.0,0
5830,Antipolo Clay,Clay,1.0,1.0,0
5941,Antipolo Clay,Clay,1.0,1.0,0
6052,Antipolo Clay,Clay,1.0,1.0,0
6163,Antipolo Clay,Clay,1.0,1.0,0
6274,Antipolo Clay,Clay,1.0,1.0,0
6385,Antipolo Clay,Clay,1.0,1.0,0
6496,Antipolo Clay,Clay,1.0,1.0,0
6718,Antipolo Clay,Clay,1.0,1.0,0
6829,Antipolo Clay,Clay,1.0,1.0,0
6940,Antipolo Clay,Clay,1.0,1.0,0
7051,Antipolo Clay,Clay,1.0,1.0,0
7273,Antipolo Clay,Clay,1.0,1.0,0
7384,Antipolo Clay,Clay,1.0,1.0,0
7495,Antipolo Clay,Clay,1.0,1.0,0
7606,Antipolo Clay,Clay,1.0,1.0,0
7717,Antipolo Clay,Clay,1.0,1.0,0
7828,Antipolo Clay,Clay,1.0,1.0,0
7939,Antipolo Clay,Clay,1.0,1.0,0
8050,Antipolo Clay,Clay,1.0,1.0,0
8161,Antipolo Clay,Clay,1.0,1.0,0
8272,Binangonan Clay,Clay,0.969,1.0,0
8383,Binangonan Clay,Clay,1.0,1.0,0
8494,Binangonan Clay,Clay,1.0,1.0,0
8605,Binangonan Clay,Clay,1.0,1.0,0
8716,Binangonan Clay,Clay,1.0,1.0,0
8827,Binangonan Clay,Clay,1.0,1.0,0
8938,Binangonan Clay,Clay,1.0,1.0,0
9049,Binangonan Clay,Clay,1.0,1.0,0
9160,Binangonan Clay,Clay,1.0,1.0,0
9271,Binangonan Clay,Clay,1.0,1.0,0
9382,Binangonan Clay,Clay,1.0,1.0,0
9493,Binangonan Clay,Clay,1.0,1.0,0
9604,Binangonan Clay,Clay,1.0,1.0,0
9715,Binangonan Clay,Clay,1.0,1.0,0
9826,Binangonan Clay,Clay,1.0,1.0,0
9937,Binangonan Clay,Clay,1.0,1.0,0
10048,Binangonan Clay,Clay,1.0,1.0,0
10159,Binangonan Clay,Clay,1.0,1.0,0
10270,Binangonan Clay,Clay,1.0,0.516,0
10381,Binangonan Clay,Clay,,0.0,1
10492,Binangonan Clay,Clay,,0.0,1
10603,Binangonan Clay,Clay,,0.0,1
10714,,,,0.0,0
10825,,,,0.0,0
10936,,,,0.0,0
11047,,,,0.0,0
11158,,,,0.0,0
11269,,,,0.0,0
11380,,,,0.0,0
11491,,,,0.0,0
11602,,,,0.0,0
11713,,,,0.0,0
11824,,,,0.0,0
11935,,,,0.0,0
12046,,,,0.0,0
12157,,,,0.0,0
12268,,,,0.0,0
12379,,,,0.0,0
12490,,,,0.0,0
12601,,,,0.0,0
12712,,,,0.0,0
12823,,,,0.0,0
12934,,,,0.0,0
13045,,,,0.0,0
13156,,,,0.0,0
13267,,,,0.0,0
13378,,,,0.0,0
13489,,,,0.0,0
13600,,,,0.0,0
13711,,,,0.0,0
13822,,,,0.0,0
13933,,,,0.0,0
14044,,,,0.0,0
14155,,,,0.0,0
14266,,,,0.0,0
14377,,,,0.0,0
725,Marikina Silt Loam,Silt Loam,1.0,1.0,0
836,Marikina Silt Loam,Silt Loam,1.0,1.0,0
947,Marikina Silt Loam,Silt Loam,1.0,1.0,0
1058,Marikina Silt Loam,Silt Loam,1.0,1.0,0
1169,Marikina Silt Loam,Silt Loam,1.0,1.0,0
1280,Marikina Silt Loam,Silt Loam,1.0,1.0,0
1502,Marikina Silt Loam,Silt Loam,1.0,1.0,0
1724,Marikina Silt Loam,Silt Loam,1.0,1.0,0
1946,Marikina Silt Loam,Silt Loam,1.0,1.0,0
2057,Marikina Silt Loam,Silt Loam,1.0,1.0,0
2168,Marikina Silt Loam,Silt Loam,1.0,1.0,0
2390,Marikina Loam,Loam,0.969,1.0,0
2501,Marikina Loam,Loam,1.0,1.0,0
2834,Marikina Loam,Loam,1.0,1.0,0
2945,Marikina Loam,Loam,1.0,1.0,0
3056,Marikina Loam,Loam,1.0,1.0,0
3167,Marikina Loam,Loam,1.0,1.0,0
3278,Marikina Loam,Loam,1.0,1.0,0
3389,Marikina Loam,Loam,1.0,1.0,0
3500,Marikina Loam,Loam,1.0,1.0,0
3611,Marikina Loam,Loam,1.0,1.0,0
3833,Antipolo Clay,Clay,1.0,1.0,0
3944,Antipolo Clay,Clay,1.0,1.0,0
4055,Antipolo Clay,Clay,1.0,1.0,0
4166,Antipolo Clay,Clay,1.0,1.0,0
4277,Antipolo Clay,Clay,1.0,1.0,0
4388,Antipolo Clay,Clay,1.0,1.0,0
4499,Antipolo Clay,Clay,1.0,1.0,0
4610,Antipolo Clay,Clay,1.0,1.0,0
4721,Antipolo Clay,Clay,1.0,1.0,0
4832,Antipolo Clay,Clay,1.0,1.0,0
4943,Antipolo Clay,Clay,1.0,1.0,0
5054,Antipolo Clay,Clay,1.0,1.0,0
5165,Antipolo Clay,Clay,1.0,1.0,0
5276,Antipolo Clay,Clay,1.0,1.0,0
5387,Antipolo Clay,Clay,1.0,1.0,0
5609,Antipolo Clay,Clay,1.0,1.0,0
5720,Antipolo Clay,Clay,1.0,1.0,0
5831,Antipolo Clay,Clay,1.0,1.0,0
5942,Antipolo Clay,Clay,1.0,1.0,0
6053,Antipolo Clay,Clay,1.0,1.0,0
6164,Antipolo Clay,Clay,1.0,1.0,0
6275,Antipolo Clay,Clay,1.0,1.0,0
6386,Antipolo Clay,Clay,1.0,1.0,0
6497,Antipolo Clay,Clay,1.0,1.0,0
6608,Antipolo Clay,Clay,1.0,1.0,0
6830,Antipolo Clay,Clay,1.0,1.0,0
6941,Antipolo Clay,Clay,1.0,1.0,0
7052,Antipolo Clay,Clay,1.0,1.0,0
7163,Antipolo Clay,Clay,1.0,1.0,0
7274,Antipolo Clay,Clay,1.0,1.0,0
7385,Antipolo Clay,Clay,1.0,1.0,0
7496,Antipolo Clay,Clay,1.0,1.0,0
7607,Antipolo Clay,Clay,1.0,1.0,0
7718,Antipolo Clay,Clay,1.0,1.0,0
7829,Antipolo Clay,Clay,1.0,1.0,0
7940,Antipolo Clay,Clay,1.0,1.0,0
8051,Antipolo Clay,Clay,1.0,1.0,0
8162,Antipolo Clay,Clay,1.0,1.0,0
8273,Binangonan Clay,Clay,0.797,1.0,0
8384,Binangonan Clay,Clay,1.0,1.0,0
8495,Binangonan Clay,Clay,1.0,1.0,0
8606,Binangonan Clay,Clay,1.0,1.0,0
8717,Binangonan Clay,Clay,1.0,1.0,0
8828,Binangonan Clay,Clay,1.0,1.0,0
8939,Binangonan Clay,Clay,1.0,1.0,0
9050,Binangonan Clay,Clay,1.0,1.0,0
9161,Binangonan Clay,Clay,1.0,1.0,0
9272,Binangonan Clay,Clay,1.0,1.0,0
9383,Binangonan Clay,Clay,1.0,1.0,0
9494,Binangonan Clay,Clay,1.0,1.0,0
9605,Binangonan Clay,Clay,1.0,1.0,0
9716,Binangonan Clay,Clay,1.0,1.0,0
9827,Binangonan Clay,Clay,1.0,1.0,0
9938,Binangonan Clay,Clay,1.0,1.0,0
10049,Binangonan Clay,Clay,1.0,1.0,0
10160,Binangonan Clay,Clay,1.0,1.0,0
10271,Binangonan Clay,Clay,1.0,0.969,0
10382,Binangonan Clay,Clay,1.0,0.125,1
10493,Binangonan Clay,Clay,,0.0,1
10604,Antipolo Clay,Clay,,0.0,1
10715,Antipolo Clay,Clay,,0.0,1
10826,Antipolo Clay,Clay,,0.0,1
10937,,,,0.0,0
11048,,,,0.0,0
11159,,,,0.0,0
11270,,,,0.0,0
11381,,,,0.0,0
11492,,,,0.0,0
11603,,,,0.0,0
11714,,,,0.0,0
11825,,,,0.0,0
11936,,,,0.0,0
12047,,,,0.0,0
12158,,,,0.0,0
12269,,,,0.0,0
12380,,,,0.0,0
12491,,,,0.0,0
12602,,,,0.0,0
12713,,,,0.0,0
12824,,,,0.0,0
12935,,,,0.0,0
13046,,,,0.0,0
13157,,,,0.0,0
13268,,,,0.0,0
13379,,,,0.0,0
13490,,,,0.0,0
13601,,,,0.0,0
13712,,,,0.0,0
13823,,,,0.0,0
13934,,,,0.0,0
14045,,,,0.0,0
14156,,,,0.0,0
14267,,,,0.0,0
14378,,,,0.0,0
726,Marikina Silt Loam,Silt Loam,1.0,1.0,0
837,Marikina Silt Loam,Silt Loam,1.0,1.0,0
948,Marikina Silt Loam,Silt Loam,1.0,1.0,0
1281,Marikina Silt Loam,Silt Loam,1.0,1.0,0
1614,Marikina Silt Loam,Silt Loam,1.0,1.0,0
1725,Marikina Silt Loam,Silt Loam,1.0,1.0,0
1836,Marikina Silt Loam,Silt Loam,1.0,1.0,0
2058,Marikina Silt Loam,Silt Loam,1.0,1.0,0
2280,Marikina Silt Loam,Silt Loam,1.0,1.0,0
2502,Marikina Loam,Loam,1.0,1.0,0
2724,Marikina Loam,Loam,1.0,1.0,0
2946,Marikina Loam,Loam,0.812,1.0,0
3057,Marikina Loam,Loam,1.0,1.0,0
3168,Marikina Loam,Loam,1.0,1.0,0
3279,Marikina Loam,Loam,1.0,1.0,0
3390,Marikina Loam,Loam,1.0,1.0,0
3612,Marikina Loam,Loam,1.0,1.0,0
3723,Antipolo Clay,Clay,0.703,1.0,0
3834,Antipolo Clay,Clay,1.0,1.0,0
3945,Antipolo Clay,Clay,1.0,1.0,0
4056,Antipolo Clay,Clay,1.0,1.0,0
4167,Antipolo Clay,Clay,1.0,1.0,0
4278,Antipolo Clay,Clay,1.0,1.0,0
4389,Antipolo Clay,Clay,1.0,1.0,0
4500,Antipolo Clay,Clay,1.0,1.0,0
4611,Antipolo Clay,Clay,1.0,1.0,0
4722,Antipolo Clay,Clay,1.0,1.0,0
4833,Antipolo Clay,Clay,1.0,1.0,0
4944,Antipolo Clay,Clay,1.0,1.0,0
5055,Antipolo Clay,Clay,1.0,1.0,0
5166,Antipolo Clay,Clay,1.0,1.0,0
5277,Antipolo Clay,Clay,1.0,1.0,0
5388,Antipolo Clay,Clay,1.0,1.0,0
5499,Antipolo Clay,Clay,1.0,1.0,0
5610,Antipolo Clay,Clay,1.0,1.0,0
5721,Antipolo Clay,Clay,1.0,1.0,0
5832,Antipolo Clay,Clay,1.0,1.0,0
5943,Antipolo Clay,Clay,1.0,1.0,0
6054,Antipolo Clay,Clay,1.0,1.0,0
6165,Antipolo Clay,Clay,1.0,1.0,0
6276,Antipolo Clay,Clay,1.0,1.0,0
6387,Antipolo Clay,Clay,1.0,1.0,0
6498,Antipolo Clay,Clay,1.0,1.0,0
6609,Antipolo Clay,Clay,1.0,1.0,0
6720,Antipolo Clay,Clay,1.0,1.0,0
6831,Antipolo Clay,Clay,1.0,1.0,0
6942,Antipolo Clay,Clay,1.0,1.0,0
7053,Antipolo Clay,Clay,1.0,1.0,0
7164,Antipolo Clay,Clay,1.0,1.0,0
7275,Antipolo Clay,Clay,1.0,1.0,0
7386,Antipolo Clay,Clay,1.0,1.0,0
7497,Antipolo Clay,Clay,1.0,1.0,0
7608,Antipolo Clay,Clay,1.0,1.0,0
7719,Antipolo Clay,Clay,1.0,1.0,0
7830,Antipolo Clay,Clay,1.0,1.0,0
7941,Antipolo Clay,Clay,1.0,1.0,0
8052,Antipolo Clay,Clay,1.0,1.0,0
8163,Antipolo Clay,Clay,1.0,1.0,0
8274,Binangonan Clay,Clay,0.554,1.0,0
8385,Binangonan Clay,Clay,1.0,1.0,0
8496,Binangonan Clay,Clay,1.0,1.0,0
8607,Binangonan Clay,Clay,1.0,1.0,0
8718,Binangonan Clay,Clay,1.0,1.0,0
8829,Binangonan Clay,Clay,1.0,1.0,0
8940,Binangonan Clay,Clay,1.0,1.0,0
9051,Binangonan Clay,Clay,1.0,1.0,0
9162,Binangonan Clay,Clay,1.0,1.0,0
9273,Binangonan Clay,Clay,1.0,1.0,0
9384,Binangonan Clay,Clay,1.0,1.0,0
9495,Binangonan Clay,Clay,1.0,1.0,0
9606,Binangonan Clay,Clay,1.0,1.0,0
9717,Binangonan Clay,Clay,1.0,1.0,0
9828,Binangonan Clay,Clay,1.0,1.0,0
9939,Binangonan Clay,Clay,1.0,1.0,0
10050,Binangonan Clay,Clay,1.0,1.0,0
10161,Binangonan Clay,Clay,1.0,1.0,0
10272,Binangonan Clay,Clay,1.0,1.0,0
10383,Binangonan Clay,Clay,1.0,0.893,0
10494,Binangonan Clay,Clay,1.0,0.107,1
10605,Antipolo Clay,Clay,,0.0,1
10716,Antipolo Clay,Clay,,0.0,1
10827,Antipolo Clay,Clay,,0.0,1
10938,Antipolo Clay,Clay,,0.0,1
11049,,,,0.0,0
11160,,,,0.0,0
11271,,,,0.0,0
11382,,,,0.0,0
11493,,,,0.0,0
11604,,,,0.0,0
11826,,,,0.0,0
11937,,,,0.0,0
12048,,,,0.0,0
12159,,,,0.0,0
12270,,,,0.0,0
12381,,,,0.0,0
12492,,,,0.0,0
12603,,,,0.0,0
12714,,,,0.0,0
12825,,,,0.0,0
12936,,,,0.0,0
13047,,,,0.0,0
13158,,,,0.0,0
13269,,,,0.0,0
13380,,,,0.0,0
13491,,,,0.0,0
13602,,,,0.0,0
13713,,,,0.0,0
13824,,,,0.0,0
13935,,,,0.0,0
14046,,,,0.0,0
14157,,,,0.0,0
14268,,,,0.0,0
14379,,,,0.0,0
727,Marikina Silt Loam,Silt Loam,1.0,1.0,0
838,Marikina Silt Loam,Silt Loam,1.0,1.0,0
949,Marikina Silt Loam,Silt Loam,1.0,1.0,0
1171,Marikina Silt Loam,Silt Loam,1.0,1.0,0
1282,Marikina Silt Loam,Silt Loam,1.0,1.0,0
2281,Marikina Silt Loam,Silt Loam,1.0,1.0,0
2392,Marikina Loam,Loam,0.75,1.0,0
2503,Marikina Loam,Loam,1.0,1.0,0
2725,Marikina Loam,Loam,1.0,1.0,0
2836,Antipolo Clay Loam,Clay Loam,0.589,1.0,0
2947,Antipolo Clay Loam,Clay Loam,0.982,1.0,0
3058,Marikina Loam,Loam,0.732,1.0,0
3391,Marikina Loam,Loam,1.0,1.0,0
3502,Marikina Loam,Loam,1.0,1.0,0
3613,Marikina Loam,Loam,1.0,1.0,0
3724,Antipolo Clay,Clay,0.656,1.0,0
3835,Antipolo Clay,Clay,1.0,1.0,0
3946,Antipolo Clay,Clay,1.0,1.0,0
4057,Antipolo Clay,Clay,1.0,1.0,0
4168,Antipolo Clay,Clay,1.0,1.0,0
4279,Antipolo Clay,Clay,1.0,1.0,0
4501,Antipolo Clay,Clay,1.0,1.0,0
4612,Antipolo Clay,Clay,1.0,1.0,0
4723,Antipolo Clay,Clay,1.0,1.0,0
4834,Antipolo Clay,Clay,1.0,1.0,0
4945,Antipolo Clay,Clay,1.0,1.0,0
5056,Antipolo Clay,Clay,1.0,1.0,0
5167,Antipolo Clay,Clay,1.0,1.0,0
5389,Antipolo Clay,Clay,1.0,1.0,0
5500,Antipolo Clay,Clay,1.0,1.0,0
5611,Antipolo Clay,Clay,1.0,1.0,0
5722,Antipolo Clay,Clay,1.0,1.0,0
5833,Antipolo Clay,Clay,1.0,1.0,0
5944,Antipolo Clay,Clay,1.0,1.0,0
6055,Antipolo Clay,Clay,1.0,1.0,0
6166,Antipolo Clay,Clay,1.0,1.0,0
6277,Antipolo Clay,Clay,1.0,1.0,0
6388,Antipolo Clay,Clay,1.0,1.0,0
6499,Antipolo Clay,Clay,1.0,1.0,0
6610,Antipolo Clay,Clay,1.0,1.0,0
6721,Antipolo Clay,Clay,1.0,1.0,0
6832,Antipolo Clay,Clay,1.0,1.0,0
7054,Antipolo Clay,Clay,1.0,1.0,0
7165,Antipolo Clay,Clay,1.0,1.0,0
7276,Antipolo Clay,Clay,1.0,1.0,0
7387,Antipolo Clay,Clay,1.0,1.0,0
7498,Antipolo Clay,Clay,1.0,1.0,0
7609,Antipolo Clay,Clay,1.0,1.0,0
7720,Antipolo Clay,Clay,1.0,1.0,0
7831,Antipolo Clay,Clay,1.0,1.0,0
7942,Antipolo Clay,Clay,1.0,1.0,0
8053,Antipolo Clay,Clay,1.0,1.0,0
8164,Antipolo Clay,Clay,1.0,1.0,0
8275,Antipolo Clay,Clay,0.878,1.0,0
8386,Binangonan Clay,Clay,0.983,1.0,0
8497,Binangonan Clay,Clay,1.0,1.0,0
8608,Binangonan Clay,Clay,1.0,1.0,0
8719,Binangonan Clay,Clay,1.0,1.0,0
8830,Binangonan Clay,Clay,1.0,1.0,0
8941,Binangonan Clay,Clay,1.0,1.0,0
9052,Binangonan Clay,Clay,1.0,1.0,0
9163,Binangonan Clay,Clay,1.0,1.0,0
9274,Binangonan Clay,Clay,1.0,1.0,0
9385,Binangonan Clay,Clay,1.0,1.0,0
9496,Binangonan Clay,Clay,1.0,1.0,0
9718,Binangonan Clay,Clay,1.0,1.0,0
9829,Binangonan Clay,Clay,1.0,1.0,0
9940,Binangonan Clay,Clay,1.0,1.0,0
10051,Binangonan Clay,Clay,1.0,1.0,0
10162,Binangonan Clay,Clay,1.0,1.0,0
10273,Binangonan Clay,Clay,1.0,1.0,0
10384,Binangonan Clay,Clay,1.0,1.0,0
10495,Binangonan Clay,Clay,0.983,0.922,0
10606,Antipolo Clay,Clay,0.708,0.429,0
10717,Antipolo Clay,Clay,,0.0,1
10828,Antipolo Clay,Clay,,0.0,1
10939,Antipolo Clay,Clay,,0.0,1
11050,Antipolo Clay,Clay,,0.0,1
11161,,,,0.0,0
11272,,,,0.0,0
11383,,,,0.0,0
11494,,,,0.0,0
11605,,,,0.0,0
11716,,,,0.0,0
11827,,,,0.0,0
11938,,,,0.0,0
12049,,,,0.0,0
12160,,,,0.0,0
12271,,,,0.0,0
12382,,,,0.0,0
12493,,,,0.0,0
12604,,,,0.0,0
12715,,,,0.0,0
12826,,,,0.0,0
12937,,,,0.0,0
13048,,,,0.0,0
13159,,,,0.0,0
13270,,,,0.0,0
13381,,,,0.0,0
13492,,,,0.0,0
13603,,,,0.0,0
13714,,,,0.0,0
13825,,,,0.0,0
13936,,,,0.0,0
14047,,,,0.0,0
14158,,,,0.0,0
14269,,,,0.0,0
14380,,,,0.0,0
839,Marikina Silt Loam,Silt Loam,1.0,1.0,0
950,Marikina Silt Loam,Silt Loam,1.0,1.0,0
1061,Marikina Silt Loam,Silt Loam,1.0,1.0,0
1283,Marikina Silt Loam,Silt Loam,1.0,1.0,0
1394,Marikina Silt Loam,Silt Loam,1.0,1.0,0
1505,Marikina Silt Loam,Silt Loam,1.0,1.0,0
1838,Marikina Silt Loam,Silt Loam,1.0,1.0,0
1949,Marikina Silt Loam,Silt Loam,1.0,1.0,0
2171,Marikina Silt Loam,Silt Loam,1.0,1.0,0
2282,Marikina Silt Loam,Silt Loam,1.0,1.0,0
2948,Antipolo Clay Loam,Clay Loam,1.0,1.0,0
3059,Antipolo Clay Loam,Clay Loam,0.859,1.0,0
3503,Marikina Loam,Loam,1.0,1.0,0
3614,Marikina Loam,Loam,1.0,1.0,0
3725,Antipolo Clay,Clay,0.625,1.0,0
3836,Antipolo Clay,Clay,1.0,1.0,0
3947,Antipolo Clay,Clay,1.0,1.0,0
4058,Antipolo Clay,Clay,1.0,1.0,0
4169,Antipolo Clay,Clay,1.0,1.0,0
4280,Antipolo Clay,Clay,1.0,1.0,0
4391,Antipolo Clay,Clay,1.0,1.0,0
4502,Antipolo Clay,Clay,1.0,1.0,0
4613,Antipolo Clay,Clay,1.0,1.0,0
4724,Antipolo Clay,Clay,1.0,1.0,0
4835,Antipolo Clay,Clay,1.0,1.0,0
4946,Antipolo Clay,Clay,1.0,1.0,0
5057,Antipolo Clay,Clay,1.0,1.0,0
5168,Antipolo Clay,Clay,1.0,1.0,0
5279,Antipolo Clay,Clay,1.0,1.0,0
5390,Antipolo Clay,Clay,1.0,1.0,0
5501,Antipolo Clay,Clay,1.0,1.0,0
5612,Antipolo Clay,Clay,1.0,1.0,0
5723,Antipolo Clay,Clay,1.0,1.0,0
5834,Antipolo Clay,Clay,1.0,1.0,0
5945,Antipolo Clay,Clay,1.0,1.0,0
6056,Antipolo Clay,Clay,1.0,1.0,0
6167,Antipolo Clay,Clay,1.0,1.0,0
6278,Antipolo Clay,Clay,1.0,1.0,0
6389,Antipolo Clay,Clay,1.0,1.0,0
6500,Antipolo Clay,Clay,1.0,1.0,0
6611,Antipolo Clay,Clay,1.0,1.0,0
6722,Antipolo Clay,Clay,1.0,1.0,0
6833,Antipolo Clay,Clay,1.0,1.0,0
7055,Antipolo Clay,Clay,1.0,1.0,0
7166,Antipolo Clay,Clay,1.0,1.0,0
7277,Antipolo Clay,Clay,1.0,1.0,0
7388,Antipolo Clay,Clay,1.0,1.0,0
7499,Antipolo Clay,Clay,1.0,1.0,0
7610,Antipolo Clay,Clay,1.0,1.0,0
7721,Antipolo Clay,Clay,1.0,1.0,0
7832,Antipolo Clay,Clay,1.0,1.0,0
7943,Antipolo Clay,Clay,1.0,1.0,0
8054,Antipolo Clay,Clay,1.0,1.0,0
8165,Antipolo Clay,Clay,1.0,1.0,0
8276,Antipolo Clay,Clay,1.0,1.0,0
8387,Binangonan Clay,Clay,0.531,1.0,0
8498,Binangonan Clay,Clay,1.0,1.0,0
8609,Binangonan Clay,Clay,1.0,1.0,0
8720,Binangonan Clay,Clay,1.0,1.0,0
8942,Binangonan Clay,Clay,1.0,1.0,0
9053,Binangonan Clay,Clay,1.0,1.0,0
9164,Binangonan Clay,Clay,1.0,1.0,0
9275,Binangonan Clay,Clay,1.0,1.0,0
9386,Binangonan Clay,Clay,1.0,1.0,0
9497,Binangonan Clay,Clay,1.0,1.0,0
9608,Binangonan Clay,Clay,1.0,1.0,0
9719,Binangonan Clay,Clay,1.0,1.0,0
9830,Binangonan Clay,Clay,1.0,1.0,0
9941,Binangonan Clay,Clay,1.0,1.0,0
10052,Binangonan Clay,Clay,1.0,1.0,0
10163,Binangonan Clay,Clay,1.0,1.0,0
10274,Binangonan Clay,Clay,1.0,1.0,0
10385,Binangonan Clay,Clay,1.0,1.0,0
10496,Antipolo Clay,Clay,0.656,1.0,0
10607,Antipolo Clay,Clay,1.0,1.0,0
10718,Antipolo Clay,Clay,1.0,0.672,0
10829,Antipolo Clay,Clay,1.0,0.047,1
10940,Antipolo Clay,Clay,,0.0,1
11051,Antipolo Clay,Clay,,0.0,1
11162,Antipolo Clay,Clay,,0.0,1
11273,Antipolo Clay,Clay,,0.0,1
11384,,,,0.0,0
11495,,,,0.0,0
11717,,,,0.0,0
11828,,,,0.0,0
11939,,,,0.0,0
12050,,,,0.0,0
12161,,,,0.0,0
12272,,,,0.0,0
12383,,,,0.0,0
12494,,,,0.0,0
12605,,,,0.0,0
12716,,,,0.0,0
12827,,,,0.0,0
12938,,,,0.0,0
13049,,,,0.0,0
13160,,,,0.0,0
13271,,,,0.0,0
13382,,,,0.0,0
13493,,,,0.0,0
13604,,,,0.0,0
13715,,,,0.0,0
13826,,,,0.0,0
13937,,,,0.0,0
14048,,,,0.0,0
14159,,,,0.0,0
14270,,,,0.0,0
14381,,,,0.0,0
840,Marikina Silt Loam,Silt Loam,1.0,1.0,0
951,Marikina Silt Loam,Silt Loam,1.0,1.0,0
1284,Marikina Silt Loam,Silt Loam,1.0,1.0,0
1395,Marikina Silt Loam,Silt Loam,1.0,1.0,0
1728,Marikina Silt Loam,Silt Loam,1.0,1.0,0
1839,Marikina Silt Loam,Silt Loam,1.0,1.0,0
1950,Marikina Silt Loam,Silt Loam,1.0,1.0,0
2172,Marikina Silt Loam,Silt Loam,1.0,1.0,0
2283,Marikina Silt Loam,Silt Loam,1.0,1.0,0
2505,Marikina Loam,Loam,1.0,1.0,0
2727,Marikina Loam,Loam,1.0,1.0,0
2838,Antipolo Clay Loam,Clay Loam,0.516,1.0,0
2949,Antipolo Clay Loam,Clay Loam,1.0,1.0,0
3060,Antipolo Clay Loam,Clay Loam,1.0,1.0,0
3282,Marikina Loam,Loam,1.0,1.0,0
3393,Marikina Loam,Loam,1.0,1.0,0
3504,Marikina Loam,Loam,1.0,1.0,0
3726,Antipolo Clay,Clay,0.64,1.0,0
3837,Antipolo Clay,Clay,1.0,1.0,0
3948,Antipolo Clay,Clay,1.0,1.0,0
4059,Antipolo Clay,Clay,1.0,1.0,0
4170,Antipolo Clay,Clay,1.0,1.0,0
4281,Antipolo Clay,Clay,1.0,1.0,0
4392,Antipolo Clay,Clay,1.0,1.0,0
4503,Antipolo Clay,Clay,1.0,1.0,0
4614,Antipolo Clay,Clay,1.0,1.0,0
4725,Antipolo Clay,Clay,1.0,1.0,0
4836,Antipolo Clay,Clay,1.0,1.0,0
4947,Antipolo Clay,Clay,1.0,1.0,0
5058,Antipolo Clay,Clay,1.0,1.0,0
5169,Antipolo Clay,Clay,1.0,1.0,0
5280,Antipolo Clay,Clay,1.0,1.0,0
5391,Antipolo Clay,Clay,1.0,1.0,0
5502,Antipolo Clay,Clay,1.0,1.0,0
5613,Antipolo Clay,Clay,1.0,1.0,0
5724,Antipolo Clay,Clay,1.0,1.0,0
5835,Antipolo Clay,Clay,1.0,1.0,0
5946,Antipolo Clay,Clay,1.0,1.0,0
6057,Antipolo Clay,Clay,1.0,1.0,0
6168,Antipolo Clay,Clay,1.0,1.0,0
6279,Antipolo Clay,Clay,1.0,1.0,0
6390,Antipolo Clay,Clay,1.0,1.0,0
6501,Antipolo Clay,Clay,1.0,1.0,0
6612,Antipolo Clay,Clay,1.0,1.0,0
6723,Antipolo Clay,Clay,1.0,1.0,0
6834,Antipolo Clay,Clay,1.0,1.0,0
6945,Antipolo Clay,Clay,1.0,1.0,0
7056,Antipolo Clay,Clay,1.0,1.0,0
7167,Antipolo Clay,Clay,1.0,1.0,0
7278,Antipolo Clay,Clay,1.0,1.0,0
7611,Antipolo Clay,Clay,1.0,1.0,0
7722,Antipolo Clay,Clay,1.0,1.0,0
7833,Antipolo Clay,Clay,1.0,1.0,0
7944,Antipolo Clay,Clay,1.0,1.0,0
8055,Antipolo Clay,Clay,1.0,1.0,0
8166,Antipolo Clay,Clay,1.0,1.0,0
8277,Antipolo Clay,Clay,1.0,1.0,0
8388,Antipolo Clay,Clay,0.948,1.0,0
8499,Binangonan Clay,Clay,0.906,1.0,0
8610,Binangonan Clay,Clay,1.0,1.0,0
8721,Binangonan Clay,Clay,1.0,1.0,0
8832,Binangonan Clay,Clay,1.0,1.0,0
8943,Binangonan Clay,Clay,1.0,1.0,0
9054,Binangonan Clay,Clay,1.0,1.0,0
9165,Binangonan Clay,Clay,1.0,1.0,0
9276,Binangonan Clay,Clay,1.0,1.0,0
9387,Binangonan Clay,Clay,1.0,1.0,0
9498,Binangonan Clay,Clay,1.0,1.0,0
9609,Binangonan Clay,Clay,1.0,1.0,0
9720,Binangonan Clay,Clay,1.0,1.0,0
9831,Binangonan Clay,Clay,1.0,1.0,0
9942,Binangonan Clay,Clay,1.0,1.0,0
10053,Binangonan Clay,Clay,1.0,1.0,0
10164,Binangonan Clay,Clay,1.0,1.0,0
10386,Binangonan Clay,Clay,0.906,1.0,0
10497,Antipolo Clay,Clay,1.0,1.0,0
10608,Antipolo Clay,Clay,1.0,1.0,0
10719,Antipolo Clay,Clay,1.0,1.0,0
10830,Antipolo Clay,Clay,1.0,0.893,0
10941,Antipolo Clay,Clay,1.0,0.179,1
11052,Antipolo Clay,Clay,,0.0,1
11163,Antipolo Clay,Clay,,0.0,1
11274,Antipolo Clay,Clay,,0.0,1
11385,Antipolo Clay,Clay,,0.0,1
11496,,,,0.0,0
11607,,,,0.0,0
11718,,,,0.0,0
11829,,,,0.0,0
11940,,,,0.0,0
12051,,,,0.0,0
12162,,,,0.0,0
12273,,,,0.0,0
12384,,,,0.0,0
12495,,,,0.0,0
12606,,,,0.0,0
12717,,,,0.0,0
12828,,,,0.0,0
12939,,,,0.0,0
13050,,,,0.0,0
13161,,,,0.0,0
13272,,,,0.0,0
13383,,,,0.0,0
13494,,,,0.0,0
13605,,,,0.0,0
13716,,,,0.0,0
13827,,,,0.0,0
13938,,,,0.0,0
14049,,,,0.0,0
14160,,,,0.0,0
14271,,,,0.0,0
14382,,,,0.0,0
730,Marikina Silt Loam,Silt Loam,1.0,1.0,0
952,Marikina Silt Loam,Silt Loam,1.0,1.0,0
1063,Marikina Silt Loam,Silt Loam,1.0,1.0,0
1174,Marikina Silt Loam,Silt Loam,1.0,1.0,0
1729,Marikina Silt Loam,Silt Loam,1.0,1.0,0
1840,Marikina Silt Loam,Silt Loam,1.0,1.0,0
2062,Marikina Silt Loam,Silt Loam,1.0,1.0,0
2173,Marikina Silt Loam,Silt Loam,1.0,1.0,0
2284,Marikina Silt Loam,Silt Loam,1.0,1.0,0
2395,Marikina Loam,Loam,0.656,1.0,0
2506,Marikina Loam,Loam,1.0,1.0,0
2617,Marikina Loam,Loam,1.0,1.0,0
2728,Marikina Loam,Loam,0.867,1.0,0
2950,Antipolo Clay Loam,Clay Loam,1.0,1.0,0
3061,Antipolo Clay Loam,Clay Loam,1.0,1.0,0
3172,Antipolo Clay Loam,Clay Loam,0.75,1.0,0
3283,Marikina Loam,Loam,1.0,1.0,0
3394,Marikina Loam,Loam,1.0,1.0,0
3616,Marikina Loam,Loam,1.0,1.0,0
3727,Marikina Loam,Loam,0.636,1.0,0
3838,Antipolo Clay,Clay,1.0,1.0,0
3949,Antipolo Clay,Clay,1.0,1.0,0
4060,Antipolo Clay,Clay,1.0,1.0,0
4171,Antipolo Clay,Clay,1.0,1.0,0
4282,Antipolo Clay,Clay,1.0,1.0,0
4393,Antipolo Clay,Clay,1.0,1.0,0
4504,Antipolo Clay,Clay,1.0,1.0,0
4615,Antipolo Clay,Clay,1.0,1.0,0
4726,Antipolo Clay,Clay,1.0,1.0,0
4837,Antipolo Clay,Clay,1.0,1.0,0
4948,Antipolo Clay,Clay,1.0,1.0,0
5059,Antipolo Clay,Clay,1.0,1.0,0
5170,Antipolo Clay,Clay,1.0,1.0,0
5281,Antipolo Clay,Clay,1.0,1.0,0
5392,Antipolo Clay,Clay,1.0,1.0,0
5503,Antipolo Clay,Clay,1.0,1.0,0
5614,Antipolo Clay,Clay,1.0,1.0,0
5725,Antipolo Clay,Clay,1.0,1.0,0
5836,Antipolo Clay,Clay,1.0,1.0,0
5947,Antipolo Clay,Clay,1.0,1.0,0
6058,Antipolo Clay,Clay,1.0,1.0,0
6169,Antipolo Clay,Clay,1.0,1.0,0
6280,Antipolo Clay,Clay,1.0,1.0,0
6502,Antipolo Clay,Clay,1.0,1.0,0
6613,Antipolo Clay,Clay,1.0,1.0,0
6724,Antipolo Clay,Clay,1.0,1.0,0
6835,Antipolo Clay,Clay,1.0,1.0,0
6946,Antipolo Clay,Clay,1.0,1.0,0
7057,Antipolo Clay,Clay,1.0,1.0,0
7168,Antipolo Clay,Clay,1.0,1.0,0
7279,Antipolo Clay,Clay,1.0,1.0,0
7390,Antipolo Clay,Clay,1.0,1.0,0
7501,Antipolo Clay,Clay,1.0,1.0,0
7612,Antipolo Clay,Clay,1.0,1.0,0
7723,Antipolo Clay,Clay,1.0,1.0,0
7834,Antipolo Clay,Clay,1.0,1.0,0
7945,Antipolo Clay,Clay,1.0,1.0,0
8056,Antipolo Clay,Clay,1.0,1.0,0
8167,Antipolo Clay,Clay,1.0,1.0,0
8278,Antipolo Clay,Clay,1.0,1.0,0
8389,Antipolo Clay,Clay,1.0,1.0,0
8500,Antipolo Clay,Clay,0.562,1.0,0
8611,Binangonan Clay,Clay,1.0,1.0,0
8722,Binangonan Clay,Clay,1.0,1.0,0
8833,Binangonan Clay,Clay,1.0,1.0,0
8944,Binangonan Clay,Clay,1.0,1.0,0
9055,Binangonan Clay,Clay,1.0,1.0,0
9166,Binangonan Clay,Clay,1.0,1.0,0
9277,Binangonan Clay,Clay,1.0,1.0,0
9388,Binangonan Clay,Clay,1.0,1.0,0
9499,Binangonan Clay,Clay,1.0,1.0,0
9610,Binangonan Clay,Clay,1.0,1.0,0
9721,Binangonan Clay,Clay,1.0,1.0,0
9832,Binangonan Clay,Clay,1.0,1.0,0
9943,Binangonan Clay,Clay,1.0,1.0,0
10054,Binangonan Clay,Clay,1.0,1.0,0
10165,Binangonan Clay,Clay,1.0,1.0,0
10276,Binangonan Clay,Clay,1.0,1.0,0
10387,Binangonan Clay,Clay,1.0,1.0,0
10498,Antipolo Clay,Clay,0.786,1.0,0
10609,Antipolo Clay,Clay,1.0,1.0,0
10720,Antipolo Clay,Clay,1.0,1.0,0
10831,Antipolo Clay,Clay,1.0,1.0,0
10942,Antipolo Clay,Clay,1.0,0.984,0
11053,Antipolo Clay,Clay,1.0,0.344,0
11164,Antipolo Clay,Clay,,0.0,1
11386,Antipolo Clay,Clay,,0.0,1
11497,Antipolo Clay,Clay,,0.0,1
11608,,,,0.0,0
11719,,,,0.0,0
11830,,,,0.0,0
11941,,,,0.0,0
12052,,,,0.0,0
12163,,,,0.0,0
12274,,,,0.0,0
12385,,,,0.0,0
12496,,,,0.0,0
12607,,,,0.0,0
12718,,,,0.0,0
12829,,,,0.0,0
12940,,,,0.0,0
13051,,,,0.0,0
13162,,,,0.0,0
13273,,,,0.0,0
13384,,,,0.0,0
13495,,,,0.0,0
13606,,,,0.0,0
13717,,,,0.0,0
13828,,,,0.0,0
13939,,,,0.0,0
14050,,,,0.0,0
14161,,,,0.0,0
14272,,,,0.0,0
14383,,,,0.0,0
953,Marikina Silt Loam,Silt Loam,1.0,1.0,0
1064,Marikina Silt Loam,Silt Loam,1.0,1.0,0
1175,Marikina Silt Loam,Silt Loam,1.0,1.0,0
1730,Marikina Silt Loam,Silt Loam,1.0,1.0,0
1841,Marikina Silt Loam,Silt Loam,1.0,1.0,0
2063,Marikina Silt Loam,Silt Loam,1.0,1.0,0
2174,Marikina Silt Loam,Silt Loam,1.0,1.0,0
2285,Marikina Silt Loam,Silt Loam,1.0,1.0,0
2396,Marikina Loam,Loam,0.879,1.0,0
2618,Marikina Loam,Loam,1.0,1.0,0
2729,Marikina Loam,Loam,0.641,1.0,0
2840,Antipolo Clay Loam,Clay Loam,1.0,1.0,0
2951,Antipolo Clay Loam,Clay Loam,1.0,1.0,0
3062,Antipolo Clay Loam,Clay Loam,1.0,1.0,0
3173,Antipolo Clay Loam,Clay Loam,1.0,1.0,0
3617,Marikina Loam,Loam,1.0,1.0,0
3728,Marikina Loam,Loam,0.964,1.0,0
3839,Antipolo Clay,Clay,0.953,1.0,0
3950,Antipolo Clay,Clay,1.0,1.0,0
4061,Antipolo Clay,Clay,1.0,1.0,0
4172,Antipolo Clay,Clay,1.0,1.0,0
4283,Antipolo Clay,Clay,1.0,1.0,0
4394,Antipolo Clay,Clay,1.0,1.0,0
4505,Antipolo Clay,Clay,1.0,1.0,0
4616,Antipolo Clay,Clay,1.0,1.0,0
4727,Antipolo Clay,Clay,1.0,1.0,0
4838,Antipolo Clay,Clay,1.0,1.0,0
4949,Antipolo Clay,Clay,1.0,1.0,0
5060,Antipolo Clay,Clay,1.0,1.0,0
5171,Antipolo Clay,Clay,1.0,1.0,0
5282,Antipolo Clay,Clay,1.0,1.0,0
5504,Antipolo Clay,Clay,1.0,1.0,0
5726,Antipolo Clay,Clay,1.0,1.0,0
5837,Antipolo Clay,Clay,1.0,1.0,0
5948,Antipolo Clay,Clay,1.0,1.0,0
6059,Antipolo Clay,Clay,1.0,1.0,0
6170,Antipolo Clay,Clay,1.0,1.0,0
6281,Antipolo Clay,Clay,1.0,1.0,0
6503,Antipolo Clay,Clay,1.0,1.0,0
6614,Antipolo Clay,Clay,1.0,1.0,0
6725,Antipolo Clay,Clay,1.0,1.0,0
6836,Antipolo Clay,Clay,1.0,1.0,0
6947,Antipolo Clay,Clay,1.0,1.0,0
7058,Antipolo Clay,Clay,1.0,1.0,0
7169,Antipolo Clay,Clay,1.0,1.0,0
7280,Antipolo Clay,Clay,1.0,1.0,0
7391,Antipolo Clay,Clay,1.0,1.0,0
7502,Antipolo Clay,Clay,1.0,1.0,0
7613,Antipolo Clay,Clay,1.0,1.0,0
7724,Antipolo Clay,Clay,1.0,1.0,0
7835,Antipolo Clay,Clay,1.0,1.0,0
7946,Antipolo Clay,Clay,1.0,1.0,0
8057,Antipolo Clay,Clay,1.0,1.0,0
8168,Antipolo Clay,Clay,1.0,1.0,0
8279,Antipolo Clay,Clay,1.0,1.0,0
8390,Antipolo Clay,Clay,1.0,1.0,0
8501,Antipolo Clay,Clay,0.696,1.0,0
8612,Binangonan Clay,Clay,1.0,1.0,0
8723,Binangonan Clay,Clay,1.0,1.0,0
8945,Binangonan Clay,Clay,1.0,1.0,0
9056,Binangonan Clay,Clay,1.0,1.0,0
9167,Binangonan Clay,Clay,1.0,1.0,0
9278,Binangonan Clay,Clay,1.0,1.0,0
9389,Binangonan Clay,Clay,1.0,1.0,0
9500,Binangonan Clay,Clay,1.0,1.0,0
9611,Binangonan Clay,Clay,1.0,1.0,0
9722,Binangonan Clay,Clay,1.0,1.0,0
9833,Binangonan Clay,Clay,1.0,1.0,0
9944,Binangonan Clay,Clay,1.0,1.0,0
10055,Binangonan Clay,Clay,1.0,1.0,0
10166,Binangonan Clay,Clay,1.0,1.0,0
10277,Binangonan Clay,Clay,1.0,1.0,0
10388,Binangonan Clay,Clay,1.0,1.0,0
10499,Binangonan Clay,Clay,0.781,1.0,0
10610,Antipolo Clay,Clay,0.984,1.0,0
10721,Antipolo Clay,Clay,1.0,1.0,0
10832,Antipolo Clay,Clay,1.0,1.0,0
10943,Antipolo Clay,Clay,1.0,1.0,0
11054,Antipolo Clay,Clay,1.0,0.984,0
11165,Antipolo Clay,Clay,1.0,0.661,0
11276,Antipolo Clay,Clay,1.0,0.172,1
11387,Antipolo Clay,Clay,,0.0,1
11498,Antipolo Clay,Clay,,0.0,1
11609,Antipolo Clay,Clay,,0.0,1
11720,Antipolo Clay,Clay,,0.0,1
11831,,,,0.0,0
11942,,,,0.0,0
12053,,,,0.0,0
12164,,,,0.0,0
12275,,,,0.0,0
12386,,,,0.0,0
12608,,,,0.0,0
12719,,,,0.0,0
12830,,,,0.0,0
12941,,,,0.0,0
13052,,,,0.0,0
13163,,,,0.0,0
13274,,,,0.0,0
13385,,,,0.0,0
13496,,,,0.0,0
13607,,,,0.0,0
13718,,,,0.0,0
13829,,,,0.0,0
13940,,,,0.0,0
14051,,,,0.0,0
14162,,,,0.0,0
14273,,,,0.0,0
14384,,,,0.0,0
621,Marikina Silt Loam,Silt Loam,1.0,1.0,0
1065,Marikina Silt Loam,Silt Loam,1.0,1.0,0
1287,Marikina Silt Loam,Silt Loam,1.0,1.0,0
1731,Marikina Silt Loam,Silt Loam,1.0,1.0,0
1842,Marikina Silt Loam,Silt Loam,1.0,1.0,0
1953,Marikina Silt Loam,Silt Loam,1.0,1.0,0
2064,Marikina Silt Loam,Silt Loam,1.0,1.0,0
2175,Marikina Silt Loam,Silt Loam,1.0,1.0,0
2286,Marikina Silt Loam,Silt Loam,0.984,1.0,0
2397,Marikina Loam,Loam,0.946,1.0,0
2619,Marikina Loam,Loam,1.0,1.0,0
2730,Antipolo Clay Loam,Clay Loam,0.75,1.0,0
2841,Antipolo Clay Loam,Clay Loam,1.0,1.0,0
2952,Antipolo Clay Loam,Clay Loam,1.0,1.0,0
3063,Antipolo Clay Loam,Clay Loam,1.0,1.0,0
3285,Antipolo Clay Loam,Clay Loam,0.839,1.0,0
3396,Marikina Loam,Loam,0.984,1.0,0
3507,Marikina Loam,Loam,1.0,1.0,0
3618,Marikina Loam,Loam,1.0,1.0,0
3729,Marikina Loam,Loam,1.0,1.0,0
3840,Antipolo Clay,Clay,0.746,1.0,0
3951,Antipolo Clay,Clay,1.0,1.0,0
4062,Antipolo Clay,Clay,1.0,1.0,0
4284,Antipolo Clay,Clay,1.0,1.0,0
4395,Antipolo Clay,Clay,1.0,1.0,0
4506,Antipolo Clay,Clay,1.0,1.0,0
4617,Antipolo Clay,Clay,1.0,1.0,0
4728,Antipolo Clay,Clay,1.0,1.0,0
4839,Antipolo Clay,Clay,1.0,1.0,0
4950,Antipolo Clay,Clay,1.0,1.0,0
5061,Antipolo Clay,Clay,1.0,1.0,0
5172,Antipolo Clay,Clay,1.0,1.0,0
5283,Antipolo Clay,Clay,1.0,1.0,0
5394,Antipolo Clay,Clay,1.0,1.0,0
5505,Antipolo Clay,Clay,1.0,1.0,0
5616,Antipolo Clay,Clay,1.0,1.0,0
5727,Antipolo Clay,Clay,1.0,1.0,0
5838,Antipolo Clay,Clay,1.0,1.0,0
5949,Antipolo Clay,Clay,1.0,1.0,0
6060,Antipolo Clay,Clay,1.0,1.0,0
6171,Antipolo Clay,Clay,1.0,1.0,0
6282,Antipolo Clay,Clay,1.0,1.0,0
6393,Antipolo Clay,Clay,1.0,1.0,0
6504,Antipolo Clay,Clay,1.0,1.0,0
6615,Antipolo Clay,Clay,1.0,1.0,0
6726,Antipolo Clay,Clay,1.0,1.0,0
7059,Antipolo Clay,Clay,1.0,1.0,0
7170,Antipolo Clay,Clay,1.0,1.0,0
7281,Antipolo Clay,Clay,1.0,1.0,0
7392,Antipolo Clay,Clay,1.0,1.0,0
7503,Antipolo Clay,Clay,1.0,1.0,0
7614,Antipolo Clay,Clay,1.0,1.0,0
7725,Antipolo Clay,Clay,1.0,1.0,0
7836,Antipolo Clay,Clay,1.0,1.0,0
7947,Antipolo Clay,Clay,1.0,1.0,0
8058,Antipolo Clay,Clay,1.0,1.0,0
8169,Antipolo Clay,Clay,1.0,1.0,0
8280,Antipolo Clay,Clay,1.0,1.0,0
8391,Antipolo Clay,Clay,1.0,1.0,0
8502,Binangonan Clay,Clay,0.641,1.0,0
8613,Binangonan Clay,Clay,1.0,1.0,0
8724,Binangonan Clay,Clay,1.0,1.0,0
8835,Binangonan Clay,Clay,1.0,1.0,0
8946,Binangonan Clay,Clay,1.0,1.0,0
9057,Binangonan Clay,Clay,1.0,1.0,0
9168,Binangonan Clay,Clay,1.0,1.0,0
9279,Binangonan Clay,Clay,1.0,1.0,0
9390,Binangonan Clay,Clay,1.0,1.0,0
9501,Binangonan Clay,Clay,1.0,1.0,0
9612,Binangonan Clay,Clay,1.0,1.0,0
9723,Binangonan Clay,Clay,1.0,1.0,0
9834,Binangonan Clay,Clay,1.0,1.0,0
9945,Binangonan Clay,Clay,1.0,1.0,0
10056,Binangonan Clay,Clay,1.0,1.0,0
10167,Binangonan Clay,Clay,1.0,1.0,0
10278,Binangonan Clay,Clay,1.0,1.0,0
10389,Binangonan Clay,Clay,1.0,1.0,0
10500,Binangonan Clay,Clay,1.0,1.0,0
10611,Antipolo Clay,Clay,0.656,1.0,0
10722,Antipolo Clay,Clay,1.0,1.0,0
10833,Antipolo Clay,Clay,1.0,1.0,0
10944,Antipolo Clay,Clay,1.0,1.0,0
11055,Antipolo Clay,Clay,1.0,1.0,0
11166,Antipolo Clay,Clay,1.0,1.0,0
11277,Antipolo Clay,Clay,1.0,0.909,0
11388,Antipolo Clay,Clay,1.0,0.196,1
11499,Antipolo Clay,Clay,,0.0,1
11610,Antipolo Clay,Clay,,0.0,1
11721,Antipolo Clay,Clay,,0.0,1
11832,Antipolo Clay,Clay,,0.0,1
11943,,,,0.0,0
12054,,,,0.0,0
12165,,,,0.0,0
12276,,,,0.0,0
12387,,,,0.0,0
12498,,,,0.0,0
12609,,,,0.0,0
12720,,,,0.0,0
12831,,,,0.0,0
12942,,,,0.0,0
13053,,,,0.0,0
13164,,,,0.0,0
13275,,,,0.0,0
13386,,,,0.0,0
13497,,,,0.0,0
13608,,,,0.0,0
13719,,,,0.0,0
13830,,,,0.0,0
13941,,,,0.0,0
14052,,,,0.0,0
14163,,,,0.0,0
14274,,,,0.0,0
14385,,,,0.0,0
622,Marikina Silt Loam,Silt Loam,1.0,1.0,0
844,Marikina Silt Loam,Silt Loam,1.0,1.0,0
955,Marikina Silt Loam,Silt Loam,1.0,1.0,0
1066,Marikina Silt Loam,Silt Loam,1.0,1.0,0
1177,Marikina Silt Loam,Silt Loam,1.0,1.0,0
1288,Marikina Silt Loam,Silt Loam,1.0,1.0,0
1399,Marikina Silt Loam,Silt Loam,1.0,1.0,0
1732,Marikina Silt Loam,Silt Loam,1.0,1.0,0
2398,Marikina Loam,Loam,1.0,1.0,0
2509,Marikina Loam,Loam,1.0,1.0,0
2620,Marikina Loam,Loam,0.609,1.0,0
2731,Antipolo Clay Loam,Clay Loam,1.0,1.0,0
2842,Antipolo Clay Loam,Clay Loam,1.0,1.0,0
2953,Antipolo Clay Loam,Clay Loam,1.0,1.0,0
3064,Antipolo Clay Loam,Clay Loam,1.0,1.0,0
3175,Antipolo Clay Loam,Clay Loam,1.0,1.0,0
3286,Antipolo Clay Loam,Clay Loam,1.0,1.0,0
3397,Marikina Loam,Loam,0.623,1.0,0
3508,Marikina Loam,Loam,1.0,1.0,0
3619,Marikina Loam,Loam,1.0,1.0,0
3730,Marikina Loam,Loam,1.0,1.0,0
3841,Antipolo Clay,Clay,0.698,1.0,0
3952,Antipolo Clay,Clay,1.0,1.0,0
4063,Antipolo Clay,Clay,1.0,1.0,0
4174,Antipolo Clay,Clay,1.0,1.0,0
4285,Antipolo Clay,Clay,1.0,1.0,0
4396,Antipolo Clay,Clay,1.0,1.0,0
4507,Antipolo Clay,Clay,1.0,1.0,0
4618,Antipolo Clay,Clay,1.0,1.0,0
4729,Antipolo Clay,Clay,1.0,1.0,0
4840,Antipolo Clay,Clay,1.0,1.0,0
4951,Antipolo Clay,Clay,1.0,1.0,0
5062,Antipolo Clay,Clay,1.0,1.0,0
5284,Antipolo Clay,Clay,1.0,1.0,0
5395,Antipolo Clay,Clay,1.0,1.0,0
5617,Antipolo Clay,Clay,1.0,1.0,0
5728,Antipolo Clay,Clay,1.0,1.0,0
5839,Antipolo Clay,Clay,1.0,1.0,0
5950,Antipolo Clay,Clay,1.0,1.0,0
6061,Antipolo Clay,Clay,1.0,1.0,0
6172,Antipolo Clay,Clay,1.0,1.0,0
6283,Antipolo Clay,Clay,1.0,1.0,0
6394,Antipolo Clay,Clay,1.0,1.0,0
6505,Antipolo Clay,Clay,1.0,1.0,0
6616,Antipolo Clay,Clay,1.0,1.0,0
6727,Antipolo Clay,Clay,1.0,1.0,0
6838,Antipolo Clay,Clay,1.0,1.0,0
6949,Antipolo Clay,Clay,1.0,1.0,0
7060,Antipolo Clay,Clay,1.0,1.0,0
7171,Antipolo Clay,Clay,1.0,1.0,0
7393,Antipolo Clay,Clay,1.0,1.0,0
7504,Antipolo Clay,Clay,1.0,1.0,0
7615,Antipolo Clay,Clay,1.0,1.0,0
7726,Antipolo Clay,Clay,1.0,1.0,0
7837,Antipolo Clay,Clay,1.0,1.0,0
7948,Antipolo Clay,Clay,1.0,1.0,0
8059,Antipolo Clay,Clay,1.0,1.0,0
8170,Antipolo Clay,Clay,1.0,1.0,0
8281,Antipolo Clay,Clay,1.0,1.0,0
8392,Antipolo Clay,Clay,0.938,1.0,0
8503,Binangonan Clay,Clay,1.0,1.0,0
8614,Binangonan Clay,Clay,1.0,1.0,0
8725,Binangonan Clay,Clay,1.0,1.0,0
8836,Binangonan Clay,Clay,1.0,1.0,0
8947,Binangonan Clay,Clay,1.0,1.0,0
9058,Binangonan Clay,Clay,1.0,1.0,0
9169,Binangonan Clay,Clay,1.0,1.0,0
9280,Binangonan Clay,Clay,1.0,1.0,0
9391,Binangonan Clay,Clay,1.0,1.0,0
9502,Binangonan Clay,Clay,1.0,1.0,0
9613,Binangonan Clay,Clay,1.0,1.0,0
9724,Binangonan Clay,Clay,1.0,1.0,0
9835,Binangonan Clay,Clay,1.0,1.0,0
9946,Binangonan Clay,Clay,1.0,1.0,0
10057,Binangonan Clay,Clay,1.0,1.0,0
10168,Binangonan Clay,Clay,1.0,1.0,0
10279,Binangonan Clay,Clay,1.0,1.0,0
10390,Binangonan Clay,Clay,1.0,1.0,0
10501,Binangonan Clay,Clay,1.0,1.0,0
10612,Binangonan Clay,Clay,0.859,1.0,0
10723,Antipolo Clay,Clay,0.984,1.0,0
10834,Antipolo Clay,Clay,1.0,1.0,0
10945,Antipolo Clay,Clay,1.0,1.0,0
11056,Antipolo Clay,Clay,1.0,1.0,0
11167,Antipolo Clay,Clay,1.0,1.0,0
11278,Antipolo Clay,Clay,1.0,1.0,0
11389,Antipolo Clay,Clay,1.0,0.969,0
11500,Antipolo Clay,Clay,1.0,0.391,0
11611,Antipolo Clay,Clay,,0.0,1
11722,Antipolo Clay,Clay,,0.0,1
11833,Antipolo Clay,Clay,,0.0,1
11944,Antipolo Clay,Clay,,0.0,1
12055,,,,0.0,0
12166,,,,0.0,0
12277,,,,0.0,0
12388,,,,0.0,0
12499,,,,0.0,0
12610,,,,0.0,0
12721,,,,0.0,0
12832,,,,0.0,0
12943,,,,0.0,0
13054,,,,0.0,0
13165,,,,0.0,0
13276,,,,0.0,0
13387,,,,0.0,0
13498,,,,0.0,0
13609,,,,0.0,0
13720,,,,0.0,0
13831,,,,0.0,0
13942,,,,0.0,0
14053,,,,0.0,0
14164,,,,0.0,0
14275,,,,0.0,0
14386,,,,0.0,0
512,Marikina Silt Loam,Silt Loam,1.0,1.0,0
623,Marikina Silt Loam,Silt Loam,1.0,1.0,0
845,Marikina Silt Loam,Silt Loam,1.0,1.0,0
1067,Marikina Silt Loam,Silt Loam,1.0,1.0,0
1178,Marikina Silt Loam,Silt Loam,1.0,1.0,0
1511,Marikina Silt Loam,Silt Loam,1.0,1.0,0
1622,Marikina Silt Loam,Silt Loam,1.0,1.0,0
1844,Marikina Silt Loam,Silt Loam,1.0,1.0,0
1955,Marikina Silt Loam,Silt Loam,1.0,1.0,0
2177,Marikina Silt Loam,Silt Loam,0.641,1.0,0
2288,Marikina Loam,Loam,0.953,1.0,0
2510,Marikina Loam,Loam,0.812,1.0,0
2732,Antipolo Clay Loam,Clay Loam,1.0,1.0,0
2954,Antipolo Clay Loam,Clay Loam,1.0,1.0,0
3176,Antipolo Clay Loam,Clay Loam,1.0,1.0,0
3287,Antipolo Clay Loam,Clay Loam,1.0,1.0,0
3509,Marikina Loam,Loam,0.964,1.0,0
3620,Marikina Loam,Loam,1.0,1.0,0
3731,Marikina Loam,Loam,1.0,1.0,0
3842,Antipolo Clay,Clay,0.692,1.0,0
3953,Antipolo Clay,Clay,1.0,1.0,0
4064,Antipolo Clay,Clay,1.0,1.0,0
4175,Antipolo Clay,Clay,1.0,1.0,0
4286,Antipolo Clay,Clay,1.0,1.0,0
4397,Antipolo Clay,Clay,1.0,1.0,0
4508,Antipolo Clay,Clay,1.0,1.0,0
4619,Antipolo Clay,Clay,1.0,1.0,0
4730,Antipolo Clay,Clay,1.0,1.0,0
4841,Antipolo Clay,Clay,1.0,1.0,0
4952,Antipolo Clay,Clay,1.0,1.0,0
5285,Antipolo Clay,Clay,1.0,1.0,0
5396,Antipolo Clay,Clay,1.0,1.0,0
5507,Antipolo Clay,Clay,1.0,1.0,0
5618,Antipolo Clay,Clay,1.0,1.0,0
5729,Antipolo Clay,Clay,1.0,1.0,0
5840,Antipolo Clay,Clay,1.0,1.0,0
5951,Antipolo Clay,Clay,1.0,1.0,0
6062,Antipolo Clay,Clay,1.0,1.0,0
6173,Antipolo Clay,Clay,1.0,1.0,0
6284,Antipolo Clay,Clay,1.0,1.0,0
6395,Antipolo Clay,Clay,1.0,1.0,0
6506,Antipolo Clay,Clay,1.0,1.0,0
6617,Antipolo Clay,Clay,1.0,1.0,0
6728,Antipolo Clay,Clay,1.0,1.0,0
6839,Antipolo Clay,Clay,1.0,1.0,0
6950,Antipolo Clay,Clay,1.0,1.0,0
7061,Antipolo Clay,Clay,1.0,1.0,0
7172,Antipolo Clay,Clay,1.0,1.0,0
7283,Antipolo Clay,Clay,1.0,1.0,0
7394,Antipolo Clay,Clay,1.0,1.0,0
7505,Antipolo Clay,Clay,1.0,1.0,0
7616,Antipolo Clay,Clay,1.0,1.0,0
7727,Antipolo Clay,Clay,1.0,1.0,0
7838,Antipolo Clay,Clay,1.0,1.0,0
7949,Antipolo Clay,Clay,1.0,1.0,0
8060,Antipolo Clay,Clay,1.0,1.0,0
8171,Antipolo Clay,Clay,1.0,1.0,0
8282,Antipolo Clay,Clay,1.0,1.0,0
8393,Antipolo Clay,Clay,0.75,1.0,0
8504,Binangonan Clay,Clay,1.0,1.0,0
8615,Binangonan Clay,Clay,1.0,1.0,0
8726,Binangonan Clay,Clay,1.0,1.0,0
8837,Binangonan Clay,Clay,1.0,1.0,0
8948,Binangonan Clay,Clay,1.0,1.0,0
9059,Binangonan Clay,Clay,1.0,1.0,0
9170,Binangonan Clay,Clay,1.0,1.0,0
9281,Binangonan Clay,Clay,1.0,1.0,0
9392,Binangonan Clay,Clay,1.0,1.0,0
9503,Binangonan Clay,Clay,1.0,1.0,0
9725,Binangonan Clay,Clay,1.0,1.0,0
9836,Binangonan Clay,Clay,1.0,1.0,0
9947,Binangonan Clay,Clay,1.0,1.0,0
10058,Binangonan Clay,Clay,1.0,1.0,0
10169,Binangonan Clay,Clay,1.0,1.0,0
10280,Binangonan Clay,Clay,1.0,1.0,0
10391,Binangonan Clay,Clay,1.0,1.0,0
10502,Binangonan Clay,Clay,1.0,1.0,0
10613,Binangonan Clay,Clay,1.0,1.0,0
10724,Antipolo Clay,Clay,0.804,1.0,0
10835,Antipolo Clay,Clay,1.0,1.0,0
10946,Antipolo Clay,Clay,1.0,1.0,0
11057,Antipolo Clay,Clay,1.0,1.0,0
11168,Antipolo Clay,Clay,1.0,1.0,0
11279,Antipolo Clay,Clay,1.0,1.0,0
11390,Antipolo Clay,Clay,1.0,1.0,0
11501,Antipolo Clay,Clay,1.0,1.0,0
11612,Antipolo Clay,Clay,1.0,0.656,0
11723,Antipolo Clay,Clay,1.0,0.054,1
11834,Antipolo Clay,Clay,,0.0,1
11945,Antipolo Clay,Clay,,0.0,1
12056,Antipolo Clay,Clay,,0.0,1
12167,,,,0.0,0
12278,,,,0.0,0
12389,,,,0.0,0
12500,,,,0.0,0
12611,,,,0.0,0
12722,,,,0.0,0
12833,,,,0.0,0
12944,,,,0.0,0
13055,,,,0.0,0
13166,,,,0.0,0
13277,,,,0.0,0
13388,,,,0.0,0
13499,,,,0.0,0
13610,,,,0.0,0
13721,,,,0.0,0
13832,,,,0.0,0
13943,,,,0.0,0
14054,,,,0.0,0
14165,,,,0.0,0
14276,,,,0.0,0
14387,,,,0.0,0
513,Marikina Silt Loam,Silt Loam,1.0,1.0,0
735,Marikina Silt Loam,Silt Loam,1.0,1.0,0
846,Marikina Silt Loam,Silt Loam,1.0,1.0,0
1290,Marikina Silt Loam,Silt Loam,1.0,1.0,0
1401,Marikina Silt Loam,Silt Loam,1.0,1.0,0
2067,Marikina Silt Loam,Silt Loam,1.0,1.0,0
2289,Marikina Loam,Loam,1.0,1.0,0
2400,Marikina Loam,Loam,0.921,1.0,0
2511,Antipolo Clay Loam,Clay Loam,0.877,1.0,0
2622,Antipolo Clay Loam,Clay Loam,1.0,1.0,0
2955,Antipolo Clay Loam,Clay Loam,1.0,1.0,0
3066,Antipolo Clay Loam,Clay Loam,1.0,1.0,0
3288,Antipolo Clay Loam,Clay Loam,1.0,1.0,0
3399,Antipolo Clay Loam,Clay Loam,1.0,1.0,0
3510,Antipolo Clay Loam,Clay Loam,0.531,1.0,0
3621,Marikina Loam,Loam,1.0,1.0,0
3732,Marikina Loam,Loam,1.0,1.0,0
3843,Antipolo Clay,Clay,0.554,1.0,0
3954,Antipolo Clay,Clay,1.0,1.0,0
4065,Antipolo Clay,Clay,1.0,1.0,0
4176,Antipolo Clay,Clay,1.0,1.0,0
4287,Antipolo Clay,Clay,1.0,1.0,0
4398,Antipolo Clay,Clay,1.0,1.0,0
4509,Antipolo Clay,Clay,1.0,1.0,0
4620,Antipolo Clay,Clay,1.0,1.0,0
4731,Antipolo Clay,Clay,1.0,1.0,0
4842,Antipolo Clay,Clay,1.0,1.0,0
4953,Antipolo Clay,Clay,1.0,1.0,0
5064,Antipolo Clay,Clay,1.0,1.0,0
5175,Antipolo Clay,Clay,1.0,1.0,0
5286,Antipolo Clay,Clay,1.0,1.0,0
5397,Antipolo Clay,Clay,1.0,1.0,0
5508,Antipolo Clay,Clay,1.0,1.0,0
5841,Antipolo Clay,Clay,1.0,1.0,0
5952,Antipolo Clay,Clay,1.0,1.0,0
6063,Antipolo Clay,Clay,1.0,1.0,0
6174,Antipolo Clay,Clay,1.0,1.0,0
6285,Antipolo Clay,Clay,1.0,1.0,0
6396,Antipolo Clay,Clay,1.0,1.0,0
6507,Antipolo Clay,Clay,1.0,1.0,0
6618,Antipolo Clay,Clay,1.0,1.0,0
6729,Antipolo Clay,Clay,1.0,1.0,0
6840,Antipolo Clay,Clay,1.0,1.0,0
6951,Antipolo Clay,Clay,1.0,1.0,0
7062,Antipolo Clay,Clay,1.0,1.0,0
7173,Antipolo Clay,Clay,1.0,1.0,0
7284,Antipolo Clay,Clay,1.0,1.0,0
7395,Antipolo Clay,Clay,1.0,1.0,0
7506,Antipolo Clay,Clay,1.0,1.0,0
7617,Antipolo Clay,Clay,1.0,1.0,0
7728,Antipolo Clay,Clay,1.0,1.0,0
7839,Antipolo Clay,Clay,1.0,1.0,0
7950,Antipolo Clay,Clay,1.0,1.0,0
8061,Antipolo Clay,Clay,1.0,1.0,0
8172,Antipolo Clay,Clay,1.0,1.0,0
8283,Antipolo Clay,Clay,1.0,1.0,0
8394,Antipolo Clay,Clay,0.625,1.0,0
8505,Binangonan Clay,Clay,1.0,1.0,0
8727,Binangonan Clay,Clay,1.0,1.0,0
8838,Binangonan Clay,Clay,1.0,1.0,0
8949,Binangonan Clay,Clay,1.0,1.0,0
9060,Binangonan Clay,Clay,1.0,1.0,0
9171,Binangonan Clay,Clay,1.0,1.0,0
9282,Binangonan Clay,Clay,1.0,1.0,0
9393,Binangonan Clay,Clay,1.0,1.0,0
9504,Binangonan Clay,Clay,1.0,1.0,0
9615,Binangonan Clay,Clay,1.0,1.0,0
9726,Binangonan Clay,Clay,1.0,1.0,0
9837,Binangonan Clay,Clay,1.0,1.0,0
9948,Binangonan Clay,Clay,1.0,1.0,0
10059,Binangonan Clay,Clay,1.0,1.0,0
10170,Binangonan Clay,Clay,1.0,1.0,0
10281,Binangonan Clay,Clay,1.0,1.0,0
10392,Binangonan Clay,Clay,1.0,1.0,0
10503,Binangonan Clay,Clay,1.0,1.0,0
10614,Binangonan Clay,Clay,1.0,1.0,0
10725,Antipolo Clay,Clay,0.672,1.0,0
10836,Antipolo Clay,Clay,1.0,1.0,0
10947,Antipolo Clay,Clay,1.0,1.0,0
11058,Antipolo Clay,Clay,1.0,1.0,0
11169,Antipolo Clay,Clay,1.0,1.0,0
11280,Antipolo Clay,Clay,1.0,1.0,0
11391,Antipolo Clay,Clay,1.0,1.0,0
11502,Antipolo Clay,Clay,1.0,1.0,0
11613,Antipolo Clay,Clay,1.0,1.0,0
11724,Antipolo Clay,Clay,1.0,0.869,0
11835,Antipolo Clay,Clay,1.0,0.179,1
11946,Antipolo Clay,Clay,,0.0,1
12057,Antipolo Clay,Clay,,0.0,1
12168,,,,0.0,0
12279,,,,0.0,0
12390,,,,0.0,0
12501,,,,0.0,0
12612,,,,0.0,0
12723,,,,0.0,0
12834,,,,0.0,0
12945,,,,0.0,0
13056,,,,0.0,0
13167,,,,0.0,0
13278,,,,0.0,0
13389,,,,0.0,0
13500,,,,0.0,0
13611,,,,0.0,0
13722,,,,0.0,0
13833,,,,0.0,0
13944,,,,0.0,0
14055,,,,0.0,0
14166,,,,0.0,0
14277,,,,0.0,0
14388,,,,0.0,0
403,Marikina Silt Loam,Silt Loam,1.0,1.0,0
847,Marikina Silt Loam,Silt Loam,1.0,1.0,0
1402,Marikina Silt Loam,Silt Loam,1.0,1.0,0
1957,Marikina Silt Loam,Silt Loam,1.0,1.0,0
2179,Marikina Silt Loam,Silt Loam,0.984,1.0,0
2290,Marikina Loam,Loam,1.0,1.0,0
2401,Marikina Loam,Loam,0.625,1.0,0
2512,Antipolo Clay Loam,Clay Loam,1.0,1.0,0
2623,Antipolo Clay Loam,Clay Loam,1.0,1.0,0
2845,Antipolo Clay Loam,Clay Loam,1.0,1.0,0
3067,Antipolo Clay Loam,Clay Loam,1.0,1.0,0
3178,Antipolo Clay Loam,Clay Loam,1.0,1.0,0
3289,Antipolo Clay Loam,Clay Loam,1.0,1.0,0
3400,Antipolo Clay Loam,Clay Loam,1.0,1.0,0
3511,Antipolo Clay Loam,Clay Loam,0.984,1.0,0
3622,Marikina Loam,Loam,0.844,1.0,0
3733,Marikina Loam,Loam,1.0,1.0,0
3844,Marikina Loam,Loam,0.678,1.0,0
3955,Antipolo Clay,Clay,1.0,1.0,0
4066,Antipolo Clay,Clay,1.0,1.0,0
4177,Antipolo Clay,Clay,1.0,1.0,0
4288,Antipolo Clay,Clay,1.0,1.0,0
4399,Antipolo Clay,Clay,1.0,1.0,0
4510,Antipolo Clay,Clay,1.0,1.0,0
4621,Antipolo Clay,Clay,1.0,1.0,0
4732,Antipolo Clay,Clay,1.0,1.0,0
4843,Antipolo Clay,Clay,1.0,1.0,0
4954,Antipolo Clay,Clay,1.0,1.0,0
5065,Antipolo Clay,Clay,1.0,1.0,0
5176,Antipolo Clay,Clay,1.0,1.0,0
5287,Antipolo Clay,Clay,1.0,1.0,0
5509,Antipolo Clay,Clay,1.0,1.0,0
5620,Antipolo Clay,Clay,1.0,1.0,0
5731,Antipolo Clay,Clay,1.0,1.0,0
5953,Antipolo Clay,Clay,1.0,1.0,0
6064,Antipolo Clay,Clay,1.0,1.0,0
6175,Antipolo Clay,Clay,1.0,1.0,0
6286,Antipolo Clay,Clay,1.0,1.0,0
6397,Antipolo Clay,Clay,1.0,1.0,0
6619,Antipolo Clay,Clay,1.0,1.0,0
6730,Antipolo Clay,Clay,1.0,1.0,0
6841,Antipolo Clay,Clay,1.0,1.0,0
6952,Antipolo Clay,Clay,1.0,1.0,0
7063,Antipolo Clay,Clay,1.0,1.0,0
7174,Antipolo Clay,Clay,1.0,1.0,0
7285,Antipolo Clay,Clay,1.0,1.0,0
7396,Antipolo Clay,Clay,1.0,1.0,0
7507,Antipolo Clay,Clay,1.0,1.0,0
7618,Antipolo Clay,Clay,1.0,1.0,0
7729,Antipolo Clay,Clay,1.0,1.0,0
7840,Antipolo Clay,Clay,1.0,1.0,0
7951,Antipolo Clay,Clay,1.0,1.0,0
8062,Antipolo Clay,Clay,1.0,1.0,0
8173,Antipolo Clay,Clay,1.0,1.0,0
8284,Antipolo Clay,Clay,1.0,1.0,0
8395,Binangonan Clay,Clay,0.703,1.0,0
8506,Binangonan Clay,Clay,1.0,1.0,0
8617,Binangonan Clay,Clay,1.0,1.0,0
8728,Binangonan Clay,Clay,1.0,1.0,0
8839,Binangonan Clay,Clay,1.0,1.0,0
8950,Binangonan Clay,Clay,1.0,1.0,0
9061,Binangonan Clay,Clay,1.0,1.0,0
9283,Binangonan Clay,Clay,1.0,1.0,0
9394,Binangonan Clay,Clay,1.0,1.0,0
9505,Binangonan Clay,Clay,1.0,1.0,0
9616,Binangonan Clay,Clay,1.0,1.0,0
9727,Binangonan Clay,Clay,1.0,1.0,0
9838,Binangonan Clay,Clay,1.0,1.0,0
9949,Binangonan Clay,Clay,1.0,1.0,0
10060,Binangonan Clay,Clay,1.0,1.0,0
10171,Binangonan Clay,Clay,1.0,1.0,0
10282,Binangonan Clay,Clay,1.0,1.0,0
10393,Binangonan Clay,Clay,1.0,1.0,0
10615,Binangonan Clay,Clay,1.0,1.0,0
10726,Antipolo Clay,Clay,0.625,1.0,0
10837,Antipolo Clay,Clay,1.0,1.0,0
10948,Antipolo Clay,Clay,1.0,1.0,0
11059,Antipolo Clay,Clay,1.0,1.0,0
11170,Antipolo Clay,Clay,1.0,1.0,0
11281,Antipolo Clay,Clay,1.0,1.0,0
11392,Antipolo Clay,Clay,1.0,1.0,0
11503,Antipolo Clay,Clay,1.0,1.0,0
11614,Antipolo Clay,Clay,1.0,1.0,0
11725,Antipolo Clay,Clay,1.0,1.0,0
11836,Antipolo Clay,Clay,1.0,0.846,0
11947,Antipolo Clay,Clay,,0.0,1
12058,Antipolo Clay,Clay,,0.0,1
12169,,,,0.0,0
12391,,,,0.0,0
12502,,,,0.0,0
12613,,,,0.0,0
12724,,,,0.0,0
12835,,,,0.0,0
12946,,,,0.0,0
13057,,,,0.0,0
13168,,,,0.0,0
13279,,,,0.0,0
13390,,,,0.0,0
13501,,,,0.0,0
13612,,,,0.0,0
13723,,,,0.0,0
13834,,,,0.0,0
13945,,,,0.0,0
14056,,,,0.0,0
14167,,,,0.0,0
14278,,,,0.0,0
14389,,,,0.0,0
404,Marikina Silt Loam,Silt Loam,1.0,1.0,0
737,Marikina Silt Loam,Silt Loam,1.0,1.0,0
848,Marikina Silt Loam,Silt Loam,1.0,1.0,0
1181,Marikina Silt Loam,Silt Loam,1.0,1.0,0
1292,Marikina Silt Loam,Silt Loam,1.0,1.0,0
1403,Marikina Silt Loam,Silt Loam,1.0,1.0,0
1514,Marikina Silt Loam,Silt Loam,1.0,1.0,0
1736,Marikina Silt Loam,Silt Loam,1.0,1.0,0
1847,Marikina Silt Loam,Silt Loam,1.0,1.0,0
1958,Marikina Silt Loam,Silt Loam,1.0,1.0,0
2180,Marikina Silt Loam,Silt Loam,1.0,1.0,0
2291,Marikina Loam,Loam,0.965,1.0,0
2624,Antipolo Clay Loam,Clay Loam,1.0,1.0,0
2846,Antipolo Clay Loam,Clay Loam,1.0,1.0,0
2957,Antipolo Clay Loam,Clay Loam,1.0,1.0,0
3068,Antipolo Clay Loam,Clay Loam,1.0,1.0,0
3179,Antipolo Clay Loam,Clay Loam,1.0,1.0,0
3290,Antipolo Clay Loam,Clay Loam,1.0,1.0,0
3401,Antipolo Clay Loam,Clay Loam,1.0,1.0,0
3512,Antipolo Clay Loam,Clay Loam,1.0,1.0,0
3623,Antipolo Clay Loam,Clay Loam,0.609,1.0,0
3734,Marikina Loam,Loam,1.0,1.0,0
3845,Marikina Loam,Loam,0.75,1.0,0
3956,Antipolo Clay,Clay,1.0,1.0,0
4067,Antipolo Clay,Clay,1.0,1.0,0
4178,Antipolo Clay,Clay,1.0,1.0,0
4289,Antipolo Clay,Clay,1.0,1.0,0
4400,Antipolo Clay,Clay,1.0,1.0,0
4511,Antipolo Clay,Clay,1.0,1.0,0
4622,Antipolo Clay,Clay,1.0,1.0,0
4733,Antipolo Clay,Clay,1.0,1.0,0
4844,Antipolo Clay,Clay,1.0,1.0,0
4955,Antipolo Clay,Clay,1.0,1.0,0
5066,Antipolo Clay,Clay,1.0,1.0,0
5177,Antipolo Clay,Clay,1.0,1.0,0
5288,Antipolo Clay,Clay,1.0,1.0,0
5510,Antipolo Clay,Clay,1.0,1.0,0
5621,Antipolo Clay,Clay,1.0,1.0,0
5732,Antipolo Clay,Clay,1.0,1.0,0
5843,Antipolo Clay,Clay,1.0,1.0,0
6065,Antipolo Clay,Clay,1.0,1.0,0
6176,Antipolo Clay,Clay,1.0,1.0,0
6287,Antipolo Clay,Clay,1.0,1.0,0
6398,Antipolo Clay,Clay,1.0,1.0,0
6509,Antipolo Clay,Clay,1.0,1.0,0
6620,Antipolo Clay,Clay,1.0,1.0,0
6731,Antipolo Clay,Clay,1.0,1.0,0
6842,Antipolo Clay,Clay,1.0,1.0,0
6953,Antipolo Clay,Clay,1.0,1.0,0
7064,Antipolo Clay,Clay,1.0,1.0,0
7175,Antipolo Clay,Clay,1.0,1.0,0
7286,Antipolo Clay,Clay,1.0,1.0,0
7397,Antipolo Clay,Clay,1.0,1.0,0
7508,Antipolo Clay,Clay,1.0,1.0,0
7619,Antipolo Clay,Clay,1.0,1.0,0
7730,Antipolo Clay,Clay,1.0,1.0,0
7841,Antipolo Clay,Clay,1.0,1.0,0
7952,Antipolo Clay,Clay,1.0,1.0,0
8063,Antipolo Clay,Clay,1.0,1.0,0
8174,Antipolo Clay,Clay,1.0,1.0,0
8285,Antipolo Clay,Clay,0.688,1.0,0
8396,Binangonan Clay,Clay,1.0,1.0,0
8507,Binangonan Clay,Clay,1.0,1.0,0
8618,Binangonan Clay,Clay,1.0,1.0,0
8729,Binangonan Clay,Clay,1.0,1.0,0
8840,Binangonan Clay,Clay,1.0,1.0,0
8951,Binangonan Clay,Clay,1.0,1.0,0
9062,Binangonan Clay,Clay,1.0,1.0,0
9173,Binangonan Clay,Clay,1.0,1.0,0
9284,Binangonan Clay,Clay,1.0,1.0,0
9395,Binangonan Clay,Clay,1.0,1.0,0
9506,Binangonan Clay,Clay,1.0,1.0,0
9617,Binangonan Clay,Clay,1.0,1.0,0
9728,Binangonan Clay,Clay,1.0,1.0,0
9839,Binangonan Clay,Clay,1.0,1.0,0
9950,Binangonan Clay,Clay,1.0,1.0,0
10061,Binangonan Clay,Clay,1.0,1.0,0
10172,Binangonan Clay,Clay,1.0,1.0,0
10283,Binangonan Clay,Clay,1.0,1.0,0
10394,Binangonan Clay,Clay,1.0,1.0,0
10505,Binangonan Clay,Clay,1.0,1.0,0
10616,Binangonan Clay,Clay,1.0,1.0,0
10727,Antipolo Clay,Clay,0.625,1.0,0
10838,Antipolo Clay,Clay,1.0,1.0,0
10949,Antipolo Clay,Clay,1.0,1.0,0
11060,Antipolo Clay,Clay,1.0,1.0,0
11171,Antipolo Clay,Clay,1.0,1.0,0
11393,Antipolo Clay,Clay,1.0,1.0,0
11504,Antipolo Clay,Clay,1.0,1.0,0
11615,Antipolo Clay,Clay,1.0,1.0,0
11726,Antipolo Clay,Clay,1.0,1.0,0
11837,Antipolo Clay,Clay,1.0,0.804,0
11948,Antipolo Clay,Clay,,0.0,1
12059,Antipolo Clay,Clay,,0.0,1
12392,,,,0.0,0
12503,,,,0.0,0
12614,,,,0.0,0
12725,,,,0.0,0
12836,,,,0.0,0
12947,,,,0.0,0
13058,,,,0.0,0
13169,,,,0.0,0
13280,,,,0.0,0
13391,,,,0.0,0
13502,,,,0.0,0
13613,,,,0.0,0
13724,,,,0.0,0
13835,,,,0.0,0
13946,,,,0.0,0
14057,,,,0.0,0
14168,,,,0.0,0
14279,,,,0.0,0
14390,,,,0.0,0
14501,,,,0.0,0
294,Marikina Silt Loam,Silt Loam,1.0,1.0,0
627,Marikina Silt Loam,Silt Loam,1.0,1.0,0
738,Marikina Silt Loam,Silt Loam,1.0,1.0,0
960,Marikina Silt Loam,Silt Loam,1.0,1.0,0
1071,Marikina Silt Loam,Silt Loam,1.0,1.0,0
1293,Marikina Silt Loam,Silt Loam,1.0,1.0,0
1404,Marikina Silt Loam,Silt Loam,1.0,1.0,0
1515,Marikina Silt Loam,Silt Loam,1.0,1.0,0
1626,Marikina Silt Loam,Silt Loam,1.0,1.0,0
1737,Marikina Silt Loam,Silt Loam,1.0,1.0,0
1848,Marikina Silt Loam,Silt Loam,1.0,1.0,0
2070,Marikina Silt Loam,Silt Loam,1.0,1.0,0
2292,Marikina Loam,Loam,0.746,1.0,0
2403,Marikina Loam,Loam,0.766,1.0,0
2514,Antipolo Clay Loam,Clay Loam,1.0,1.0,0
2625,Antipolo Clay Loam,Clay Loam,1.0,1.0,0
2736,Antipolo Clay Loam,Clay Loam,1.0,1.0,0
2847,Antipolo Clay Loam,Clay Loam,1.0,1.0,0
2958,Antipolo Clay Loam,Clay Loam,1.0,1.0,0
3180,Antipolo Clay Loam,Clay Loam,1.0,1.0,0
3291,Antipolo Clay Loam,Clay Loam,1.0,1.0,0
3513,Antipolo Clay Loam,Clay Loam,1.0,1.0,0
3624,Antipolo Clay Loam,Clay Loam,0.695,1.0,0
3735,Antipolo Clay,Clay,0.786,1.0,0
3846,Antipolo Clay,Clay,0.929,1.0,0
3957,Antipolo Clay,Clay,1.0,1.0,0
4068,Antipolo Clay,Clay,1.0,1.0,0
4179,Antipolo Clay,Clay,1.0,1.0,0
4290,Antipolo Clay,Clay,1.0,1.0,0
4401,Antipolo Clay,Clay,1.0,1.0,0
4512,Antipolo Clay,Clay,1.0,1.0,0
4623,Antipolo Clay,Clay,1.0,1.0,0
4734,Antipolo Clay,Clay,1.0,1.0,0
4845,Antipolo Clay,Clay,1.0,1.0,0
4956,Antipolo Clay,Clay,1.0,1.0,0
5067,Antipolo Clay,Clay,1.0,1.0,0
5178,Antipolo Clay,Clay,1.0,1.0,0
5289,Antipolo Clay,Clay,1.0,1.0,0
5400,Antipolo Clay,Clay,1.0,1.0,0
5511,Antipolo Clay,Clay,1.0,1.0,0
5622,Antipolo Clay,Clay,1.0,1.0,0
5733,Antipolo Clay,Clay,1.0,1.0,0
5844,Antipolo Clay,Clay,1.0,1.0,0
5955,Antipolo Clay,Clay,1.0,1.0,0
6066,Antipolo Clay,Clay,1.0,1.0,0
6177,Antipolo Clay,Clay,1.0,1.0,0
6288,Antipolo Clay,Clay,1.0,1.0,0
6399,Antipolo Clay,Clay,1.0,1.0,0
6510,Antipolo Clay,Clay,1.0,1.0,0
6621,Antipolo Clay,Clay,1.0,1.0,0
6732,Antipolo Clay,Clay,1.0,1.0,0
6843,Antipolo Clay,Clay,1.0,1.0,0
6954,Antipolo Clay,Clay,1.0,1.0,0
7065,Antipolo Clay,Clay,1.0,1.0,0
7176,Antipolo Clay,Clay,1.0,1.0,0
7287,Antipolo Clay,Clay,1.0,1.0,0
7509,Antipolo Clay,Clay,1.0,1.0,0
7620,Antipolo Clay,Clay,1.0,1.0,0
7731,Antipolo Clay,Clay,1.0,1.0,0
7842,Antipolo Clay,Clay,1.0,1.0,0
7953,Antipolo Clay,Clay,1.0,1.0,0
8064,Antipolo Clay,Clay,1.0,1.0,0
8175,Antipolo Clay,Clay,1.0,1.0,0
8286,Binangonan Clay,Clay,0.781,1.0,0
8397,Binangonan Clay,Clay,1.0,1.0,0
8508,Binangonan Clay,Clay,1.0,1.0,0
8619,Binangonan Clay,Clay,1.0,1.0,0
8730,Binangonan Clay,Clay,1.0,1.0,0
8841,Binangonan Clay,Clay,1.0,1.0,0
8952,Binangonan Clay,Clay,1.0,1.0,0
9063,Binangonan Clay,Clay,1.0,1.0,0
9174,Binangonan Clay,Clay,1.0,1.0,0
9285,Binangonan Clay,Clay,1.0,1.0,0
9396,Binangonan Clay,Clay,1.0,1.0,0
9507,Binangonan Clay,Clay,1.0,1.0,0
9618,Binangonan Clay,Clay,1.0,1.0,0
9729,Binangonan Clay,Clay,1.0,1.0,0
9840,Binangonan Clay,Clay,1.0,1.0,0
9951,Binangonan Clay,Clay,1.0,1.0,0
10062,Binangonan Clay,Clay,1.0,1.0,0
10173,Binangonan Clay,Clay,1.0,1.0,0
10284,Binangonan Clay,Clay,1.0,1.0,0
10395,Binangonan Clay,Clay,1.0,1.0,0
10506,Binangonan Clay,Clay,1.0,1.0,0
10617,Binangonan Clay,Clay,1.0,1.0,0
10728,Antipolo Clay,Clay,0.625,1.0,0
10839,Antipolo Clay,Clay,1.0,1.0,0
10950,Antipolo Clay,Clay,1.0,1.0,0
11061,Antipolo Clay,Clay,1.0,1.0,0
11172,Antipolo Clay,Clay,1.0,1.0,0
11283,Antipolo Clay,Clay,1.0,1.0,0
11394,Antipolo Clay,Clay,1.0,1.0,0
11505,Antipolo Clay,Clay,1.0,1.0,0
11616,Antipolo Clay,Clay,1.0,1.0,0
11727,Antipolo Clay,Clay,1.0,1.0,0
11838,Antipolo Clay,Clay,1.0,0.714,0
11949,Antipolo Clay,Clay,,0.0,1
12060,Antipolo Clay,Clay,,0.0,1
12171,,,,0.0,0
12282,,,,0.0,0
12393,,,,0.0,0
12504,,,,0.0,0
12615,,,,0.0,0
12726,,,,0.0,0
12837,,,,0.0,0
12948,,,,0.0,0
13059,,,,0.0,0
13170,,,,0.0,0
13281,,,,0.0,0
13392,,,,0.0,0
13503,,,,0.0,0
13614,,,,0.0,0
13725,,,,0.0,0
13836,,,,0.0,0
13947,,,,0.0,0
14058,,,,0.0,0
14169,,,,0.0,0
14280,,,,0.0,0
14391,,,,0.0,0
14502,,,,0.0,0
295,Marikina Silt Loam,Silt Loam,1.0,1.0,0
517,Marikina Silt Loam,Silt Loam,1.0,1.0,0
739,Marikina Silt Loam,Silt Loam,1.0,1.0,0
961,Marikina Silt Loam,Silt Loam,1.0,0.781,0
1405,Marikina Silt Loam,Silt Loam,1.0,1.0,0
1516,Marikina Silt Loam,Silt Loam,1.0,1.0,0
1627,Marikina Silt Loam,Silt Loam,1.0,1.0,0
1849,Marikina Silt Loam,Silt Loam,1.0,1.0,0
1960,Marikina Silt Loam,Silt Loam,1.0,1.0,0
2071,Marikina Silt Loam,Silt Loam,1.0,1.0,0
2182,Marikina Silt Loam,Silt Loam,1.0,1.0,0
2293,Marikina Loam,Loam,0.781,1.0,0
2404,Marikina Loam,Loam,1.0,1.0,0
2515,Antipolo Clay Loam,Clay Loam,0.703,1.0,0
2737,Antipolo Clay Loam,Clay Loam,1.0,1.0,0
3181,Antipolo Clay Loam,Clay Loam,1.0,1.0,0
3403,Antipolo Clay Loam,Clay Loam,1.0,1.0,0
3514,Antipolo Clay Loam,Clay Loam,1.0,1.0,0
3625,Antipolo Clay,Clay,0.557,1.0,0
3847,Antipolo Clay,Clay,1.0,1.0,0
3958,Antipolo Clay,Clay,1.0,1.0,0
4069,Antipolo Clay,Clay,1.0,1.0,0
4180,Antipolo Clay,Clay,1.0,1.0,0
4291,Antipolo Clay,Clay,1.0,1.0,0
4402,Antipolo Clay,Clay,1.0,1.0,0
4513,Antipolo Clay,Clay,1.0,1.0,0
4624,Antipolo Clay,Clay,1.0,1.0,0
4735,Antipolo Clay,Clay,1.0,1.0,0
4846,Antipolo Clay,Clay,1.0,1.0,0
4957,Antipolo Clay,Clay,1.0,1.0,0
5068,Antipolo Clay,Clay,1.0,1.0,0
5179,Antipolo Clay,Clay,1.0,1.0,0
5290,Antipolo Clay,Clay,1.0,1.0,0
5401,Antipolo Clay,Clay,1.0,1.0,0
5623,Antipolo Clay,Clay,1.0,1.0,0
5734,Antipolo Clay,Clay,1.0,1.0,0
5845,Antipolo Clay,Clay,1.0,1.0,0
5956,Antipolo Clay,Clay,1.0,1.0,0
6178,Antipolo Clay,Clay,1.0,1.0,0
6289,Antipolo Clay,Clay,1.0,1.0,0
6400,Antipolo Clay,Clay,1.0,1.0,0
6511,Antipolo Clay,Clay,1.0,1.0,0
6622,Antipolo Clay,Clay,1.0,1.0,0
6733,Antipolo Clay,Clay,1.0,1.0,0
6844,Antipolo Clay,Clay,1.0,1.0,0
6955,Antipolo Clay,Clay,1.0,1.0,0
7177,Antipolo Clay,Clay,1.0,1.0,0
7288,Antipolo Clay,Clay,1.0,1.0,0
7399,Antipolo Clay,Clay,1.0,1.0,0
7510,Antipolo Clay,Clay,1.0,1.0,0
7621,Antipolo Clay,Clay,1.0,1.0,0
7732,Antipolo Clay,Clay,1.0,1.0,0
7843,Antipolo Clay,Clay,1.0,1.0,0
7954,Antipolo Clay,Clay,1.0,1.0,0
8065,Antipolo Clay,Clay,1.0,1.0,0
8176,Antipolo Clay,Clay,0.679,1.0,0
8287,Binangonan Clay,Clay,1.0,1.0,0
8509,Binangonan Clay,Clay,1.0,1.0,0
8620,Binangonan Clay,Clay,1.0,1.0,0
8731,Binangonan Clay,Clay,1.0,1.0,0
8842,Binangonan Clay,Clay,1.0,1.0,0
8953,Binangonan Clay,Clay,1.0,1.0,0
9064,Binangonan Clay,Clay,1.0,1.0,0
9175,Binangonan Clay,Clay,1.0,1.0,0
9286,Binangonan Clay,Clay,1.0,1.0,0
9397,Binangonan Clay,Clay,1.0,1.0,0
9508,Binangonan Clay,Clay,1.0,1.0,0
9619,Binangonan Clay,Clay,1.0,1.0,0
9730,Binangonan Clay,Clay,1.0,1.0,0
9841,Binangonan Clay,Clay,1.0,1.0,0
9952,Binangonan Clay,Clay,1.0,1.0,0
10063,Binangonan Clay,Clay,1.0,1.0,0
10174,Binangonan Clay,Clay,1.0,1.0,0
10285,Binangonan Clay,Clay,1.0,1.0,0
10396,Binangonan Clay,Clay,1.0,1.0,0
10507,Binangonan Clay,Clay,1.0,1.0,0
10618,Binangonan Clay,Clay,0.983,1.0,0
10729,Antipolo Clay,Clay,0.844,1.0,0
10840,Antipolo Clay,Clay,1.0,1.0,0
10951,Antipolo Clay,Clay,1.0,1.0,0
11062,Antipolo Clay,Clay,1.0,1.0,0
11173,Antipolo Clay,Clay,1.0,1.0,0
11284,Antipolo Clay,Clay,1.0,1.0,0
11395,Antipolo Clay,Clay,1.0,1.0,0
11506,Antipolo Clay,Clay,1.0,1.0,0
11617,Antipolo Clay,Clay,1.0,1.0,0
11728,Antipolo Clay,Clay,1.0,1.0,0
11839,Antipolo Clay,Clay,1.0,0.444,0
11950,Antipolo Clay,Clay,,0.0,1
12061,Antipolo Clay,Clay,,0.0,1
12283,,,,0.0,0
12505,,,,0.0,0
12616,,,,0.0,0
12727,,,,0.0,0
12838,,,,0.0,0
12949,,,,0.0,0
13060,,,,0.0,0
13171,,,,0.0,0
13282,,,,0.0,0
13393,,,,0.0,0
13504,,,,0.0,0
13615,,,,0.0,0
13726,,,,0.0,0
13837,,,,0.0,0
13948,,,,0.0,0
14059,,,,0.0,0
14170,,,,0.0,0
14281,,,,0.0,0
14392,,,,0.0,0
14503,,,,0.0,0
296,Marikina Silt Loam,Silt Loam,1.0,0.339,0
518,Marikina Silt Loam,Silt Loam,1.0,1.0,0
629,Marikina Silt Loam,Silt Loam,1.0,1.0,0
1628,Marikina Silt Loam,Silt Loam,1.0,1.0,0
1739,Marikina Silt Loam,Silt Loam,1.0,1.0,0
1850,Marikina Silt Loam,Silt Loam,1.0,1.0,0
1961,Marikina Silt Loam,Silt Loam,1.0,1.0,0
2183,Marikina Silt Loam,Silt Loam,0.714,1.0,0
2405,Marikina Loam,Loam,1.0,1.0,0
2516,Marikina Loam,Loam,0.969,1.0,0
2627,Antipolo Clay Loam,Clay Loam,0.732,1.0,0
2738,Antipolo Clay Loam,Clay Loam,1.0,1.0,0
2849,Antipolo Clay Loam,Clay Loam,1.0,1.0,0
2960,Antipolo Clay Loam,Clay Loam,1.0,1.0,0
3071,Antipolo Clay Loam,Clay Loam,1.0,1.0,0
3293,Antipolo Clay Loam,Clay Loam,1.0,1.0,0
3515,Antipolo Clay Loam,Clay Loam,1.0,1.0,0
3737,Antipolo Clay,Clay,1.0,1.0,0
3848,Antipolo Clay,Clay,1.0,1.0,0
3959,Antipolo Clay,Clay,1.0,1.0,0
4070,Antipolo Clay,Clay,1.0,1.0,0
4181,Antipolo Clay,Clay,1.0,1.0,0
4292,Antipolo Clay,Clay,1.0,1.0,0
4403,Antipolo Clay,Clay,1.0,1.0,0
4514,Antipolo Clay,Clay,1.0,1.0,0
4625,Antipolo Clay,Clay,1.0,1.0,0
4736,Antipolo Clay,Clay,1.0,1.0,0
4847,Antipolo Clay,Clay,1.0,1.0,0
4958,Antipolo Clay,Clay,1.0,1.0,0
5069,Antipolo Clay,Clay,1.0,1.0,0
5180,Antipolo Clay,Clay,1.0,1.0,0
5291,Antipolo Clay,Clay,1.0,1.0,0
5402,Antipolo Clay,Clay,1.0,1.0,0
5735,Antipolo Clay,Clay,1.0,1.0,0
5846,Antipolo Clay,Clay,1.0,1.0,0
6068,Antipolo Clay,Clay,1.0,1.0,0
6179,Antipolo Clay,Clay,1.0,1.0,0
6290,Antipolo Clay,Clay,1.0,1.0,0
6401,Antipolo Clay,Clay,1.0,1.0,0
6512,Antipolo Clay,Clay,1.0,1.0,0
6623,Antipolo Clay,Clay,1.0,1.0,0
6734,Antipolo Clay,Clay,1.0,1.0,0
6845,Antipolo Clay,Clay,1.0,1.0,0
6956,Antipolo Clay,Clay,1.0,1.0,0
7067,Antipolo Clay,Clay,1.0,1.0,0
7178,Antipolo Clay,Clay,1.0,1.0,0
7289,Antipolo Clay,Clay,1.0,1.0,0
7400,Antipolo Clay,Clay,1.0,1.0,0
7511,Antipolo Clay,Clay,1.0,1.0,0
7622,Antipolo Clay,Clay,1.0,1.0,0
7733,Antipolo Clay,Clay,1.0,1.0,0
7844,Antipolo Clay,Clay,1.0,1.0,0
7955,Antipolo Clay,Clay,1.0,1.0,0
8066,Antipolo Clay,Clay,1.0,1.0,0
8177,Antipolo Clay,Clay,0.837,1.0,0
8288,Binangonan Clay,Clay,1.0,1.0,0
8399,Binangonan Clay,Clay,1.0,1.0,0
8510,Binangonan Clay,Clay,1.0,1.0,0
8621,Binangonan Clay,Clay,1.0,1.0,0
8732,Binangonan Clay,Clay,1.0,1.0,0
8843,Binangonan Clay,Clay,1.0,1.0,0
8954,Binangonan Clay,Clay,1.0,1.0,0
9065,Binangonan Clay,Clay,1.0,1.0,0
9176,Binangonan Clay,Clay,1.0,1.0,0
9287,Binangonan Clay,Clay,1.0,1.0,0
9398,Binangonan Clay,Clay,1.0,1.0,0
9509,Binangonan Clay,Clay,1.0,1.0,0
9620,Binangonan Clay,Clay,1.0,1.0,0
9731,Binangonan Clay,Clay,1.0,1.0,0
9842,Binangonan Clay,Clay,1.0,1.0,0
9953,Binangonan Clay,Clay,1.0,1.0,0
10064,Binangonan Clay,Clay,1.0,1.0,0
10175,Binangonan Clay,Clay,1.0,1.0,0
10286,Binangonan Clay,Clay,1.0,1.0,0
10397,Binangonan Clay,Clay,1.0,1.0,0
10508,Binangonan Clay,Clay,1.0,1.0,0
10619,Antipolo Clay,Clay,0.516,1.0,0
10730,Antipolo Clay,Clay,1.0,1.0,0
10841,Antipolo Clay,Clay,1.0,1.0,0
10952,Antipolo Clay,Clay,1.0,1.0,0
11063,Antipolo Clay,Clay,1.0,1.0,0
11174,Antipolo Clay,Clay,1.0,1.0,0
11285,Antipolo Clay,Clay,1.0,1.0,0
11396,Antipolo Clay,Clay,1.0,1.0,0
11507,Antipolo Clay,Clay,1.0,1.0,0
11618,Antipolo Clay,Clay,1.0,1.0,0
11729,Antipolo Clay,Clay,1.0,1.0,0
11840,Antipolo Clay,Clay,1.0,0.321,0
11951,Antipolo Clay,Clay,,0.0,1
12284,,,,0.0,0
12395,,,,0.0,0
12506,,,,0.0,0
12728,,,,0.0,0
12839,,,,0.0,0
12950,,,,0.0,0
13061,,,,0.0,0
13172,,,,0.0,0
13283,,,,0.0,0
13394,,,,0.0,0
13505,,,,0.0,0
13616,,,,0.0,0
13727,,,,0.0,0
13838,,,,0.0,0
13949,,,,0.0,0
14060,,,,0.0,0
14171,,,,0.0,0
14282,,,,0.0,0
14393,,,,0.0,0
741,Marikina Silt Loam,Silt Loam,0.62,1.0,0
852,Antipolo Clay,Clay,1.0,0.8,0
1074,Marikina Silt Loam,Silt Loam,1.0,0.355,0
1296,Marikina Silt Loam,Silt Loam,1.0,1.0,0
1407,Marikina Silt Loam,Silt Loam,1.0,1.0,0
1518,Marikina Silt Loam,Silt Loam,1.0,1.0,0
1629,Marikina Silt Loam,Silt Loam,1.0,1.0,0
1740,Marikina Silt Loam,Silt Loam,1.0,1.0,0
1851,Marikina Silt Loam,Silt Loam,0.859,1.0,0
2073,Marikina Loam,Loam,0.781,1.0,0
2184,Marikina Loam,Loam,1.0,1.0,0
2295,Marikina Loam,Loam,1.0,1.0,0
2406,Marikina Loam,Loam,1.0,1.0,0
2517,Marikina Loam,Loam,1.0,1.0,0
2850,Antipolo Clay Loam,Clay Loam,1.0,1.0,0
2961,Antipolo Clay Loam,Clay Loam,1.0,1.0,0
3072,Antipolo Clay Loam,Clay Loam,1.0,1.0,0
3183,Antipolo Clay Loam,Clay Loam,1.0,1.0,0
3627,Antipolo Clay,Clay,0.965,1.0,0
3738,Antipolo Clay,Clay,1.0,1.0,0
3849,Antipolo Clay,Clay,1.0,1.0,0
3960,Antipolo Clay,Clay,1.0,1.0,0
4071,Antipolo Clay,Clay,1.0,1.0,0
4182,Antipolo Clay,Clay,1.0,1.0,0
4293,Antipolo Clay,Clay,1.0,1.0,0
4404,Antipolo Clay,Clay,1.0,1.0,0
4515,Antipolo Clay,Clay,1.0,1.0,0
4626,Antipolo Clay,Clay,1.0,1.0,0
4737,Antipolo Clay,Clay,1.0,1.0,0
4848,Antipolo Clay,Clay,1.0,1.0,0
4959,Antipolo Clay,Clay,1.0,1.0,0
5070,Antipolo Clay,Clay,1.0,1.0,0
5181,Antipolo Clay,Clay,1.0,1.0,0
5292,Antipolo Clay,Clay,1.0,1.0,0
5403,Antipolo Clay,Clay,1.0,1.0,0
5514,Antipolo Clay,Clay,1.0,1.0,0
5625,Antipolo Clay,Clay,1.0,1.0,0
5736,Antipolo Clay,Clay,1.0,1.0,0
5847,Antipolo Clay,Clay,1.0,1.0,0
5958,Antipolo Clay,Clay,1.0,1.0,0
6069,Antipolo Clay,Clay,1.0,1.0,0
6180,Antipolo Clay,Clay,1.0,1.0,0
6291,Antipolo Clay,Clay,1.0,1.0,0
6402,Antipolo Clay,Clay,1.0,1.0,0
6513,Antipolo Clay,Clay,1.0,1.0,0
6624,Antipolo Clay,Clay,1.0,1.0,0
6735,Antipolo Clay,Clay,1.0,1.0,0
6846,Antipolo Clay,Clay,1.0,1.0,0
6957,Antipolo Clay,Clay,1.0,1.0,0
7068,Antipolo Clay,Clay,1.0,1.0,0
7179,Antipolo Clay,Clay,1.0,1.0,0
7290,Antipolo Clay,Clay,1.0,1.0,0
7401,Antipolo Clay,Clay,1.0,1.0,0
7512,Antipolo Clay,Clay,1.0,1.0,0
7623,Antipolo Clay,Clay,1.0,1.0,0
7845,Antipolo Clay,Clay,1.0,1.0,0
7956,Antipolo Clay,Clay,1.0,1.0,0
8067,Antipolo Clay,Clay,1.0,1.0,0
8178,Antipolo Clay,Clay,0.656,1.0,0
8289,Binangonan Clay,Clay,1.0,1.0,0
8400,Binangonan Clay,Clay,1.0,1.0,0
8511,Binangonan Clay,Clay,1.0,1.0,0
8622,Binangonan Clay,Clay,1.0,1.0,0
8733,Binangonan Clay,Clay,1.0,1.0,0
8844,Binangonan Clay,Clay,1.0,1.0,0
8955,Binangonan Clay,Clay,1.0,1.0,0
9066,Binangonan Clay,Clay,1.0,1.0,0
9288,Binangonan Clay,Clay,1.0,1.0,0
9399,Binangonan Clay,Clay,1.0,1.0,0
9510,Binangonan Clay,Clay,1.0,1.0,0
9621,Binangonan Clay,Clay,1.0,1.0,0
9732,Binangonan Clay,Clay,1.0,1.0,0
9954,Binangonan Clay,Clay,1.0,1.0,0
10065,Binangonan Clay,Clay,1.0,1.0,0
10176,Binangonan Clay,Clay,1.0,1.0,0
10287,Binangonan Clay,Clay,1.0,1.0,0
10398,Binangonan Clay,Clay,1.0,1.0,0
10509,Binangonan Clay,Clay,0.574,1.0,0
10620,Antipolo Clay,Clay,1.0,1.0,0
10731,Antipolo Clay,Clay,1.0,1.0,0
10842,Antipolo Clay,Clay,1.0,1.0,0
10953,Antipolo Clay,Clay,1.0,1.0,0
11064,Antipolo Clay,Clay,1.0,1.0,0
11175,Antipolo Clay,Clay,1.0,1.0,0
11286,Antipolo Clay,Clay,1.0,1.0,0
11397,Antipolo Clay,Clay,1.0,1.0,0
11508,Antipolo Clay,Clay,1.0,1.0,0
11619,Antipolo Clay,Clay,1.0,1.0,0
11730,Antipolo Clay,Clay,1.0,1.0,0
11841,Antipolo Clay,Clay,1.0,0.172,1
11952,Antipolo Clay,Clay,,0.0,1
12063,Antipolo Clay,Clay,,0.0,1
12174,,,,0.0,0
12507,,,,0.0,0
12618,,,,0.0,0
12729,,,,0.0,0
12840,,,,0.0,0
12951,,,,0.0,0
13062,,,,0.0,0
13173,,,,0.0,0
13284,,,,0.0,0
13395,,,,0.0,0
13506,,,,0.0,0
13617,,,,0.0,0
13728,,,,0.0,0
13839,,,,0.0,0
13950,,,,0.0,0
14061,,,,0.0,0
14172,,,,0.0,0
14283,,,,0.0,0
14394,,,,0.0,0
853,Antipolo Clay,Clay,1.0,0.125,1
964,Antipolo Clay,Clay,,0.0,1
1075,Marikina Silt Loam,Silt Loam,1.0,0.031,1
1297,Marikina Silt Loam,Silt Loam,1.0,0.071,1
1519,Marikina Silt Loam,Silt Loam,0.766,1.0,0
1630,Marikina Loam,Loam,0.812,1.0,0
1741,Marikina Loam,Loam,0.982,1.0,0
1852,Marikina Loam,Loam,0.922,1.0,0
1963,Marikina Loam,Loam,0.81,1.0,0
2074,Marikina Loam,Loam,0.821,1.0,0
2296,Marikina Loam,Loam,1.0,1.0,0
2407,Marikina Loam,Loam,1.0,1.0,0
2518,Marikina Loam,Loam,1.0,1.0,0
2629,Marikina Loam,Loam,1.0,1.0,0
2740,Antipolo Clay Loam,Clay Loam,0.689,1.0,0
2962,Antipolo Clay Loam,Clay Loam,1.0,1.0,0
3073,Antipolo Clay Loam,Clay Loam,1.0,1.0,0
3184,Antipolo Clay Loam,Clay Loam,1.0,1.0,0
3295,Antipolo Clay Loam,Clay Loam,1.0,1.0,0
3406,Antipolo Clay Loam,Clay Loam,1.0,1.0,0
3517,Antipolo Clay Loam,Clay Loam,1.0,1.0,0
3628,Antipolo Clay,Clay,0.679,1.0,0
3850,Antipolo Clay,Clay,1.0,1.0,0
3961,Antipolo Clay,Clay,1.0,1.0,0
4072,Antipolo Clay,Clay,1.0,1.0,0
4183,Antipolo Clay,Clay,1.0,1.0,0
4294,Antipolo Clay,Clay,1.0,1.0,0
4405,Antipolo Clay,Clay,1.0,1.0,0
4516,Antipolo Clay,Clay,1.0,1.0,0
4627,Antipolo Clay,Clay,1.0,1.0,0
4738,Antipolo Clay,Clay,1.0,1.0,0
4849,Antipolo Clay,Clay,1.0,1.0,0
4960,Antipolo Clay,Clay,1.0,1.0,0
5071,Antipolo Clay,Clay,1.0,1.0,0
5182,Antipolo Clay,Clay,1.0,1.0,0
5293,Antipolo Clay,Clay,1.0,1.0,0
5404,Antipolo Clay,Clay,1.0,1.0,0
5515,Antipolo Clay,Clay,1.0,1.0,0
5626,Antipolo Clay,Clay,1.0,1.0,0
5737,Antipolo Clay,Clay,1.0,1.0,0
5848,Antipolo Clay,Clay,1.0,1.0,0
5959,Antipolo Clay,Clay,1.0,1.0,0
6070,Antipolo Clay,Clay,1.0,1.0,0
6181,Antipolo Clay,Clay,1.0,1.0,0
6292,Antipolo Clay,Clay,1.0,1.0,0
6403,Antipolo Clay,Clay,1.0,1.0,0
6514,Antipolo Clay,Clay,1.0,1.0,0
6625,Antipolo Clay,Clay,1.0,1.0,0
6736,Antipolo Clay,Clay,1.0,1.0,0
6847,Antipolo Clay,Clay,1.0,1.0,0
6958,Antipolo Clay,Clay,1.0,1.0,0
7069,Antipolo Clay,Clay,1.0,1.0,0
7180,Antipolo Clay,Clay,1.0,1.0,0
7291,Antipolo Clay,Clay,1.0,1.0,0
7402,Antipolo Clay,Clay,1.0,1.0,0
7513,Antipolo Clay,Clay,1.0,1.0,0
7735,Antipolo Clay,Clay,1.0,1.0,0
7846,Antipolo Clay,Clay,1.0,1.0,0
7957,Antipolo Clay,Clay,1.0,1.0,0
8068,Antipolo Clay,Clay,1.0,1.0,0
8179,Antipolo Clay,Clay,0.688,1.0,0
8290,Binangonan Clay,Clay,1.0,1.0,0
8401,Binangonan Clay,Clay,1.0,1.0,0
8512,Binangonan Clay,Clay,1.0,1.0,0
8623,Binangonan Clay,Clay,1.0,1.0,0
8734,Binangonan Clay,Clay,1.0,1.0,0
8845,Binangonan Clay,Clay,1.0,1.0,0
8956,Binangonan Clay,Clay,1.0,1.0,0
9067,Binangonan Clay,Clay,1.0,1.0,0
9178,Binangonan Clay,Clay,1.0,1.0,0
9289,Binangonan Clay,Clay,1.0,1.0,0
9400,Binangonan Clay,Clay,1.0,1.0,0
9511,Binangonan Clay,Clay,1.0,1.0,0
9622,Binangonan Clay,Clay,1.0,1.0,0
9733,Binangonan Clay,Clay,1.0,1.0,0
9844,Binangonan Clay,Clay,1.0,1.0,0
9955,Binangonan Clay,Clay,1.0,1.0,0
10066,Binangonan Clay,Clay,1.0,1.0,0
10177,Binangonan Clay,Clay,1.0,1.0,0
10288,Binangonan Clay,Clay,1.0,1.0,0
10399,Binangonan Clay,Clay,0.578,1.0,0
10510,Antipolo Clay,Clay,1.0,1.0,0
10621,Antipolo Clay,Clay,1.0,1.0,0
10732,Antipolo Clay,Clay,1.0,1.0,0
10843,Antipolo Clay,Clay,1.0,1.0,0
10954,Antipolo Clay,Clay,1.0,1.0,0
11065,Antipolo Clay,Clay,1.0,1.0,0
11176,Antipolo Clay,Clay,1.0,1.0,0
11287,Antipolo Clay,Clay,1.0,1.0,0
11398,Antipolo Clay,Clay,1.0,1.0,0
11509,Antipolo Clay,Clay,1.0,1.0,0
11620,Antipolo Clay,Clay,1.0,1.0,0
11731,Antipolo Clay,Clay,1.0,1.0,0
11842,Antipolo Clay,Clay,1.0,0.031,1
11953,Antipolo Clay,Clay,,0.0,1
12064,Antipolo Clay,Clay,,0.0,1
12286,,,,0.0,0
12397,,,,0.0,0
12508,,,,0.0,0
12619,,,,0.0,0
12730,,,,0.0,0
12841,,,,0.0,0
12952,,,,0.0,0
13063,,,,0.0,0
13174,,,,0.0,0
13285,,,,0.0,0
13396,,,,0.0,0
13507,,,,0.0,0
13618,,,,0.0,0
13729,,,,0.0,0
13840,,,,0.0,0
13951,,,,0.0,0
14062,,,,0.0,0
14173,,,,0.0,0
14284,,,,0.0,0
14395,,,,0.0,0
854,Antipolo Clay,Clay,,0.0,1
965,Antipolo Clay,Clay,,0.0,1
1409,Marikina Silt Loam,Silt Loam,1.0,0.016,1
1631,Marikina Loam,Loam,0.983,1.0,0
1853,Antipolo Clay Loam,Clay Loam,0.964,1.0,0
2408,Marikina Loam,Loam,1.0,0.891,0
2519,Marikina Loam,Loam,1.0,0.703,0
2630,Marikina Loam,Loam,1.0,0.953,0
2741,Antipolo Clay Loam,Clay Loam,0.804,1.0,0
2852,Antipolo Clay Loam,Clay Loam,1.0,1.0,0
2963,Antipolo Clay Loam,Clay Loam,1.0,1.0,0
3185,Antipolo Clay Loam,Clay Loam,1.0,1.0,0
3296,Antipolo Clay Loam,Clay Loam,1.0,1.0,0
3407,Antipolo Clay Loam,Clay Loam,1.0,1.0,0
3629,Antipolo Clay Loam,Clay Loam,0.49,1.0,0
3740,Antipolo Clay,Clay,0.897,1.0,0
3851,Antipolo Clay,Clay,1.0,1.0,0
3962,Antipolo Clay,Clay,1.0,1.0,0
4073,Antipolo Clay,Clay,1.0,1.0,0
4184,Antipolo Clay,Clay,1.0,1.0,0
4295,Antipolo Clay,Clay,1.0,1.0,0
4406,Antipolo Clay,Clay,1.0,1.0,0
4517,Antipolo Clay,Clay,1.0,1.0,0
4628,Antipolo Clay,Clay,1.0,1.0,0
4739,Antipolo Clay,Clay,1.0,1.0,0
4850,Antipolo Clay,Clay,1.0,1.0,0
4961,Antipolo Clay,Clay,1.0,1.0,0
5072,Antipolo Clay,Clay,1.0,1.0,0
5294,Antipolo Clay,Clay,1.0,1.0,0
5405,Antipolo Clay,Clay,1.0,1.0,0
5849,Antipolo Clay,Clay,1.0,1.0,0
5960,Antipolo Clay,Clay,1.0,1.0,0
6071,Antipolo Clay,Clay,1.0,1.0,0
6182,Antipolo Clay,Clay,1.0,1.0,0
6293,Antipolo Clay,Clay,1.0,1.0,0
6404,Antipolo Clay,Clay,1.0,1.0,0
6515,Antipolo Clay,Clay,1.0,1.0,0
6626,Antipolo Clay,Clay,1.0,1.0,0
6737,Antipolo Clay,Clay,1.0,1.0,0
6848,Antipolo Clay,Clay,1.0,1.0,0
6959,Antipolo Clay,Clay,1.0,1.0,0
7181,Antipolo Clay,Clay,1.0,1.0,0
7292,Antipolo Clay,Clay,1.0,1.0,0
7403,Antipolo Clay,Clay,1.0,1.0,0
7625,Antipolo Clay,Clay,1.0,1.0,0
7736,Antipolo Clay,Clay,1.0,1.0,0
7847,Antipolo Clay,Clay,1.0,1.0,0
7958,Antipolo Clay,Clay,1.0,1.0,0
8069,Antipolo Clay,Clay,1.0,1.0,0
8180,Antipolo Clay,Clay,0.844,1.0,0
8291,Binangonan Clay,Clay,1.0,1.0,0
8402,Binangonan Clay,Clay,1.0,1.0,0
8513,Binangonan Clay,Clay,1.0,1.0,0
8624,Binangonan Clay,Clay,1.0,1.0,0
8735,Binangonan Clay,Clay,1.0,1.0,0
8846,Binangonan Clay,Clay,1.0,1.0,0
9068,Binangonan Clay,Clay,1.0,1.0,0
9179,Binangonan Clay,Clay,1.0,1.0,0
9290,Binangonan Clay,Clay,1.0,1.0,0
9401,Binangonan Clay,Clay,1.0,1.0,0
9512,Binangonan Clay,Clay,1.0,1.0,0
9623,Binangonan Clay,Clay,1.0,1.0,0
9734,Binangonan Clay,Clay,1.0,1.0,0
9845,Binangonan Clay,Clay,1.0,1.0,0
9956,Binangonan Clay,Clay,1.0,1.0,0
10067,Binangonan Clay,Clay,1.0,1.0,0
10178,Binangonan Clay,Clay,1.0,1.0,0
10289,Binangonan Clay,Clay,0.938,1.0,0
10400,Antipolo Clay,Clay,0.95,1.0,0
10511,Antipolo Clay,Clay,1.0,1.0,0
10622,Antipolo Clay,Clay,1.0,1.0,0
10733,Antipolo Clay,Clay,1.0,1.0,0
10844,Antipolo Clay,Clay,1.0,1.0,0
10955,Antipolo Clay,Clay,1.0,1.0,0
11066,Antipolo Clay,Clay,1.0,1.0,0
11177,Antipolo Clay,Clay,1.0,1.0,0
11288,Antipolo Clay,Clay,1.0,1.0,0
11399,Antipolo Clay,Clay,1.0,1.0,0
11510,Antipolo Clay,Clay,1.0,1.0,0
11621,Antipolo Clay,Clay,1.0,1.0,0
11732,Antipolo Clay,Clay,1.0,0.891,0
11843,Antipolo Clay,Clay,,0.0,1
11954,Antipolo Clay,Clay,,0.0,1
12176,,,,0.0,0
12398,,,,0.0,0
12509,,,,0.0,0
12620,,,,0.0,0
12731,,,,0.0,0
12842,,,,0.0,0
12953,,,,0.0,0
13064,,,,0.0,0
13175,,,,0.0,0
13286,,,,0.0,0
13397,,,,0.0,0
13508,,,,0.0,0
13619,,,,0.0,0
13730,,,,0.0,0
13841,,,,0.0,0
13952,,,,0.0,0
14063,,,,0.0,0
14174,,,,0.0,0
14285,,,,0.0,0
14396,,,,0.0,0
522,,,,0.0,0
1743,Antipolo Clay Loam,Clay Loam,1.0,1.0,0
1854,Antipolo Clay Loam,Clay Loam,1.0,1.0,0
2076,Antipolo Clay Loam,Clay Loam,1.0,1.0,0
2187,Antipolo Clay Loam,Clay Loam,0.931,0.453,0
2409,Marikina Loam,Loam,,0.0,1
2520,Antipolo Clay Loam,Clay Loam,,0.0,1
2631,Antipolo Clay Loam,Clay Loam,0.686,0.547,0
2964,Antipolo Clay Loam,Clay Loam,1.0,1.0,0
3075,Antipolo Clay Loam,Clay Loam,1.0,1.0,0
3186,Antipolo Clay Loam,Clay Loam,1.0,1.0,0
3519,Antipolo Clay Loam,Clay Loam,1.0,1.0,0
3630,Antipolo Clay Loam,Clay Loam,0.571,1.0,0
3741,Binangonan Clay,Clay,0.797,1.0,0
3852,Antipolo Clay,Clay,1.0,1.0,0
3963,Antipolo Clay,Clay,1.0,1.0,0
4074,Antipolo Clay,Clay,1.0,1.0,0
4296,Antipolo Clay,Clay,1.0,1.0,0
4407,Antipolo Clay,Clay,1.0,1.0,0
4629,Antipolo Clay,Clay,1.0,1.0,0
4851,Antipolo Clay,Clay,1.0,1.0,0
4962,Antipolo Clay,Clay,1.0,1.0,0
5073,Antipolo Clay,Clay,1.0,1.0,0
5184,Antipolo Clay,Clay,1.0,1.0,0
5295,Antipolo Clay,Clay,1.0,1.0,0
5406,Antipolo Clay,Clay,1.0,1.0,0
5517,Antipolo Clay,Clay,1.0,1.0,0
5628,Antipolo Clay,Clay,1.0,1.0,0
5739,Antipolo Clay,Clay,1.0,1.0,0
5850,Antipolo Clay,Clay,1.0,1.0,0
5961,Antipolo Clay,Clay,1.0,1.0,0
6072,Antipolo Clay,Clay,1.0,1.0,0
6183,Antipolo Clay,Clay,1.0,1.0,0
6294,Antipolo Clay,Clay,1.0,1.0,0
6405,Antipolo Clay,Clay,1.0,1.0,0
6516,Antipolo Clay,Clay,1.0,1.0,0
6627,Antipolo Clay,Clay,1.0,1.0,0
6738,Antipolo Clay,Clay,1.0,1.0,0
6849,Antipolo Clay,Clay,1.0,1.0,0
6960,Antipolo Clay,Clay,1.0,1.0,0
7071,Antipolo Clay,Clay,1.0,1.0,0
7182,Antipolo Clay,Clay,1.0,1.0,0
7293,Antipolo Clay,Clay,1.0,1.0,0
7404,Antipolo Clay,Clay,1.0,1.0,0
7515,Antipolo Clay,Clay,1.0,1.0,0
7626,Antipolo Clay,Clay,1.0,1.0,0
7737,Antipolo Clay,Clay,1.0,1.0,0
7848,Antipolo Clay,Clay,1.0,1.0,0
7959,Antipolo Clay,Clay,1.0,1.0,0
8070,Antipolo Clay,Clay,1.0,1.0,0
8181,Antipolo Clay,Clay,0.703,1.0,0
8292,Binangonan Clay,Clay,1.0,1.0,0
8403,Binangonan Clay,Clay,1.0,1.0,0
8514,Binangonan Clay,Clay,1.0,1.0,0
8625,Binangonan Clay,Clay,1.0,1.0,0
8736,Binangonan Clay,Clay,1.0,1.0,0
8847,Binangonan Clay,Clay,1.0,1.0,0
8958,Binangonan Clay,Clay,1.0,1.0,0
9069,Binangonan Clay,Clay,1.0,1.0,0
9180,Binangonan Clay,Clay,1.0,1.0,0
9291,Binangonan Clay,Clay,1.0,1.0,0
9402,Binangonan Clay,Clay,1.0,1.0,0
9624,Binangonan Clay,Clay,1.0,1.0,0
9735,Binangonan Clay,Clay,1.0,1.0,0
9846,Binangonan Clay,Clay,1.0,1.0,0
9957,Binangonan Clay,Clay,1.0,1.0,0
10068,Binangonan Clay,Clay,1.0,1.0,0
10179,Binangonan Clay,Clay,1.0,1.0,0
10290,Binangonan Clay,Clay,0.589,1.0,0
10401,Antipolo Clay,Clay,1.0,1.0,0
10512,Antipolo Clay,Clay,1.0,1.0,0
10623,Antipolo Clay,Clay,1.0,1.0,0
10734,Antipolo Clay,Clay,1.0,1.0,0
10845,Antipolo Clay,Clay,1.0,1.0,0
10956,Antipolo Clay,Clay,1.0,1.0,0
11067,Antipolo Clay,Clay,1.0,1.0,0
11178,Antipolo Clay,Clay,1.0,1.0,0
11289,Antipolo Clay,Clay,1.0,1.0,0
11400,Antipolo Clay,Clay,1.0,1.0,0
11511,Antipolo Clay,Clay,1.0,1.0,0
11622,Antipolo Clay,Clay,1.0,1.0,0
11733,Antipolo Clay,Clay,1.0,0.726,0
11844,Antipolo Clay,Clay,,0.0,1
11955,Antipolo Clay,Clay,,0.0,1
12066,,,,0.0,0
12177,,,,0.0,0
12288,,,,0.0,0
12510,,,,0.0,0
12621,,,,0.0,0
12732,,,,0.0,0
12843,,,,0.0,0
12954,,,,0.0,0
13065,,,,0.0,0
13176,,,,0.0,0
13287,,,,0.0,0
13398,,,,0.0,0
13509,,,,0.0,0
13620,,,,0.0,0
13731,,,,0.0,0
13842,,,,0.0,0
13953,,,,0.0,0
14064,,,,0.0,0
523,,,,0.0,0
634,,,,0.0,0
1744,Antipolo Clay Loam,Clay Loam,1.0,1.0,0
2077,Antipolo Clay Loam,Clay Loam,1.0,0.797,0
2188,Antipolo Clay Loam,Clay Loam,1.0,0.016,1
2299,Antipolo Clay Loam,Clay Loam,,0.0,1
2521,Antipolo Clay Loam,Clay Loam,,0.0,1
2632,Antipolo Clay Loam,Clay Loam,1.0,0.714,0
2743,Antipolo Clay Loam,Clay Loam,1.0,1.0,0
2854,Antipolo Clay Loam,Clay Loam,1.0,1.0,0
3076,Antipolo Clay Loam,Clay Loam,1.0,1.0,0
3187,Antipolo Clay Loam,Clay Loam,1.0,1.0,0
3520,Antipolo Clay Loam,Clay Loam,1.0,1.0,0
3631,Antipolo Clay Loam,Clay Loam,0.5,1.0,0
3742,Binangonan Clay,Clay,0.714,1.0,0
3964,Antipolo Clay,Clay,1.0,1.0,0
4075,Antipolo Clay,Clay,1.0,1.0,0
4186,Antipolo Clay,Clay,1.0,1.0,0
4297,Antipolo Clay,Clay,1.0,1.0,0
4408,Antipolo Clay,Clay,1.0,1.0,0
4630,Antipolo Clay,Clay,1.0,1.0,0
4741,Antipolo Clay,Clay,1.0,1.0,0
4852,Antipolo Clay,Clay,1.0,1.0,0
4963,Antipolo Clay,Clay,1.0,1.0,0
5074,Antipolo Clay,Clay,1.0,1.0,0
5185,Antipolo Clay,Clay,1.0,1.0,0
5296,Antipolo Clay,Clay,1.0,1.0,0
5407,Antipolo Clay,Clay,1.0,1.0,0
5518,Antipolo Clay,Clay,1.0,1.0,0
5629,Antipolo Clay,Clay,1.0,1.0,0
5740,Antipolo Clay,Clay,1.0,1.0,0
5851,Antipolo Clay,Clay,1.0,1.0,0
5962,Antipolo Clay,Clay,1.0,1.0,0
6073,Antipolo Clay,Clay,1.0,1.0,0
6184,Antipolo Clay,Clay,1.0,1.0,0
6295,Antipolo Clay,Clay,1.0,1.0,0
6406,Antipolo Clay,Clay,1.0,1.0,0
6517,Antipolo Clay,Clay,1.0,1.0,0
6628,Antipolo Clay,Clay,1.0,1.0,0
6739,Antipolo Clay,Clay,1.0,1.0,0
6850,Antipolo Clay,Clay,1.0,1.0,0
6961,Antipolo Clay,Clay,1.0,1.0,0
7072,Antipolo Clay,Clay,1.0,1.0,0
7183,Antipolo Clay,Clay,1.0,1.0,0
7294,Antipolo Clay,Clay,1.0,1.0,0
7405,Antipolo Clay,Clay,1.0,1.0,0
7516,Antipolo Clay,Clay,1.0,1.0,0
7627,Antipolo Clay,Clay,1.0,1.0,0
7738,Antipolo Clay,Clay,1.0,1.0,0
7849,Antipolo Clay,Clay,1.0,1.0,0
7960,Antipolo Clay,Clay,1.0,1.0,0
8071,Antipolo Clay,Clay,1.0,1.0,0
8182,Antipolo Clay,Clay,0.625,1.0,0
8293,Binangonan Clay,Clay,1.0,1.0,0
8404,Binangonan Clay,Clay,1.0,1.0,0
8515,Binangonan Clay,Clay,1.0,1.0,0
8626,Binangonan Clay,Clay,1.0,1.0,0
8737,Binangonan Clay,Clay,1.0,1.0,0
8848,Binangonan Clay,Clay,1.0,1.0,0
8959,Binangonan Clay,Clay,1.0,1.0,0
9070,Binangonan Clay,Clay,1.0,1.0,0
9181,Binangonan Clay,Clay,1.0,1.0,0
9292,Binangonan Clay,Clay,1.0,1.0,0
9403,Binangonan Clay,Clay,1.0,1.0,0
9514,Binangonan Clay,Clay,1.0,1.0,0
9736,Binangonan Clay,Clay,1.0,1.0,0
9847,Binangonan Clay,Clay,1.0,1.0,0
9958,Binangonan Clay,Clay,1.0,1.0,0
10069,Binangonan Clay,Clay,1.0,1.0,0
10180,Binangonan Clay,Clay,0.982,1.0,0
10291,Antipolo Clay,Clay,0.81,1.0,0
10402,Antipolo Clay,Clay,1.0,1.0,0
10513,Antipolo Clay,Clay,1.0,1.0,0
10624,Antipolo Clay,Clay,1.0,1.0,0
10735,Antipolo Clay,Clay,1.0,1.0,0
10846,Antipolo Clay,Clay,1.0,1.0,0
10957,Antipolo Clay,Clay,1.0,1.0,0
11068,Antipolo Clay,Clay,1.0,1.0,0
11179,Antipolo Clay,Clay,1.0,1.0,0
11290,Antipolo Clay,Clay,1.0,1.0,0
11401,Antipolo Clay,Clay,1.0,1.0,0
11512,Antipolo Clay,Clay,1.0,1.0,0
11623,Antipolo Clay,Clay,1.0,1.0,0
11734,Antipolo Clay,Clay,1.0,0.379,0
11845,Antipolo Clay,Clay,,0.0,1
11956,Antipolo Clay,Clay,,0.0,1
12067,,,,0.0,0
12178,,,,0.0,0
12289,,,,0.0,0
12400,,,,0.0,0
12511,,,,0.0,0
12622,,,,0.0,0
12733,,,,0.0,0
12844,,,,0.0,0
12955,,,,0.0,0
13066,,,,0.0,0
13177,,,,0.0,0
13288,,,,0.0,0
13399,,,,0.0,0
13510,,,,0.0,0
13621,,,,0.0,0
13732,,,,0.0,0
13843,,,,0.0,0
13954,,,,0.0,0
14065,,,,0.0,0
1745,Antipolo Clay Loam,Clay Loam,1.0,1.0,0
2300,Antipolo Clay Loam,Clay Loam,,0.0,1
2522,Antipolo Clay Loam,Clay Loam,,0.0,1
2744,Antipolo Clay Loam,Clay Loam,1.0,0.833,0
2966,Antipolo Clay Loam,Clay Loam,1.0,1.0,0
3299,Antipolo Clay Loam,Clay Loam,1.0,1.0,0
3410,Antipolo Clay Loam,Clay Loam,1.0,1.0,0
3521,Antipolo Clay Loam,Clay Loam,1.0,1.0,0
3632,Binangonan Clay,Clay,0.562,1.0,0
3743,Binangonan Clay,Clay,0.536,1.0,0
3854,Antipolo Clay,Clay,1.0,1.0,0
3965,Antipolo Clay,Clay,1.0,1.0,0
4076,Antipolo Clay,Clay,1.0,1.0,0
4187,Antipolo Clay,Clay,1.0,1.0,0
4298,Antipolo Clay,Clay,1.0,1.0,0
4409,Antipolo Clay,Clay,1.0,1.0,0
4520,Antipolo Clay,Clay,1.0,1.0,0
4631,Antipolo Clay,Clay,1.0,1.0,0
4853,Antipolo Clay,Clay,1.0,1.0,0
4964,Antipolo Clay,Clay,1.0,1.0,0
5186,Antipolo Clay,Clay,1.0,1.0,0
5297,Antipolo Clay,Clay,1.0,1.0,0
5408,Antipolo Clay,Clay,1.0,1.0,0
5519,Antipolo Clay,Clay,1.0,1.0,0
5630,Antipolo Clay,Clay,1.0,1.0,0
5741,Antipolo Clay,Clay,1.0,1.0,0
5852,Antipolo Clay,Clay,1.0,1.0,0
5963,Antipolo Clay,Clay,1.0,1.0,0
6074,Antipolo Clay,Clay,1.0,1.0,0
6185,Antipolo Clay,Clay,1.0,1.0,0
6296,Antipolo Clay,Clay,1.0,1.0,0
6407,Antipolo Clay,Clay,1.0,1.0,0
6518,Antipolo Clay,Clay,1.0,1.0,0
6629,Antipolo Clay,Clay,1.0,1.0,0
6740,Antipolo Clay,Clay,1.0,1.0,0
6851,Antipolo Clay,Clay,1.0,1.0,0
6962,Antipolo Clay,Clay,1.0,1.0,0
7073,Antipolo Clay,Clay,1.0,1.0,0
7295,Antipolo Clay,Clay,1.0,1.0,0
7406,Antipolo Clay,Clay,1.0,1.0,0
7517,Antipolo Clay,Clay,1.0,1.0,0
7628,Antipolo Clay,Clay,1.0,1.0,0
7739,Antipolo Clay,Clay,1.0,1.0,0
7850,Antipolo Clay,Clay,1.0,1.0,0
7961,Antipolo Clay,Clay,1.0,1.0,0
8072,Antipolo Clay,Clay,1.0,1.0,0
8183,Antipolo Clay,Clay,0.734,1.0,0
8294,Binangonan Clay,Clay,1.0,1.0,0
8405,Binangonan Clay,Clay,1.0,1.0,0
8516,Binangonan Clay,Clay,1.0,1.0,0
8627,Binangonan Clay,Clay,1.0,1.0,0
8738,Binangonan Clay,Clay,1.0,1.0,0
8849,Binangonan Clay,Clay,1.0,1.0,0
8960,Binangonan Clay,Clay,1.0,1.0,0
9071,Binangonan Clay,Clay,1.0,1.0,0
9182,Binangonan Clay,Clay,1.0,1.0,0
9293,Binangonan Clay,Clay,1.0,1.0,0
9404,Binangonan Clay,Clay,1.0,1.0,0
9515,Binangonan Clay,Clay,1.0,1.0,0
9626,Binangonan Clay,Clay,1.0,1.0,0
9737,Binangonan Clay,Clay,1.0,1.0,0
9848,Binangonan Clay,Clay,1.0,1.0,0
9959,Binangonan Clay,Clay,1.0,1.0,0
10070,Binangonan Clay,Clay,1.0,1.0,0
10181,Binangonan Clay,Clay,0.953,1.0,0
10292,Antipolo Clay,Clay,1.0,1.0,0
10403,Antipolo Clay,Clay,1.0,1.0,0
10514,Antipolo Clay,Clay,1.0,1.0,0
10625,Antipolo Clay,Clay,1.0,1.0,0
10736,Antipolo Clay,Clay,1.0,1.0,0
10847,Antipolo Clay,Clay,1.0,1.0,0
10958,Antipolo Clay,Clay,1.0,1.0,0
11069,Antipolo Clay,Clay,1.0,1.0,0
11180,Antipolo Clay,Clay,1.0,1.0,0
11291,Antipolo Clay,Clay,1.0,1.0,0
11402,Antipolo Clay,Clay,1.0,1.0,0
11513,Antipolo Clay,Clay,1.0,1.0,0
11624,Antipolo Clay,Clay,1.0,1.0,0
11735,Antipolo Clay,Clay,1.0,0.375,0
11846,Antipolo Clay,Clay,,0.0,1
11957,Antipolo Clay,Clay,,0.0,1
12068,,,,0.0,0
12179,,,,0.0,0
12290,,,,0.0,0
12401,,,,0.0,0
12512,,,,0.0,0
12623,,,,0.0,0
12734,,,,0.0,0
12845,,,,0.0,0
12956,,,,0.0,0
13067,,,,0.0,0
13178,,,,0.0,0
13289,,,,0.0,0
13400,,,,0.0,0
13511,,,,0.0,0
13622,,,,0.0,0
13733,,,,0.0,0
13844,,,,0.0,0
13955,,,,0.0,0
1746,Antipolo Clay Loam,Clay Loam,1.0,0.82,0
1857,Antipolo Clay Loam,Clay Loam,1.0,1.0,0
1968,Antipolo Clay Loam,Clay Loam,1.0,1.0,0
2079,Antipolo Clay Loam,Clay Loam,1.0,0.518,0
2856,Antipolo Clay Loam,Clay Loam,1.0,1.0,0
2967,Antipolo Clay Loam,Clay Loam,1.0,1.0,0
3522,Antipolo Clay Loam,Clay Loam,0.9,1.0,0
3633,Binangonan Clay,Clay,0.929,1.0,0
3744,Binangonan Clay,Clay,0.694,1.0,0
3855,Antipolo Clay,Clay,1.0,1.0,0
3966,Antipolo Clay,Clay,1.0,1.0,0
4077,Antipolo Clay,Clay,1.0,1.0,0
4188,Antipolo Clay,Clay,1.0,1.0,0
4299,Antipolo Clay,Clay,1.0,1.0,0
4521,Antipolo Clay,Clay,1.0,1.0,0
4632,Antipolo Clay,Clay,1.0,1.0,0
4854,Antipolo Clay,Clay,1.0,1.0,0
4965,Antipolo Clay,Clay,1.0,1.0,0
5076,Antipolo Clay,Clay,1.0,1.0,0
5187,Antipolo Clay,Clay,1.0,1.0,0
5298,Antipolo Clay,Clay,1.0,1.0,0
5409,Antipolo Clay,Clay,1.0,1.0,0
5520,Antipolo Clay,Clay,1.0,1.0,0
5631,Antipolo Clay,Clay,1.0,1.0,0
5742,Antipolo Clay,Clay,1.0,1.0,0
5853,Antipolo Clay,Clay,1.0,1.0,0
5964,Antipolo Clay,Clay,1.0,1.0,0
6075,Antipolo Clay,Clay,1.0,1.0,0
6186,Antipolo Clay,Clay,1.0,1.0,0
6297,Antipolo Clay,Clay,1.0,1.0,0
6408,Antipolo Clay,Clay,1.0,1.0,0
6519,Antipolo Clay,Clay,1.0,1.0,0
6630,Antipolo Clay,Clay,1.0,1.0,0
6741,Antipolo Clay,Clay,1.0,1.0,0
6963,Antipolo Clay,Clay,1.0,1.0,0
7074,Antipolo Clay,Clay,1.0,1.0,0
7296,Antipolo Clay,Clay,1.0,1.0,0
7407,Antipolo Clay,Clay,1.0,1.0,0
7518,Antipolo Clay,Clay,1.0,1.0,0
7629,Antipolo Clay,Clay,1.0,1.0,0
7740,Antipolo Clay,Clay,1.0,1.0,0
7962,Antipolo Clay,Clay,1.0,1.0,0
8073,Antipolo Clay,Clay,1.0,1.0,0
8184,Antipolo Clay,Clay,0.984,1.0,0
8295,Binangonan Clay,Clay,0.859,1.0,0
8406,Binangonan Clay,Clay,1.0,1.0,0
8517,Binangonan Clay,Clay,1.0,1.0,0
8739,Binangonan Clay,Clay,1.0,1.0,0
8850,Binangonan Clay,Clay,1.0,1.0,0
8961,Binangonan Clay,Clay,1.0,1.0,0
9072,Binangonan Clay,Clay,1.0,1.0,0
9183,Binangonan Clay,Clay,1.0,1.0,0
9294,Binangonan Clay,Clay,1.0,1.0,0
9405,Binangonan Clay,Clay,1.0,1.0,0
9516,Binangonan Clay,Clay,1.0,1.0,0
9627,Binangonan Clay,Clay,1.0,1.0,0
9738,Binangonan Clay,Clay,1.0,1.0,0
9849,Binangonan Clay,Clay,1.0,1.0,0
9960,Binangonan Clay,Clay,1.0,1.0,0
10071,Binangonan Clay,Clay,1.0,1.0,0
10182,Binangonan Clay,Clay,1.0,1.0,0
10293,Antipolo Clay,Clay,0.75,1.0,0
10404,Antipolo Clay,Clay,1.0,1.0,0
10515,Antipolo Clay,Clay,1.0,1.0,0
10626,Antipolo Clay,Clay,1.0,1.0,0
10737,Antipolo Clay,Clay,1.0,1.0,0
10848,Antipolo Clay,Clay,1.0,1.0,0
10959,Antipolo Clay,Clay,1.0,1.0,0
11070,Antipolo Clay,Clay,1.0,1.0,0
11181,Antipolo Clay,Clay,1.0,1.0,0
11292,Antipolo Clay,Clay,1.0,1.0,0
11403,Antipolo Clay,Clay,1.0,1.0,0
11514,Antipolo Clay,Clay,1.0,1.0,0
11625,Antipolo Clay,Clay,1.0,1.0,0
11736,Antipolo Clay,Clay,1.0,0.317,0
11847,Antipolo Clay,Clay,,0.0,1
11958,Antipolo Clay,Clay,,0.0,1
12069,,,,0.0,0
12180,,,,0.0,0
12291,,,,0.0,0
12402,,,,0.0,0
12513,,,,0.0,0
12624,,,,0.0,0
12735,,,,0.0,0
12846,,,,0.0,0
12957,,,,0.0,0
13068,,,,0.0,0
13179,,,,0.0,0
13290,,,,0.0,0
13401,,,,0.0,0
13512,,,,0.0,0
13623,,,,0.0,0
13734,,,,0.0,0
13845,,,,0.0,0
1969,Antipolo Clay Loam,Clay Loam,1.0,0.357,0
2080,Antipolo Clay Loam,Clay Loam,1.0,0.016,1
2191,Antipolo Clay Loam,Clay Loam,,0.0,1
3079,Antipolo Clay Loam,Clay Loam,1.0,1.0,0
3301,Antipolo Clay Loam,Clay Loam,1.0,1.0,0
3523,Binangonan Clay,Clay,0.633,1.0,0
3634,Binangonan Clay,Clay,1.0,1.0,0
3745,Antipolo Clay,Clay,0.552,1.0,0
4189,Antipolo Clay,Clay,1.0,1.0,0
4300,Antipolo Clay,Clay,1.0,1.0,0
4411,Antipolo Clay,Clay,1.0,1.0,0
4744,Antipolo Clay,Clay,1.0,1.0,0
4855,Antipolo Clay,Clay,1.0,1.0,0
4966,Antipolo Clay,Clay,1.0,1.0,0
5077,Antipolo Clay,Clay,1.0,1.0,0
5188,Antipolo Clay,Clay,1.0,1.0,0
5299,Antipolo Clay,Clay,1.0,1.0,0
5410,Antipolo Clay,Clay,1.0,1.0,0
5521,Antipolo Clay,Clay,1.0,1.0,0
5632,Antipolo Clay,Clay,1.0,1.0,0
5743,Antipolo Clay,Clay,1.0,1.0,0
5854,Antipolo Clay,Clay,1.0,1.0,0
5965,Antipolo Clay,Clay,1.0,1.0,0
6076,Antipolo Clay,Clay,1.0,1.0,0
6187,Antipolo Clay,Clay,1.0,1.0,0
6298,Antipolo Clay,Clay,1.0,1.0,0
6409,Antipolo Clay,Clay,1.0,1.0,0
6520,Antipolo Clay,Clay,1.0,1.0,0
6631,Antipolo Clay,Clay,1.0,1.0,0
6742,Antipolo Clay,Clay,1.0,1.0,0
6853,Antipolo Clay,Clay,1.0,1.0,0
6964,Antipolo Clay,Clay,1.0,1.0,0
7075,Antipolo Clay,Clay,1.0,1.0,0
7186,Antipolo Clay,Clay,1.0,1.0,0
7519,Antipolo Clay,Clay,1.0,1.0,0
7630,Antipolo Clay,Clay,1.0,1.0,0
7852,Antipolo Clay,Clay,1.0,1.0,0
7963,Antipolo Clay,Clay,1.0,1.0,0
8074,Antipolo Clay,Clay,1.0,1.0,0
8185,Antipolo Clay,Clay,1.0,1.0,0
8407,Binangonan Clay,Clay,1.0,1.0,0
8629,Binangonan Clay,Clay,1.0,1.0,0
8740,Binangonan Clay,Clay,1.0,1.0,0
8851,Binangonan Clay,Clay,1.0,1.0,0
8962,Binangonan Clay,Clay,1.0,1.0,0
9073,Binangonan Clay,Clay,1.0,1.0,0
9184,Binangonan Clay,Clay,1.0,1.0,0
9295,Binangonan Clay,Clay,1.0,1.0,0
9406,Binangonan Clay,Clay,1.0,1.0,0
9517,Binangonan Clay,Clay,1.0,1.0,0
9628,Binangonan Clay,Clay,1.0,1.0,0
9739,Binangonan Clay,Clay,1.0,1.0,0
9850,Binangonan Clay,Clay,1.0,1.0,0
9961,Binangonan Clay,Clay,1.0,1.0,0
10072,Binangonan Clay,Clay,1.0,1.0,0
10183,Binangonan Clay,Clay,1.0,1.0,0
10294,Binangonan Clay,Clay,0.551,1.0,0
10405,Antipolo Clay,Clay,1.0,1.0,0
10516,Antipolo Clay,Clay,1.0,1.0,0
10627,Antipolo Clay,Clay,1.0,1.0,0
10738,Antipolo Clay,Clay,1.0,1.0,0
10960,Antipolo Clay,Clay,1.0,1.0,0
11071,Antipolo Clay,Clay,1.0,1.0,0
11182,Antipolo Clay,Clay,1.0,1.0,0
11293,Antipolo Clay,Clay,1.0,1.0,0
11404,Antipolo Clay,Clay,1.0,1.0,0
11515,Antipolo Clay,Clay,1.0,1.0,0
11626,Antipolo Clay,Clay,1.0,1.0,0
11737,Antipolo Clay,Clay,1.0,0.018,1
11959,Antipolo Clay,Clay,,0.0,1
12070,,,,0.0,0
12181,,,,0.0,0
12292,,,,0.0,0
12403,,,,0.0,0
12514,,,,0.0,0
12625,,,,0.0,0
12736,,,,0.0,0
12847,,,,0.0,0
12958,,,,0.0,0
13069,,,,0.0,0
13180,,,,0.0,0
13291,,,,0.0,0
13402,,,,0.0,0
13513,,,,0.0,0
13624,,,,0.0,0
13735,,,,0.0,0
13846,,,,0.0,0
1970,Antipolo Clay Loam,Clay Loam,,0.0,1
2081,Antipolo Clay Loam,Clay Loam,,0.0,1
2192,Antipolo Clay Loam,Clay Loam,,0.0,1
3080,Antipolo Clay Loam,Clay Loam,1.0,1.0,0
3191,Antipolo Clay Loam,Clay Loam,1.0,1.0,0
3302,Antipolo Clay Loam,Clay Loam,0.85,1.0,0
3413,Antipolo Clay,Clay,0.867,1.0,0
3635,Binangonan Clay,Clay,0.953,1.0,0
3746,Antipolo Clay,Clay,0.625,1.0,0
3968,Antipolo Clay,Clay,1.0,1.0,0
4079,Antipolo Clay,Clay,1.0,1.0,0
4190,Antipolo Clay,Clay,1.0,1.0,0
4301,Antipolo Clay,Clay,1.0,1.0,0
4412,Antipolo Clay,Clay,1.0,1.0,0
4523,Antipolo Clay,Clay,1.0,1.0,0
4634,Antipolo Clay,Clay,1.0,1.0,0
4745,Antipolo Clay,Clay,1.0,1.0,0
4856,Antipolo Clay,Clay,1.0,1.0,0
4967,Antipolo Clay,Clay,1.0,1.0,0
5078,Antipolo Clay,Clay,1.0,1.0,0
5189,Antipolo Clay,Clay,1.0,1.0,0
5300,Antipolo Clay,Clay,1.0,1.0,0
5411,Antipolo Clay,Clay,1.0,1.0,0
5522,Antipolo Clay,Clay,1.0,1.0,0
5633,Antipolo Clay,Clay,1.0,1.0,0
5744,Antipolo Clay,Clay,1.0,1.0,0
5855,Antipolo Clay,Clay,1.0,1.0,0
5966,Antipolo Clay,Clay,1.0,1.0,0
6077,Antipolo Clay,Clay,1.0,1.0,0
6188,Antipolo Clay,Clay,1.0,1.0,0
6299,Antipolo Clay,Clay,1.0,1.0,0
6410,Antipolo Clay,Clay,1.0,1.0,0
6521,Antipolo Clay,Clay,1.0,1.0,0
6632,Antipolo Clay,Clay,1.0,1.0,0
6743,Antipolo Clay,Clay,1.0,1.0,0
6854,Antipolo Clay,Clay,1.0,1.0,0
6965,Antipolo Clay,Clay,1.0,1.0,0
7076,Antipolo Clay,Clay,1.0,1.0,0
7187,Antipolo Clay,Clay,1.0,1.0,0
7298,Antipolo Clay,Clay,1.0,1.0,0
7409,Antipolo Clay,Clay,1.0,1.0,0
7520,Antipolo Clay,Clay,1.0,1.0,0
7631,Antipolo Clay,Clay,1.0,1.0,0
7742,Antipolo Clay,Clay,1.0,1.0,0
7853,Antipolo Clay,Clay,1.0,1.0,0
7964,Antipolo Clay,Clay,1.0,1.0,0
8186,Antipolo Clay,Clay,1.0,1.0,0
8297,Antipolo Clay,Clay,1.0,1.0,0
8408,Binangonan Clay,Clay,0.672,1.0,0
8519,Binangonan Clay,Clay,1.0,1.0,0
8630,Binangonan Clay,Clay,1.0,1.0,0
8741,Binangonan Clay,Clay,1.0,1.0,0
8852,Binangonan Clay,Clay,1.0,1.0,0
8963,Binangonan Clay,Clay,1.0,1.0,0
9074,Binangonan Clay,Clay,1.0,1.0,0
9185,Binangonan Clay,Clay,1.0,1.0,0
9296,Binangonan Clay,Clay,1.0,1.0,0
9407,Binangonan Clay,Clay,1.0,1.0,0
9518,Binangonan Clay,Clay,1.0,1.0,0
9629,Binangonan Clay,Clay,1.0,1.0,0
9740,Binangonan Clay,Clay,1.0,1.0,0
9851,Binangonan Clay,Clay,1.0,1.0,0
9962,Binangonan Clay,Clay,1.0,1.0,0
10073,Binangonan Clay,Clay,1.0,1.0,0
10184,Binangonan Clay,Clay,1.0,1.0,0
10295,Binangonan Clay,Clay,0.828,1.0,0
10406,Antipolo Clay,Clay,1.0,1.0,0
10517,Antipolo Clay,Clay,1.0,1.0,0
10628,Antipolo Clay,Clay,1.0,1.0,0
10739,Antipolo Clay,Clay,1.0,1.0,0
10850,Antipolo Clay,Clay,1.0,1.0,0
10961,Antipolo Clay,Clay,1.0,1.0,0
11072,Antipolo Clay,Clay,1.0,1.0,0
11183,Antipolo Clay,Clay,1.0,1.0,0
11294,Antipolo Clay,Clay,1.0,1.0,0
11405,Antipolo Clay,Clay,1.0,1.0,0
11516,Antipolo Clay,Clay,1.0,1.0,0
11627,Antipolo Clay,Clay,1.0,0.893,0
11738,Antipolo Clay,Clay,,0.0,1
11849,Antipolo Clay,Clay,,0.0,1
11960,Antipolo Clay,Clay,,0.0,1
12071,,,,0.0,0
12182,,,,0.0,0
12293,,,,0.0,0
12404,,,,0.0,0
12515,,,,0.0,0
12626,,,,0.0,0
12737,,,,0.0,0
12848,,,,0.0,0
12959,,,,0.0,0
13070,,,,0.0,0
13181,,,,0.0,0
13292,,,,0.0,0
13403,,,,0.0,0
13514,,,,0.0,0
2970,Antipolo Clay Loam,Clay Loam,1.0,1.0,0
3192,Antipolo Clay Loam,Clay Loam,1.0,1.0,0
3414,Antipolo Clay,Clay,1.0,1.0,0
3636,Antipolo Clay,Clay,0.953,1.0,0
3747,Antipolo Clay,Clay,1.0,1.0,0
3969,Antipolo Clay,Clay,1.0,1.0,0
4080,Antipolo Clay,Clay,1.0,1.0,0
4191,Antipolo Clay,Clay,1.0,1.0,0
4635,Antipolo Clay,Clay,1.0,1.0,0
4746,Antipolo Clay,Clay,1.0,1.0,0
4857,Antipolo Clay,Clay,1.0,1.0,0
4968,Antipolo Clay,Clay,1.0,1.0,0
5079,Antipolo Clay,Clay,1.0,1.0,0
5190,Antipolo Clay,Clay,1.0,1.0,0
5301,Antipolo Clay,Clay,1.0,1.0,0
5412,Antipolo Clay,Clay,1.0,1.0,0
5523,Antipolo Clay,Clay,1.0,1.0,0
5634,Antipolo Clay,Clay,1.0,1.0,0
5745,Antipolo Clay,Clay,1.0,1.0,0
5856,Antipolo Clay,Clay,1.0,1.0,0
5967,Antipolo Clay,Clay,1.0,1.0,0
6189,Antipolo Clay,Clay,1.0,1.0,0
6300,Antipolo Clay,Clay,1.0,1.0,0
6411,Antipolo Clay,Clay,1.0,1.0,0
6522,Antipolo Clay,Clay,1.0,1.0,0
6633,Antipolo Clay,Clay,1.0,1.0,0
6744,Antipolo Clay,Clay,1.0,1.0,0
6855,Antipolo Clay,Clay,1.0,1.0,0
6966,Antipolo Clay,Clay,1.0,1.0,0
7077,Antipolo Clay,Clay,1.0,1.0,0
7299,Antipolo Clay,Clay,1.0,1.0,0
7410,Antipolo Clay,Clay,1.0,1.0,0
7521,Antipolo Clay,Clay,1.0,1.0,0
7632,Antipolo Clay,Clay,1.0,1.0,0
7743,Antipolo Clay,Clay,1.0,1.0,0
7854,Antipolo Clay,Clay,1.0,1.0,0
8076,Antipolo Clay,Clay,1.0,1.0,0
8187,Antipolo Clay,Clay,1.0,1.0,0
8298,Antipolo Clay,Clay,1.0,1.0,0
8409,Antipolo Clay,Clay,0.938,1.0,0
8520,Binangonan Clay,Clay,0.821,1.0,0
8631,Binangonan Clay,Clay,1.0,1.0,0
8742,Binangonan Clay,Clay,1.0,1.0,0
8853,Binangonan Clay,Clay,1.0,1.0,0
8964,Binangonan Clay,Clay,1.0,1.0,0
9075,Binangonan Clay,Clay,1.0,1.0,0
9186,Binangonan Clay,Clay,1.0,1.0,0
9297,Binangonan Clay,Clay,1.0,1.0,0
9408,Binangonan Clay,Clay,1.0,1.0,0
9519,Binangonan Clay,Clay,1.0,1.0,0
9630,Binangonan Clay,Clay,1.0,1.0,0
9741,Binangonan Clay,Clay,1.0,1.0,0
9852,Binangonan Clay,Clay,1.0,1.0,0
9963,Binangonan Clay,Clay,1.0,1.0,0
10074,Binangonan Clay,Clay,1.0,1.0,0
10185,Binangonan Clay,Clay,1.0,1.0,0
10296,Binangonan Clay,Clay,1.0,1.0,0
10407,Antipolo Clay,Clay,0.839,1.0,0
10518,Antipolo Clay,Clay,1.0,1.0,0
10629,Antipolo Clay,Clay,1.0,1.0,0
10740,Antipolo Clay,Clay,1.0,1.0,0
10851,Antipolo Clay,Clay,1.0,1.0,0
10962,Antipolo Clay,Clay,1.0,1.0,0
11073,Antipolo Clay,Clay,1.0,1.0,0
11184,Antipolo Clay,Clay,1.0,1.0,0
11295,Antipolo Clay,Clay,1.0,1.0,0
11406,Antipolo Clay,Clay,1.0,1.0,0
11517,Antipolo Clay,Clay,1.0,1.0,0
11628,Antipolo Clay,Clay,1.0,0.531,0
11739,Antipolo Clay,Clay,,0.0,1
11850,Antipolo Clay,Clay,,0.0,1
11961,,,,0.0,0
12072,,,,0.0,0
12183,,,,0.0,0
12294,,,,0.0,0
12405,,,,0.0,0
12516,,,,0.0,0
12627,,,,0.0,0
12738,,,,0.0,0
12849,,,,0.0,0
12960,,,,0.0,0
13071,,,,0.0,0
13182,,,,0.0,0
13293,,,,0.0,0
13404,,,,0.0,0
3082,Antipolo Clay Loam,Clay Loam,1.0,1.0,0
3304,Antipolo Clay,Clay,0.984,1.0,0
3415,Antipolo Clay,Clay,1.0,1.0,0
3526,Antipolo Clay,Clay,1.0,1.0,0
3637,Antipolo Clay,Clay,1.0,1.0,0
3748,Antipolo Clay,Clay,1.0,1.0,0
3859,Antipolo Clay,Clay,1.0,1.0,0
4081,Antipolo Clay,Clay,1.0,1.0,0
4414,Antipolo Clay,Clay,1.0,1.0,0
4525,Antipolo Clay,Clay,1.0,1.0,0
4636,Antipolo Clay,Clay,1.0,1.0,0
4747,Antipolo Clay,Clay,1.0,1.0,0
4969,Antipolo Clay,Clay,1.0,1.0,0
5080,Antipolo Clay,Clay,1.0,1.0,0
5191,Antipolo Clay,Clay,1.0,1.0,0
5302,Antipolo Clay,Clay,1.0,1.0,0
5413,Antipolo Clay,Clay,1.0,1.0,0
5524,Antipolo Clay,Clay,1.0,1.0,0
5635,Antipolo Clay,Clay,1.0,1.0,0
5746,Antipolo Clay,Clay,1.0,1.0,0
5857,Antipolo Clay,Clay,1.0,1.0,0
5968,Antipolo Clay,Clay,1.0,1.0,0
6079,Antipolo Clay,Clay,1.0,1.0,0
6190,Antipolo Clay,Clay,1.0,1.0,0
6301,Antipolo Clay,Clay,1.0,1.0,0
6412,Antipolo Clay,Clay,1.0,1.0,0
6523,Antipolo Clay,Clay,1.0,1.0,0
6634,Antipolo Clay,Clay,1.0,1.0,0
6745,Antipolo Clay,Clay,1.0,1.0,0
6856,Antipolo Clay,Clay,1.0,1.0,0
6967,Antipolo Clay,Clay,1.0,1.0,0
7078,Antipolo Clay,Clay,1.0,1.0,0
7189,Antipolo Clay,Clay,1.0,1.0,0
7300,Antipolo Clay,Clay,1.0,1.0,0
7411,Antipolo Clay,Clay,1.0,1.0,0
7522,Antipolo Clay,Clay,1.0,1.0,0
7633,Antipolo Clay,Clay,1.0,1.0,0
7744,Antipolo Clay,Clay,1.0,1.0,0
7855,Antipolo Clay,Clay,1.0,1.0,0
7966,Antipolo Clay,Clay,1.0,1.0,0
8077,Antipolo Clay,Clay,1.0,1.0,0
8188,Antipolo Clay,Clay,1.0,1.0,0
8299,Antipolo Clay,Clay,1.0,1.0,0
8410,Antipolo Clay,Clay,1.0,1.0,0
8521,Antipolo Clay,Clay,0.911,1.0,0
8632,Binangonan Clay,Clay,0.906,1.0,0
8743,Binangonan Clay,Clay,1.0,1.0,0
8854,Binangonan Clay,Clay,1.0,1.0,0
8965,Binangonan Clay,Clay,1.0,1.0,0
9076,Binangonan Clay,Clay,1.0,1.0,0
9187,Binangonan Clay,Clay,1.0,1.0,0
9298,Binangonan Clay,Clay,1.0,1.0,0
9409,Binangonan Clay,Clay,1.0,1.0,0
9520,Binangonan Clay,Clay,1.0,1.0,0
9631,Binangonan Clay,Clay,1.0,1.0,0
9742,Binangonan Clay,Clay,1.0,1.0,0
9853,Binangonan Clay,Clay,1.0,1.0,0
9964,Binangonan Clay,Clay,1.0,1.0,0
10075,Binangonan Clay,Clay,1.0,1.0,0
10186,Binangonan Clay,Clay,1.0,1.0,0
10297,Binangonan Clay,Clay,1.0,1.0,0
10408,Binangonan Clay,Clay,0.643,1.0,0
10519,Antipolo Clay,Clay,1.0,1.0,0
10630,Antipolo Clay,Clay,1.0,1.0,0
10741,Antipolo Clay,Clay,1.0,1.0,0
10852,Antipolo Clay,Clay,1.0,1.0,0
10963,Antipolo Clay,Clay,1.0,1.0,0
11074,Antipolo Clay,Clay,1.0,1.0,0
11185,Antipolo Clay,Clay,1.0,1.0,0
11296,Antipolo Clay,Clay,1.0,1.0,0
11407,Antipolo Clay,Clay,1.0,1.0,0
11518,Antipolo Clay,Clay,1.0,0.797,0
11629,Antipolo Clay,Clay,1.0,0.062,1
11740,Antipolo Clay,Clay,,0.0,1
11851,Antipolo Clay,Clay,,0.0,1
11962,,,,0.0,0
12073,,,,0.0,0
12184,,,,0.0,0
12295,,,,0.0,0
12406,,,,0.0,0
12517,,,,0.0,0
12628,,,,0.0,0
12739,,,,0.0,0
12850,,,,0.0,0
12961,,,,0.0,0
13072,,,,0.0,0
13183,,,,0.0,0
13294,,,,0.0,0
3083,Antipolo Clay Loam,Clay Loam,0.953,1.0,0
3194,Antipolo Clay,Clay,0.766,1.0,0
3305,Antipolo Clay,Clay,1.0,1.0,0
3416,Antipolo Clay,Clay,1.0,1.0,0
3638,Antipolo Clay,Clay,1.0,1.0,0
3749,Antipolo Clay,Clay,1.0,1.0,0
3860,Antipolo Clay,Clay,1.0,1.0,0
3971,Antipolo Clay,Clay,1.0,1.0,0
4082,Antipolo Clay,Clay,1.0,1.0,0
4415,Antipolo Clay,Clay,1.0,1.0,0
4526,Antipolo Clay,Clay,1.0,1.0,0
4637,Antipolo Clay,Clay,1.0,1.0,0
4748,Antipolo Clay,Clay,1.0,1.0,0
4970,Antipolo Clay,Clay,1.0,1.0,0
5081,Antipolo Clay,Clay,1.0,1.0,0
5192,Antipolo Clay,Clay,1.0,1.0,0
5303,Antipolo Clay,Clay,1.0,1.0,0
5414,Antipolo Clay,Clay,1.0,1.0,0
5858,Antipolo Clay,Clay,1.0,1.0,0
5969,Antipolo Clay,Clay,1.0,1.0,0
6080,Antipolo Clay,Clay,1.0,1.0,0
6191,Antipolo Clay,Clay,1.0,1.0,0
6302,Antipolo Clay,Clay,1.0,1.0,0
6413,Antipolo Clay,Clay,1.0,1.0,0
6524,Antipolo Clay,Clay,1.0,1.0,0
6635,Antipolo Clay,Clay,1.0,1.0,0
6746,Antipolo Clay,Clay,1.0,1.0,0
6857,Antipolo Clay,Clay,1.0,1.0,0
6968,Antipolo Clay,Clay,1.0,1.0,0
7079,Antipolo Clay,Clay,1.0,1.0,0
7190,Antipolo Clay,Clay,1.0,1.0,0
7301,Antipolo Clay,Clay,1.0,1.0,0
7412,Antipolo Clay,Clay,1.0,1.0,0
7523,Antipolo Clay,Clay,1.0,1.0,0
7634,Antipolo Clay,Clay,1.0,1.0,0
7745,Antipolo Clay,Clay,1.0,1.0,0
7856,Antipolo Clay,Clay,1.0,1.0,0
7967,Antipolo Clay,Clay,1.0,1.0,0
8078,Antipolo Clay,Clay,1.0,1.0,0
8189,Antipolo Clay,Clay,1.0,1.0,0
8300,Antipolo Clay,Clay,1.0,1.0,0
8411,Antipolo Clay,Clay,1.0,1.0,0
8522,Antipolo Clay,Clay,1.0,1.0,0
8633,Binangonan Clay,Clay,0.574,1.0,0
8744,Binangonan Clay,Clay,1.0,1.0,0
8855,Binangonan Clay,Clay,1.0,1.0,0
9077,Binangonan Clay,Clay,1.0,1.0,0
9188,Binangonan Clay,Clay,1.0,1.0,0
9299,Binangonan Clay,Clay,1.0,1.0,0
9410,Binangonan Clay,Clay,1.0,1.0,0
9521,Binangonan Clay,Clay,1.0,1.0,0
9632,Binangonan Clay,Clay,1.0,1.0,0
9743,Binangonan Clay,Clay,1.0,1.0,0
9854,Binangonan Clay,Clay,1.0,1.0,0
9965,Binangonan Clay,Clay,1.0,1.0,0
10076,Binangonan Clay,Clay,1.0,1.0,0
10187,Binangonan Clay,Clay,1.0,1.0,0
10298,Binangonan Clay,Clay,1.0,1.0,0
10409,Binangonan Clay,Clay,1.0,1.0,0
10520,Antipolo Clay,Clay,0.75,1.0,0
10631,Antipolo Clay,Clay,1.0,1.0,0
10742,Antipolo Clay,Clay,1.0,1.0,0
10853,Antipolo Clay,Clay,1.0,1.0,0
10964,Antipolo Clay,Clay,1.0,1.0,0
11075,Antipolo Clay,Clay,1.0,1.0,0
11408,Antipolo Clay,Clay,1.0,0.929,0
11519,Antipolo Clay,Clay,1.0,0.141,1
11630,Antipolo Clay,Clay,,0.0,1
11741,Antipolo Clay,Clay,,0.0,1
11852,Antipolo Clay,Clay,,0.0,1
11963,,,,0.0,0
12074,,,,0.0,0
12185,,,,0.0,0
12296,,,,0.0,0
12407,,,,0.0,0
12518,,,,0.0,0
12629,,,,0.0,0
12851,,,,0.0,0
12962,,,,0.0,0
13073,,,,0.0,0
13184,,,,0.0,0
13295,,,,0.0,0
3195,Antipolo Clay,Clay,1.0,1.0,0
3306,Antipolo Clay,Clay,1.0,1.0,0
3417,Antipolo Clay,Clay,1.0,1.0,0
3528,Antipolo Clay,Clay,1.0,1.0,0
3639,Antipolo Clay,Clay,1.0,1.0,0
3750,Antipolo Clay,Clay,1.0,1.0,0
3861,Antipolo Clay,Clay,1.0,1.0,0
3972,Antipolo Clay,Clay,1.0,1.0,0
4083,Antipolo Clay,Clay,1.0,1.0,0
4194,Antipolo Clay,Clay,1.0,1.0,0
4305,Antipolo Clay,Clay,1.0,1.0,0
4416,Antipolo Clay,Clay,1.0,1.0,0
4527,Antipolo Clay,Clay,1.0,1.0,0
4638,Antipolo Clay,Clay,1.0,1.0,0
4749,Antipolo Clay,Clay,1.0,1.0,0
4860,Antipolo Clay,Clay,1.0,1.0,0
5082,Antipolo Clay,Clay,1.0,1.0,0
5193,Antipolo Clay,Clay,1.0,1.0,0
5304,Antipolo Clay,Clay,1.0,1.0,0
5415,Antipolo Clay,Clay,1.0,1.0,0
5526,Antipolo Clay,Clay,1.0,1.0,0
5970,Antipolo Clay,Clay,1.0,1.0,0
6081,Antipolo Clay,Clay,1.0,1.0,0
6192,Antipolo Clay,Clay,1.0,1.0,0
6303,Antipolo Clay,Clay,1.0,1.0,0
6414,Antipolo Clay,Clay,1.0,1.0,0
6525,Antipolo Clay,Clay,1.0,1.0,0
6636,Antipolo Clay,Clay,1.0,1.0,0
6747,Antipolo Clay,Clay,1.0,1.0,0
6858,Antipolo Clay,Clay,1.0,1.0,0
6969,Antipolo Clay,Clay,1.0,1.0,0
7080,Antipolo Clay,Clay,1.0,1.0,0
7191,Antipolo Clay,Clay,1.0,1.0,0
7302,Antipolo Clay,Clay,1.0,1.0,0
7413,Antipolo Clay,Clay,1.0,1.0,0
7524,Antipolo Clay,Clay,1.0,1.0,0
7635,Antipolo Clay,Clay,1.0,1.0,0
7746,Antipolo Clay,Clay,1.0,1.0,0
7857,Antipolo Clay,Clay,1.0,1.0,0
7968,Antipolo Clay,Clay,1.0,1.0,0
8079,Antipolo Clay,Clay,1.0,1.0,0
8190,Antipolo Clay,Clay,1.0,1.0,0
8301,Antipolo Clay,Clay,1.0,1.0,0
8412,Antipolo Clay,Clay,1.0,1.0,0
8523,Antipolo Clay,Clay,1.0,1.0,0
8634,Antipolo Clay,Clay,1.0,1.0,0
8745,Antipolo Clay,Clay,0.703,1.0,0
8856,Binangonan Clay,Clay,0.953,1.0,0
8967,Binangonan Clay,Clay,1.0,1.0,0
9078,Binangonan Clay,Clay,1.0,1.0,0
9189,Binangonan Clay,Clay,1.0,1.0,0
9300,Binangonan Clay,Clay,1.0,1.0,0
9411,Binangonan Clay,Clay,1.0,1.0,0
9522,Binangonan Clay,Clay,1.0,1.0,0
9744,Binangonan Clay,Clay,1.0,1.0,0
9855,Binangonan Clay,Clay,1.0,1.0,0
9966,Binangonan Clay,Clay,1.0,1.0,0
10077,Binangonan Clay,Clay,1.0,1.0,0
10188,Binangonan Clay,Clay,1.0,1.0,0
10299,Binangonan Clay,Clay,1.0,1.0,0
10410,Binangonan Clay,Clay,1.0,1.0,0
10521,Binangonan Clay,Clay,0.9,1.0,0
10632,Antipolo Clay,Clay,0.828,1.0,0
10743,Antipolo Clay,Clay,1.0,1.0,0
10854,Antipolo Clay,Clay,1.0,1.0,0
10965,Antipolo Clay,Clay,1.0,1.0,0
11076,Antipolo Clay,Clay,1.0,1.0,0
11187,Antipolo Clay,Clay,1.0,1.0,0
11298,Antipolo Clay,Clay,1.0,0.984,0
11409,Antipolo Clay,Clay,1.0,0.25,1
11520,Antipolo Clay,Clay,,0.0,1
11631,Antipolo Clay,Clay,,0.0,1
11742,Antipolo Clay,Clay,,0.0,1
11964,,,,0.0,0
12075,,,,0.0,0
12186,,,,0.0,0
12297,,,,0.0,0
12408,,,,0.0,0
12519,,,,0.0,0
12630,,,,0.0,0
12963,,,,0.0,0
13074,,,,0.0,0
13185,,,,0.0,0
3196,Antipolo Clay,Clay,1.0,1.0,0
3307,Antipolo Clay,Clay,1.0,1.0,0
3418,Antipolo Clay,Clay,1.0,1.0,0
3529,Antipolo Clay,Clay,1.0,1.0,0
3640,Antipolo Clay,Clay,1.0,1.0,0
3751,Antipolo Clay,Clay,1.0,1.0,0
3862,Antipolo Clay,Clay,1.0,1.0,0
3973,Antipolo Clay,Clay,1.0,1.0,0
4084,Antipolo Clay,Clay,1.0,1.0,0
4195,Antipolo Clay,Clay,1.0,1.0,0
4306,Antipolo Clay,Clay,1.0,1.0,0
4417,Antipolo Clay,Clay,1.0,1.0,0
4528,Antipolo Clay,Clay,1.0,1.0,0
4639,Antipolo Clay,Clay,1.0,1.0,0
4861,Antipolo Clay,Clay,0.93,1.0,0
4972,Antipolo Clay,Clay,1.0,1.0,0
5083,Antipolo Clay,Clay,1.0,1.0,0
5194,Antipolo Clay,Clay,1.0,1.0,0
5305,Antipolo Clay,Clay,1.0,1.0,0
5416,Antipolo Clay,Clay,1.0,1.0,0
5638,Antipolo Clay,Clay,1.0,1.0,0
5749,Antipolo Clay,Clay,1.0,1.0,0
5971,Antipolo Clay,Clay,1.0,1.0,0
6193,Antipolo Clay,Clay,1.0,1.0,0
6304,Antipolo Clay,Clay,1.0,1.0,0
6415,Antipolo Clay,Clay,1.0,1.0,0
6526,Antipolo Clay,Clay,1.0,1.0,0
6637,Antipolo Clay,Clay,1.0,1.0,0
6748,Antipolo Clay,Clay,1.0,1.0,0
6859,Antipolo Clay,Clay,1.0,1.0,0
6970,Antipolo Clay,Clay,1.0,1.0,0
7081,Antipolo Clay,Clay,1.0,1.0,0
7192,Antipolo Clay,Clay,1.0,1.0,0
7303,Antipolo Clay,Clay,1.0,1.0,0
7414,Antipolo Clay,Clay,1.0,1.0,0
7747,Antipolo Clay,Clay,1.0,1.0,0
7858,Antipolo Clay,Clay,1.0,1.0,0
7969,Antipolo Clay,Clay,1.0,1.0,0
8080,Antipolo Clay,Clay,1.0,1.0,0
8191,Antipolo Clay,Clay,1.0,1.0,0
8302,Antipolo Clay,Clay,1.0,1.0,0
8413,Antipolo Clay,Clay,1.0,1.0,0
8524,Antipolo Clay,Clay,1.0,1.0,0
8635,Antipolo Clay,Clay,1.0,1.0,0
8746,Antipolo Clay,Clay,1.0,1.0,0
8857,Binangonan Clay,Clay,0.516,1.0,0
8968,Binangonan Clay,Clay,1.0,1.0,0
9079,Binangonan Clay,Clay,1.0,1.0,0
9190,Binangonan Clay,Clay,1.0,1.0,0
9301,Binangonan Clay,Clay,1.0,1.0,0
9412,Binangonan Clay,Clay,1.0,1.0,0
9523,Binangonan Clay,Clay,1.0,1.0,0
9745,Binangonan Clay,Clay,1.0,1.0,0
9856,Binangonan Clay,Clay,1.0,1.0,0
9967,Binangonan Clay,Clay,1.0,1.0,0
10633,Binangonan Clay,Clay,0.938,1.0,0
10744,Antipolo Clay,Clay,1.0,1.0,0
10855,Antipolo Clay,Clay,1.0,1.0,0
10966,Antipolo Clay,Clay,1.0,1.0,0
11077,Antipolo Clay,Clay,1.0,1.0,0
11188,Antipolo Clay,Clay,1.0,1.0,0
11410,Antipolo Clay,Clay,,0.0,1
11632,Antipolo Clay,Clay,,0.0,1
11854,,,,0.0,0
11965,,,,0.0,0
12076,,,,0.0,0
12187,,,,0.0,0
12298,,,,0.0,0
13075,,,,0.0,0
3308,Antipolo Clay,Clay,1.0,1.0,0
3419,Antipolo Clay,Clay,1.0,1.0,0
3530,Antipolo Clay,Clay,1.0,1.0,0
3641,Antipolo Clay,Clay,1.0,1.0,0
3752,Antipolo Clay,Clay,1.0,1.0,0
3863,Antipolo Clay,Clay,1.0,1.0,0
3974,Antipolo Clay,Clay,1.0,1.0,0
4085,Antipolo Clay,Clay,1.0,1.0,0
4196,Antipolo Clay,Clay,1.0,1.0,0
4307,Antipolo Clay,Clay,1.0,1.0,0
4418,Antipolo Clay,Clay,1.0,1.0,0
4529,Antipolo Clay,Clay,1.0,1.0,0
4640,Antipolo Clay,Clay,1.0,1.0,0
4751,Antipolo Clay,Clay,1.0,1.0,0
4862,Binangonan Clay,Clay,0.828,1.0,0
4973,Antipolo Clay,Clay,0.839,1.0,0
5084,Antipolo Clay,Clay,1.0,1.0,0
5306,Binangonan Clay,Clay,0.531,1.0,0
5417,Antipolo Clay,Clay,1.0,1.0,0
5528,Antipolo Clay,Clay,1.0,1.0,0
5861,Antipolo Clay,Clay,1.0,1.0,0
5972,Antipolo Clay,Clay,1.0,1.0,0
6083,Antipolo Clay,Clay,1.0,1.0,0
6194,Antipolo Clay,Clay,1.0,1.0,0
6305,Antipolo Clay,Clay,1.0,1.0,0
6416,Antipolo Clay,Clay,1.0,1.0,0
6527,Antipolo Clay,Clay,1.0,1.0,0
6638,Antipolo Clay,Clay,1.0,1.0,0
6749,Antipolo Clay,Clay,1.0,1.0,0
6860,Antipolo Clay,Clay,1.0,1.0,0
6971,Antipolo Clay,Clay,1.0,1.0,0
7082,Antipolo Clay,Clay,1.0,1.0,0
7193,Antipolo Clay,Clay,1.0,1.0,0
7304,Antipolo Clay,Clay,1.0,1.0,0
7415,Antipolo Clay,Clay,1.0,1.0,0
7526,Antipolo Clay,Clay,1.0,1.0,0
7637,Antipolo Clay,Clay,1.0,1.0,0
7748,Antipolo Clay,Clay,1.0,1.0,0
7859,Antipolo Clay,Clay,1.0,1.0,0
7970,Antipolo Clay,Clay,1.0,1.0,0
8081,Antipolo Clay,Clay,1.0,1.0,0
8192,Antipolo Clay,Clay,1.0,1.0,0
8303,Antipolo Clay,Clay,1.0,1.0,0
8414,Antipolo Clay,Clay,1.0,1.0,0
8525,Antipolo Clay,Clay,1.0,1.0,0
8636,Antipolo Clay,Clay,1.0,1.0,0
8747,Antipolo Clay,Clay,1.0,1.0,0
8858,Antipolo Clay,Clay,0.891,1.0,0
8969,Binangonan Clay,Clay,0.984,1.0,0
9080,Binangonan Clay,Clay,1.0,1.0,0
9191,Binangonan Clay,Clay,1.0,1.0,0
9302,Binangonan Clay,Clay,1.0,1.0,0
9413,Binangonan Clay,Clay,1.0,1.0,0
9524,Binangonan Clay,Clay,1.0,0.934,0
11744,,,,0.0,0
11855,,,,0.0,0
11966,,,,0.0,0
12077,,,,0.0,0
12188,,,,0.0,0
12299,,,,0.0,0
3420,Antipolo Clay,Clay,1.0,1.0,0
3531,Antipolo Clay,Clay,1.0,1.0,0
3642,Antipolo Clay,Clay,1.0,1.0,0
3753,Antipolo Clay,Clay,1.0,1.0,0
3864,Antipolo Clay,Clay,1.0,1.0,0
3975,Antipolo Clay,Clay,1.0,1.0,0
4086,Antipolo Clay,Clay,1.0,1.0,0
4197,Antipolo Clay,Clay,1.0,1.0,0
4308,Antipolo Clay,Clay,1.0,1.0,0
4419,Antipolo Clay,Clay,1.0,1.0,0
4530,Antipolo Clay,Clay,1.0,1.0,0
4641,Antipolo Clay,Clay,1.0,1.0,0
4974,Binangonan Clay,Clay,0.893,1.0,0
5085,Antipolo Clay,Clay,0.531,1.0,0
5307,Binangonan Clay,Clay,0.714,1.0,0
5529,Antipolo Clay,Clay,1.0,1.0,0
5751,Antipolo Clay,Clay,1.0,1.0,0
5973,Antipolo Clay,Clay,1.0,1.0,0
6084,Antipolo Clay,Clay,1.0,1.0,0
6195,Antipolo Clay,Clay,1.0,1.0,0
6306,Antipolo Clay,Clay,1.0,1.0,0
6417,Antipolo Clay,Clay,1.0,1.0,0
6528,Antipolo Clay,Clay,1.0,1.0,0
6639,Antipolo Clay,Clay,1.0,1.0,0
6750,Antipolo Clay,Clay,1.0,1.0,0
6861,Antipolo Clay,Clay,1.0,1.0,0
6972,Antipolo Clay,Clay,1.0,1.0,0
7083,Antipolo Clay,Clay,1.0,1.0,0
7194,Antipolo Clay,Clay,1.0,1.0,0
7305,Antipolo Clay,Clay,1.0,1.0,0
7416,Antipolo Clay,Clay,1.0,1.0,0
7638,Antipolo Clay,Clay,1.0,1.0,0
7749,Antipolo Clay,Clay,1.0,1.0,0
7860,Antipolo Clay,Clay,1.0,1.0,0
7971,Antipolo Clay,Clay,1.0,1.0,0
8082,Antipolo Clay,Clay,1.0,1.0,0
8304,Antipolo Clay,Clay,1.0,1.0,0
8415,Antipolo Clay,Clay,1.0,1.0,0
8526,Antipolo Clay,Clay,1.0,1.0,0
8637,Antipolo Clay,Clay,1.0,1.0,0
8748,Antipolo Clay,Clay,1.0,1.0,0
8859,Antipolo Clay,Clay,1.0,0.946,0
8970,Binangonan Clay,Clay,0.784,0.661,0
9081,Binangonan Clay,Clay,1.0,0.69,0
9192,Binangonan Clay,Clay,1.0,0.786,0
9303,Binangonan Clay,Clay,1.0,0.766,0
3421,Antipolo Clay,Clay,1.0,1.0,0
3532,Antipolo Clay,Clay,1.0,1.0,0
3643,Antipolo Clay,Clay,1.0,1.0,0
3754,Antipolo Clay,Clay,1.0,1.0,0
3865,Antipolo Clay,Clay,1.0,1.0,0
3976,Antipolo Clay,Clay,1.0,1.0,0
4087,Antipolo Clay,Clay,1.0,1.0,0
4198,Antipolo Clay,Clay,1.0,1.0,0
4309,Antipolo Clay,Clay,1.0,1.0,0
4420,Antipolo Clay,Clay,1.0,1.0,0
4531,Antipolo Clay,Clay,1.0,1.0,0
4642,Antipolo Clay,Clay,1.0,1.0,0
4753,Antipolo Clay,Clay,1.0,1.0,0
4864,Antipolo Clay,Clay,1.0,1.0,0
4975,Antipolo Clay,Clay,0.633,1.0,0
5197,Binangonan Clay,Clay,1.0,1.0,0
5308,Binangonan Clay,Clay,0.922,1.0,0
5419,Antipolo Clay,Clay,1.0,1.0,0
5530,Antipolo Clay,Clay,1.0,1.0,0
5641,Antipolo Clay,Clay,1.0,1.0,0
5752,Antipolo Clay,Clay,1.0,1.0,0
5863,Antipolo Clay,Clay,1.0,1.0,0
5974,Antipolo Clay,Clay,1.0,1.0,0
6085,Antipolo Clay,Clay,1.0,1.0,0
6196,Antipolo Clay,Clay,1.0,1.0,0
6307,Antipolo Clay,Clay,1.0,1.0,0
6418,Antipolo Clay,Clay,1.0,1.0,0
6529,Antipolo Clay,Clay,1.0,1.0,0
6640,Antipolo Clay,Clay,1.0,1.0,0
6751,Antipolo Clay,Clay,1.0,1.0,0
6862,Antipolo Clay,Clay,1.0,1.0,0
6973,Antipolo Clay,Clay,1.0,1.0,0
7084,Antipolo Clay,Clay,1.0,1.0,0
7195,Antipolo Clay,Clay,1.0,1.0,0
7306,Antipolo Clay,Clay,1.0,1.0,0
7417,Antipolo Clay,Clay,1.0,1.0,0
7528,Antipolo Clay,Clay,1.0,1.0,0
7639,Antipolo Clay,Clay,1.0,1.0,0
7750,Antipolo Clay,Clay,1.0,1.0,0
7861,Antipolo Clay,Clay,1.0,1.0,0
7972,Antipolo Clay,Clay,1.0,1.0,0
8083,Antipolo Clay,Clay,1.0,1.0,0
8194,Antipolo Clay,Clay,1.0,1.0,0
8305,Antipolo Clay,Clay,1.0,1.0,0
8416,Antipolo Clay,Clay,1.0,1.0,0
8527,Antipolo Clay,Clay,1.0,0.875,0
8638,Antipolo Clay,Clay,1.0,0.5,0
8749,Antipolo Clay,Clay,1.0,0.255,1
3533,Antipolo Clay,Clay,1.0,1.0,0
3644,Antipolo Clay,Clay,1.0,1.0,0
3755,Antipolo Clay,Clay,1.0,1.0,0
3866,Antipolo Clay,Clay,1.0,1.0,0
3977,Antipolo Clay,Clay,1.0,1.0,0
4088,Antipolo Clay,Clay,1.0,1.0,0
4199,Antipolo Clay,Clay,1.0,1.0,0
4310,Antipolo Clay,Clay,1.0,1.0,0
4421,Antipolo Clay,Clay,1.0,1.0,0
4532,Antipolo Clay,Clay,1.0,1.0,0
4643,Antipolo Clay,Clay,1.0,1.0,0
4754,Antipolo Clay,Clay,1.0,1.0,0
4976,Antipolo Clay,Clay,1.0,1.0,0
5087,Antipolo Clay,Clay,1.0,1.0,0
5309,Binangonan Clay,Clay,0.719,1.0,0
5642,Antipolo Clay,Clay,1.0,1.0,0
5753,Antipolo Clay,Clay,1.0,1.0,0
5864,Antipolo Clay,Clay,1.0,1.0,0
5975,Antipolo Clay,Clay,1.0,1.0,0
6086,Antipolo Clay,Clay,1.0,1.0,0
6197,Antipolo Clay,Clay,1.0,1.0,0
6308,Antipolo Clay,Clay,1.0,1.0,0
6419,Antipolo Clay,Clay,1.0,1.0,0
6530,Antipolo Clay,Clay,1.0,1.0,0
6641,Antipolo Clay,Clay,1.0,1.0,0
6863,Antipolo Clay,Clay,1.0,1.0,0
6974,Antipolo Clay,Clay,1.0,1.0,0
7085,Antipolo Clay,Clay,1.0,1.0,0
7196,Antipolo Clay,Clay,1.0,1.0,0
7307,Antipolo Clay,Clay,1.0,1.0,0
7418,Antipolo Clay,Clay,1.0,1.0,0
7529,Antipolo Clay,Clay,1.0,1.0,0
7640,Antipolo Clay,Clay,1.0,1.0,0
7751,Antipolo Clay,Clay,1.0,1.0,0
7862,Antipolo Clay,Clay,1.0,1.0,0
7973,Antipolo Clay,Clay,1.0,1.0,0
8084,Antipolo Clay,Clay,1.0,1.0,0
8195,Antipolo Clay,Clay,1.0,1.0,0
8306,Antipolo Clay,Clay,1.0,0.538,0
8417,Antipolo Clay,Clay,1.0,0.234,1
3534,Antipolo Clay,Clay,0.844,1.0,0
3645,Antipolo Clay,Clay,1.0,1.0,0
3756,Antipolo Clay,Clay,1.0,1.0,0
3978,Antipolo Clay,Clay,1.0,1.0,0
4089,Antipolo Clay,Clay,1.0,1.0,0
4200,Antipolo Clay,Clay,1.0,1.0,0
4311,Antipolo Clay,Clay,1.0,1.0,0
4422,Antipolo Clay,Clay,1.0,1.0,0
4533,Antipolo Clay,Clay,1.0,1.0,0
4644,Antipolo Clay,Clay,1.0,1.0,0
4755,Antipolo Clay,Clay,1.0,1.0,0
4866,Antipolo Clay,Clay,1.0,1.0,0
4977,Antipolo Clay,Clay,1.0,1.0,0
5199,Antipolo Clay,Clay,1.0,1.0,0
5643,Antipolo Clay,Clay,1.0,1.0,0
5754,Antipolo Clay,Clay,1.0,1.0,0
5865,Antipolo Clay,Clay,1.0,1.0,0
5976,Antipolo Clay,Clay,1.0,1.0,0
6087,Antipolo Clay,Clay,1.0,1.0,0
6198,Antipolo Clay,Clay,1.0,1.0,0
6642,Antipolo Clay,Clay,1.0,1.0,0
6753,Antipolo Clay,Clay,1.0,1.0,0
6864,Antipolo Clay,Clay,1.0,1.0,0
6975,Antipolo Clay,Clay,1.0,1.0,0
7086,Antipolo Clay,Clay,1.0,1.0,0
7197,Antipolo Clay,Clay,1.0,1.0,0
7308,Antipolo Clay,Clay,1.0,1.0,0
7419,Antipolo Clay,Clay,1.0,1.0,0
7530,Antipolo Clay,Clay,1.0,1.0,0
7641,Antipolo Clay,Clay,1.0,1.0,0
7752,Antipolo Clay,Clay,1.0,1.0,0
7863,Antipolo Clay,Clay,1.0,1.0,0
7974,Antipolo Clay,Clay,1.0,1.0,0
8085,Antipolo Clay,Clay,1.0,0.938,0
8196,Antipolo Clay,Clay,1.0,0.281,1
3535,Binangonan Clay,Clay,1.0,1.0,0
3757,Antipolo Clay,Clay,1.0,1.0,0
3868,Antipolo Clay,Clay,1.0,1.0,0
3979,Antipolo Clay,Clay,1.0,1.0,0
4090,Antipolo Clay,Clay,1.0,1.0,0
4201,Antipolo Clay,Clay,1.0,1.0,0
4312,Antipolo Clay,Clay,1.0,1.0,0
4423,Antipolo Clay,Clay,1.0,1.0,0
4534,Antipolo Clay,Clay,1.0,1.0,0
4645,Antipolo Clay,Clay,1.0,1.0,0
4756,Antipolo Clay,Clay,1.0,1.0,0
4867,Antipolo Clay,Clay,1.0,1.0,0
4978,Antipolo Clay,Clay,1.0,1.0,0
5311,Antipolo Clay,Clay,1.0,1.0,0
5422,Antipolo Clay,Clay,1.0,1.0,0
5644,Antipolo Clay,Clay,1.0,1.0,0
5755,Antipolo Clay,Clay,1.0,1.0,0
5866,Antipolo Clay,Clay,1.0,1.0,0
5977,Antipolo Clay,Clay,1.0,1.0,0
6088,Antipolo Clay,Clay,1.0,1.0,0
6199,Antipolo Clay,Clay,1.0,1.0,0
6310,Antipolo Clay,Clay,1.0,1.0,0
6532,Antipolo Clay,Clay,1.0,1.0,0
6643,Antipolo Clay,Clay,1.0,1.0,0
6754,Antipolo Clay,Clay,1.0,0.953,0
6865,Antipolo Clay,Clay,1.0,0.891,0
6976,Antipolo Clay,Clay,1.0,1.0,0
7087,Antipolo Clay,Clay,1.0,1.0,0
7198,Antipolo Clay,Clay,1.0,1.0,0
7309,Antipolo Clay,Clay,1.0,1.0,0
7420,Antipolo Clay,Clay,1.0,1.0,0
7531,Antipolo Clay,Clay,1.0,1.0,0
7642,Antipolo Clay,Clay,1.0,1.0,0
7753,Antipolo Clay,Clay,1.0,1.0,0
7864,Antipolo Clay,Clay,1.0,1.0,0
7975,Antipolo Clay,Clay,1.0,0.734,0
3536,Binangonan Clay,Clay,1.0,1.0,0
3647,Antipolo Clay,Clay,0.781,1.0,0
3869,Antipolo Clay,Clay,1.0,1.0,0
3980,Antipolo Clay,Clay,1.0,1.0,0
4091,Antipolo Clay,Clay,1.0,1.0,0
4313,Antipolo Clay,Clay,1.0,1.0,0
4424,Antipolo Clay,Clay,1.0,1.0,0
4535,Antipolo Clay,Clay,1.0,1.0,0
4646,Antipolo Clay,Clay,1.0,1.0,0
4757,Antipolo Clay,Clay,1.0,1.0,0
4868,Antipolo Clay,Clay,1.0,1.0,0
4979,Antipolo Clay,Clay,1.0,1.0,0
5201,Antipolo Clay,Clay,1.0,1.0,0
5312,Antipolo Clay,Clay,1.0,1.0,0
5534,Antipolo Clay,Clay,1.0,1.0,0
5756,Antipolo Clay,Clay,1.0,1.0,0
5867,Antipolo Clay,Clay,1.0,1.0,0
5978,Antipolo Clay,Clay,1.0,1.0,0
6089,Antipolo Clay,Clay,1.0,1.0,0
6200,Antipolo Clay,Clay,1.0,1.0,0
6311,Antipolo Clay,Clay,1.0,1.0,0
6422,Antipolo Clay,Clay,1.0,1.0,0
6533,Antipolo Clay,Clay,1.0,1.0,0
6644,Antipolo Clay,Clay,1.0,0.609,0
6755,Antipolo Clay,Clay,1.0,0.071,1
6977,Antipolo Clay,Clay,1.0,0.184,1
7088,Antipolo Clay,Clay,1.0,0.593,0
7199,Antipolo Clay,Clay,1.0,0.953,0
7310,Antipolo Clay,Clay,1.0,0.875,0
7421,Antipolo Clay,Clay,1.0,0.25,1
7532,Antipolo Clay,Clay,1.0,0.141,1
7643,Antipolo Clay,Clay,1.0,0.125,1
7754,Antipolo Clay,Clay,1.0,0.031,1
7865,Antipolo Clay,Clay,,0.0,1
3759,Antipolo Clay,Clay,1.0,1.0,0
3870,Antipolo Clay,Clay,1.0,1.0,0
3981,Antipolo Clay,Clay,1.0,1.0,0
4092,Antipolo Clay,Clay,1.0,1.0,0
4203,Antipolo Clay,Clay,1.0,1.0,0
4425,Antipolo Clay,Clay,1.0,1.0,0
4536,Antipolo Clay,Clay,1.0,1.0,0
4647,Antipolo Clay,Clay,1.0,1.0,0
4758,Antipolo Clay,Clay,1.0,1.0,0
4980,Antipolo Clay,Clay,1.0,1.0,0
5091,Antipolo Clay,Clay,1.0,1.0,0
5202,Antipolo Clay,Clay,1.0,1.0,0
5313,Antipolo Clay,Clay,1.0,1.0,0
5424,Antipolo Clay,Clay,1.0,1.0,0
5535,Antipolo Clay,Clay,1.0,1.0,0
5757,Antipolo Clay,Clay,1.0,1.0,0
5868,Antipolo Clay,Clay,1.0,1.0,0
5979,Antipolo Clay,Clay,1.0,1.0,0
6090,Antipolo Clay,Clay,1.0,1.0,0
6201,Antipolo Clay,Clay,1.0,1.0,0
6312,Antipolo Clay,Clay,1.0,1.0,0
6423,Antipolo Clay,Clay,1.0,0.982,0
6534,Antipolo Clay,Clay,1.0,0.388,0
7200,Antipolo Clay,Clay,1.0,0.078,1
3760,Antipolo Clay,Clay,1.0,1.0,0
3982,Antipolo Clay,Clay,1.0,1.0,0
4093,Antipolo Clay,Clay,1.0,1.0,0
4204,Antipolo Clay,Clay,1.0,1.0,0
4315,Antipolo Clay,Clay,1.0,1.0,0
4648,Antipolo Clay,Clay,1.0,1.0,0
4759,Antipolo Clay,Clay,1.0,1.0,0
4870,Antipolo Clay,Clay,1.0,1.0,0
4981,Antipolo Clay,Clay,1.0,1.0,0
5092,Antipolo Clay,Clay,1.0,1.0,0
5203,Antipolo Clay,Clay,1.0,1.0,0
5314,Antipolo Clay,Clay,1.0,1.0,0
5425,Antipolo Clay,Clay,1.0,1.0,0
5536,Antipolo Clay,Clay,1.0,1.0,0
5758,Antipolo Clay,Clay,1.0,0.766,0
5869,Antipolo Clay,Clay,1.0,0.145,1
5980,Antipolo Clay,Clay,1.0,0.107,1
6091,Antipolo Clay,Clay,1.0,0.776,0
6202,Antipolo Clay,Clay,1.0,1.0,0
6313,Antipolo Clay,Clay,1.0,0.754,0
6424,Antipolo Clay,Clay,1.0,0.172,1
3317,Antipolo Clay,Clay,1.0,1.0,0
3539,Antipolo Clay,Clay,1.0,1.0,0
3761,Antipolo Clay,Clay,1.0,1.0,0
3872,Antipolo Clay,Clay,1.0,1.0,0
3983,Antipolo Clay,Clay,1.0,1.0,0
4094,Antipolo Clay,Clay,1.0,1.0,0
4205,Antipolo Clay,Clay,1.0,1.0,0
4316,Antipolo Clay,Clay,1.0,1.0,0
4427,Antipolo Clay,Clay,1.0,1.0,0
4538,Antipolo Clay,Clay,1.0,1.0,0
4649,Antipolo Clay,Clay,1.0,1.0,0
4871,Antipolo Clay,Clay,1.0,1.0,0
4982,Antipolo Clay,Clay,1.0,1.0,0
5093,Antipolo Clay,Clay,1.0,1.0,0
5204,Antipolo Clay,Clay,1.0,1.0,0
5315,Antipolo Clay,Clay,1.0,1.0,0
5426,Antipolo Clay,Clay,1.0,1.0,0
5537,Antipolo Clay,Clay,1.0,1.0,0
5648,Antipolo Clay,Clay,1.0,0.469,0
5759,Antipolo Clay,Clay,1.0,0.018,1
5870,Antipolo Clay,Clay,,0.0,1
5981,Antipolo Clay,Clay,,0.0,1
6203,Antipolo Clay,Clay,1.0,0.177,1
3429,Binangonan Clay,Clay,0.824,1.0,0
3540,Antipolo Clay,Clay,0.661,1.0,0
3651,Antipolo Clay,Clay,1.0,1.0,0
3873,Antipolo Clay,Clay,1.0,1.0,0
3984,Antipolo Clay,Clay,1.0,1.0,0
4095,Antipolo Clay,Clay,1.0,1.0,0
4206,Antipolo Clay,Clay,1.0,1.0,0
4317,Antipolo Clay,Clay,1.0,1.0,0
4428,Antipolo Clay,Clay,1.0,1.0,0
4539,Antipolo Clay,Clay,1.0,1.0,0
4650,Antipolo Clay,Clay,1.0,1.0,0
4872,Antipolo Clay,Clay,1.0,1.0,0
4983,Antipolo Clay,Clay,1.0,1.0,0
5094,Antipolo Clay,Clay,1.0,1.0,0
5205,Antipolo Clay,Clay,1.0,1.0,0
5316,Antipolo Clay,Clay,1.0,1.0,0
5427,Antipolo Clay,Clay,1.0,1.0,0
5538,Antipolo Clay,Clay,1.0,0.825,0
5649,Antipolo Clay,Clay,,0.0,1
5760,Antipolo Clay,Clay,,0.0,1
3652,Binangonan Clay,Clay,0.594,1.0,0
3763,Antipolo Clay,Clay,0.938,1.0,0
3874,Antipolo Clay,Clay,1.0,1.0,0
3985,Antipolo Clay,Clay,1.0,1.0,0
4207,Antipolo Clay,Clay,1.0,1.0,0
4318,Antipolo Clay,Clay,1.0,1.0,0
4429,Antipolo Clay,Clay,1.0,1.0,0
4540,Antipolo Clay,Clay,1.0,1.0,0
4651,Antipolo Clay,Clay,1.0,1.0,0
4873,Antipolo Clay,Clay,1.0,1.0,0
4984,Antipolo Clay,Clay,1.0,1.0,0
5095,Antipolo Clay,Clay,1.0,1.0,0
5206,Antipolo Clay,Clay,1.0,1.0,0
5317,Antipolo Clay,Clay,1.0,1.0,0
5428,Antipolo Clay,Clay,1.0,0.906,0
5539,Antipolo Clay,Clay,1.0,0.094,1
5650,Antipolo Clay,Clay,,0.0,1
5761,Antipolo Clay,Clay,,0.0,1
3653,Binangonan Clay,Clay,0.922,1.0,0
3764,Binangonan Clay,Clay,0.938,1.0,0
3875,Antipolo Clay,Clay,0.625,1.0,0
4208,Antipolo Clay,Clay,1.0,1.0,0
4430,Antipolo Clay,Clay,1.0,1.0,0
4541,Antipolo Clay,Clay,1.0,1.0,0
4652,Antipolo Clay,Clay,1.0,1.0,0
4763,Antipolo Clay,Clay,1.0,1.0,0
4874,Antipolo Clay,Clay,1.0,1.0,0
4985,Antipolo Clay,Clay,1.0,1.0,0
5096,Antipolo Clay,Clay,1.0,1.0,0
5207,Antipolo Clay,Clay,1.0,1.0,0
5318,Antipolo Clay,Clay,1.0,0.911,0
5429,Antipolo Clay,Clay,1.0,0.172,1
5651,Antipolo Clay,Clay,,0.0,1
3543,Antipolo Clay,Clay,0.527,0.859,0
3654,Antipolo Clay,Clay,0.984,1.0,0
3765,Binangonan Clay,Clay,0.672,1.0,0
3876,Binangonan Clay,Clay,1.0,1.0,0
3987,Antipolo Clay,Clay,0.615,1.0,0
4431,Antipolo Clay,Clay,1.0,1.0,0
4764,Antipolo Clay,Clay,1.0,1.0,0
4875,Antipolo Clay,Clay,1.0,1.0,0
4986,Antipolo Clay,Clay,1.0,1.0,0
5097,Antipolo Clay,Clay,1.0,1.0,0
5208,Antipolo Clay,Clay,1.0,0.984,0
5319,Antipolo Clay,Clay,1.0,0.179,1
5430,Antipolo Clay,Clay,,0.0,1
5541,Antipolo Clay,Clay,,0.0,1
3433,Antipolo Clay,Clay,,0.0,1
3544,Antipolo Clay,Clay,1.0,0.08,1
3655,Antipolo Clay,Clay,1.0,0.946,0
3766,Antipolo Clay,Clay,0.964,1.0,0
3877,Binangonan Clay,Clay,0.881,1.0,0
3988,Binangonan Clay,Clay,0.732,1.0,0
4099,Antipolo Clay,Clay,1.0,1.0,0
4210,Antipolo Clay,Clay,1.0,1.0,0
4321,Antipolo Clay,Clay,1.0,1.0,0
4543,Antipolo Clay,Clay,1.0,1.0,0
4765,Antipolo Clay,Clay,1.0,1.0,0
4876,Antipolo Clay,Clay,1.0,0.786,0
5098,Antipolo Clay,Clay,1.0,0.844,0
5209,Antipolo Clay,Clay,1.0,0.333,0
5320,Antipolo Clay,Clay,,0.0,1
5542,Antipolo Clay,Clay,,0.0,1
3212,,,1.0,0.018,0
3323,Antipolo Clay,Clay,,0.0,1
3434,Antipolo Clay,Clay,,0.0,1
3545,Antipolo Clay,Clay,,0.0,1
3878,Antipolo Clay,Clay,0.891,1.0,0
3989,Antipolo Clay,Clay,0.964,1.0,0
4100,Antipolo Clay,Clay,1.0,1.0,0
4211,Antipolo Clay,Clay,1.0,1.0,0
4322,Antipolo Clay,Clay,1.0,1.0,0
4433,Antipolo Clay,Clay,1.0,1.0,0
4544,Antipolo Clay,Clay,1.0,0.859,0
4655,Antipolo Clay,Clay,1.0,0.656,0
4766,Antipolo Clay,Clay,1.0,0.438,0
5099,Antipolo Clay,Clay,,0.0,1
5210,Antipolo Clay,Clay,,0.0,1
5321,Antipolo Clay,Clay,,0.0,1
3990,Antipolo Clay,Clay,1.0,1.0,0
4101,Antipolo Clay,Clay,1.0,1.0,0
4212,Antipolo Clay,Clay,1.0,1.0,0
4323,Antipolo Clay,Clay,1.0,1.0,0
4434,Antipolo Clay,Clay,1.0,0.931,0
4545,Antipolo Clay,Clay,1.0,0.077,1
4656,Antipolo Clay,Clay,,0.0,1
4767,Antipolo Clay,Clay,,0.0,1
4878,Antipolo Clay,Clay,,0.0,1
4989,Antipolo Clay,Clay,,0.0,1
3991,Antipolo Clay,Clay,1.0,1.0,0
4102,Antipolo Clay,Clay,1.0,1.0,0
4213,Antipolo Clay,Clay,1.0,1.0,0
4324,Antipolo Clay,Clay,1.0,1.0,0
4435,Antipolo Clay,Clay,1.0,0.542,0
4546,Antipolo Clay,Clay,,0.0,1
4657,Antipolo Clay,Clay,,0.0,1
3992,Antipolo Clay,Clay,1.0,1.0,0
4103,Antipolo Clay,Clay,1.0,1.0,0
4214,Antipolo Clay,Clay,1.0,1.0,0
4325,Antipolo Clay,Clay,1.0,0.797,0
4436,Antipolo Clay,Clay,1.0,0.047,1
4547,Antipolo Clay,Clay,,0.0,1
4658,Antipolo Clay,Clay,,0.0,1
3993,Antipolo Clay,Clay,1.0,1.0,0
4104,Antipolo Clay,Clay,1.0,1.0,0
4215,Antipolo Clay,Clay,1.0,1.0,0
4326,Antipolo Clay,Clay,1.0,0.219,1
4437,Antipolo Clay,Clay,,0.0,1
4548,Antipolo Clay,Clay,,0.0,1
3994,Antipolo Clay,Clay,1.0,0.578,0
4105,Antipolo Clay,Clay,1.0,0.544,0
4216,Antipolo Clay,Clay,1.0,0.365,0
4327,Antipolo Clay,Clay,,0.0,1
4438,Antipolo Clay,Clay,,0.0,1
4106,Antipolo Clay,Clay,,0.0,1
4217,Antipolo Clay,Clay,,0.0,1
4328,Antipolo Clay,Clay,,0.0,1
4439,Antipolo Clay,Clay,,0.0,1
