point_id,lc_pixels,lc_coverage,share_tree,share_shrub,share_grass,share_crop,share_built,share_bare,share_water,share_wetland,share_mangrove,share_other,dominant_code,ground_flags,dominant_class
17097,121,0.974,1.0,0.0,0.0,0.0,0.0,0.0,0.0,0.0,0.0,0.0,10.0,,tree cover
17208,110,0.886,1.0,0.0,0.0,0.0,0.0,0.0,0.0,0.0,0.0,0.0,10.0,,tree cover
17319,112,0.902,1.0,0.0,0.0,0.0,0.0,0.0,0.0,0.0,0.0,0.0,10.0,,tree cover
17430,132,1.0,0.9697,0.0,0.0227,0.0,0.0,0.0,0.0076,0.0,0.0,0.0,10.0,,tree cover
16543,128,1.0,1.0,0.0,0.0,0.0,0.0,0.0,0.0,0.0,0.0,0.0,10.0,,tree cover
16654,125,1.0,1.0,0.0,0.0,0.0,0.0,0.0,0.0,0.0,0.0,0.0,10.0,,tree cover
16765,121,0.974,1.0,0.0,0.0,0.0,0.0,0.0,0.0,0.0,0.0,0.0,10.0,,tree cover
16876,121,0.974,0.8926,0.0,0.1074,0.0,0.0,0.0,0.0,0.0,0.0,0.0,10.0,,tree cover
16987,111,0.894,0.8919,0.0,0.036,0.0,0.0,0.0,0.0721,0.0,0.0,0.0,10.0,,tree cover
15878,121,0.974,0.8926,0.0,0.1074,0.0,0.0,0.0,0.0,0.0,0.0,0.0,10.0,,tree cover
15989,121,0.974,1.0,0.0,0.0,0.0,0.0,0.0,0.0,0.0,0.0,0.0,10.0,,tree cover
16100,121,0.974,0.9917,0.0,0.0083,0.0,0.0,0.0,0.0,0.0,0.0,0.0,10.0,,tree cover
16211,121,0.974,1.0,0.0,0.0,0.0,0.0,0.0,0.0,0.0,0.0,0.0,10.0,,tree cover
16322,121,0.974,1.0,0.0,0.0,0.0,0.0,0.0,0.0,0.0,0.0,0.0,10.0,,tree cover
16433,121,0.974,0.9835,0.0,0.0,0.0165,0.0,0.0,0.0,0.0,0.0,0.0,10.0,,tree cover
16544,132,1.0,1.0,0.0,0.0,0.0,0.0,0.0,0.0,0.0,0.0,0.0,10.0,,tree cover
16655,121,0.974,1.0,0.0,0.0,0.0,0.0,0.0,0.0,0.0,0.0,0.0,10.0,,tree cover
16766,113,0.91,1.0,0.0,0.0,0.0,0.0,0.0,0.0,0.0,0.0,0.0,10.0,,tree cover
16877,110,0.886,0.8,0.0,0.2,0.0,0.0,0.0,0.0,0.0,0.0,0.0,10.0,,tree cover
16988,120,0.966,0.975,0.0,0.025,0.0,0.0,0.0,0.0,0.0,0.0,0.0,10.0,,tree cover
15324,110,0.886,0.5909,0.0,0.4091,0.0,0.0,0.0,0.0,0.0,0.0,0.0,10.0,,tree cover
15435,115,0.926,0.5565,0.0,0.4435,0.0,0.0,0.0,0.0,0.0,0.0,0.0,10.0,,tree cover
15546,121,0.974,0.7851,0.0,0.2149,0.0,0.0,0.0,0.0,0.0,0.0,0.0,10.0,,tree cover
15657,131,1.0,0.8931,0.0,0.1069,0.0,0.0,0.0,0.0,0.0,0.0,0.0,10.0,,tree cover
15768,122,0.982,1.0,0.0,0.0,0.0,0.0,0.0,0.0,0.0,0.0,0.0,10.0,,tree cover
15879,121,0.974,0.7025,0.0,0.2975,0.0,0.0,0.0,0.0,0.0,0.0,0.0,10.0,,tree cover
15990,121,0.974,0.686,0.0,0.314,0.0,0.0,0.0,0.0,0.0,0.0,0.0,10.0,,tree cover
16101,121,0.974,1.0,0.0,0.0,0.0,0.0,0.0,0.0,0.0,0.0,0.0,10.0,,tree cover
16212,121,0.974,1.0,0.0,0.0,0.0,0.0,0.0,0.0,0.0,0.0,0.0,10.0,,tree cover
16323,121,0.974,1.0,0.0,0.0,0.0,0.0,0.0,0.0,0.0,0.0,0.0,10.0,,tree cover
16434,132,1.0,1.0,0.0,0.0,0.0,0.0,0.0,0.0,0.0,0.0,0.0,10.0,,tree cover
16545,115,0.926,1.0,0.0,0.0,0.0,0.0,0.0,0.0,0.0,0.0,0.0,10.0,,tree cover
16656,110,0.886,1.0,0.0,0.0,0.0,0.0,0.0,0.0,0.0,0.0,0.0,10.0,,tree cover
16767,118,0.95,1.0,0.0,0.0,0.0,0.0,0.0,0.0,0.0,0.0,0.0,10.0,,tree cover
16878,121,0.974,1.0,0.0,0.0,0.0,0.0,0.0,0.0,0.0,0.0,0.0,10.0,,tree cover
16989,121,0.974,1.0,0.0,0.0,0.0,0.0,0.0,0.0,0.0,0.0,0.0,10.0,,tree cover
17100,121,0.974,0.9917,0.0,0.0,0.0,0.0,0.0,0.0083,0.0,0.0,0.0,10.0,,tree cover
14770,124,0.998,0.5806,0.0,0.4194,0.0,0.0,0.0,0.0,0.0,0.0,0.0,10.0,,tree cover
14881,129,1.0,0.1085,0.0,0.8915,0.0,0.0,0.0,0.0,0.0,0.0,0.0,30.0,,grassland
14992,119,0.958,0.8235,0.0,0.1765,0.0,0.0,0.0,0.0,0.0,0.0,0.0,10.0,,tree cover
15103,110,0.886,1.0,0.0,0.0,0.0,0.0,0.0,0.0,0.0,0.0,0.0,10.0,,tree cover
15214,114,0.918,0.4386,0.0,0.5614,0.0,0.0,0.0,0.0,0.0,0.0,0.0,30.0,,grassland
15325,121,0.974,0.3223,0.0,0.6777,0.0,0.0,0.0,0.0,0.0,0.0,0.0,30.0,,grassland
15436,121,0.974,0.0083,0.0,0.9917,0.0,0.0,0.0,0.0,0.0,0.0,0.0,30.0,,grassland
15547,124,0.998,0.4274,0.0,0.5726,0.0,0.0,0.0,0.0,0.0,0.0,0.0,30.0,,grassland
15658,129,1.0,0.8682,0.0,0.1318,0.0,0.0,0.0,0.0,0.0,0.0,0.0,10.0,,tree cover
15769,121,0.974,1.0,0.0,0.0,0.0,0.0,0.0,0.0,0.0,0.0,0.0,10.0,,tree cover
15880,121,0.974,0.8926,0.0,0.1074,0.0,0.0,0.0,0.0,0.0,0.0,0.0,10.0,,tree cover
15991,121,0.974,0.7273,0.0,0.2727,0.0,0.0,0.0,0.0,0.0,0.0,0.0,10.0,,tree cover
16102,121,0.974,0.6446,0.0,0.3554,0.0,0.0,0.0,0.0,0.0,0.0,0.0,10.0,,tree cover
16213,121,0.974,1.0,0.0,0.0,0.0,0.0,0.0,0.0,0.0,0.0,0.0,10.0,,tree cover
16324,120,0.966,1.0,0.0,0.0,0.0,0.0,0.0,0.0,0.0,0.0,0.0,10.0,,tree cover
16435,117,0.942,1.0,0.0,0.0,0.0,0.0,0.0,0.0,0.0,0.0,0.0,10.0,,tree cover
16546,116,0.934,1.0,0.0,0.0,0.0,0.0,0.0,0.0,0.0,0.0,0.0,10.0,,tree cover
16657,121,0.974,1.0,0.0,0.0,0.0,0.0,0.0,0.0,0.0,0.0,0.0,10.0,,tree cover
16768,121,0.974,1.0,0.0,0.0,0.0,0.0,0.0,0.0,0.0,0.0,0.0,10.0,,tree cover
16879,121,0.974,1.0,0.0,0.0,0.0,0.0,0.0,0.0,0.0,0.0,0.0,10.0,,tree cover
16990,121,0.974,1.0,0.0,0.0,0.0,0.0,0.0,0.0,0.0,0.0,0.0,10.0,,tree cover
17101,125,1.0,1.0,0.0,0.0,0.0,0.0,0.0,0.0,0.0,0.0,0.0,10.0,,tree cover
17212,128,1.0,1.0,0.0,0.0,0.0,0.0,0.0,0.0,0.0,0.0,0.0,10.0,,tree cover
14105,121,0.974,1.0,0.0,0.0,0.0,0.0,0.0,0.0,0.0,0.0,0.0,10.0,,tree cover
14216,121,0.974,0.9917,0.0,0.0083,0.0,0.0,0.0,0.0,0.0,0.0,0.0,10.0,,tree cover
14327,121,0.974,1.0,0.0,0.0,0.0,0.0,0.0,0.0,0.0,0.0,0.0,10.0,,tree cover
14438,121,0.974,1.0,0.0,0.0,0.0,0.0,0.0,0.0,0.0,0.0,0.0,10.0,,tree cover
14549,121,0.974,1.0,0.0,0.0,0.0,0.0,0.0,0.0,0.0,0.0,0.0,10.0,,tree cover
14660,121,0.974,1.0,0.0,0.0,0.0,0.0,0.0,0.0,0.0,0.0,0.0,10.0,,tree cover
14771,132,1.0,0.3258,0.0,0.6742,0.0,0.0,0.0,0.0,0.0,0.0,0.0,30.0,,grassland
14882,110,0.886,0.4636,0.0,0.5364,0.0,0.0,0.0,0.0,0.0,0.0,0.0,30.0,,grassland
14993,112,0.902,0.5089,0.0,0.4911,0.0,0.0,0.0,0.0,0.0,0.0,0.0,10.0,,tree cover
15104,121,0.974,0.2975,0.0,0.7025,0.0,0.0,0.0,0.0,0.0,0.0,0.0,30.0,,grassland
15215,121,0.974,0.1157,0.0,0.8843,0.0,0.0,0.0,0.0,0.0,0.0,0.0,30.0,,grassland
15326,121,0.974,0.6942,0.0,0.3058,0.0,0.0,0.0,0.0,0.0,0.0,0.0,10.0,,tree cover
15437,121,0.974,0.5868,0.0,0.4132,0.0,0.0,0.0,0.0,0.0,0.0,0.0,10.0,,tree cover
15548,132,1.0,1.0,0.0,0.0,0.0,0.0,0.0,0.0,0.0,0.0,0.0,10.0,,tree cover
15659,121,0.974,0.9421,0.0,0.0579,0.0,0.0,0.0,0.0,0.0,0.0,0.0,10.0,,tree cover
15770,121,0.974,0.7851,0.0,0.2149,0.0,0.0,0.0,0.0,0.0,0.0,0.0,10.0,,tree cover
15881,121,0.974,0.4876,0.0,0.5124,0.0,0.0,0.0,0.0,0.0,0.0,0.0,30.0,,grassland
15992,121,0.974,1.0,0.0,0.0,0.0,0.0,0.0,0.0,0.0,0.0,0.0,10.0,,tree cover
16103,119,0.958,1.0,0.0,0.0,0.0,0.0,0.0,0.0,0.0,0.0,0.0,10.0,,tree cover
16214,110,0.886,0.9909,0.0,0.0091,0.0,0.0,0.0,0.0,0.0,0.0,0.0,10.0,,tree cover
16325,125,1.0,0.976,0.0,0.024,0.0,0.0,0.0,0.0,0.0,0.0,0.0,10.0,,tree cover
16436,121,0.974,0.9174,0.0,0.0826,0.0,0.0,0.0,0.0,0.0,0.0,0.0,10.0,,tree cover
16547,121,0.974,1.0,0.0,0.0,0.0,0.0,0.0,0.0,0.0,0.0,0.0,10.0,,tree cover
16658,121,0.974,1.0,0.0,0.0,0.0,0.0,0.0,0.0,0.0,0.0,0.0,10.0,,tree cover
16769,121,0.974,1.0,0.0,0.0,0.0,0.0,0.0,0.0,0.0,0.0,0.0,10.0,,tree cover
13551,118,0.95,0.8644,0.0,0.1356,0.0,0.0,0.0,0.0,0.0,0.0,0.0,10.0,,tree cover
13662,121,0.974,0.5868,0.0,0.4132,0.0,0.0,0.0,0.0,0.0,0.0,0.0,10.0,,tree cover
13773,121,0.974,0.438,0.0,0.562,0.0,0.0,0.0,0.0,0.0,0.0,0.0,30.0,,grassland
13884,127,1.0,0.4173,0.0,0.5827,0.0,0.0,0.0,0.0,0.0,0.0,0.0,30.0,,grassland
13995,126,1.0,0.9365,0.0,0.0635,0.0,0.0,0.0,0.0,0.0,0.0,0.0,10.0,,tree cover
14106,121,0.974,0.9174,0.0,0.0826,0.0,0.0,0.0,0.0,0.0,0.0,0.0,10.0,,tree cover
14217,121,0.974,0.7603,0.0,0.2397,0.0,0.0,0.0,0.0,0.0,0.0,0.0,10.0,,tree cover
14328,121,0.974,0.9174,0.0,0.0826,0.0,0.0,0.0,0.0,0.0,0.0,0.0,10.0,,tree cover
14439,121,0.974,0.9174,0.0,0.0826,0.0,0.0,0.0,0.0,0.0,0.0,0.0,10.0,,tree cover
14550,121,0.974,1.0,0.0,0.0,0.0,0.0,0.0,0.0,0.0,0.0,0.0,10.0,,tree cover
14661,119,0.958,1.0,0.0,0.0,0.0,0.0,0.0,0.0,0.0,0.0,0.0,10.0,,tree cover
14772,114,0.918,0.4298,0.0,0.5702,0.0,0.0,0.0,0.0,0.0,0.0,0.0,30.0,,grassland
14883,121,0.974,0.7769,0.0,0.2231,0.0,0.0,0.0,0.0,0.0,0.0,0.0,10.0,,tree cover
14994,121,0.974,1.0,0.0,0.0,0.0,0.0,0.0,0.0,0.0,0.0,0.0,10.0,,tree cover
15105,121,0.974,0.7273,0.0,0.2727,0.0,0.0,0.0,0.0,0.0,0.0,0.0,10.0,,tree cover
15216,121,0.974,0.9091,0.0,0.0909,0.0,0.0,0.0,0.0,0.0,0.0,0.0,10.0,,tree cover
15327,121,0.974,1.0,0.0,0.0,0.0,0.0,0.0,0.0,0.0,0.0,0.0,10.0,,tree cover
15438,128,1.0,1.0,0.0,0.0,0.0,0.0,0.0,0.0,0.0,0.0,0.0,10.0,,tree cover
15549,125,1.0,1.0,0.0,0.0,0.0,0.0,0.0,0.0,0.0,0.0,0.0,10.0,,tree cover
15660,121,0.974,1.0,0.0,0.0,0.0,0.0,0.0,0.0,0.0,0.0,0.0,10.0,,tree cover
15771,121,0.974,1.0,0.0,0.0,0.0,0.0,0.0,0.0,0.0,0.0,0.0,10.0,,tree cover
15882,121,0.974,1.0,0.0,0.0,0.0,0.0,0.0,0.0,0.0,0.0,0.0,10.0,,tree cover
15993,110,0.886,0.4727,0.0,0.5273,0.0,0.0,0.0,0.0,0.0,0.0,0.0,30.0,,grassland
16104,112,0.902,0.7143,0.0,0.2857,0.0,0.0,0.0,0.0,0.0,0.0,0.0,10.0,,tree cover
16215,128,1.0,1.0,0.0,0.0,0.0,0.0,0.0,0.0,0.0,0.0,0.0,10.0,,tree cover
16326,125,1.0,1.0,0.0,0.0,0.0,0.0,0.0,0.0,0.0,0.0,0.0,10.0,,tree cover
16437,121,0.974,1.0,0.0,0.0,0.0,0.0,0.0,0.0,0.0,0.0,0.0,10.0,,tree cover
16548,121,0.974,1.0,0.0,0.0,0.0,0.0,0.0,0.0,0.0,0.0,0.0,10.0,,tree cover
16659,121,0.974,1.0,0.0,0.0,0.0,0.0,0.0,0.0,0.0,0.0,0.0,10.0,,tree cover
16770,121,0.974,1.0,0.0,0.0,0.0,0.0,0.0,0.0,0.0,0.0,0.0,10.0,,tree cover
12997,121,0.974,1.0,0.0,0.0,0.0,0.0,0.0,0.0,0.0,0.0,0.0,10.0,,tree cover
13108,128,1.0,1.0,0.0,0.0,0.0,0.0,0.0,0.0,0.0,0.0,0.0,10.0,,tree cover
13219,110,0.886,1.0,0.0,0.0,0.0,0.0,0.0,0.0,0.0,0.0,0.0,10.0,,tree cover
13330,116,0.934,1.0,0.0,0.0,0.0,0.0,0.0,0.0,0.0,0.0,0.0,10.0,,tree cover
13441,121,0.974,0.8595,0.0,0.1405,0.0,0.0,0.0,0.0,0.0,0.0,0.0,10.0,,tree cover
13552,121,0.974,0.7769,0.0,0.2231,0.0,0.0,0.0,0.0,0.0,0.0,0.0,10.0,,tree cover
13663,121,0.974,0.9174,0.0,0.0826,0.0,0.0,0.0,0.0,0.0,0.0,0.0,10.0,,tree cover
13774,121,0.974,0.9752,0.0,0.0248,0.0,0.0,0.0,0.0,0.0,0.0,0.0,10.0,,tree cover
13885,132,1.0,0.4773,0.0,0.5227,0.0,0.0,0.0,0.0,0.0,0.0,0.0,30.0,,grassland
13996,121,0.974,0.3554,0.0,0.6446,0.0,0.0,0.0,0.0,0.0,0.0,0.0,30.0,,grassland
14107,121,0.974,0.6198,0.0,0.3802,0.0,0.0,0.0,0.0,0.0,0.0,0.0,10.0,,tree cover
14218,121,0.974,0.438,0.0,0.562,0.0,0.0,0.0,0.0,0.0,0.0,0.0,30.0,,grassland
14329,121,0.974,0.9917,0.0,0.0083,0.0,0.0,0.0,0.0,0.0,0.0,0.0,10.0,,tree cover
14440,114,0.918,0.9035,0.0,0.0965,0.0,0.0,0.0,0.0,0.0,0.0,0.0,10.0,,tree cover
14551,110,0.886,0.8636,0.0,0.1364,0.0,0.0,0.0,0.0,0.0,0.0,0.0,10.0,,tree cover
14662,129,1.0,0.9457,0.0,0.0543,0.0,0.0,0.0,0.0,0.0,0.0,0.0,10.0,,tree cover
14773,121,0.974,0.9339,0.0,0.0661,0.0,0.0,0.0,0.0,0.0,0.0,0.0,10.0,,tree cover
14884,121,0.974,0.9587,0.0,0.0413,0.0,0.0,0.0,0.0,0.0,0.0,0.0,10.0,,tree cover
14995,121,0.974,0.6364,0.0,0.3636,0.0,0.0,0.0,0.0,0.0,0.0,0.0,10.0,,tree cover
15106,121,0.974,0.9008,0.0,0.0992,0.0,0.0,0.0,0.0,0.0,0.0,0.0,10.0,,tree cover
15217,121,0.974,0.6033,0.0,0.3967,0.0,0.0,0.0,0.0,0.0,0.0,0.0,10.0,,tree cover
15328,121,0.974,0.9504,0.0,0.0496,0.0,0.0,0.0,0.0,0.0,0.0,0.0,10.0,,tree cover
15439,132,1.0,1.0,0.0,0.0,0.0,0.0,0.0,0.0,0.0,0.0,0.0,10.0,,tree cover
15550,121,0.974,1.0,0.0,0.0,0.0,0.0,0.0,0.0,0.0,0.0,0.0,10.0,,tree cover
15661,121,0.974,1.0,0.0,0.0,0.0,0.0,0.0,0.0,0.0,0.0,0.0,10.0,,tree cover
15772,111,0.894,1.0,0.0,0.0,0.0,0.0,0.0,0.0,0.0,0.0,0.0,10.0,,tree cover
15883,110,0.886,1.0,0.0,0.0,0.0,0.0,0.0,0.0,0.0,0.0,0.0,10.0,,tree cover
15994,121,0.974,0.9835,0.0,0.0165,0.0,0.0,0.0,0.0,0.0,0.0,0.0,10.0,,tree cover
16105,121,0.974,0.9174,0.0,0.0826,0.0,0.0,0.0,0.0,0.0,0.0,0.0,10.0,,tree cover
16216,132,1.0,0.9924,0.0,0.0076,0.0,0.0,0.0,0.0,0.0,0.0,0.0,10.0,,tree cover
16327,121,0.974,1.0,0.0,0.0,0.0,0.0,0.0,0.0,0.0,0.0,0.0,10.0,,tree cover
16438,121,0.974,1.0,0.0,0.0,0.0,0.0,0.0,0.0,0.0,0.0,0.0,10.0,,tree cover
16549,121,0.974,1.0,0.0,0.0,0.0,0.0,0.0,0.0,0.0,0.0,0.0,10.0,,tree cover
16660,121,0.974,1.0,0.0,0.0,0.0,0.0,0.0,0.0,0.0,0.0,0.0,10.0,,tree cover
16771,121,0.974,0.9752,0.0,0.0,0.0,0.0,0.0,0.0248,0.0,0.0,0.0,10.0,,tree cover
12332,121,0.974,1.0,0.0,0.0,0.0,0.0,0.0,0.0,0.0,0.0,0.0,10.0,,tree cover
12443,121,0.974,1.0,0.0,0.0,0.0,0.0,0.0,0.0,0.0,0.0,0.0,10.0,,tree cover
12554,121,0.974,1.0,0.0,0.0,0.0,0.0,0.0,0.0,0.0,0.0,0.0,10.0,,tree cover
12665,121,0.974,1.0,0.0,0.0,0.0,0.0,0.0,0.0,0.0,0.0,0.0,10.0,,tree cover
12776,121,0.974,1.0,0.0,0.0,0.0,0.0,0.0,0.0,0.0,0.0,0.0,10.0,,tree cover
12887,120,0.966,0.9333,0.0,0.0667,0.0,0.0,0.0,0.0,0.0,0.0,0.0,10.0,,tree cover
12998,120,0.966,0.7917,0.0,0.2083,0.0,0.0,0.0,0.0,0.0,0.0,0.0,10.0,,tree cover
13109,114,0.918,0.9912,0.0,0.0088,0.0,0.0,0.0,0.0,0.0,0.0,0.0,10.0,,tree cover
13220,121,0.974,1.0,0.0,0.0,0.0,0.0,0.0,0.0,0.0,0.0,0.0,10.0,,tree cover
13331,121,0.974,0.9174,0.0,0.0826,0.0,0.0,0.0,0.0,0.0,0.0,0.0,10.0,,tree cover
13442,121,0.974,0.7025,0.0,0.2975,0.0,0.0,0.0,0.0,0.0,0.0,0.0,10.0,,tree cover
13553,121,0.974,0.1818,0.0,0.8182,0.0,0.0,0.0,0.0,0.0,0.0,0.0,30.0,,grassland
13664,121,0.974,0.0579,0.0,0.9421,0.0,0.0,0.0,0.0,0.0,0.0,0.0,30.0,,grassland
13775,132,1.0,0.0303,0.0,0.9697,0.0,0.0,0.0,0.0,0.0,0.0,0.0,30.0,,grassland
13886,121,0.974,0.1818,0.0,0.8182,0.0,0.0,0.0,0.0,0.0,0.0,0.0,30.0,,grassland
13997,121,0.974,0.5702,0.0,0.4298,0.0,0.0,0.0,0.0,0.0,0.0,0.0,10.0,,tree cover
14108,121,0.974,0.8017,0.0,0.1983,0.0,0.0,0.0,0.0,0.0,0.0,0.0,10.0,,tree cover
14219,116,0.934,1.0,0.0,0.0,0.0,0.0,0.0,0.0,0.0,0.0,0.0,10.0,,tree cover
14330,110,0.886,0.9636,0.0,0.0364,0.0,0.0,0.0,0.0,0.0,0.0,0.0,10.0,,tree cover
14441,117,0.942,0.9658,0.0,0.0342,0.0,0.0,0.0,0.0,0.0,0.0,0.0,10.0,,tree cover
14552,131,1.0,0.855,0.0,0.145,0.0,0.0,0.0,0.0,0.0,0.0,0.0,10.0,,tree cover
14663,122,0.982,0.7213,0.0,0.2787,0.0,0.0,0.0,0.0,0.0,0.0,0.0,10.0,,tree cover
14774,121,0.974,0.6033,0.0,0.3967,0.0,0.0,0.0,0.0,0.0,0.0,0.0,10.0,,tree cover
14885,121,0.974,0.8264,0.0,0.1736,0.0,0.0,0.0,0.0,0.0,0.0,0.0,10.0,,tree cover
14996,121,0.974,0.9421,0.0,0.0579,0.0,0.0,0.0,0.0,0.0,0.0,0.0,10.0,,tree cover
15107,121,0.974,0.6777,0.0,0.3223,0.0,0.0,0.0,0.0,0.0,0.0,0.0,10.0,,tree cover
15218,121,0.974,1.0,0.0,0.0,0.0,0.0,0.0,0.0,0.0,0.0,0.0,10.0,,tree cover
15329,132,1.0,0.8788,0.0,0.1212,0.0,0.0,0.0,0.0,0.0,0.0,0.0,10.0,,tree cover
15440,121,0.974,1.0,0.0,0.0,0.0,0.0,0.0,0.0,0.0,0.0,0.0,10.0,,tree cover
15551,113,0.91,1.0,0.0,0.0,0.0,0.0,0.0,0.0,0.0,0.0,0.0,10.0,,tree cover
15662,110,0.886,1.0,0.0,0.0,0.0,0.0,0.0,0.0,0.0,0.0,0.0,10.0,,tree cover
15773,120,0.966,0.975,0.0,0.025,0.0,0.0,0.0,0.0,0.0,0.0,0.0,10.0,,tree cover
15884,121,0.974,0.9587,0.0,0.0413,0.0,0.0,0.0,0.0,0.0,0.0,0.0,10.0,,tree cover
15995,121,0.974,1.0,0.0,0.0,0.0,0.0,0.0,0.0,0.0,0.0,0.0,10.0,,tree cover
16106,132,1.0,1.0,0.0,0.0,0.0,0.0,0.0,0.0,0.0,0.0,0.0,10.0,,tree cover
16217,121,0.974,1.0,0.0,0.0,0.0,0.0,0.0,0.0,0.0,0.0,0.0,10.0,,tree cover
16328,121,0.974,0.9587,0.0,0.0413,0.0,0.0,0.0,0.0,0.0,0.0,0.0,10.0,,tree cover
16439,121,0.974,0.9752,0.0,0.0248,0.0,0.0,0.0,0.0,0.0,0.0,0.0,10.0,,tree cover
16550,121,0.974,0.6612,0.0,0.3388,0.0,0.0,0.0,0.0,0.0,0.0,0.0,10.0,,tree cover
16661,121,0.974,0.6612,0.0,0.2149,0.124,0.0,0.0,0.0,0.0,0.0,0.0,10.0,,tree cover
11778,121,0.974,1.0,0.0,0.0,0.0,0.0,0.0,0.0,0.0,0.0,0.0,10.0,,tree cover
11889,121,0.974,1.0,0.0,0.0,0.0,0.0,0.0,0.0,0.0,0.0,0.0,10.0,,tree cover
12000,121,0.974,1.0,0.0,0.0,0.0,0.0,0.0,0.0,0.0,0.0,0.0,10.0,,tree cover
12111,125,1.0,1.0,0.0,0.0,0.0,0.0,0.0,0.0,0.0,0.0,0.0,10.0,,tree cover
12222,128,1.0,1.0,0.0,0.0,0.0,0.0,0.0,0.0,0.0,0.0,0.0,10.0,,tree cover
12333,121,0.974,1.0,0.0,0.0,0.0,0.0,0.0,0.0,0.0,0.0,0.0,10.0,,tree cover
12444,121,0.974,1.0,0.0,0.0,0.0,0.0,0.0,0.0,0.0,0.0,0.0,10.0,,tree cover
12555,121,0.974,1.0,0.0,0.0,0.0,0.0,0.0,0.0,0.0,0.0,0.0,10.0,,tree cover
12666,121,0.974,1.0,0.0,0.0,0.0,0.0,0.0,0.0,0.0,0.0,0.0,10.0,,tree cover
12777,111,0.894,1.0,0.0,0.0,0.0,0.0,0.0,0.0,0.0,0.0,0.0,10.0,,tree cover
12888,115,0.926,0.9043,0.0,0.0957,0.0,0.0,0.0,0.0,0.0,0.0,0.0,10.0,,tree cover
12999,128,1.0,0.4922,0.0,0.5078,0.0,0.0,0.0,0.0,0.0,0.0,0.0,30.0,,grassland
13110,121,0.974,0.4132,0.0,0.5868,0.0,0.0,0.0,0.0,0.0,0.0,0.0,30.0,,grassland
13221,121,0.974,0.7851,0.0,0.2149,0.0,0.0,0.0,0.0,0.0,0.0,0.0,10.0,,tree cover
13332,121,0.974,1.0,0.0,0.0,0.0,0.0,0.0,0.0,0.0,0.0,0.0,10.0,,tree cover
13443,121,0.974,0.4628,0.0,0.5372,0.0,0.0,0.0,0.0,0.0,0.0,0.0,30.0,,grassland
13554,121,0.974,0.157,0.0,0.843,0.0,0.0,0.0,0.0,0.0,0.0,0.0,30.0,,grassland
13665,125,1.0,0.0,0.0,1.0,0.0,0.0,0.0,0.0,0.0,0.0,0.0,30.0,,grassland
13776,128,1.0,0.3125,0.0,0.6875,0.0,0.0,0.0,0.0,0.0,0.0,0.0,30.0,,grassland
13887,121,0.974,0.9752,0.0,0.0248,0.0,0.0,0.0,0.0,0.0,0.0,0.0,10.0,,tree cover
13998,118,0.95,1.0,0.0,0.0,0.0,0.0,0.0,0.0,0.0,0.0,0.0,10.0,,tree cover
14109,110,0.886,0.9182,0.0,0.0818,0.0,0.0,0.0,0.0,0.0,0.0,0.0,10.0,,tree cover
14220,115,0.926,0.6087,0.0,0.3913,0.0,0.0,0.0,0.0,0.0,0.0,0.0,10.0,,tree cover
14331,121,0.974,0.405,0.0,0.595,0.0,0.0,0.0,0.0,0.0,0.0,0.0,30.0,,grassland
14442,125,1.0,0.608,0.0,0.392,0.0,0.0,0.0,0.0,0.0,0.0,0.0,10.0,,tree cover
14553,128,1.0,0.7656,0.0,0.2344,0.0,0.0,0.0,0.0,0.0,0.0,0.0,10.0,,tree cover
14664,121,0.974,0.1736,0.0,0.8264,0.0,0.0,0.0,0.0,0.0,0.0,0.0,30.0,,grassland
14775,121,0.974,0.7769,0.0,0.2231,0.0,0.0,0.0,0.0,0.0,0.0,0.0,10.0,,tree cover
14886,121,0.974,1.0,0.0,0.0,0.0,0.0,0.0,0.0,0.0,0.0,0.0,10.0,,tree cover
14997,121,0.974,1.0,0.0,0.0,0.0,0.0,0.0,0.0,0.0,0.0,0.0,10.0,,tree cover
15108,121,0.974,1.0,0.0,0.0,0.0,0.0,0.0,0.0,0.0,0.0,0.0,10.0,,tree cover
15219,125,1.0,1.0,0.0,0.0,0.0,0.0,0.0,0.0,0.0,0.0,0.0,10.0,,tree cover
15330,122,0.982,1.0,0.0,0.0,0.0,0.0,0.0,0.0,0.0,0.0,0.0,10.0,,tree cover
15441,110,0.886,1.0,0.0,0.0,0.0,0.0,0.0,0.0,0.0,0.0,0.0,10.0,,tree cover
15552,118,0.95,1.0,0.0,0.0,0.0,0.0,0.0,0.0,0.0,0.0,0.0,10.0,,tree cover
15663,121,0.974,1.0,0.0,0.0,0.0,0.0,0.0,0.0,0.0,0.0,0.0,10.0,,tree cover
15774,121,0.974,1.0,0.0,0.0,0.0,0.0,0.0,0.0,0.0,0.0,0.0,10.0,,tree cover
15885,121,0.974,0.9587,0.0,0.0413,0.0,0.0,0.0,0.0,0.0,0.0,0.0,10.0,,tree cover
15996,125,1.0,1.0,0.0,0.0,0.0,0.0,0.0,0.0,0.0,0.0,0.0,10.0,,tree cover
16107,128,1.0,0.8125,0.0,0.1875,0.0,0.0,0.0,0.0,0.0,0.0,0.0,10.0,,tree cover
16218,121,0.974,1.0,0.0,0.0,0.0,0.0,0.0,0.0,0.0,0.0,0.0,10.0,,tree cover
16329,121,0.974,1.0,0.0,0.0,0.0,0.0,0.0,0.0,0.0,0.0,0.0,10.0,,tree cover
16440,121,0.974,1.0,0.0,0.0,0.0,0.0,0.0,0.0,0.0,0.0,0.0,10.0,,tree cover
16551,121,0.974,1.0,0.0,0.0,0.0,0.0,0.0,0.0,0.0,0.0,0.0,10.0,,tree cover
16662,113,0.91,1.0,0.0,0.0,0.0,0.0,0.0,0.0,0.0,0.0,0.0,10.0,,tree cover
11113,121,0.974,1.0,0.0,0.0,0.0,0.0,0.0,0.0,0.0,0.0,0.0,10.0,,tree cover
11224,118,0.95,1.0,0.0,0.0,0.0,0.0,0.0,0.0,0.0,0.0,0.0,10.0,,tree cover
11335,120,0.966,1.0,0.0,0.0,0.0,0.0,0.0,0.0,0.0,0.0,0.0,10.0,,tree cover
11446,116,0.934,1.0,0.0,0.0,0.0,0.0,0.0,0.0,0.0,0.0,0.0,10.0,,tree cover
11557,121,0.974,1.0,0.0,0.0,0.0,0.0,0.0,0.0,0.0,0.0,0.0,10.0,,tree cover
11668,121,0.974,1.0,0.0,0.0,0.0,0.0,0.0,0.0,0.0,0.0,0.0,10.0,,tree cover
11779,121,0.974,1.0,0.0,0.0,0.0,0.0,0.0,0.0,0.0,0.0,0.0,10.0,,tree cover
11890,121,0.974,1.0,0.0,0.0,0.0,0.0,0.0,0.0,0.0,0.0,0.0,10.0,,tree cover
12001,121,0.974,1.0,0.0,0.0,0.0,0.0,0.0,0.0,0.0,0.0,0.0,10.0,,tree cover
12112,132,1.0,1.0,0.0,0.0,0.0,0.0,0.0,0.0,0.0,0.0,0.0,10.0,,tree cover
12223,121,0.974,1.0,0.0,0.0,0.0,0.0,0.0,0.0,0.0,0.0,0.0,10.0,,tree cover
12334,121,0.974,1.0,0.0,0.0,0.0,0.0,0.0,0.0,0.0,0.0,0.0,10.0,,tree cover
12445,121,0.974,1.0,0.0,0.0,0.0,0.0,0.0,0.0,0.0,0.0,0.0,10.0,,tree cover
12556,113,0.91,1.0,0.0,0.0,0.0,0.0,0.0,0.0,0.0,0.0,0.0,10.0,,tree cover
12667,110,0.886,1.0,0.0,0.0,0.0,0.0,0.0,0.0,0.0,0.0,0.0,10.0,,tree cover
12778,120,0.966,1.0,0.0,0.0,0.0,0.0,0.0,0.0,0.0,0.0,0.0,10.0,,tree cover
12889,132,1.0,1.0,0.0,0.0,0.0,0.0,0.0,0.0,0.0,0.0,0.0,10.0,,tree cover
13000,121,0.974,1.0,0.0,0.0,0.0,0.0,0.0,0.0,0.0,0.0,0.0,10.0,,tree cover
13111,121,0.974,0.9835,0.0,0.0165,0.0,0.0,0.0,0.0,0.0,0.0,0.0,10.0,,tree cover
13222,121,0.974,0.9421,0.0,0.0579,0.0,0.0,0.0,0.0,0.0,0.0,0.0,10.0,,tree cover
13333,121,0.974,1.0,0.0,0.0,0.0,0.0,0.0,0.0,0.0,0.0,0.0,10.0,,tree cover
13444,121,0.974,0.3719,0.0,0.6281,0.0,0.0,0.0,0.0,0.0,0.0,0.0,30.0,,grassland
13555,121,0.974,0.6364,0.0,0.3636,0.0,0.0,0.0,0.0,0.0,0.0,0.0,10.0,,tree cover
13666,132,1.0,0.4318,0.0,0.5682,0.0,0.0,0.0,0.0,0.0,0.0,0.0,30.0,,grassland
13777,120,0.966,0.8583,0.0,0.1417,0.0,0.0,0.0,0.0,0.0,0.0,0.0,10.0,,tree cover
13888,110,0.886,1.0,0.0,0.0,0.0,0.0,0.0,0.0,0.0,0.0,0.0,10.0,,tree cover
13999,113,0.91,1.0,0.0,0.0,0.0,0.0,0.0,0.0,0.0,0.0,0.0,10.0,,tree cover
14110,121,0.974,1.0,0.0,0.0,0.0,0.0,0.0,0.0,0.0,0.0,0.0,10.0,,tree cover
14221,121,0.974,0.9339,0.0,0.0661,0.0,0.0,0.0,0.0,0.0,0.0,0.0,10.0,,tree cover
14332,121,0.974,0.2397,0.0,0.7603,0.0,0.0,0.0,0.0,0.0,0.0,0.0,30.0,,grassland
14443,132,1.0,0.7121,0.0,0.2879,0.0,0.0,0.0,0.0,0.0,0.0,0.0,10.0,,tree cover
14554,121,0.974,0.5289,0.0,0.4711,0.0,0.0,0.0,0.0,0.0,0.0,0.0,10.0,,tree cover
14665,121,0.974,0.4959,0.0,0.5041,0.0,0.0,0.0,0.0,0.0,0.0,0.0,30.0,,grassland
14776,121,0.974,0.8347,0.0,0.1653,0.0,0.0,0.0,0.0,0.0,0.0,0.0,10.0,,tree cover
14887,121,0.974,1.0,0.0,0.0,0.0,0.0,0.0,0.0,0.0,0.0,0.0,10.0,,tree cover
14998,121,0.974,1.0,0.0,0.0,0.0,0.0,0.0,0.0,0.0,0.0,0.0,10.0,,tree cover
15109,117,0.942,1.0,0.0,0.0,0.0,0.0,0.0,0.0,0.0,0.0,0.0,10.0,,tree cover
15220,120,0.966,1.0,0.0,0.0,0.0,0.0,0.0,0.0,0.0,0.0,0.0,10.0,,tree cover
15331,116,0.934,1.0,0.0,0.0,0.0,0.0,0.0,0.0,0.0,0.0,0.0,10.0,,tree cover
15442,121,0.974,1.0,0.0,0.0,0.0,0.0,0.0,0.0,0.0,0.0,0.0,10.0,,tree cover
15553,121,0.974,1.0,0.0,0.0,0.0,0.0,0.0,0.0,0.0,0.0,0.0,10.0,,tree cover
15664,121,0.974,1.0,0.0,0.0,0.0,0.0,0.0,0.0,0.0,0.0,0.0,10.0,,tree cover
15775,121,0.974,1.0,0.0,0.0,0.0,0.0,0.0,0.0,0.0,0.0,0.0,10.0,,tree cover
15886,121,0.974,1.0,0.0,0.0,0.0,0.0,0.0,0.0,0.0,0.0,0.0,10.0,,tree cover
15997,132,1.0,1.0,0.0,0.0,0.0,0.0,0.0,0.0,0.0,0.0,0.0,10.0,,tree cover
16108,121,0.974,1.0,0.0,0.0,0.0,0.0,0.0,0.0,0.0,0.0,0.0,10.0,,tree cover
16219,121,0.974,1.0,0.0,0.0,0.0,0.0,0.0,0.0,0.0,0.0,0.0,10.0,,tree cover
16330,121,0.974,1.0,0.0,0.0,0.0,0.0,0.0,0.0,0.0,0.0,0.0,10.0,,tree cover
16441,115,0.926,1.0,0.0,0.0,0.0,0.0,0.0,0.0,0.0,0.0,0.0,10.0,,tree cover
16552,110,0.886,1.0,0.0,0.0,0.0,0.0,0.0,0.0,0.0,0.0,0.0,10.0,,tree cover
16663,118,0.95,0.8814,0.0,0.1186,0.0,0.0,0.0,0.0,0.0,0.0,0.0,10.0,,tree cover
10559,123,0.99,0.3659,0.0,0.6341,0.0,0.0,0.0,0.0,0.0,0.0,0.0,30.0,,grassland
10670,121,0.974,1.0,0.0,0.0,0.0,0.0,0.0,0.0,0.0,0.0,0.0,10.0,,tree cover
10781,121,0.974,1.0,0.0,0.0,0.0,0.0,0.0,0.0,0.0,0.0,0.0,10.0,,tree cover
10892,121,0.974,1.0,0.0,0.0,0.0,0.0,0.0,0.0,0.0,0.0,0.0,10.0,,tree cover
11003,120,0.966,1.0,0.0,0.0,0.0,0.0,0.0,0.0,0.0,0.0,0.0,10.0,,tree cover
11114,110,0.886,1.0,0.0,0.0,0.0,0.0,0.0,0.0,0.0,0.0,0.0,10.0,,tree cover
11225,121,0.974,1.0,0.0,0.0,0.0,0.0,0.0,0.0,0.0,0.0,0.0,10.0,,tree cover
11336,124,0.998,0.9839,0.0,0.0161,0.0,0.0,0.0,0.0,0.0,0.0,0.0,10.0,,tree cover
11447,121,0.974,1.0,0.0,0.0,0.0,0.0,0.0,0.0,0.0,0.0,0.0,10.0,,tree cover
11558,121,0.974,1.0,0.0,0.0,0.0,0.0,0.0,0.0,0.0,0.0,0.0,10.0,,tree cover
11669,121,0.974,1.0,0.0,0.0,0.0,0.0,0.0,0.0,0.0,0.0,0.0,10.0,,tree cover
11780,121,0.974,1.0,0.0,0.0,0.0,0.0,0.0,0.0,0.0,0.0,0.0,10.0,,tree cover
11891,121,0.974,1.0,0.0,0.0,0.0,0.0,0.0,0.0,0.0,0.0,0.0,10.0,,tree cover
12002,129,1.0,1.0,0.0,0.0,0.0,0.0,0.0,0.0,0.0,0.0,0.0,10.0,,tree cover
12113,124,0.998,1.0,0.0,0.0,0.0,0.0,0.0,0.0,0.0,0.0,0.0,10.0,,tree cover
12224,121,0.974,1.0,0.0,0.0,0.0,0.0,0.0,0.0,0.0,0.0,0.0,10.0,,tree cover
12335,115,0.926,1.0,0.0,0.0,0.0,0.0,0.0,0.0,0.0,0.0,0.0,10.0,,tree cover
12446,110,0.886,1.0,0.0,0.0,0.0,0.0,0.0,0.0,0.0,0.0,0.0,10.0,,tree cover
12557,118,0.95,1.0,0.0,0.0,0.0,0.0,0.0,0.0,0.0,0.0,0.0,10.0,,tree cover
12668,121,0.974,0.9669,0.0,0.0331,0.0,0.0,0.0,0.0,0.0,0.0,0.0,10.0,,tree cover
12779,129,1.0,1.0,0.0,0.0,0.0,0.0,0.0,0.0,0.0,0.0,0.0,10.0,,tree cover
12890,124,0.998,1.0,0.0,0.0,0.0,0.0,0.0,0.0,0.0,0.0,0.0,10.0,,tree cover
13001,121,0.974,1.0,0.0,0.0,0.0,0.0,0.0,0.0,0.0,0.0,0.0,10.0,,tree cover
13112,121,0.974,1.0,0.0,0.0,0.0,0.0,0.0,0.0,0.0,0.0,0.0,10.0,,tree cover
13223,121,0.974,1.0,0.0,0.0,0.0,0.0,0.0,0.0,0.0,0.0,0.0,10.0,,tree cover
13334,121,0.974,1.0,0.0,0.0,0.0,0.0,0.0,0.0,0.0,0.0,0.0,10.0,,tree cover
13445,121,0.974,1.0,0.0,0.0,0.0,0.0,0.0,0.0,0.0,0.0,0.0,10.0,,tree cover
13556,129,1.0,1.0,0.0,0.0,0.0,0.0,0.0,0.0,0.0,0.0,0.0,10.0,,tree cover
13667,114,0.918,1.0,0.0,0.0,0.0,0.0,0.0,0.0,0.0,0.0,0.0,10.0,,tree cover
13778,111,0.894,1.0,0.0,0.0,0.0,0.0,0.0,0.0,0.0,0.0,0.0,10.0,,tree cover
13889,121,0.974,1.0,0.0,0.0,0.0,0.0,0.0,0.0,0.0,0.0,0.0,10.0,,tree cover
14000,121,0.974,1.0,0.0,0.0,0.0,0.0,0.0,0.0,0.0,0.0,0.0,10.0,,tree cover
14111,121,0.974,1.0,0.0,0.0,0.0,0.0,0.0,0.0,0.0,0.0,0.0,10.0,,tree cover
14222,121,0.974,0.8926,0.0,0.1074,0.0,0.0,0.0,0.0,0.0,0.0,0.0,10.0,,tree cover
14333,129,1.0,0.093,0.0,0.907,0.0,0.0,0.0,0.0,0.0,0.0,0.0,30.0,,grassland
14444,124,0.998,0.2984,0.0,0.7016,0.0,0.0,0.0,0.0,0.0,0.0,0.0,30.0,,grassland
14555,121,0.974,0.9835,0.0,0.0165,0.0,0.0,0.0,0.0,0.0,0.0,0.0,10.0,,tree cover
14666,121,0.974,1.0,0.0,0.0,0.0,0.0,0.0,0.0,0.0,0.0,0.0,10.0,,tree cover
14777,121,0.974,1.0,0.0,0.0,0.0,0.0,0.0,0.0,0.0,0.0,0.0,10.0,,tree cover
14888,119,0.958,1.0,0.0,0.0,0.0,0.0,0.0,0.0,0.0,0.0,0.0,10.0,,tree cover
14999,110,0.886,0.9909,0.0,0.0091,0.0,0.0,0.0,0.0,0.0,0.0,0.0,10.0,,tree cover
15110,121,0.974,0.9752,0.0,0.0248,0.0,0.0,0.0,0.0,0.0,0.0,0.0,10.0,,tree cover
15221,125,1.0,1.0,0.0,0.0,0.0,0.0,0.0,0.0,0.0,0.0,0.0,10.0,,tree cover
15332,121,0.974,1.0,0.0,0.0,0.0,0.0,0.0,0.0,0.0,0.0,0.0,10.0,,tree cover
15443,121,0.974,1.0,0.0,0.0,0.0,0.0,0.0,0.0,0.0,0.0,0.0,10.0,,tree cover
15554,121,0.974,1.0,0.0,0.0,0.0,0.0,0.0,0.0,0.0,0.0,0.0,10.0,,tree cover
15665,121,0.974,1.0,0.0,0.0,0.0,0.0,0.0,0.0,0.0,0.0,0.0,10.0,,tree cover
15776,121,0.974,1.0,0.0,0.0,0.0,0.0,0.0,0.0,0.0,0.0,0.0,10.0,,tree cover
15887,129,1.0,1.0,0.0,0.0,0.0,0.0,0.0,0.0,0.0,0.0,0.0,10.0,,tree cover
15998,124,0.998,1.0,0.0,0.0,0.0,0.0,0.0,0.0,0.0,0.0,0.0,10.0,,tree cover
16109,121,0.974,1.0,0.0,0.0,0.0,0.0,0.0,0.0,0.0,0.0,0.0,10.0,,tree cover
16220,116,0.934,1.0,0.0,0.0,0.0,0.0,0.0,0.0,0.0,0.0,0.0,10.0,,tree cover
16331,110,0.886,1.0,0.0,0.0,0.0,0.0,0.0,0.0,0.0,0.0,0.0,10.0,,tree cover
16442,116,0.934,1.0,0.0,0.0,0.0,0.0,0.0,0.0,0.0,0.0,0.0,10.0,,tree cover
9561,119,0.958,1.0,0.0,0.0,0.0,0.0,0.0,0.0,0.0,0.0,0.0,10.0,,tree cover
9672,118,0.95,0.9407,0.0,0.0,0.0,0.0593,0.0,0.0,0.0,0.0,0.0,10.0,,tree cover
9783,117,0.942,0.9744,0.0,0.0,0.0,0.0256,0.0,0.0,0.0,0.0,0.0,10.0,,tree cover
9894,121,0.974,1.0,0.0,0.0,0.0,0.0,0.0,0.0,0.0,0.0,0.0,10.0,,tree cover
10005,121,0.974,1.0,0.0,0.0,0.0,0.0,0.0,0.0,0.0,0.0,0.0,10.0,,tree cover
10116,121,0.974,1.0,0.0,0.0,0.0,0.0,0.0,0.0,0.0,0.0,0.0,10.0,,tree cover
10227,121,0.974,0.9917,0.0,0.0083,0.0,0.0,0.0,0.0,0.0,0.0,0.0,10.0,,tree cover
10338,123,0.99,1.0,0.0,0.0,0.0,0.0,0.0,0.0,0.0,0.0,0.0,10.0,,tree cover
10449,130,1.0,0.2615,0.0,0.7385,0.0,0.0,0.0,0.0,0.0,0.0,0.0,30.0,,grassland
10560,121,0.974,0.5785,0.0,0.4215,0.0,0.0,0.0,0.0,0.0,0.0,0.0,10.0,,tree cover
10671,121,0.974,1.0,0.0,0.0,0.0,0.0,0.0,0.0,0.0,0.0,0.0,10.0,,tree cover
10782,121,0.974,1.0,0.0,0.0,0.0,0.0,0.0,0.0,0.0,0.0,0.0,10.0,,tree cover
10893,111,0.894,1.0,0.0,0.0,0.0,0.0,0.0,0.0,0.0,0.0,0.0,10.0,,tree cover
11004,111,0.894,1.0,0.0,0.0,0.0,0.0,0.0,0.0,0.0,0.0,0.0,10.0,,tree cover
11115,123,0.99,1.0,0.0,0.0,0.0,0.0,0.0,0.0,0.0,0.0,0.0,10.0,,tree cover
11226,130,1.0,1.0,0.0,0.0,0.0,0.0,0.0,0.0,0.0,0.0,0.0,10.0,,tree cover
11337,121,0.974,1.0,0.0,0.0,0.0,0.0,0.0,0.0,0.0,0.0,0.0,10.0,,tree cover
11448,121,0.974,1.0,0.0,0.0,0.0,0.0,0.0,0.0,0.0,0.0,0.0,10.0,,tree cover
11559,121,0.974,1.0,0.0,0.0,0.0,0.0,0.0,0.0,0.0,0.0,0.0,10.0,,tree cover
11670,121,0.974,1.0,0.0,0.0,0.0,0.0,0.0,0.0,0.0,0.0,0.0,10.0,,tree cover
11781,121,0.974,1.0,0.0,0.0,0.0,0.0,0.0,0.0,0.0,0.0,0.0,10.0,,tree cover
11892,123,0.99,1.0,0.0,0.0,0.0,0.0,0.0,0.0,0.0,0.0,0.0,10.0,,tree cover
12003,130,1.0,1.0,0.0,0.0,0.0,0.0,0.0,0.0,0.0,0.0,0.0,10.0,,tree cover
12114,117,0.942,1.0,0.0,0.0,0.0,0.0,0.0,0.0,0.0,0.0,0.0,10.0,,tree cover
12225,110,0.886,1.0,0.0,0.0,0.0,0.0,0.0,0.0,0.0,0.0,0.0,10.0,,tree cover
12336,116,0.934,1.0,0.0,0.0,0.0,0.0,0.0,0.0,0.0,0.0,0.0,10.0,,tree cover
12447,121,0.974,1.0,0.0,0.0,0.0,0.0,0.0,0.0,0.0,0.0,0.0,10.0,,tree cover
12558,121,0.974,1.0,0.0,0.0,0.0,0.0,0.0,0.0,0.0,0.0,0.0,10.0,,tree cover
12669,122,0.982,1.0,0.0,0.0,0.0,0.0,0.0,0.0,0.0,0.0,0.0,10.0,,tree cover
12780,131,1.0,1.0,0.0,0.0,0.0,0.0,0.0,0.0,0.0,0.0,0.0,10.0,,tree cover
12891,121,0.974,1.0,0.0,0.0,0.0,0.0,0.0,0.0,0.0,0.0,0.0,10.0,,tree cover
13002,121,0.974,1.0,0.0,0.0,0.0,0.0,0.0,0.0,0.0,0.0,0.0,10.0,,tree cover
13113,121,0.974,1.0,0.0,0.0,0.0,0.0,0.0,0.0,0.0,0.0,0.0,10.0,,tree cover
13224,121,0.974,1.0,0.0,0.0,0.0,0.0,0.0,0.0,0.0,0.0,0.0,10.0,,tree cover
13335,121,0.974,1.0,0.0,0.0,0.0,0.0,0.0,0.0,0.0,0.0,0.0,10.0,,tree cover
13446,115,0.926,1.0,0.0,0.0,0.0,0.0,0.0,0.0,0.0,0.0,0.0,10.0,,tree cover
13557,119,0.958,1.0,0.0,0.0,0.0,0.0,0.0,0.0,0.0,0.0,0.0,10.0,,tree cover
13668,120,0.966,0.975,0.0,0.025,0.0,0.0,0.0,0.0,0.0,0.0,0.0,10.0,,tree cover
13779,121,0.974,1.0,0.0,0.0,0.0,0.0,0.0,0.0,0.0,0.0,0.0,10.0,,tree cover
13890,121,0.974,1.0,0.0,0.0,0.0,0.0,0.0,0.0,0.0,0.0,0.0,10.0,,tree cover
14001,121,0.974,1.0,0.0,0.0,0.0,0.0,0.0,0.0,0.0,0.0,0.0,10.0,,tree cover
14112,121,0.974,0.9752,0.0,0.0248,0.0,0.0,0.0,0.0,0.0,0.0,0.0,10.0,,tree cover
14223,122,0.982,0.9754,0.0,0.0246,0.0,0.0,0.0,0.0,0.0,0.0,0.0,10.0,,tree cover
14334,131,1.0,0.7481,0.0,0.2519,0.0,0.0,0.0,0.0,0.0,0.0,0.0,10.0,,tree cover
14445,121,0.974,0.9669,0.0,0.0331,0.0,0.0,0.0,0.0,0.0,0.0,0.0,10.0,,tree cover
14556,121,0.974,1.0,0.0,0.0,0.0,0.0,0.0,0.0,0.0,0.0,0.0,10.0,,tree cover
14667,121,0.974,1.0,0.0,0.0,0.0,0.0,0.0,0.0,0.0,0.0,0.0,10.0,,tree cover
14778,110,0.886,1.0,0.0,0.0,0.0,0.0,0.0,0.0,0.0,0.0,0.0,10.0,,tree cover
14889,112,0.902,1.0,0.0,0.0,0.0,0.0,0.0,0.0,0.0,0.0,0.0,10.0,,tree cover
15000,122,0.982,0.9918,0.0,0.0082,0.0,0.0,0.0,0.0,0.0,0.0,0.0,10.0,,tree cover
15111,131,1.0,0.8321,0.0,0.1679,0.0,0.0,0.0,0.0,0.0,0.0,0.0,10.0,,tree cover
15222,121,0.974,1.0,0.0,0.0,0.0,0.0,0.0,0.0,0.0,0.0,0.0,10.0,,tree cover
15333,121,0.974,1.0,0.0,0.0,0.0,0.0,0.0,0.0,0.0,0.0,0.0,10.0,,tree cover
15444,121,0.974,1.0,0.0,0.0,0.0,0.0,0.0,0.0,0.0,0.0,0.0,10.0,,tree cover
15555,121,0.974,1.0,0.0,0.0,0.0,0.0,0.0,0.0,0.0,0.0,0.0,10.0,,tree cover
15666,121,0.974,1.0,0.0,0.0,0.0,0.0,0.0,0.0,0.0,0.0,0.0,10.0,,tree cover
15777,122,0.982,1.0,0.0,0.0,0.0,0.0,0.0,0.0,0.0,0.0,0.0,10.0,,tree cover
15888,131,1.0,1.0,0.0,0.0,0.0,0.0,0.0,0.0,0.0,0.0,0.0,10.0,,tree cover
15999,118,0.95,1.0,0.0,0.0,0.0,0.0,0.0,0.0,0.0,0.0,0.0,10.0,,tree cover
16110,110,0.886,1.0,0.0,0.0,0.0,0.0,0.0,0.0,0.0,0.0,0.0,10.0,,tree cover
9451,110,0.886,1.0,0.0,0.0,0.0,0.0,0.0,0.0,0.0,0.0,0.0,10.0,,tree cover
9562,125,1.0,1.0,0.0,0.0,0.0,0.0,0.0,0.0,0.0,0.0,0.0,10.0,,tree cover
9673,121,0.974,0.9587,0.0,0.0,0.0,0.0413,0.0,0.0,0.0,0.0,0.0,10.0,,tree cover
9784,121,0.974,1.0,0.0,0.0,0.0,0.0,0.0,0.0,0.0,0.0,0.0,10.0,,tree cover
9895,121,0.974,1.0,0.0,0.0,0.0,0.0,0.0,0.0,0.0,0.0,0.0,10.0,,tree cover
10006,121,0.974,0.876,0.0,0.124,0.0,0.0,0.0,0.0,0.0,0.0,0.0,10.0,,tree cover
10117,121,0.974,0.7438,0.0,0.2562,0.0,0.0,0.0,0.0,0.0,0.0,0.0,10.0,,tree cover
10228,121,0.974,0.7521,0.0,0.1901,0.0,0.0,0.0,0.0579,0.0,0.0,0.0,10.0,,tree cover
10339,132,1.0,0.4697,0.0,0.0,0.0,0.0,0.0,0.5303,0.0,0.0,0.0,80.0,ground_water,permanent water
10450,121,0.974,0.6942,0.0,0.0,0.0,0.0,0.0,0.3058,0.0,0.0,0.0,10.0,ground_water,tree cover
10561,121,0.974,1.0,0.0,0.0,0.0,0.0,0.0,0.0,0.0,0.0,0.0,10.0,,tree cover
10672,113,0.91,1.0,0.0,0.0,0.0,0.0,0.0,0.0,0.0,0.0,0.0,10.0,,tree cover
10783,110,0.886,1.0,0.0,0.0,0.0,0.0,0.0,0.0,0.0,0.0,0.0,10.0,,tree cover
10894,120,0.966,1.0,0.0,0.0,0.0,0.0,0.0,0.0,0.0,0.0,0.0,10.0,,tree cover
11005,121,0.974,1.0,0.0,0.0,0.0,0.0,0.0,0.0,0.0,0.0,0.0,10.0,,tree cover
11116,132,1.0,1.0,0.0,0.0,0.0,0.0,0.0,0.0,0.0,0.0,0.0,10.0,,tree cover
11227,121,0.974,1.0,0.0,0.0,0.0,0.0,0.0,0.0,0.0,0.0,0.0,10.0,,tree cover
11338,121,0.974,1.0,0.0,0.0,0.0,0.0,0.0,0.0,0.0,0.0,0.0,10.0,,tree cover
11449,121,0.974,1.0,0.0,0.0,0.0,0.0,0.0,0.0,0.0,0.0,0.0,10.0,,tree cover
11560,121,0.974,1.0,0.0,0.0,0.0,0.0,0.0,0.0,0.0,0.0,0.0,10.0,,tree cover
11671,121,0.974,1.0,0.0,0.0,0.0,0.0,0.0,0.0,0.0,0.0,0.0,10.0,,tree cover
11782,121,0.974,1.0,0.0,0.0,0.0,0.0,0.0,0.0,0.0,0.0,0.0,10.0,,tree cover
11893,130,1.0,1.0,0.0,0.0,0.0,0.0,0.0,0.0,0.0,0.0,0.0,10.0,,tree cover
12004,110,0.886,1.0,0.0,0.0,0.0,0.0,0.0,0.0,0.0,0.0,0.0,10.0,,tree cover
12115,114,0.918,1.0,0.0,0.0,0.0,0.0,0.0,0.0,0.0,0.0,0.0,10.0,,tree cover
12226,121,0.974,1.0,0.0,0.0,0.0,0.0,0.0,0.0,0.0,0.0,0.0,10.0,,tree cover
12337,121,0.974,1.0,0.0,0.0,0.0,0.0,0.0,0.0,0.0,0.0,0.0,10.0,,tree cover
12448,121,0.974,1.0,0.0,0.0,0.0,0.0,0.0,0.0,0.0,0.0,0.0,10.0,,tree cover
12559,121,0.974,1.0,0.0,0.0,0.0,0.0,0.0,0.0,0.0,0.0,0.0,10.0,,tree cover
12670,132,1.0,1.0,0.0,0.0,0.0,0.0,0.0,0.0,0.0,0.0,0.0,10.0,,tree cover
12781,121,0.974,1.0,0.0,0.0,0.0,0.0,0.0,0.0,0.0,0.0,0.0,10.0,,tree cover
12892,121,0.974,1.0,0.0,0.0,0.0,0.0,0.0,0.0,0.0,0.0,0.0,10.0,,tree cover
13003,121,0.974,1.0,0.0,0.0,0.0,0.0,0.0,0.0,0.0,0.0,0.0,10.0,,tree cover
13114,121,0.974,1.0,0.0,0.0,0.0,0.0,0.0,0.0,0.0,0.0,0.0,10.0,,tree cover
13225,115,0.926,1.0,0.0,0.0,0.0,0.0,0.0,0.0,0.0,0.0,0.0,10.0,,tree cover
13336,110,0.886,1.0,0.0,0.0,0.0,0.0,0.0,0.0,0.0,0.0,0.0,10.0,,tree cover
13447,128,1.0,1.0,0.0,0.0,0.0,0.0,0.0,0.0,0.0,0.0,0.0,10.0,,tree cover
13558,121,0.974,0.9256,0.0,0.0744,0.0,0.0,0.0,0.0,0.0,0.0,0.0,10.0,,tree cover
13669,121,0.974,0.9752,0.0,0.0248,0.0,0.0,0.0,0.0,0.0,0.0,0.0,10.0,,tree cover
13780,121,0.974,1.0,0.0,0.0,0.0,0.0,0.0,0.0,0.0,0.0,0.0,10.0,,tree cover
13891,121,0.974,1.0,0.0,0.0,0.0,0.0,0.0,0.0,0.0,0.0,0.0,10.0,,tree cover
14002,121,0.974,1.0,0.0,0.0,0.0,0.0,0.0,0.0,0.0,0.0,0.0,10.0,,tree cover
14113,121,0.974,0.8182,0.0,0.1818,0.0,0.0,0.0,0.0,0.0,0.0,0.0,10.0,,tree cover
14224,132,1.0,0.8182,0.0,0.1818,0.0,0.0,0.0,0.0,0.0,0.0,0.0,10.0,,tree cover
14335,121,0.974,1.0,0.0,0.0,0.0,0.0,0.0,0.0,0.0,0.0,0.0,10.0,,tree cover
14446,121,0.974,1.0,0.0,0.0,0.0,0.0,0.0,0.0,0.0,0.0,0.0,10.0,,tree cover
14557,112,0.902,1.0,0.0,0.0,0.0,0.0,0.0,0.0,0.0,0.0,0.0,10.0,,tree cover
14668,110,0.886,1.0,0.0,0.0,0.0,0.0,0.0,0.0,0.0,0.0,0.0,10.0,,tree cover
14779,121,0.974,1.0,0.0,0.0,0.0,0.0,0.0,0.0,0.0,0.0,0.0,10.0,,tree cover
14890,121,0.974,1.0,0.0,0.0,0.0,0.0,0.0,0.0,0.0,0.0,0.0,10.0,,tree cover
15001,132,1.0,1.0,0.0,0.0,0.0,0.0,0.0,0.0,0.0,0.0,0.0,10.0,,tree cover
15112,121,0.974,0.9421,0.0,0.0579,0.0,0.0,0.0,0.0,0.0,0.0,0.0,10.0,,tree cover
15223,121,0.974,1.0,0.0,0.0,0.0,0.0,0.0,0.0,0.0,0.0,0.0,10.0,,tree cover
15334,121,0.974,1.0,0.0,0.0,0.0,0.0,0.0,0.0,0.0,0.0,0.0,10.0,,tree cover
15445,121,0.974,1.0,0.0,0.0,0.0,0.0,0.0,0.0,0.0,0.0,0.0,10.0,,tree cover
15556,121,0.974,1.0,0.0,0.0,0.0,0.0,0.0,0.0,0.0,0.0,0.0,10.0,,tree cover
15667,121,0.974,1.0,0.0,0.0,0.0,0.0,0.0,0.0,0.0,0.0,0.0,10.0,,tree cover
15778,131,1.0,1.0,0.0,0.0,0.0,0.0,0.0,0.0,0.0,0.0,0.0,10.0,,tree cover
15889,110,0.886,1.0,0.0,0.0,0.0,0.0,0.0,0.0,0.0,0.0,0.0,10.0,,tree cover
16000,113,0.91,1.0,0.0,0.0,0.0,0.0,0.0,0.0,0.0,0.0,0.0,10.0,,tree cover
16111,121,0.974,0.9917,0.0,0.0083,0.0,0.0,0.0,0.0,0.0,0.0,0.0,10.0,,tree cover
9341,112,0.902,0.7411,0.0,0.0,0.0,0.2589,0.0,0.0,0.0,0.0,0.0,10.0,,tree cover
9452,128,1.0,0.9844,0.0,0.0,0.0,0.0156,0.0,0.0,0.0,0.0,0.0,10.0,,tree cover
9563,125,1.0,1.0,0.0,0.0,0.0,0.0,0.0,0.0,0.0,0.0,0.0,10.0,,tree cover
9674,121,0.974,1.0,0.0,0.0,0.0,0.0,0.0,0.0,0.0,0.0,0.0,10.0,,tree cover
9785,121,0.974,1.0,0.0,0.0,0.0,0.0,0.0,0.0,0.0,0.0,0.0,10.0,,tree cover
9896,121,0.974,1.0,0.0,0.0,0.0,0.0,0.0,0.0,0.0,0.0,0.0,10.0,,tree cover
10007,121,0.974,0.8347,0.0,0.1653,0.0,0.0,0.0,0.0,0.0,0.0,0.0,10.0,,tree cover
10118,121,0.974,0.5124,0.0,0.4876,0.0,0.0,0.0,0.0,0.0,0.0,0.0,10.0,,tree cover
10229,128,1.0,0.9844,0.0,0.0156,0.0,0.0,0.0,0.0,0.0,0.0,0.0,10.0,,tree cover
10340,125,1.0,1.0,0.0,0.0,0.0,0.0,0.0,0.0,0.0,0.0,0.0,10.0,,tree cover
10451,115,0.926,0.6957,0.0,0.0348,0.0,0.0174,0.0348,0.2174,0.0,0.0,0.0,10.0,,tree cover
10562,110,0.886,0.8455,0.0,0.0273,0.0818,0.0364,0.0,0.0091,0.0,0.0,0.0,10.0,,tree cover
10673,118,0.95,1.0,0.0,0.0,0.0,0.0,0.0,0.0,0.0,0.0,0.0,10.0,,tree cover
10784,121,0.974,1.0,0.0,0.0,0.0,0.0,0.0,0.0,0.0,0.0,0.0,10.0,,tree cover
10895,121,0.974,1.0,0.0,0.0,0.0,0.0,0.0,0.0,0.0,0.0,0.0,10.0,,tree cover
11006,127,1.0,1.0,0.0,0.0,0.0,0.0,0.0,0.0,0.0,0.0,0.0,10.0,,tree cover
11117,126,1.0,1.0,0.0,0.0,0.0,0.0,0.0,0.0,0.0,0.0,0.0,10.0,,tree cover
11228,121,0.974,1.0,0.0,0.0,0.0,0.0,0.0,0.0,0.0,0.0,0.0,10.0,,tree cover
11339,121,0.974,1.0,0.0,0.0,0.0,0.0,0.0,0.0,0.0,0.0,0.0,10.0,,tree cover
11450,121,0.974,1.0,0.0,0.0,0.0,0.0,0.0,0.0,0.0,0.0,0.0,10.0,,tree cover
11561,121,0.974,1.0,0.0,0.0,0.0,0.0,0.0,0.0,0.0,0.0,0.0,10.0,,tree cover
11672,121,0.974,1.0,0.0,0.0,0.0,0.0,0.0,0.0,0.0,0.0,0.0,10.0,,tree cover
11783,116,0.934,1.0,0.0,0.0,0.0,0.0,0.0,0.0,0.0,0.0,0.0,10.0,,tree cover
11894,117,0.942,1.0,0.0,0.0,0.0,0.0,0.0,0.0,0.0,0.0,0.0,10.0,,tree cover
12005,121,0.974,1.0,0.0,0.0,0.0,0.0,0.0,0.0,0.0,0.0,0.0,10.0,,tree cover
12116,121,0.974,1.0,0.0,0.0,0.0,0.0,0.0,0.0,0.0,0.0,0.0,10.0,,tree cover
12227,121,0.974,1.0,0.0,0.0,0.0,0.0,0.0,0.0,0.0,0.0,0.0,10.0,,tree cover
12338,121,0.974,1.0,0.0,0.0,0.0,0.0,0.0,0.0,0.0,0.0,0.0,10.0,,tree cover
12449,121,0.974,1.0,0.0,0.0,0.0,0.0,0.0,0.0,0.0,0.0,0.0,10.0,,tree cover
12560,127,1.0,1.0,0.0,0.0,0.0,0.0,0.0,0.0,0.0,0.0,0.0,10.0,,tree cover
12671,126,1.0,1.0,0.0,0.0,0.0,0.0,0.0,0.0,0.0,0.0,0.0,10.0,,tree cover
12782,121,0.974,1.0,0.0,0.0,0.0,0.0,0.0,0.0,0.0,0.0,0.0,10.0,,tree cover
12893,121,0.974,1.0,0.0,0.0,0.0,0.0,0.0,0.0,0.0,0.0,0.0,10.0,,tree cover
13004,117,0.942,1.0,0.0,0.0,0.0,0.0,0.0,0.0,0.0,0.0,0.0,10.0,,tree cover
13115,110,0.886,1.0,0.0,0.0,0.0,0.0,0.0,0.0,0.0,0.0,0.0,10.0,,tree cover
13226,116,0.934,1.0,0.0,0.0,0.0,0.0,0.0,0.0,0.0,0.0,0.0,10.0,,tree cover
13337,126,1.0,1.0,0.0,0.0,0.0,0.0,0.0,0.0,0.0,0.0,0.0,10.0,,tree cover
13448,127,1.0,1.0,0.0,0.0,0.0,0.0,0.0,0.0,0.0,0.0,0.0,10.0,,tree cover
13559,121,0.974,1.0,0.0,0.0,0.0,0.0,0.0,0.0,0.0,0.0,0.0,10.0,,tree cover
13670,121,0.974,1.0,0.0,0.0,0.0,0.0,0.0,0.0,0.0,0.0,0.0,10.0,,tree cover
13781,121,0.974,1.0,0.0,0.0,0.0,0.0,0.0,0.0,0.0,0.0,0.0,10.0,,tree cover
13892,121,0.974,1.0,0.0,0.0,0.0,0.0,0.0,0.0,0.0,0.0,0.0,10.0,,tree cover
14003,121,0.974,0.9504,0.0,0.0496,0.0,0.0,0.0,0.0,0.0,0.0,0.0,10.0,,tree cover
14114,126,1.0,0.6587,0.0,0.3413,0.0,0.0,0.0,0.0,0.0,0.0,0.0,10.0,,tree cover
14225,127,1.0,1.0,0.0,0.0,0.0,0.0,0.0,0.0,0.0,0.0,0.0,10.0,,tree cover
14336,113,0.91,1.0,0.0,0.0,0.0,0.0,0.0,0.0,0.0,0.0,0.0,10.0,,tree cover
14447,110,0.886,1.0,0.0,0.0,0.0,0.0,0.0,0.0,0.0,0.0,0.0,10.0,,tree cover
14558,119,0.958,1.0,0.0,0.0,0.0,0.0,0.0,0.0,0.0,0.0,0.0,10.0,,tree cover
14669,121,0.974,1.0,0.0,0.0,0.0,0.0,0.0,0.0,0.0,0.0,0.0,10.0,,tree cover
14780,121,0.974,1.0,0.0,0.0,0.0,0.0,0.0,0.0,0.0,0.0,0.0,10.0,,tree cover
14891,126,1.0,1.0,0.0,0.0,0.0,0.0,0.0,0.0,0.0,0.0,0.0,10.0,,tree cover
15002,127,1.0,1.0,0.0,0.0,0.0,0.0,0.0,0.0,0.0,0.0,0.0,10.0,,tree cover
15113,121,0.974,1.0,0.0,0.0,0.0,0.0,0.0,0.0,0.0,0.0,0.0,10.0,,tree cover
15224,121,0.974,1.0,0.0,0.0,0.0,0.0,0.0,0.0,0.0,0.0,0.0,10.0,,tree cover
15335,121,0.974,1.0,0.0,0.0,0.0,0.0,0.0,0.0,0.0,0.0,0.0,10.0,,tree cover
15446,121,0.974,0.9752,0.0,0.0248,0.0,0.0,0.0,0.0,0.0,0.0,0.0,10.0,,tree cover
15557,121,0.974,1.0,0.0,0.0,0.0,0.0,0.0,0.0,0.0,0.0,0.0,10.0,,tree cover
15668,115,0.926,1.0,0.0,0.0,0.0,0.0,0.0,0.0,0.0,0.0,0.0,10.0,,tree cover
15779,117,0.942,1.0,0.0,0.0,0.0,0.0,0.0,0.0,0.0,0.0,0.0,10.0,,tree cover
15890,121,0.974,1.0,0.0,0.0,0.0,0.0,0.0,0.0,0.0,0.0,0.0,10.0,,tree cover
16001,121,0.974,0.9835,0.0,0.0165,0.0,0.0,0.0,0.0,0.0,0.0,0.0,10.0,,tree cover
16112,121,0.974,0.9752,0.0,0.0248,0.0,0.0,0.0,0.0,0.0,0.0,0.0,10.0,,tree cover
9120,110,0.886,1.0,0.0,0.0,0.0,0.0,0.0,0.0,0.0,0.0,0.0,10.0,,tree cover
9231,120,0.966,0.975,0.0,0.0,0.0,0.025,0.0,0.0,0.0,0.0,0.0,10.0,,tree cover
9342,121,0.974,0.7025,0.0,0.0,0.0,0.2975,0.0,0.0,0.0,0.0,0.0,10.0,,tree cover
9453,132,1.0,1.0,0.0,0.0,0.0,0.0,0.0,0.0,0.0,0.0,0.0,10.0,,tree cover
9564,121,0.974,1.0,0.0,0.0,0.0,0.0,0.0,0.0,0.0,0.0,0.0,10.0,,tree cover
9675,121,0.974,1.0,0.0,0.0,0.0,0.0,0.0,0.0,0.0,0.0,0.0,10.0,,tree cover
9786,121,0.974,1.0,0.0,0.0,0.0,0.0,0.0,0.0,0.0,0.0,0.0,10.0,,tree cover
9897,121,0.974,1.0,0.0,0.0,0.0,0.0,0.0,0.0,0.0,0.0,0.0,10.0,,tree cover
10008,121,0.974,0.843,0.0,0.157,0.0,0.0,0.0,0.0,0.0,0.0,0.0,10.0,,tree cover
10119,122,0.982,0.6639,0.0,0.3361,0.0,0.0,0.0,0.0,0.0,0.0,0.0,10.0,,tree cover
10230,128,1.0,0.5078,0.0,0.4922,0.0,0.0,0.0,0.0,0.0,0.0,0.0,10.0,,tree cover
10341,110,0.886,0.9091,0.0,0.0909,0.0,0.0,0.0,0.0,0.0,0.0,0.0,10.0,,tree cover
10452,116,0.934,0.9914,0.0,0.0,0.0,0.0,0.0,0.0086,0.0,0.0,0.0,10.0,,tree cover
10674,121,0.974,0.8182,0.0,0.0413,0.0,0.0,0.0,0.1405,0.0,0.0,0.0,10.0,,tree cover
10785,121,0.974,1.0,0.0,0.0,0.0,0.0,0.0,0.0,0.0,0.0,0.0,10.0,,tree cover
10896,121,0.974,1.0,0.0,0.0,0.0,0.0,0.0,0.0,0.0,0.0,0.0,10.0,,tree cover
11007,132,1.0,1.0,0.0,0.0,0.0,0.0,0.0,0.0,0.0,0.0,0.0,10.0,,tree cover
11118,121,0.974,1.0,0.0,0.0,0.0,0.0,0.0,0.0,0.0,0.0,0.0,10.0,,tree cover
11229,121,0.974,1.0,0.0,0.0,0.0,0.0,0.0,0.0,0.0,0.0,0.0,10.0,,tree cover
11340,121,0.974,1.0,0.0,0.0,0.0,0.0,0.0,0.0,0.0,0.0,0.0,10.0,,tree cover
11451,121,0.974,1.0,0.0,0.0,0.0,0.0,0.0,0.0,0.0,0.0,0.0,10.0,,tree cover
11562,113,0.91,1.0,0.0,0.0,0.0,0.0,0.0,0.0,0.0,0.0,0.0,10.0,,tree cover
11673,110,0.886,1.0,0.0,0.0,0.0,0.0,0.0,0.0,0.0,0.0,0.0,10.0,,tree cover
11784,131,1.0,1.0,0.0,0.0,0.0,0.0,0.0,0.0,0.0,0.0,0.0,10.0,,tree cover
11895,121,0.974,1.0,0.0,0.0,0.0,0.0,0.0,0.0,0.0,0.0,0.0,10.0,,tree cover
12006,121,0.974,1.0,0.0,0.0,0.0,0.0,0.0,0.0,0.0,0.0,0.0,10.0,,tree cover
12117,121,0.974,1.0,0.0,0.0,0.0,0.0,0.0,0.0,0.0,0.0,0.0,10.0,,tree cover
12228,121,0.974,1.0,0.0,0.0,0.0,0.0,0.0,0.0,0.0,0.0,0.0,10.0,,tree cover
12339,121,0.974,1.0,0.0,0.0,0.0,0.0,0.0,0.0,0.0,0.0,0.0,10.0,,tree cover
12450,121,0.974,1.0,0.0,0.0,0.0,0.0,0.0,0.0,0.0,0.0,0.0,10.0,,tree cover
12561,132,1.0,1.0,0.0,0.0,0.0,0.0,0.0,0.0,0.0,0.0,0.0,10.0,,tree cover
12672,121,0.974,1.0,0.0,0.0,0.0,0.0,0.0,0.0,0.0,0.0,0.0,10.0,,tree cover
12783,119,0.958,1.0,0.0,0.0,0.0,0.0,0.0,0.0,0.0,0.0,0.0,10.0,,tree cover
12894,110,0.886,1.0,0.0,0.0,0.0,0.0,0.0,0.0,0.0,0.0,0.0,10.0,,tree cover
13005,114,0.918,1.0,0.0,0.0,0.0,0.0,0.0,0.0,0.0,0.0,0.0,10.0,,tree cover
13116,121,0.974,1.0,0.0,0.0,0.0,0.0,0.0,0.0,0.0,0.0,0.0,10.0,,tree cover
13227,121,0.974,1.0,0.0,0.0,0.0,0.0,0.0,0.0,0.0,0.0,0.0,10.0,,tree cover
13338,132,1.0,1.0,0.0,0.0,0.0,0.0,0.0,0.0,0.0,0.0,0.0,10.0,,tree cover
13449,121,0.974,1.0,0.0,0.0,0.0,0.0,0.0,0.0,0.0,0.0,0.0,10.0,,tree cover
13560,121,0.974,1.0,0.0,0.0,0.0,0.0,0.0,0.0,0.0,0.0,0.0,10.0,,tree cover
13671,121,0.974,1.0,0.0,0.0,0.0,0.0,0.0,0.0,0.0,0.0,0.0,10.0,,tree cover
13782,121,0.974,1.0,0.0,0.0,0.0,0.0,0.0,0.0,0.0,0.0,0.0,10.0,,tree cover
13893,121,0.974,1.0,0.0,0.0,0.0,0.0,0.0,0.0,0.0,0.0,0.0,10.0,,tree cover
14004,121,0.974,0.9752,0.0,0.0248,0.0,0.0,0.0,0.0,0.0,0.0,0.0,10.0,,tree cover
14115,126,1.0,0.9603,0.0,0.0397,0.0,0.0,0.0,0.0,0.0,0.0,0.0,10.0,,tree cover
14226,110,0.886,1.0,0.0,0.0,0.0,0.0,0.0,0.0,0.0,0.0,0.0,10.0,,tree cover
14337,118,0.95,1.0,0.0,0.0,0.0,0.0,0.0,0.0,0.0,0.0,0.0,10.0,,tree cover
14448,121,0.974,1.0,0.0,0.0,0.0,0.0,0.0,0.0,0.0,0.0,0.0,10.0,,tree cover
14559,121,0.974,1.0,0.0,0.0,0.0,0.0,0.0,0.0,0.0,0.0,0.0,10.0,,tree cover
14670,121,0.974,1.0,0.0,0.0,0.0,0.0,0.0,0.0,0.0,0.0,0.0,10.0,,tree cover
14781,121,0.974,1.0,0.0,0.0,0.0,0.0,0.0,0.0,0.0,0.0,0.0,10.0,,tree cover
14892,132,1.0,1.0,0.0,0.0,0.0,0.0,0.0,0.0,0.0,0.0,0.0,10.0,,tree cover
15003,121,0.974,1.0,0.0,0.0,0.0,0.0,0.0,0.0,0.0,0.0,0.0,10.0,,tree cover
15114,121,0.974,0.9917,0.0,0.0083,0.0,0.0,0.0,0.0,0.0,0.0,0.0,10.0,,tree cover
15225,121,0.974,1.0,0.0,0.0,0.0,0.0,0.0,0.0,0.0,0.0,0.0,10.0,,tree cover
15336,121,0.974,1.0,0.0,0.0,0.0,0.0,0.0,0.0,0.0,0.0,0.0,10.0,,tree cover
15447,113,0.91,1.0,0.0,0.0,0.0,0.0,0.0,0.0,0.0,0.0,0.0,10.0,,tree cover
15558,110,0.886,1.0,0.0,0.0,0.0,0.0,0.0,0.0,0.0,0.0,0.0,10.0,,tree cover
15891,121,0.974,1.0,0.0,0.0,0.0,0.0,0.0,0.0,0.0,0.0,0.0,10.0,,tree cover
16002,121,0.974,0.8926,0.0,0.1074,0.0,0.0,0.0,0.0,0.0,0.0,0.0,10.0,,tree cover
16113,121,0.974,0.9504,0.0,0.0496,0.0,0.0,0.0,0.0,0.0,0.0,0.0,10.0,,tree cover
9010,118,0.95,1.0,0.0,0.0,0.0,0.0,0.0,0.0,0.0,0.0,0.0,10.0,,tree cover
9121,121,0.974,1.0,0.0,0.0,0.0,0.0,0.0,0.0,0.0,0.0,0.0,10.0,,tree cover
9232,121,0.974,1.0,0.0,0.0,0.0,0.0,0.0,0.0,0.0,0.0,0.0,10.0,,tree cover
9343,132,1.0,1.0,0.0,0.0,0.0,0.0,0.0,0.0,0.0,0.0,0.0,10.0,,tree cover
9454,121,0.974,1.0,0.0,0.0,0.0,0.0,0.0,0.0,0.0,0.0,0.0,10.0,,tree cover
9565,121,0.974,1.0,0.0,0.0,0.0,0.0,0.0,0.0,0.0,0.0,0.0,10.0,,tree cover
9676,121,0.974,0.9339,0.0,0.0,0.0,0.0661,0.0,0.0,0.0,0.0,0.0,10.0,,tree cover
9787,121,0.974,1.0,0.0,0.0,0.0,0.0,0.0,0.0,0.0,0.0,0.0,10.0,,tree cover
9898,121,0.974,0.8843,0.0,0.1157,0.0,0.0,0.0,0.0,0.0,0.0,0.0,10.0,,tree cover
10009,121,0.974,0.1983,0.0,0.8017,0.0,0.0,0.0,0.0,0.0,0.0,0.0,30.0,,grassland
10120,120,0.966,0.1083,0.0,0.8917,0.0,0.0,0.0,0.0,0.0,0.0,0.0,30.0,,grassland
10231,113,0.91,0.115,0.0,0.885,0.0,0.0,0.0,0.0,0.0,0.0,0.0,30.0,,grassland
10342,121,0.974,1.0,0.0,0.0,0.0,0.0,0.0,0.0,0.0,0.0,0.0,10.0,,tree cover
10453,121,0.974,1.0,0.0,0.0,0.0,0.0,0.0,0.0,0.0,0.0,0.0,10.0,,tree cover
10564,121,0.974,0.9091,0.0,0.0,0.0,0.0,0.0,0.0909,0.0,0.0,0.0,10.0,,tree cover
10675,121,0.974,0.4959,0.0,0.0165,0.0083,0.0,0.0331,0.4463,0.0,0.0,0.0,10.0,ground_water,tree cover
10786,121,0.974,1.0,0.0,0.0,0.0,0.0,0.0,0.0,0.0,0.0,0.0,10.0,,tree cover
10897,132,1.0,1.0,0.0,0.0,0.0,0.0,0.0,0.0,0.0,0.0,0.0,10.0,,tree cover
11008,121,0.974,1.0,0.0,0.0,0.0,0.0,0.0,0.0,0.0,0.0,0.0,10.0,,tree cover
11119,121,0.974,1.0,0.0,0.0,0.0,0.0,0.0,0.0,0.0,0.0,0.0,10.0,,tree cover
11230,121,0.974,1.0,0.0,0.0,0.0,0.0,0.0,0.0,0.0,0.0,0.0,10.0,,tree cover
11341,115,0.926,1.0,0.0,0.0,0.0,0.0,0.0,0.0,0.0,0.0,0.0,10.0,,tree cover
11452,110,0.886,1.0,0.0,0.0,0.0,0.0,0.0,0.0,0.0,0.0,0.0,10.0,,tree cover
11563,118,0.95,1.0,0.0,0.0,0.0,0.0,0.0,0.0,0.0,0.0,0.0,10.0,,tree cover
11674,131,1.0,1.0,0.0,0.0,0.0,0.0,0.0,0.0,0.0,0.0,0.0,10.0,,tree cover
11785,122,0.982,1.0,0.0,0.0,0.0,0.0,0.0,0.0,0.0,0.0,0.0,10.0,,tree cover
11896,121,0.974,1.0,0.0,0.0,0.0,0.0,0.0,0.0,0.0,0.0,0.0,10.0,,tree cover
12007,121,0.974,1.0,0.0,0.0,0.0,0.0,0.0,0.0,0.0,0.0,0.0,10.0,,tree cover
12118,121,0.974,1.0,0.0,0.0,0.0,0.0,0.0,0.0,0.0,0.0,0.0,10.0,,tree cover
12229,121,0.974,1.0,0.0,0.0,0.0,0.0,0.0,0.0,0.0,0.0,0.0,10.0,,tree cover
12340,121,0.974,1.0,0.0,0.0,0.0,0.0,0.0,0.0,0.0,0.0,0.0,10.0,,tree cover
12451,131,1.0,1.0,0.0,0.0,0.0,0.0,0.0,0.0,0.0,0.0,0.0,10.0,,tree cover
12562,122,0.982,1.0,0.0,0.0,0.0,0.0,0.0,0.0,0.0,0.0,0.0,10.0,,tree cover
12673,110,0.886,1.0,0.0,0.0,0.0,0.0,0.0,0.0,0.0,0.0,0.0,10.0,,tree cover
12784,112,0.902,1.0,0.0,0.0,0.0,0.0,0.0,0.0,0.0,0.0,0.0,10.0,,tree cover
12895,121,0.974,1.0,0.0,0.0,0.0,0.0,0.0,0.0,0.0,0.0,0.0,10.0,,tree cover
13006,121,0.974,1.0,0.0,0.0,0.0,0.0,0.0,0.0,0.0,0.0,0.0,10.0,,tree cover
13117,121,0.974,1.0,0.0,0.0,0.0,0.0,0.0,0.0,0.0,0.0,0.0,10.0,,tree cover
13228,130,1.0,1.0,0.0,0.0,0.0,0.0,0.0,0.0,0.0,0.0,0.0,10.0,,tree cover
13339,123,0.99,1.0,0.0,0.0,0.0,0.0,0.0,0.0,0.0,0.0,0.0,10.0,,tree cover
13450,121,0.974,1.0,0.0,0.0,0.0,0.0,0.0,0.0,0.0,0.0,0.0,10.0,,tree cover
13561,121,0.974,1.0,0.0,0.0,0.0,0.0,0.0,0.0,0.0,0.0,0.0,10.0,,tree cover
13672,121,0.974,1.0,0.0,0.0,0.0,0.0,0.0,0.0,0.0,0.0,0.0,10.0,,tree cover
13783,121,0.974,1.0,0.0,0.0,0.0,0.0,0.0,0.0,0.0,0.0,0.0,10.0,,tree cover
13894,118,0.95,1.0,0.0,0.0,0.0,0.0,0.0,0.0,0.0,0.0,0.0,10.0,,tree cover
14005,119,0.958,1.0,0.0,0.0,0.0,0.0,0.0,0.0,0.0,0.0,0.0,10.0,,tree cover
14116,117,0.942,1.0,0.0,0.0,0.0,0.0,0.0,0.0,0.0,0.0,0.0,10.0,,tree cover
14227,121,0.974,1.0,0.0,0.0,0.0,0.0,0.0,0.0,0.0,0.0,0.0,10.0,,tree cover
14338,121,0.974,1.0,0.0,0.0,0.0,0.0,0.0,0.0,0.0,0.0,0.0,10.0,,tree cover
14449,121,0.974,1.0,0.0,0.0,0.0,0.0,0.0,0.0,0.0,0.0,0.0,10.0,,tree cover
14560,121,0.974,1.0,0.0,0.0,0.0,0.0,0.0,0.0,0.0,0.0,0.0,10.0,,tree cover
14671,121,0.974,1.0,0.0,0.0,0.0,0.0,0.0,0.0,0.0,0.0,0.0,10.0,,tree cover
14782,130,1.0,1.0,0.0,0.0,0.0,0.0,0.0,0.0,0.0,0.0,0.0,10.0,,tree cover
14893,123,0.99,1.0,0.0,0.0,0.0,0.0,0.0,0.0,0.0,0.0,0.0,10.0,,tree cover
15004,121,0.974,1.0,0.0,0.0,0.0,0.0,0.0,0.0,0.0,0.0,0.0,10.0,,tree cover
15115,121,0.974,1.0,0.0,0.0,0.0,0.0,0.0,0.0,0.0,0.0,0.0,10.0,,tree cover
15226,115,0.926,1.0,0.0,0.0,0.0,0.0,0.0,0.0,0.0,0.0,0.0,10.0,,tree cover
15337,110,0.886,1.0,0.0,0.0,0.0,0.0,0.0,0.0,0.0,0.0,0.0,10.0,,tree cover
15448,118,0.95,1.0,0.0,0.0,0.0,0.0,0.0,0.0,0.0,0.0,0.0,10.0,,tree cover
16003,121,0.974,0.7273,0.0,0.2727,0.0,0.0,0.0,0.0,0.0,0.0,0.0,10.0,,tree cover
16114,121,0.974,0.5041,0.0,0.4959,0.0,0.0,0.0,0.0,0.0,0.0,0.0,10.0,,tree cover
8900,121,0.974,1.0,0.0,0.0,0.0,0.0,0.0,0.0,0.0,0.0,0.0,10.0,,tree cover
9011,121,0.974,1.0,0.0,0.0,0.0,0.0,0.0,0.0,0.0,0.0,0.0,10.0,,tree cover
9122,121,0.974,1.0,0.0,0.0,0.0,0.0,0.0,0.0,0.0,0.0,0.0,10.0,,tree cover
9233,126,1.0,1.0,0.0,0.0,0.0,0.0,0.0,0.0,0.0,0.0,0.0,10.0,,tree cover
9344,127,1.0,1.0,0.0,0.0,0.0,0.0,0.0,0.0,0.0,0.0,0.0,10.0,,tree cover
9455,121,0.974,1.0,0.0,0.0,0.0,0.0,0.0,0.0,0.0,0.0,0.0,10.0,,tree cover
9566,121,0.974,1.0,0.0,0.0,0.0,0.0,0.0,0.0,0.0,0.0,0.0,10.0,,tree cover
9677,121,0.974,1.0,0.0,0.0,0.0,0.0,0.0,0.0,0.0,0.0,0.0,10.0,,tree cover
9788,121,0.974,1.0,0.0,0.0,0.0,0.0,0.0,0.0,0.0,0.0,0.0,10.0,,tree cover
9899,112,0.902,0.9018,0.0,0.0982,0.0,0.0,0.0,0.0,0.0,0.0,0.0,10.0,,tree cover
10010,114,0.918,0.5,0.0,0.5,0.0,0.0,0.0,0.0,0.0,0.0,0.0,10.0,,tree cover
10121,128,1.0,0.5312,0.0,0.4688,0.0,0.0,0.0,0.0,0.0,0.0,0.0,10.0,,tree cover
10232,121,0.974,0.595,0.0,0.405,0.0,0.0,0.0,0.0,0.0,0.0,0.0,10.0,,tree cover
10343,121,0.974,1.0,0.0,0.0,0.0,0.0,0.0,0.0,0.0,0.0,0.0,10.0,,tree cover
10454,121,0.974,1.0,0.0,0.0,0.0,0.0,0.0,0.0,0.0,0.0,0.0,10.0,,tree cover
10565,121,0.974,1.0,0.0,0.0,0.0,0.0,0.0,0.0,0.0,0.0,0.0,10.0,,tree cover
10676,121,0.974,0.6364,0.0,0.0413,0.0,0.0,0.0,0.3223,0.0,0.0,0.0,10.0,ground_water,tree cover
10787,125,1.0,0.864,0.0,0.096,0.0,0.0,0.016,0.024,0.0,0.0,0.0,10.0,,tree cover
10898,128,1.0,1.0,0.0,0.0,0.0,0.0,0.0,0.0,0.0,0.0,0.0,10.0,,tree cover
11009,121,0.974,1.0,0.0,0.0,0.0,0.0,0.0,0.0,0.0,0.0,0.0,10.0,,tree cover
11120,117,0.942,1.0,0.0,0.0,0.0,0.0,0.0,0.0,0.0,0.0,0.0,10.0,,tree cover
11231,110,0.886,1.0,0.0,0.0,0.0,0.0,0.0,0.0,0.0,0.0,0.0,10.0,,tree cover
11342,116,0.934,0.9914,0.0,0.0086,0.0,0.0,0.0,0.0,0.0,0.0,0.0,10.0,,tree cover
11453,121,0.974,1.0,0.0,0.0,0.0,0.0,0.0,0.0,0.0,0.0,0.0,10.0,,tree cover
11564,125,1.0,1.0,0.0,0.0,0.0,0.0,0.0,0.0,0.0,0.0,0.0,10.0,,tree cover
11675,128,1.0,1.0,0.0,0.0,0.0,0.0,0.0,0.0,0.0,0.0,0.0,10.0,,tree cover
11786,121,0.974,1.0,0.0,0.0,0.0,0.0,0.0,0.0,0.0,0.0,0.0,10.0,,tree cover
11897,121,0.974,1.0,0.0,0.0,0.0,0.0,0.0,0.0,0.0,0.0,0.0,10.0,,tree cover
12008,121,0.974,1.0,0.0,0.0,0.0,0.0,0.0,0.0,0.0,0.0,0.0,10.0,,tree cover
12119,121,0.974,1.0,0.0,0.0,0.0,0.0,0.0,0.0,0.0,0.0,0.0,10.0,,tree cover
12230,121,0.974,1.0,0.0,0.0,0.0,0.0,0.0,0.0,0.0,0.0,0.0,10.0,,tree cover
12341,125,1.0,1.0,0.0,0.0,0.0,0.0,0.0,0.0,0.0,0.0,0.0,10.0,,tree cover
12452,119,0.958,1.0,0.0,0.0,0.0,0.0,0.0,0.0,0.0,0.0,0.0,10.0,,tree cover
12563,110,0.886,1.0,0.0,0.0,0.0,0.0,0.0,0.0,0.0,0.0,0.0,10.0,,tree cover
12674,121,0.974,1.0,0.0,0.0,0.0,0.0,0.0,0.0,0.0,0.0,0.0,10.0,,tree cover
12785,121,0.974,1.0,0.0,0.0,0.0,0.0,0.0,0.0,0.0,0.0,0.0,10.0,,tree cover
12896,121,0.974,1.0,0.0,0.0,0.0,0.0,0.0,0.0,0.0,0.0,0.0,10.0,,tree cover
13007,121,0.974,0.8017,0.0,0.1983,0.0,0.0,0.0,0.0,0.0,0.0,0.0,10.0,,tree cover
13118,124,0.998,1.0,0.0,0.0,0.0,0.0,0.0,0.0,0.0,0.0,0.0,10.0,,tree cover
13229,129,1.0,1.0,0.0,0.0,0.0,0.0,0.0,0.0,0.0,0.0,0.0,10.0,,tree cover
13340,121,0.974,1.0,0.0,0.0,0.0,0.0,0.0,0.0,0.0,0.0,0.0,10.0,,tree cover
13451,121,0.974,1.0,0.0,0.0,0.0,0.0,0.0,0.0,0.0,0.0,0.0,10.0,,tree cover
13562,121,0.974,0.876,0.0,0.124,0.0,0.0,0.0,0.0,0.0,0.0,0.0,10.0,,tree cover
13673,120,0.966,0.95,0.0,0.05,0.0,0.0,0.0,0.0,0.0,0.0,0.0,10.0,,tree cover
13784,110,0.886,1.0,0.0,0.0,0.0,0.0,0.0,0.0,0.0,0.0,0.0,10.0,,tree cover
13895,115,0.926,1.0,0.0,0.0,0.0,0.0,0.0,0.0,0.0,0.0,0.0,10.0,,tree cover
14006,130,1.0,1.0,0.0,0.0,0.0,0.0,0.0,0.0,0.0,0.0,0.0,10.0,,tree cover
14117,121,0.974,1.0,0.0,0.0,0.0,0.0,0.0,0.0,0.0,0.0,0.0,10.0,,tree cover
14228,121,0.974,1.0,0.0,0.0,0.0,0.0,0.0,0.0,0.0,0.0,0.0,10.0,,tree cover
14339,121,0.974,1.0,0.0,0.0,0.0,0.0,0.0,0.0,0.0,0.0,0.0,10.0,,tree cover
14450,121,0.974,1.0,0.0,0.0,0.0,0.0,0.0,0.0,0.0,0.0,0.0,10.0,,tree cover
14561,121,0.974,1.0,0.0,0.0,0.0,0.0,0.0,0.0,0.0,0.0,0.0,10.0,,tree cover
14672,123,0.99,1.0,0.0,0.0,0.0,0.0,0.0,0.0,0.0,0.0,0.0,10.0,,tree cover
14783,130,1.0,1.0,0.0,0.0,0.0,0.0,0.0,0.0,0.0,0.0,0.0,10.0,,tree cover
14894,121,0.974,1.0,0.0,0.0,0.0,0.0,0.0,0.0,0.0,0.0,0.0,10.0,,tree cover
15005,116,0.934,1.0,0.0,0.0,0.0,0.0,0.0,0.0,0.0,0.0,0.0,10.0,,tree cover
15116,110,0.886,1.0,0.0,0.0,0.0,0.0,0.0,0.0,0.0,0.0,0.0,10.0,,tree cover
15227,116,0.934,1.0,0.0,0.0,0.0,0.0,0.0,0.0,0.0,0.0,0.0,10.0,,tree cover
15338,121,0.974,1.0,0.0,0.0,0.0,0.0,0.0,0.0,0.0,0.0,0.0,10.0,,tree cover
15449,123,0.99,1.0,0.0,0.0,0.0,0.0,0.0,0.0,0.0,0.0,0.0,10.0,,tree cover
16115,121,0.974,0.9174,0.0,0.0826,0.0,0.0,0.0,0.0,0.0,0.0,0.0,10.0,,tree cover
8679,121,0.974,1.0,0.0,0.0,0.0,0.0,0.0,0.0,0.0,0.0,0.0,10.0,,tree cover
8790,121,0.974,1.0,0.0,0.0,0.0,0.0,0.0,0.0,0.0,0.0,0.0,10.0,,tree cover
8901,121,0.974,1.0,0.0,0.0,0.0,0.0,0.0,0.0,0.0,0.0,0.0,10.0,,tree cover
9012,121,0.974,1.0,0.0,0.0,0.0,0.0,0.0,0.0,0.0,0.0,0.0,10.0,,tree cover
9123,121,0.974,1.0,0.0,0.0,0.0,0.0,0.0,0.0,0.0,0.0,0.0,10.0,,tree cover
9234,132,1.0,1.0,0.0,0.0,0.0,0.0,0.0,0.0,0.0,0.0,0.0,10.0,,tree cover
9345,121,0.974,1.0,0.0,0.0,0.0,0.0,0.0,0.0,0.0,0.0,0.0,10.0,,tree cover
9456,121,0.974,1.0,0.0,0.0,0.0,0.0,0.0,0.0,0.0,0.0,0.0,10.0,,tree cover
9567,121,0.974,1.0,0.0,0.0,0.0,0.0,0.0,0.0,0.0,0.0,0.0,10.0,,tree cover
9678,114,0.918,1.0,0.0,0.0,0.0,0.0,0.0,0.0,0.0,0.0,0.0,10.0,,tree cover
9789,110,0.886,1.0,0.0,0.0,0.0,0.0,0.0,0.0,0.0,0.0,0.0,10.0,,tree cover
9900,119,0.958,1.0,0.0,0.0,0.0,0.0,0.0,0.0,0.0,0.0,0.0,10.0,,tree cover
10011,132,1.0,0.553,0.0,0.447,0.0,0.0,0.0,0.0,0.0,0.0,0.0,10.0,,tree cover
10122,121,0.974,0.7851,0.0,0.2149,0.0,0.0,0.0,0.0,0.0,0.0,0.0,10.0,,tree cover
10233,121,0.974,1.0,0.0,0.0,0.0,0.0,0.0,0.0,0.0,0.0,0.0,10.0,,tree cover
10344,121,0.974,1.0,0.0,0.0,0.0,0.0,0.0,0.0,0.0,0.0,0.0,10.0,,tree cover
10455,121,0.974,1.0,0.0,0.0,0.0,0.0,0.0,0.0,0.0,0.0,0.0,10.0,,tree cover
10566,121,0.974,1.0,0.0,0.0,0.0,0.0,0.0,0.0,0.0,0.0,0.0,10.0,,tree cover
10677,121,0.974,0.9752,0.0,0.0,0.0165,0.0,0.0,0.0083,0.0,0.0,0.0,10.0,,tree cover
10788,132,1.0,0.2879,0.0,0.3712,0.2576,0.0,0.0227,0.0606,0.0,0.0,0.0,30.0,,grassland
10899,119,0.958,0.5966,0.0,0.1176,0.0,0.0,0.0,0.2857,0.0,0.0,0.0,10.0,,tree cover
11010,110,0.886,1.0,0.0,0.0,0.0,0.0,0.0,0.0,0.0,0.0,0.0,10.0,,tree cover
11121,114,0.918,1.0,0.0,0.0,0.0,0.0,0.0,0.0,0.0,0.0,0.0,10.0,,tree cover
11232,121,0.974,1.0,0.0,0.0,0.0,0.0,0.0,0.0,0.0,0.0,0.0,10.0,,tree cover
11343,121,0.974,1.0,0.0,0.0,0.0,0.0,0.0,0.0,0.0,0.0,0.0,10.0,,tree cover
11454,121,0.974,1.0,0.0,0.0,0.0,0.0,0.0,0.0,0.0,0.0,0.0,10.0,,tree cover
11565,132,1.0,1.0,0.0,0.0,0.0,0.0,0.0,0.0,0.0,0.0,0.0,10.0,,tree cover
11676,121,0.974,1.0,0.0,0.0,0.0,0.0,0.0,0.0,0.0,0.0,0.0,10.0,,tree cover
11787,121,0.974,1.0,0.0,0.0,0.0,0.0,0.0,0.0,0.0,0.0,0.0,10.0,,tree cover
11898,121,0.974,1.0,0.0,0.0,0.0,0.0,0.0,0.0,0.0,0.0,0.0,10.0,,tree cover
12009,121,0.974,1.0,0.0,0.0,0.0,0.0,0.0,0.0,0.0,0.0,0.0,10.0,,tree cover
12120,121,0.974,1.0,0.0,0.0,0.0,0.0,0.0,0.0,0.0,0.0,0.0,10.0,,tree cover
12231,115,0.926,1.0,0.0,0.0,0.0,0.0,0.0,0.0,0.0,0.0,0.0,10.0,,tree cover
12342,120,0.966,1.0,0.0,0.0,0.0,0.0,0.0,0.0,0.0,0.0,0.0,10.0,,tree cover
12453,119,0.958,1.0,0.0,0.0,0.0,0.0,0.0,0.0,0.0,0.0,0.0,10.0,,tree cover
12564,121,0.974,1.0,0.0,0.0,0.0,0.0,0.0,0.0,0.0,0.0,0.0,10.0,,tree cover
12675,121,0.974,1.0,0.0,0.0,0.0,0.0,0.0,0.0,0.0,0.0,0.0,10.0,,tree cover
12786,121,0.974,1.0,0.0,0.0,0.0,0.0,0.0,0.0,0.0,0.0,0.0,10.0,,tree cover
12897,121,0.974,1.0,0.0,0.0,0.0,0.0,0.0,0.0,0.0,0.0,0.0,10.0,,tree cover
13008,121,0.974,1.0,0.0,0.0,0.0,0.0,0.0,0.0,0.0,0.0,0.0,10.0,,tree cover
13119,132,1.0,0.9924,0.0,0.0076,0.0,0.0,0.0,0.0,0.0,0.0,0.0,10.0,,tree cover
13230,121,0.974,1.0,0.0,0.0,0.0,0.0,0.0,0.0,0.0,0.0,0.0,10.0,,tree cover
13341,121,0.974,1.0,0.0,0.0,0.0,0.0,0.0,0.0,0.0,0.0,0.0,10.0,,tree cover
13452,121,0.974,1.0,0.0,0.0,0.0,0.0,0.0,0.0,0.0,0.0,0.0,10.0,,tree cover
13563,111,0.894,1.0,0.0,0.0,0.0,0.0,0.0,0.0,0.0,0.0,0.0,10.0,,tree cover
13674,111,0.894,1.0,0.0,0.0,0.0,0.0,0.0,0.0,0.0,0.0,0.0,10.0,,tree cover
13785,121,0.974,1.0,0.0,0.0,0.0,0.0,0.0,0.0,0.0,0.0,0.0,10.0,,tree cover
13896,132,1.0,1.0,0.0,0.0,0.0,0.0,0.0,0.0,0.0,0.0,0.0,10.0,,tree cover
14007,121,0.974,1.0,0.0,0.0,0.0,0.0,0.0,0.0,0.0,0.0,0.0,10.0,,tree cover
14118,121,0.974,1.0,0.0,0.0,0.0,0.0,0.0,0.0,0.0,0.0,0.0,10.0,,tree cover
14229,121,0.974,1.0,0.0,0.0,0.0,0.0,0.0,0.0,0.0,0.0,0.0,10.0,,tree cover
14340,121,0.974,1.0,0.0,0.0,0.0,0.0,0.0,0.0,0.0,0.0,0.0,10.0,,tree cover
14451,121,0.974,1.0,0.0,0.0,0.0,0.0,0.0,0.0,0.0,0.0,0.0,10.0,,tree cover
14562,121,0.974,1.0,0.0,0.0,0.0,0.0,0.0,0.0,0.0,0.0,0.0,10.0,,tree cover
14673,132,1.0,1.0,0.0,0.0,0.0,0.0,0.0,0.0,0.0,0.0,0.0,10.0,,tree cover
14784,118,0.95,1.0,0.0,0.0,0.0,0.0,0.0,0.0,0.0,0.0,0.0,10.0,,tree cover
14895,110,0.886,1.0,0.0,0.0,0.0,0.0,0.0,0.0,0.0,0.0,0.0,10.0,,tree cover
15006,115,0.926,1.0,0.0,0.0,0.0,0.0,0.0,0.0,0.0,0.0,0.0,10.0,,tree cover
15117,121,0.974,1.0,0.0,0.0,0.0,0.0,0.0,0.0,0.0,0.0,0.0,10.0,,tree cover
15228,121,0.974,1.0,0.0,0.0,0.0,0.0,0.0,0.0,0.0,0.0,0.0,10.0,,tree cover
15339,121,0.974,1.0,0.0,0.0,0.0,0.0,0.0,0.0,0.0,0.0,0.0,10.0,,tree cover
15450,132,1.0,1.0,0.0,0.0,0.0,0.0,0.0,0.0,0.0,0.0,0.0,10.0,,tree cover
8569,121,0.974,1.0,0.0,0.0,0.0,0.0,0.0,0.0,0.0,0.0,0.0,10.0,,tree cover
8680,121,0.974,1.0,0.0,0.0,0.0,0.0,0.0,0.0,0.0,0.0,0.0,10.0,,tree cover
8791,121,0.974,1.0,0.0,0.0,0.0,0.0,0.0,0.0,0.0,0.0,0.0,10.0,,tree cover
8902,121,0.974,1.0,0.0,0.0,0.0,0.0,0.0,0.0,0.0,0.0,0.0,10.0,,tree cover
9013,121,0.974,1.0,0.0,0.0,0.0,0.0,0.0,0.0,0.0,0.0,0.0,10.0,,tree cover
9124,131,1.0,1.0,0.0,0.0,0.0,0.0,0.0,0.0,0.0,0.0,0.0,10.0,,tree cover
9235,122,0.982,0.9836,0.0,0.0,0.0,0.0164,0.0,0.0,0.0,0.0,0.0,10.0,,tree cover
9346,121,0.974,1.0,0.0,0.0,0.0,0.0,0.0,0.0,0.0,0.0,0.0,10.0,,tree cover
9457,116,0.934,1.0,0.0,0.0,0.0,0.0,0.0,0.0,0.0,0.0,0.0,10.0,,tree cover
9568,110,0.886,1.0,0.0,0.0,0.0,0.0,0.0,0.0,0.0,0.0,0.0,10.0,,tree cover
9679,117,0.942,1.0,0.0,0.0,0.0,0.0,0.0,0.0,0.0,0.0,0.0,10.0,,tree cover
9790,121,0.974,1.0,0.0,0.0,0.0,0.0,0.0,0.0,0.0,0.0,0.0,10.0,,tree cover
9901,130,1.0,1.0,0.0,0.0,0.0,0.0,0.0,0.0,0.0,0.0,0.0,10.0,,tree cover
10012,123,0.99,0.6504,0.0,0.3496,0.0,0.0,0.0,0.0,0.0,0.0,0.0,10.0,,tree cover
10123,121,0.974,0.9917,0.0,0.0083,0.0,0.0,0.0,0.0,0.0,0.0,0.0,10.0,,tree cover
10234,121,0.974,1.0,0.0,0.0,0.0,0.0,0.0,0.0,0.0,0.0,0.0,10.0,,tree cover
10345,121,0.974,1.0,0.0,0.0,0.0,0.0,0.0,0.0,0.0,0.0,0.0,10.0,,tree cover
10456,121,0.974,1.0,0.0,0.0,0.0,0.0,0.0,0.0,0.0,0.0,0.0,10.0,,tree cover
10567,121,0.974,1.0,0.0,0.0,0.0,0.0,0.0,0.0,0.0,0.0,0.0,10.0,,tree cover
10678,130,1.0,1.0,0.0,0.0,0.0,0.0,0.0,0.0,0.0,0.0,0.0,10.0,,tree cover
10789,112,0.902,0.8661,0.0,0.0,0.1339,0.0,0.0,0.0,0.0,0.0,0.0,10.0,,tree cover
10900,112,0.902,0.2232,0.0,0.1339,0.3393,0.0,0.0,0.3036,0.0,0.0,0.0,40.0,ground_water,cropland
11011,121,0.974,0.7273,0.0,0.0,0.0,0.0,0.0,0.2727,0.0,0.0,0.0,10.0,,tree cover
11122,121,0.974,1.0,0.0,0.0,0.0,0.0,0.0,0.0,0.0,0.0,0.0,10.0,,tree cover
11233,121,0.974,1.0,0.0,0.0,0.0,0.0,0.0,0.0,0.0,0.0,0.0,10.0,,tree cover
11344,121,0.974,1.0,0.0,0.0,0.0,0.0,0.0,0.0,0.0,0.0,0.0,10.0,,tree cover
11455,129,1.0,1.0,0.0,0.0,0.0,0.0,0.0,0.0,0.0,0.0,0.0,10.0,,tree cover
11566,124,0.998,1.0,0.0,0.0,0.0,0.0,0.0,0.0,0.0,0.0,0.0,10.0,,tree cover
11677,121,0.974,1.0,0.0,0.0,0.0,0.0,0.0,0.0,0.0,0.0,0.0,10.0,,tree cover
11788,121,0.974,1.0,0.0,0.0,0.0,0.0,0.0,0.0,0.0,0.0,0.0,10.0,,tree cover
11899,121,0.974,1.0,0.0,0.0,0.0,0.0,0.0,0.0,0.0,0.0,0.0,10.0,,tree cover
12010,117,0.942,1.0,0.0,0.0,0.0,0.0,0.0,0.0,0.0,0.0,0.0,10.0,,tree cover
12121,110,0.886,1.0,0.0,0.0,0.0,0.0,0.0,0.0,0.0,0.0,0.0,10.0,,tree cover
12232,123,0.99,1.0,0.0,0.0,0.0,0.0,0.0,0.0,0.0,0.0,0.0,10.0,,tree cover
12343,125,1.0,1.0,0.0,0.0,0.0,0.0,0.0,0.0,0.0,0.0,0.0,10.0,,tree cover
12454,121,0.974,1.0,0.0,0.0,0.0,0.0,0.0,0.0,0.0,0.0,0.0,10.0,,tree cover
12565,121,0.974,1.0,0.0,0.0,0.0,0.0,0.0,0.0,0.0,0.0,0.0,10.0,,tree cover
12676,121,0.974,1.0,0.0,0.0,0.0,0.0,0.0,0.0,0.0,0.0,0.0,10.0,,tree cover
12787,121,0.974,1.0,0.0,0.0,0.0,0.0,0.0,0.0,0.0,0.0,0.0,10.0,,tree cover
12898,121,0.974,1.0,0.0,0.0,0.0,0.0,0.0,0.0,0.0,0.0,0.0,10.0,,tree cover
13009,128,1.0,1.0,0.0,0.0,0.0,0.0,0.0,0.0,0.0,0.0,0.0,10.0,,tree cover
13120,125,1.0,1.0,0.0,0.0,0.0,0.0,0.0,0.0,0.0,0.0,0.0,10.0,,tree cover
13231,121,0.974,0.9504,0.0,0.0496,0.0,0.0,0.0,0.0,0.0,0.0,0.0,10.0,,tree cover
13342,113,0.91,0.9558,0.0,0.0442,0.0,0.0,0.0,0.0,0.0,0.0,0.0,10.0,,tree cover
13453,110,0.886,1.0,0.0,0.0,0.0,0.0,0.0,0.0,0.0,0.0,0.0,10.0,,tree cover
13564,120,0.966,1.0,0.0,0.0,0.0,0.0,0.0,0.0,0.0,0.0,0.0,10.0,,tree cover
13675,121,0.974,0.9752,0.0,0.0248,0.0,0.0,0.0,0.0,0.0,0.0,0.0,10.0,,tree cover
13786,127,1.0,1.0,0.0,0.0,0.0,0.0,0.0,0.0,0.0,0.0,0.0,10.0,,tree cover
13897,126,1.0,1.0,0.0,0.0,0.0,0.0,0.0,0.0,0.0,0.0,0.0,10.0,,tree cover
14008,121,0.974,1.0,0.0,0.0,0.0,0.0,0.0,0.0,0.0,0.0,0.0,10.0,,tree cover
14119,121,0.974,1.0,0.0,0.0,0.0,0.0,0.0,0.0,0.0,0.0,0.0,10.0,,tree cover
14230,121,0.974,1.0,0.0,0.0,0.0,0.0,0.0,0.0,0.0,0.0,0.0,10.0,,tree cover
14341,121,0.974,1.0,0.0,0.0,0.0,0.0,0.0,0.0,0.0,0.0,0.0,10.0,,tree cover
14452,121,0.974,1.0,0.0,0.0,0.0,0.0,0.0,0.0,0.0,0.0,0.0,10.0,,tree cover
14563,127,1.0,1.0,0.0,0.0,0.0,0.0,0.0,0.0,0.0,0.0,0.0,10.0,,tree cover
14674,114,0.918,1.0,0.0,0.0,0.0,0.0,0.0,0.0,0.0,0.0,0.0,10.0,,tree cover
14785,113,0.91,1.0,0.0,0.0,0.0,0.0,0.0,0.0,0.0,0.0,0.0,10.0,,tree cover
14896,121,0.974,1.0,0.0,0.0,0.0,0.0,0.0,0.0,0.0,0.0,0.0,10.0,,tree cover
15007,121,0.974,1.0,0.0,0.0,0.0,0.0,0.0,0.0,0.0,0.0,0.0,10.0,,tree cover
15118,121,0.974,1.0,0.0,0.0,0.0,0.0,0.0,0.0,0.0,0.0,0.0,10.0,,tree cover
15229,121,0.974,1.0,0.0,0.0,0.0,0.0,0.0,0.0,0.0,0.0,0.0,10.0,,tree cover
15340,127,1.0,1.0,0.0,0.0,0.0,0.0,0.0,0.0,0.0,0.0,0.0,10.0,,tree cover
15451,126,1.0,1.0,0.0,0.0,0.0,0.0,0.0,0.0,0.0,0.0,0.0,10.0,,tree cover
1355,121,0.974,0.7934,0.0,0.0,0.0,0.2066,0.0,0.0,0.0,0.0,0.0,10.0,,tree cover
1466,121,0.974,0.9835,0.0,0.0,0.0,0.0165,0.0,0.0,0.0,0.0,0.0,10.0,,tree cover
8459,121,0.974,1.0,0.0,0.0,0.0,0.0,0.0,0.0,0.0,0.0,0.0,10.0,,tree cover
8570,121,0.974,1.0,0.0,0.0,0.0,0.0,0.0,0.0,0.0,0.0,0.0,10.0,,tree cover
8681,121,0.974,1.0,0.0,0.0,0.0,0.0,0.0,0.0,0.0,0.0,0.0,10.0,,tree cover
8792,121,0.974,1.0,0.0,0.0,0.0,0.0,0.0,0.0,0.0,0.0,0.0,10.0,,tree cover
8903,121,0.974,1.0,0.0,0.0,0.0,0.0,0.0,0.0,0.0,0.0,0.0,10.0,,tree cover
9014,125,1.0,1.0,0.0,0.0,0.0,0.0,0.0,0.0,0.0,0.0,0.0,10.0,,tree cover
9125,128,1.0,0.9922,0.0,0.0,0.0,0.0078,0.0,0.0,0.0,0.0,0.0,10.0,,tree cover
9236,119,0.958,0.7815,0.0,0.0,0.0,0.2185,0.0,0.0,0.0,0.0,0.0,10.0,,tree cover
9347,110,0.886,1.0,0.0,0.0,0.0,0.0,0.0,0.0,0.0,0.0,0.0,10.0,,tree cover
9458,115,0.926,1.0,0.0,0.0,0.0,0.0,0.0,0.0,0.0,0.0,0.0,10.0,,tree cover
9569,121,0.974,1.0,0.0,0.0,0.0,0.0,0.0,0.0,0.0,0.0,0.0,10.0,,tree cover
9680,121,0.974,1.0,0.0,0.0,0.0,0.0,0.0,0.0,0.0,0.0,0.0,10.0,,tree cover
9791,124,0.998,1.0,0.0,0.0,0.0,0.0,0.0,0.0,0.0,0.0,0.0,10.0,,tree cover
9902,129,1.0,1.0,0.0,0.0,0.0,0.0,0.0,0.0,0.0,0.0,0.0,10.0,,tree cover
10013,121,0.974,1.0,0.0,0.0,0.0,0.0,0.0,0.0,0.0,0.0,0.0,10.0,,tree cover
10124,121,0.974,1.0,0.0,0.0,0.0,0.0,0.0,0.0,0.0,0.0,0.0,10.0,,tree cover
10235,121,0.974,1.0,0.0,0.0,0.0,0.0,0.0,0.0,0.0,0.0,0.0,10.0,,tree cover
10346,121,0.974,1.0,0.0,0.0,0.0,0.0,0.0,0.0,0.0,0.0,0.0,10.0,,tree cover
10457,121,0.974,1.0,0.0,0.0,0.0,0.0,0.0,0.0,0.0,0.0,0.0,10.0,,tree cover
10568,115,0.926,1.0,0.0,0.0,0.0,0.0,0.0,0.0,0.0,0.0,0.0,10.0,,tree cover
10679,118,0.95,1.0,0.0,0.0,0.0,0.0,0.0,0.0,0.0,0.0,0.0,10.0,,tree cover
10790,121,0.974,1.0,0.0,0.0,0.0,0.0,0.0,0.0,0.0,0.0,0.0,10.0,,tree cover
10901,121,0.974,0.9504,0.0,0.0,0.0496,0.0,0.0,0.0,0.0,0.0,0.0,10.0,,tree cover
11123,121,0.974,1.0,0.0,0.0,0.0,0.0,0.0,0.0,0.0,0.0,0.0,10.0,,tree cover
11234,121,0.974,1.0,0.0,0.0,0.0,0.0,0.0,0.0,0.0,0.0,0.0,10.0,,tree cover
11345,123,0.99,1.0,0.0,0.0,0.0,0.0,0.0,0.0,0.0,0.0,0.0,10.0,,tree cover
11456,130,1.0,1.0,0.0,0.0,0.0,0.0,0.0,0.0,0.0,0.0,0.0,10.0,,tree cover
11567,121,0.974,1.0,0.0,0.0,0.0,0.0,0.0,0.0,0.0,0.0,0.0,10.0,,tree cover
11678,121,0.974,1.0,0.0,0.0,0.0,0.0,0.0,0.0,0.0,0.0,0.0,10.0,,tree cover
11789,119,0.958,1.0,0.0,0.0,0.0,0.0,0.0,0.0,0.0,0.0,0.0,10.0,,tree cover
11900,110,0.886,1.0,0.0,0.0,0.0,0.0,0.0,0.0,0.0,0.0,0.0,10.0,,tree cover
12011,114,0.918,1.0,0.0,0.0,0.0,0.0,0.0,0.0,0.0,0.0,0.0,10.0,,tree cover
12122,122,0.982,1.0,0.0,0.0,0.0,0.0,0.0,0.0,0.0,0.0,0.0,10.0,,tree cover
12233,131,1.0,1.0,0.0,0.0,0.0,0.0,0.0,0.0,0.0,0.0,0.0,10.0,,tree cover
12344,121,0.974,1.0,0.0,0.0,0.0,0.0,0.0,0.0,0.0,0.0,0.0,10.0,,tree cover
12455,121,0.974,1.0,0.0,0.0,0.0,0.0,0.0,0.0,0.0,0.0,0.0,10.0,,tree cover
12566,121,0.974,1.0,0.0,0.0,0.0,0.0,0.0,0.0,0.0,0.0,0.0,10.0,,tree cover
12677,121,0.974,1.0,0.0,0.0,0.0,0.0,0.0,0.0,0.0,0.0,0.0,10.0,,tree cover
12788,121,0.974,1.0,0.0,0.0,0.0,0.0,0.0,0.0,0.0,0.0,0.0,10.0,,tree cover
12899,122,0.982,1.0,0.0,0.0,0.0,0.0,0.0,0.0,0.0,0.0,0.0,10.0,,tree cover
13010,131,1.0,1.0,0.0,0.0,0.0,0.0,0.0,0.0,0.0,0.0,0.0,10.0,,tree cover
13121,114,0.918,1.0,0.0,0.0,0.0,0.0,0.0,0.0,0.0,0.0,0.0,10.0,,tree cover
13232,110,0.886,1.0,0.0,0.0,0.0,0.0,0.0,0.0,0.0,0.0,0.0,10.0,,tree cover
13343,118,0.95,1.0,0.0,0.0,0.0,0.0,0.0,0.0,0.0,0.0,0.0,10.0,,tree cover
13454,121,0.974,1.0,0.0,0.0,0.0,0.0,0.0,0.0,0.0,0.0,0.0,10.0,,tree cover
13565,121,0.974,0.9917,0.0,0.0083,0.0,0.0,0.0,0.0,0.0,0.0,0.0,10.0,,tree cover
13676,121,0.974,0.9587,0.0,0.0413,0.0,0.0,0.0,0.0,0.0,0.0,0.0,10.0,,tree cover
13787,132,1.0,1.0,0.0,0.0,0.0,0.0,0.0,0.0,0.0,0.0,0.0,10.0,,tree cover
13898,121,0.974,1.0,0.0,0.0,0.0,0.0,0.0,0.0,0.0,0.0,0.0,10.0,,tree cover
14009,121,0.974,1.0,0.0,0.0,0.0,0.0,0.0,0.0,0.0,0.0,0.0,10.0,,tree cover
14120,121,0.974,1.0,0.0,0.0,0.0,0.0,0.0,0.0,0.0,0.0,0.0,10.0,,tree cover
14231,121,0.974,0.9835,0.0,0.0165,0.0,0.0,0.0,0.0,0.0,0.0,0.0,10.0,,tree cover
14342,121,0.974,1.0,0.0,0.0,0.0,0.0,0.0,0.0,0.0,0.0,0.0,10.0,,tree cover
14453,112,0.902,1.0,0.0,0.0,0.0,0.0,0.0,0.0,0.0,0.0,0.0,10.0,,tree cover
14564,121,0.974,1.0,0.0,0.0,0.0,0.0,0.0,0.0,0.0,0.0,0.0,10.0,,tree cover
14675,121,0.974,1.0,0.0,0.0,0.0,0.0,0.0,0.0,0.0,0.0,0.0,10.0,,tree cover
14786,121,0.974,1.0,0.0,0.0,0.0,0.0,0.0,0.0,0.0,0.0,0.0,10.0,,tree cover
14897,121,0.974,1.0,0.0,0.0,0.0,0.0,0.0,0.0,0.0,0.0,0.0,10.0,,tree cover
15008,121,0.974,1.0,0.0,0.0,0.0,0.0,0.0,0.0,0.0,0.0,0.0,10.0,,tree cover
15119,121,0.974,1.0,0.0,0.0,0.0,0.0,0.0,0.0,0.0,0.0,0.0,10.0,,tree cover
15230,121,0.974,1.0,0.0,0.0,0.0,0.0,0.0,0.0,0.0,0.0,0.0,10.0,,tree cover
1356,121,0.974,1.0,0.0,0.0,0.0,0.0,0.0,0.0,0.0,0.0,0.0,10.0,,tree cover
1467,121,0.974,1.0,0.0,0.0,0.0,0.0,0.0,0.0,0.0,0.0,0.0,10.0,,tree cover
1578,116,0.934,1.0,0.0,0.0,0.0,0.0,0.0,0.0,0.0,0.0,0.0,10.0,,tree cover
8238,132,1.0,1.0,0.0,0.0,0.0,0.0,0.0,0.0,0.0,0.0,0.0,10.0,,tree cover
8349,121,0.974,1.0,0.0,0.0,0.0,0.0,0.0,0.0,0.0,0.0,0.0,10.0,,tree cover
8460,121,0.974,1.0,0.0,0.0,0.0,0.0,0.0,0.0,0.0,0.0,0.0,10.0,,tree cover
8571,121,0.974,1.0,0.0,0.0,0.0,0.0,0.0,0.0,0.0,0.0,0.0,10.0,,tree cover
8682,121,0.974,1.0,0.0,0.0,0.0,0.0,0.0,0.0,0.0,0.0,0.0,10.0,,tree cover
8793,121,0.974,1.0,0.0,0.0,0.0,0.0,0.0,0.0,0.0,0.0,0.0,10.0,,tree cover
8904,121,0.974,1.0,0.0,0.0,0.0,0.0,0.0,0.0,0.0,0.0,0.0,10.0,,tree cover
9015,132,1.0,1.0,0.0,0.0,0.0,0.0,0.0,0.0,0.0,0.0,0.0,10.0,,tree cover
9126,110,0.886,1.0,0.0,0.0,0.0,0.0,0.0,0.0,0.0,0.0,0.0,10.0,,tree cover
9237,112,0.902,1.0,0.0,0.0,0.0,0.0,0.0,0.0,0.0,0.0,0.0,10.0,,tree cover
9348,121,0.974,1.0,0.0,0.0,0.0,0.0,0.0,0.0,0.0,0.0,0.0,10.0,,tree cover
9459,121,0.974,1.0,0.0,0.0,0.0,0.0,0.0,0.0,0.0,0.0,0.0,10.0,,tree cover
9570,121,0.974,1.0,0.0,0.0,0.0,0.0,0.0,0.0,0.0,0.0,0.0,10.0,,tree cover
9681,121,0.974,1.0,0.0,0.0,0.0,0.0,0.0,0.0,0.0,0.0,0.0,10.0,,tree cover
9792,132,1.0,1.0,0.0,0.0,0.0,0.0,0.0,0.0,0.0,0.0,0.0,10.0,,tree cover
9903,121,0.974,1.0,0.0,0.0,0.0,0.0,0.0,0.0,0.0,0.0,0.0,10.0,,tree cover
10014,121,0.974,1.0,0.0,0.0,0.0,0.0,0.0,0.0,0.0,0.0,0.0,10.0,,tree cover
10125,121,0.974,1.0,0.0,0.0,0.0,0.0,0.0,0.0,0.0,0.0,0.0,10.0,,tree cover
10236,121,0.974,1.0,0.0,0.0,0.0,0.0,0.0,0.0,0.0,0.0,0.0,10.0,,tree cover
10347,116,0.934,1.0,0.0,0.0,0.0,0.0,0.0,0.0,0.0,0.0,0.0,10.0,,tree cover
10458,110,0.886,1.0,0.0,0.0,0.0,0.0,0.0,0.0,0.0,0.0,0.0,10.0,,tree cover
10569,129,1.0,1.0,0.0,0.0,0.0,0.0,0.0,0.0,0.0,0.0,0.0,10.0,,tree cover
10680,121,0.974,1.0,0.0,0.0,0.0,0.0,0.0,0.0,0.0,0.0,0.0,10.0,,tree cover
10791,121,0.974,1.0,0.0,0.0,0.0,0.0,0.0,0.0,0.0,0.0,0.0,10.0,,tree cover
10902,121,0.974,1.0,0.0,0.0,0.0,0.0,0.0,0.0,0.0,0.0,0.0,10.0,,tree cover
11013,121,0.974,0.4298,0.0,0.0,0.438,0.0,0.0,0.1322,0.0,0.0,0.0,40.0,,cropland
11124,121,0.974,0.7934,0.0,0.0,0.0331,0.0,0.0,0.1736,0.0,0.0,0.0,10.0,,tree cover
11235,121,0.974,1.0,0.0,0.0,0.0,0.0,0.0,0.0,0.0,0.0,0.0,10.0,,tree cover
11346,132,1.0,1.0,0.0,0.0,0.0,0.0,0.0,0.0,0.0,0.0,0.0,10.0,,tree cover
11457,121,0.974,1.0,0.0,0.0,0.0,0.0,0.0,0.0,0.0,0.0,0.0,10.0,,tree cover
11568,121,0.974,1.0,0.0,0.0,0.0,0.0,0.0,0.0,0.0,0.0,0.0,10.0,,tree cover
11679,110,0.886,1.0,0.0,0.0,0.0,0.0,0.0,0.0,0.0,0.0,0.0,10.0,,tree cover
11790,112,0.902,1.0,0.0,0.0,0.0,0.0,0.0,0.0,0.0,0.0,0.0,10.0,,tree cover
11901,121,0.974,1.0,0.0,0.0,0.0,0.0,0.0,0.0,0.0,0.0,0.0,10.0,,tree cover
12012,121,0.974,1.0,0.0,0.0,0.0,0.0,0.0,0.0,0.0,0.0,0.0,10.0,,tree cover
12123,132,1.0,1.0,0.0,0.0,0.0,0.0,0.0,0.0,0.0,0.0,0.0,10.0,,tree cover
12234,121,0.974,1.0,0.0,0.0,0.0,0.0,0.0,0.0,0.0,0.0,0.0,10.0,,tree cover
12345,121,0.974,1.0,0.0,0.0,0.0,0.0,0.0,0.0,0.0,0.0,0.0,10.0,,tree cover
12456,121,0.974,1.0,0.0,0.0,0.0,0.0,0.0,0.0,0.0,0.0,0.0,10.0,,tree cover
12567,121,0.974,1.0,0.0,0.0,0.0,0.0,0.0,0.0,0.0,0.0,0.0,10.0,,tree cover
12678,121,0.974,1.0,0.0,0.0,0.0,0.0,0.0,0.0,0.0,0.0,0.0,10.0,,tree cover
12789,121,0.974,1.0,0.0,0.0,0.0,0.0,0.0,0.0,0.0,0.0,0.0,10.0,,tree cover
12900,127,1.0,1.0,0.0,0.0,0.0,0.0,0.0,0.0,0.0,0.0,0.0,10.0,,tree cover
13011,110,0.886,1.0,0.0,0.0,0.0,0.0,0.0,0.0,0.0,0.0,0.0,10.0,,tree cover
13122,117,0.942,1.0,0.0,0.0,0.0,0.0,0.0,0.0,0.0,0.0,0.0,10.0,,tree cover
13233,121,0.974,0.9256,0.0,0.0744,0.0,0.0,0.0,0.0,0.0,0.0,0.0,10.0,,tree cover
13344,121,0.974,1.0,0.0,0.0,0.0,0.0,0.0,0.0,0.0,0.0,0.0,10.0,,tree cover
13455,121,0.974,1.0,0.0,0.0,0.0,0.0,0.0,0.0,0.0,0.0,0.0,10.0,,tree cover
13566,121,0.974,1.0,0.0,0.0,0.0,0.0,0.0,0.0,0.0,0.0,0.0,10.0,,tree cover
13677,132,1.0,1.0,0.0,0.0,0.0,0.0,0.0,0.0,0.0,0.0,0.0,10.0,,tree cover
13788,121,0.974,1.0,0.0,0.0,0.0,0.0,0.0,0.0,0.0,0.0,0.0,10.0,,tree cover
13899,121,0.974,1.0,0.0,0.0,0.0,0.0,0.0,0.0,0.0,0.0,0.0,10.0,,tree cover
14010,121,0.974,1.0,0.0,0.0,0.0,0.0,0.0,0.0,0.0,0.0,0.0,10.0,,tree cover
14121,121,0.974,0.8926,0.0,0.1074,0.0,0.0,0.0,0.0,0.0,0.0,0.0,10.0,,tree cover
14232,113,0.91,0.531,0.0,0.469,0.0,0.0,0.0,0.0,0.0,0.0,0.0,10.0,,tree cover
14343,110,0.886,0.9818,0.0,0.0182,0.0,0.0,0.0,0.0,0.0,0.0,0.0,10.0,,tree cover
14454,129,1.0,1.0,0.0,0.0,0.0,0.0,0.0,0.0,0.0,0.0,0.0,10.0,,tree cover
14565,122,0.982,1.0,0.0,0.0,0.0,0.0,0.0,0.0,0.0,0.0,0.0,10.0,,tree cover
14676,121,0.974,1.0,0.0,0.0,0.0,0.0,0.0,0.0,0.0,0.0,0.0,10.0,,tree cover
14787,121,0.974,1.0,0.0,0.0,0.0,0.0,0.0,0.0,0.0,0.0,0.0,10.0,,tree cover
14898,121,0.974,1.0,0.0,0.0,0.0,0.0,0.0,0.0,0.0,0.0,0.0,10.0,,tree cover
15009,121,0.974,1.0,0.0,0.0,0.0,0.0,0.0,0.0,0.0,0.0,0.0,10.0,,tree cover
15120,121,0.974,1.0,0.0,0.0,0.0,0.0,0.0,0.0,0.0,0.0,0.0,10.0,,tree cover
15231,131,1.0,0.9847,0.0,0.0,0.0,0.0,0.0,0.0153,0.0,0.0,0.0,10.0,,tree cover
1246,121,0.974,1.0,0.0,0.0,0.0,0.0,0.0,0.0,0.0,0.0,0.0,10.0,,tree cover
1357,119,0.958,1.0,0.0,0.0,0.0,0.0,0.0,0.0,0.0,0.0,0.0,10.0,,tree cover
1468,110,0.886,1.0,0.0,0.0,0.0,0.0,0.0,0.0,0.0,0.0,0.0,10.0,,tree cover
1579,115,0.926,1.0,0.0,0.0,0.0,0.0,0.0,0.0,0.0,0.0,0.0,10.0,,tree cover
1690,121,0.974,1.0,0.0,0.0,0.0,0.0,0.0,0.0,0.0,0.0,0.0,10.0,,tree cover
8128,130,1.0,1.0,0.0,0.0,0.0,0.0,0.0,0.0,0.0,0.0,0.0,10.0,,tree cover
8239,123,0.99,0.9919,0.0,0.0081,0.0,0.0,0.0,0.0,0.0,0.0,0.0,10.0,,tree cover
8350,121,0.974,1.0,0.0,0.0,0.0,0.0,0.0,0.0,0.0,0.0,0.0,10.0,,tree cover
8461,121,0.974,1.0,0.0,0.0,0.0,0.0,0.0,0.0,0.0,0.0,0.0,10.0,,tree cover
8572,121,0.974,1.0,0.0,0.0,0.0,0.0,0.0,0.0,0.0,0.0,0.0,10.0,,tree cover
8683,121,0.974,1.0,0.0,0.0,0.0,0.0,0.0,0.0,0.0,0.0,0.0,10.0,,tree cover
8794,121,0.974,1.0,0.0,0.0,0.0,0.0,0.0,0.0,0.0,0.0,0.0,10.0,,tree cover
8905,120,0.966,1.0,0.0,0.0,0.0,0.0,0.0,0.0,0.0,0.0,0.0,10.0,,tree cover
9016,113,0.91,1.0,0.0,0.0,0.0,0.0,0.0,0.0,0.0,0.0,0.0,10.0,,tree cover
9127,121,0.974,1.0,0.0,0.0,0.0,0.0,0.0,0.0,0.0,0.0,0.0,10.0,,tree cover
9238,121,0.974,1.0,0.0,0.0,0.0,0.0,0.0,0.0,0.0,0.0,0.0,10.0,,tree cover
9349,121,0.974,1.0,0.0,0.0,0.0,0.0,0.0,0.0,0.0,0.0,0.0,10.0,,tree cover
9460,121,0.974,1.0,0.0,0.0,0.0,0.0,0.0,0.0,0.0,0.0,0.0,10.0,,tree cover
9571,121,0.974,1.0,0.0,0.0,0.0,0.0,0.0,0.0,0.0,0.0,0.0,10.0,,tree cover
9682,128,1.0,1.0,0.0,0.0,0.0,0.0,0.0,0.0,0.0,0.0,0.0,10.0,,tree cover
9793,125,1.0,1.0,0.0,0.0,0.0,0.0,0.0,0.0,0.0,0.0,0.0,10.0,,tree cover
9904,121,0.974,1.0,0.0,0.0,0.0,0.0,0.0,0.0,0.0,0.0,0.0,10.0,,tree cover
10015,121,0.974,1.0,0.0,0.0,0.0,0.0,0.0,0.0,0.0,0.0,0.0,10.0,,tree cover
10126,118,0.95,1.0,0.0,0.0,0.0,0.0,0.0,0.0,0.0,0.0,0.0,10.0,,tree cover
10237,110,0.886,1.0,0.0,0.0,0.0,0.0,0.0,0.0,0.0,0.0,0.0,10.0,,tree cover
10348,115,0.926,1.0,0.0,0.0,0.0,0.0,0.0,0.0,0.0,0.0,0.0,10.0,,tree cover
10459,127,1.0,1.0,0.0,0.0,0.0,0.0,0.0,0.0,0.0,0.0,0.0,10.0,,tree cover
10570,126,1.0,1.0,0.0,0.0,0.0,0.0,0.0,0.0,0.0,0.0,0.0,10.0,,tree cover
10681,121,0.974,1.0,0.0,0.0,0.0,0.0,0.0,0.0,0.0,0.0,0.0,10.0,,tree cover
10792,121,0.974,1.0,0.0,0.0,0.0,0.0,0.0,0.0,0.0,0.0,0.0,10.0,,tree cover
10903,121,0.974,1.0,0.0,0.0,0.0,0.0,0.0,0.0,0.0,0.0,0.0,10.0,,tree cover
11014,121,0.974,0.2893,0.0,0.0,0.7107,0.0,0.0,0.0,0.0,0.0,0.0,40.0,,cropland
11125,121,0.974,0.6033,0.0,0.0,0.0909,0.0,0.0,0.3058,0.0,0.0,0.0,10.0,ground_water,tree cover
11236,127,1.0,1.0,0.0,0.0,0.0,0.0,0.0,0.0,0.0,0.0,0.0,10.0,,tree cover
11347,126,1.0,1.0,0.0,0.0,0.0,0.0,0.0,0.0,0.0,0.0,0.0,10.0,,tree cover
11458,112,0.902,1.0,0.0,0.0,0.0,0.0,0.0,0.0,0.0,0.0,0.0,10.0,,tree cover
11569,110,0.886,1.0,0.0,0.0,0.0,0.0,0.0,0.0,0.0,0.0,0.0,10.0,,tree cover
11680,121,0.974,1.0,0.0,0.0,0.0,0.0,0.0,0.0,0.0,0.0,0.0,10.0,,tree cover
11791,121,0.974,1.0,0.0,0.0,0.0,0.0,0.0,0.0,0.0,0.0,0.0,10.0,,tree cover
11902,121,0.974,1.0,0.0,0.0,0.0,0.0,0.0,0.0,0.0,0.0,0.0,10.0,,tree cover
12013,126,1.0,1.0,0.0,0.0,0.0,0.0,0.0,0.0,0.0,0.0,0.0,10.0,,tree cover
12124,127,1.0,1.0,0.0,0.0,0.0,0.0,0.0,0.0,0.0,0.0,0.0,10.0,,tree cover
12235,121,0.974,1.0,0.0,0.0,0.0,0.0,0.0,0.0,0.0,0.0,0.0,10.0,,tree cover
12346,121,0.974,1.0,0.0,0.0,0.0,0.0,0.0,0.0,0.0,0.0,0.0,10.0,,tree cover
12457,121,0.974,1.0,0.0,0.0,0.0,0.0,0.0,0.0,0.0,0.0,0.0,10.0,,tree cover
12568,121,0.974,1.0,0.0,0.0,0.0,0.0,0.0,0.0,0.0,0.0,0.0,10.0,,tree cover
12679,119,0.958,1.0,0.0,0.0,0.0,0.0,0.0,0.0,0.0,0.0,0.0,10.0,,tree cover
12790,114,0.918,1.0,0.0,0.0,0.0,0.0,0.0,0.0,0.0,0.0,0.0,10.0,,tree cover
12901,121,0.974,1.0,0.0,0.0,0.0,0.0,0.0,0.0,0.0,0.0,0.0,10.0,,tree cover
13012,121,0.974,1.0,0.0,0.0,0.0,0.0,0.0,0.0,0.0,0.0,0.0,10.0,,tree cover
13123,121,0.974,1.0,0.0,0.0,0.0,0.0,0.0,0.0,0.0,0.0,0.0,10.0,,tree cover
13234,121,0.974,1.0,0.0,0.0,0.0,0.0,0.0,0.0,0.0,0.0,0.0,10.0,,tree cover
13345,121,0.974,1.0,0.0,0.0,0.0,0.0,0.0,0.0,0.0,0.0,0.0,10.0,,tree cover
13456,121,0.974,1.0,0.0,0.0,0.0,0.0,0.0,0.0,0.0,0.0,0.0,10.0,,tree cover
13567,125,1.0,1.0,0.0,0.0,0.0,0.0,0.0,0.0,0.0,0.0,0.0,10.0,,tree cover
13678,128,1.0,1.0,0.0,0.0,0.0,0.0,0.0,0.0,0.0,0.0,0.0,10.0,,tree cover
13789,121,0.974,1.0,0.0,0.0,0.0,0.0,0.0,0.0,0.0,0.0,0.0,10.0,,tree cover
13900,121,0.974,1.0,0.0,0.0,0.0,0.0,0.0,0.0,0.0,0.0,0.0,10.0,,tree cover
14011,115,0.926,1.0,0.0,0.0,0.0,0.0,0.0,0.0,0.0,0.0,0.0,10.0,,tree cover
14122,110,0.886,1.0,0.0,0.0,0.0,0.0,0.0,0.0,0.0,0.0,0.0,10.0,,tree cover
14233,118,0.95,1.0,0.0,0.0,0.0,0.0,0.0,0.0,0.0,0.0,0.0,10.0,,tree cover
14344,124,0.998,1.0,0.0,0.0,0.0,0.0,0.0,0.0,0.0,0.0,0.0,10.0,,tree cover
14455,129,1.0,1.0,0.0,0.0,0.0,0.0,0.0,0.0,0.0,0.0,0.0,10.0,,tree cover
14566,121,0.974,1.0,0.0,0.0,0.0,0.0,0.0,0.0,0.0,0.0,0.0,10.0,,tree cover
14677,121,0.974,1.0,0.0,0.0,0.0,0.0,0.0,0.0,0.0,0.0,0.0,10.0,,tree cover
14788,121,0.974,0.9917,0.0,0.0083,0.0,0.0,0.0,0.0,0.0,0.0,0.0,10.0,,tree cover
14899,121,0.974,1.0,0.0,0.0,0.0,0.0,0.0,0.0,0.0,0.0,0.0,10.0,,tree cover
15010,121,0.974,1.0,0.0,0.0,0.0,0.0,0.0,0.0,0.0,0.0,0.0,10.0,,tree cover
15121,124,0.998,1.0,0.0,0.0,0.0,0.0,0.0,0.0,0.0,0.0,0.0,10.0,,tree cover
1247,111,0.894,1.0,0.0,0.0,0.0,0.0,0.0,0.0,0.0,0.0,0.0,10.0,,tree cover
1358,112,0.902,1.0,0.0,0.0,0.0,0.0,0.0,0.0,0.0,0.0,0.0,10.0,,tree cover
1469,121,0.974,1.0,0.0,0.0,0.0,0.0,0.0,0.0,0.0,0.0,0.0,10.0,,tree cover
1580,121,0.974,1.0,0.0,0.0,0.0,0.0,0.0,0.0,0.0,0.0,0.0,10.0,,tree cover
1691,121,0.974,0.8264,0.0,0.0744,0.0992,0.0,0.0,0.0,0.0,0.0,0.0,10.0,,tree cover
1802,131,1.0,0.0687,0.0,0.0076,0.9237,0.0,0.0,0.0,0.0,0.0,0.0,40.0,,cropland
1913,122,0.982,0.0,0.0,0.0,1.0,0.0,0.0,0.0,0.0,0.0,0.0,40.0,,cropland
8018,123,0.99,1.0,0.0,0.0,0.0,0.0,0.0,0.0,0.0,0.0,0.0,10.0,,tree cover
8129,130,1.0,1.0,0.0,0.0,0.0,0.0,0.0,0.0,0.0,0.0,0.0,10.0,,tree cover
8240,121,0.974,1.0,0.0,0.0,0.0,0.0,0.0,0.0,0.0,0.0,0.0,10.0,,tree cover
8351,121,0.974,1.0,0.0,0.0,0.0,0.0,0.0,0.0,0.0,0.0,0.0,10.0,,tree cover
8462,121,0.974,1.0,0.0,0.0,0.0,0.0,0.0,0.0,0.0,0.0,0.0,10.0,,tree cover
8573,121,0.974,1.0,0.0,0.0,0.0,0.0,0.0,0.0,0.0,0.0,0.0,10.0,,tree cover
8684,115,0.926,1.0,0.0,0.0,0.0,0.0,0.0,0.0,0.0,0.0,0.0,10.0,,tree cover
8795,111,0.894,1.0,0.0,0.0,0.0,0.0,0.0,0.0,0.0,0.0,0.0,10.0,,tree cover
8906,128,1.0,1.0,0.0,0.0,0.0,0.0,0.0,0.0,0.0,0.0,0.0,10.0,,tree cover
9017,121,0.974,1.0,0.0,0.0,0.0,0.0,0.0,0.0,0.0,0.0,0.0,10.0,,tree cover
9128,121,0.974,1.0,0.0,0.0,0.0,0.0,0.0,0.0,0.0,0.0,0.0,10.0,,tree cover
9239,121,0.974,0.9917,0.0,0.0,0.0,0.0083,0.0,0.0,0.0,0.0,0.0,10.0,,tree cover
9350,121,0.974,1.0,0.0,0.0,0.0,0.0,0.0,0.0,0.0,0.0,0.0,10.0,,tree cover
9461,121,0.974,1.0,0.0,0.0,0.0,0.0,0.0,0.0,0.0,0.0,0.0,10.0,,tree cover
9572,122,0.982,1.0,0.0,0.0,0.0,0.0,0.0,0.0,0.0,0.0,0.0,10.0,,tree cover
9683,131,1.0,1.0,0.0,0.0,0.0,0.0,0.0,0.0,0.0,0.0,0.0,10.0,,tree cover
9794,121,0.974,1.0,0.0,0.0,0.0,0.0,0.0,0.0,0.0,0.0,0.0,10.0,,tree cover
9905,120,0.966,1.0,0.0,0.0,0.0,0.0,0.0,0.0,0.0,0.0,0.0,10.0,,tree cover
10016,110,0.886,1.0,0.0,0.0,0.0,0.0,0.0,0.0,0.0,0.0,0.0,10.0,,tree cover
10127,113,0.91,1.0,0.0,0.0,0.0,0.0,0.0,0.0,0.0,0.0,0.0,10.0,,tree cover
10238,121,0.974,1.0,0.0,0.0,0.0,0.0,0.0,0.0,0.0,0.0,0.0,10.0,,tree cover
10349,121,0.974,1.0,0.0,0.0,0.0,0.0,0.0,0.0,0.0,0.0,0.0,10.0,,tree cover
10460,132,1.0,1.0,0.0,0.0,0.0,0.0,0.0,0.0,0.0,0.0,0.0,10.0,,tree cover
10571,121,0.974,1.0,0.0,0.0,0.0,0.0,0.0,0.0,0.0,0.0,0.0,10.0,,tree cover
10682,121,0.974,1.0,0.0,0.0,0.0,0.0,0.0,0.0,0.0,0.0,0.0,10.0,,tree cover
10793,121,0.974,1.0,0.0,0.0,0.0,0.0,0.0,0.0,0.0,0.0,0.0,10.0,,tree cover
10904,121,0.974,0.6529,0.0,0.0,0.3471,0.0,0.0,0.0,0.0,0.0,0.0,10.0,,tree cover
11015,121,0.974,0.0413,0.0,0.0,0.9587,0.0,0.0,0.0,0.0,0.0,0.0,40.0,,cropland
11126,121,0.974,0.4793,0.0,0.0,0.1653,0.0,0.0,0.3554,0.0,0.0,0.0,10.0,ground_water,tree cover
11237,125,1.0,1.0,0.0,0.0,0.0,0.0,0.0,0.0,0.0,0.0,0.0,10.0,,tree cover
11348,110,0.886,1.0,0.0,0.0,0.0,0.0,0.0,0.0,0.0,0.0,0.0,10.0,,tree cover
11459,119,0.958,1.0,0.0,0.0,0.0,0.0,0.0,0.0,0.0,0.0,0.0,10.0,,tree cover
11570,121,0.974,1.0,0.0,0.0,0.0,0.0,0.0,0.0,0.0,0.0,0.0,10.0,,tree cover
11681,121,0.974,1.0,0.0,0.0,0.0,0.0,0.0,0.0,0.0,0.0,0.0,10.0,,tree cover
11792,121,0.974,1.0,0.0,0.0,0.0,0.0,0.0,0.0,0.0,0.0,0.0,10.0,,tree cover
11903,121,0.974,1.0,0.0,0.0,0.0,0.0,0.0,0.0,0.0,0.0,0.0,10.0,,tree cover
12014,132,1.0,1.0,0.0,0.0,0.0,0.0,0.0,0.0,0.0,0.0,0.0,10.0,,tree cover
12125,121,0.974,1.0,0.0,0.0,0.0,0.0,0.0,0.0,0.0,0.0,0.0,10.0,,tree cover
12236,121,0.974,1.0,0.0,0.0,0.0,0.0,0.0,0.0,0.0,0.0,0.0,10.0,,tree cover
12347,121,0.974,1.0,0.0,0.0,0.0,0.0,0.0,0.0,0.0,0.0,0.0,10.0,,tree cover
12458,121,0.974,1.0,0.0,0.0,0.0,0.0,0.0,0.0,0.0,0.0,0.0,10.0,,tree cover
12569,110,0.886,1.0,0.0,0.0,0.0,0.0,0.0,0.0,0.0,0.0,0.0,10.0,,tree cover
12680,112,0.902,1.0,0.0,0.0,0.0,0.0,0.0,0.0,0.0,0.0,0.0,10.0,,tree cover
12791,132,1.0,1.0,0.0,0.0,0.0,0.0,0.0,0.0,0.0,0.0,0.0,10.0,,tree cover
12902,121,0.974,1.0,0.0,0.0,0.0,0.0,0.0,0.0,0.0,0.0,0.0,10.0,,tree cover
13013,121,0.974,1.0,0.0,0.0,0.0,0.0,0.0,0.0,0.0,0.0,0.0,10.0,,tree cover
13124,121,0.974,1.0,0.0,0.0,0.0,0.0,0.0,0.0,0.0,0.0,0.0,10.0,,tree cover
13235,121,0.974,1.0,0.0,0.0,0.0,0.0,0.0,0.0,0.0,0.0,0.0,10.0,,tree cover
13346,121,0.974,1.0,0.0,0.0,0.0,0.0,0.0,0.0,0.0,0.0,0.0,10.0,,tree cover
13457,121,0.974,1.0,0.0,0.0,0.0,0.0,0.0,0.0,0.0,0.0,0.0,10.0,,tree cover
13568,132,1.0,1.0,0.0,0.0,0.0,0.0,0.0,0.0,0.0,0.0,0.0,10.0,,tree cover
13679,121,0.974,1.0,0.0,0.0,0.0,0.0,0.0,0.0,0.0,0.0,0.0,10.0,,tree cover
13790,117,0.942,1.0,0.0,0.0,0.0,0.0,0.0,0.0,0.0,0.0,0.0,10.0,,tree cover
13901,110,0.886,1.0,0.0,0.0,0.0,0.0,0.0,0.0,0.0,0.0,0.0,10.0,,tree cover
14012,116,0.934,1.0,0.0,0.0,0.0,0.0,0.0,0.0,0.0,0.0,0.0,10.0,,tree cover
14123,121,0.974,1.0,0.0,0.0,0.0,0.0,0.0,0.0,0.0,0.0,0.0,10.0,,tree cover
14234,121,0.974,1.0,0.0,0.0,0.0,0.0,0.0,0.0,0.0,0.0,0.0,10.0,,tree cover
14345,132,1.0,1.0,0.0,0.0,0.0,0.0,0.0,0.0,0.0,0.0,0.0,10.0,,tree cover
14456,121,0.974,1.0,0.0,0.0,0.0,0.0,0.0,0.0,0.0,0.0,0.0,10.0,,tree cover
14567,121,0.974,1.0,0.0,0.0,0.0,0.0,0.0,0.0,0.0,0.0,0.0,10.0,,tree cover
14678,121,0.974,1.0,0.0,0.0,0.0,0.0,0.0,0.0,0.0,0.0,0.0,10.0,,tree cover
14789,121,0.974,0.9752,0.0,0.0248,0.0,0.0,0.0,0.0,0.0,0.0,0.0,10.0,,tree cover
14900,121,0.974,1.0,0.0,0.0,0.0,0.0,0.0,0.0,0.0,0.0,0.0,10.0,,tree cover
15011,121,0.974,1.0,0.0,0.0,0.0,0.0,0.0,0.0,0.0,0.0,0.0,10.0,,tree cover
1248,120,0.966,1.0,0.0,0.0,0.0,0.0,0.0,0.0,0.0,0.0,0.0,10.0,,tree cover
1359,121,0.974,1.0,0.0,0.0,0.0,0.0,0.0,0.0,0.0,0.0,0.0,10.0,,tree cover
1470,121,0.974,1.0,0.0,0.0,0.0,0.0,0.0,0.0,0.0,0.0,0.0,10.0,,tree cover
1581,121,0.974,1.0,0.0,0.0,0.0,0.0,0.0,0.0,0.0,0.0,0.0,10.0,,tree cover
1692,126,1.0,0.4206,0.0,0.0,0.5794,0.0,0.0,0.0,0.0,0.0,0.0,40.0,,cropland
1803,127,1.0,0.0,0.0,0.0157,0.9843,0.0,0.0,0.0,0.0,0.0,0.0,40.0,,cropland
1914,121,0.974,0.0909,0.0,0.0496,0.8595,0.0,0.0,0.0,0.0,0.0,0.0,40.0,,cropland
2025,121,0.974,0.2397,0.0,0.2727,0.4876,0.0,0.0,0.0,0.0,0.0,0.0,40.0,,cropland
7797,121,0.974,1.0,0.0,0.0,0.0,0.0,0.0,0.0,0.0,0.0,0.0,10.0,,tree cover
7908,121,0.974,1.0,0.0,0.0,0.0,0.0,0.0,0.0,0.0,0.0,0.0,10.0,,tree cover
8019,132,1.0,1.0,0.0,0.0,0.0,0.0,0.0,0.0,0.0,0.0,0.0,10.0,,tree cover
8130,121,0.974,1.0,0.0,0.0,0.0,0.0,0.0,0.0,0.0,0.0,0.0,10.0,,tree cover
8241,121,0.974,1.0,0.0,0.0,0.0,0.0,0.0,0.0,0.0,0.0,0.0,10.0,,tree cover
8352,121,0.974,0.9917,0.0,0.0083,0.0,0.0,0.0,0.0,0.0,0.0,0.0,10.0,,tree cover
8463,118,0.95,1.0,0.0,0.0,0.0,0.0,0.0,0.0,0.0,0.0,0.0,10.0,,tree cover
8574,110,0.886,1.0,0.0,0.0,0.0,0.0,0.0,0.0,0.0,0.0,0.0,10.0,,tree cover
8685,116,0.934,1.0,0.0,0.0,0.0,0.0,0.0,0.0,0.0,0.0,0.0,10.0,,tree cover
8796,132,1.0,1.0,0.0,0.0,0.0,0.0,0.0,0.0,0.0,0.0,0.0,10.0,,tree cover
8907,121,0.974,1.0,0.0,0.0,0.0,0.0,0.0,0.0,0.0,0.0,0.0,10.0,,tree cover
9018,121,0.974,1.0,0.0,0.0,0.0,0.0,0.0,0.0,0.0,0.0,0.0,10.0,,tree cover
9129,121,0.974,1.0,0.0,0.0,0.0,0.0,0.0,0.0,0.0,0.0,0.0,10.0,,tree cover
9240,121,0.974,1.0,0.0,0.0,0.0,0.0,0.0,0.0,0.0,0.0,0.0,10.0,,tree cover
9351,121,0.974,1.0,0.0,0.0,0.0,0.0,0.0,0.0,0.0,0.0,0.0,10.0,,tree cover
9462,121,0.974,1.0,0.0,0.0,0.0,0.0,0.0,0.0,0.0,0.0,0.0,10.0,,tree cover
9573,132,1.0,1.0,0.0,0.0,0.0,0.0,0.0,0.0,0.0,0.0,0.0,10.0,,tree cover
9684,121,0.974,1.0,0.0,0.0,0.0,0.0,0.0,0.0,0.0,0.0,0.0,10.0,,tree cover
9795,111,0.894,1.0,0.0,0.0,0.0,0.0,0.0,0.0,0.0,0.0,0.0,10.0,,tree cover
9906,111,0.894,1.0,0.0,0.0,0.0,0.0,0.0,0.0,0.0,0.0,0.0,10.0,,tree cover
10017,121,0.974,1.0,0.0,0.0,0.0,0.0,0.0,0.0,0.0,0.0,0.0,10.0,,tree cover
10128,121,0.974,1.0,0.0,0.0,0.0,0.0,0.0,0.0,0.0,0.0,0.0,10.0,,tree cover
10239,121,0.974,1.0,0.0,0.0,0.0,0.0,0.0,0.0,0.0,0.0,0.0,10.0,,tree cover
10350,132,1.0,1.0,0.0,0.0,0.0,0.0,0.0,0.0,0.0,0.0,0.0,10.0,,tree cover
10461,121,0.974,1.0,0.0,0.0,0.0,0.0,0.0,0.0,0.0,0.0,0.0,10.0,,tree cover
10572,121,0.974,1.0,0.0,0.0,0.0,0.0,0.0,0.0,0.0,0.0,0.0,10.0,,tree cover
10683,121,0.974,1.0,0.0,0.0,0.0,0.0,0.0,0.0,0.0,0.0,0.0,10.0,,tree cover
10794,121,0.974,1.0,0.0,0.0,0.0,0.0,0.0,0.0,0.0,0.0,0.0,10.0,,tree cover
10905,121,0.974,0.3471,0.0,0.0744,0.5785,0.0,0.0,0.0,0.0,0.0,0.0,40.0,,cropland
11016,117,0.942,0.2735,0.0,0.0598,0.6667,0.0,0.0,0.0,0.0,0.0,0.0,40.0,,cropland
11127,120,0.966,0.6583,0.0,0.0083,0.0917,0.0,0.0,0.2417,0.0,0.0,0.0,10.0,,tree cover
11238,117,0.942,1.0,0.0,0.0,0.0,0.0,0.0,0.0,0.0,0.0,0.0,10.0,,tree cover
11349,121,0.974,1.0,0.0,0.0,0.0,0.0,0.0,0.0,0.0,0.0,0.0,10.0,,tree cover
11460,121,0.974,1.0,0.0,0.0,0.0,0.0,0.0,0.0,0.0,0.0,0.0,10.0,,tree cover
11571,121,0.974,1.0,0.0,0.0,0.0,0.0,0.0,0.0,0.0,0.0,0.0,10.0,,tree cover
11682,121,0.974,1.0,0.0,0.0,0.0,0.0,0.0,0.0,0.0,0.0,0.0,10.0,,tree cover
11793,121,0.974,1.0,0.0,0.0,0.0,0.0,0.0,0.0,0.0,0.0,0.0,10.0,,tree cover
11904,131,1.0,1.0,0.0,0.0,0.0,0.0,0.0,0.0,0.0,0.0,0.0,10.0,,tree cover
12015,122,0.982,1.0,0.0,0.0,0.0,0.0,0.0,0.0,0.0,0.0,0.0,10.0,,tree cover
12126,121,0.974,1.0,0.0,0.0,0.0,0.0,0.0,0.0,0.0,0.0,0.0,10.0,,tree cover
12237,121,0.974,1.0,0.0,0.0,0.0,0.0,0.0,0.0,0.0,0.0,0.0,10.0,,tree cover
12348,112,0.902,1.0,0.0,0.0,0.0,0.0,0.0,0.0,0.0,0.0,0.0,10.0,,tree cover
12459,110,0.886,1.0,0.0,0.0,0.0,0.0,0.0,0.0,0.0,0.0,0.0,10.0,,tree cover
12570,121,0.974,1.0,0.0,0.0,0.0,0.0,0.0,0.0,0.0,0.0,0.0,10.0,,tree cover
12681,130,1.0,1.0,0.0,0.0,0.0,0.0,0.0,0.0,0.0,0.0,0.0,10.0,,tree cover
12792,123,0.99,1.0,0.0,0.0,0.0,0.0,0.0,0.0,0.0,0.0,0.0,10.0,,tree cover
12903,121,0.974,1.0,0.0,0.0,0.0,0.0,0.0,0.0,0.0,0.0,0.0,10.0,,tree cover
13014,121,0.974,1.0,0.0,0.0,0.0,0.0,0.0,0.0,0.0,0.0,0.0,10.0,,tree cover
13125,121,0.974,1.0,0.0,0.0,0.0,0.0,0.0,0.0,0.0,0.0,0.0,10.0,,tree cover
13236,121,0.974,1.0,0.0,0.0,0.0,0.0,0.0,0.0,0.0,0.0,0.0,10.0,,tree cover
13347,121,0.974,1.0,0.0,0.0,0.0,0.0,0.0,0.0,0.0,0.0,0.0,10.0,,tree cover
13458,130,1.0,1.0,0.0,0.0,0.0,0.0,0.0,0.0,0.0,0.0,0.0,10.0,,tree cover
13569,121,0.974,1.0,0.0,0.0,0.0,0.0,0.0,0.0,0.0,0.0,0.0,10.0,,tree cover
13680,110,0.886,1.0,0.0,0.0,0.0,0.0,0.0,0.0,0.0,0.0,0.0,10.0,,tree cover
13791,114,0.918,1.0,0.0,0.0,0.0,0.0,0.0,0.0,0.0,0.0,0.0,10.0,,tree cover
13902,121,0.974,1.0,0.0,0.0,0.0,0.0,0.0,0.0,0.0,0.0,0.0,10.0,,tree cover
14013,121,0.974,1.0,0.0,0.0,0.0,0.0,0.0,0.0,0.0,0.0,0.0,10.0,,tree cover
14124,121,0.974,1.0,0.0,0.0,0.0,0.0,0.0,0.0,0.0,0.0,0.0,10.0,,tree cover
14235,129,1.0,1.0,0.0,0.0,0.0,0.0,0.0,0.0,0.0,0.0,0.0,10.0,,tree cover
14346,124,0.998,1.0,0.0,0.0,0.0,0.0,0.0,0.0,0.0,0.0,0.0,10.0,,tree cover
14457,121,0.974,0.9917,0.0,0.0083,0.0,0.0,0.0,0.0,0.0,0.0,0.0,10.0,,tree cover
14568,121,0.974,1.0,0.0,0.0,0.0,0.0,0.0,0.0,0.0,0.0,0.0,10.0,,tree cover
14679,121,0.974,1.0,0.0,0.0,0.0,0.0,0.0,0.0,0.0,0.0,0.0,10.0,,tree cover
14790,121,0.974,1.0,0.0,0.0,0.0,0.0,0.0,0.0,0.0,0.0,0.0,10.0,,tree cover
14901,116,0.934,1.0,0.0,0.0,0.0,0.0,0.0,0.0,0.0,0.0,0.0,10.0,,tree cover
1249,121,0.974,0.8843,0.0,0.0744,0.0413,0.0,0.0,0.0,0.0,0.0,0.0,10.0,,tree cover
1360,121,0.974,1.0,0.0,0.0,0.0,0.0,0.0,0.0,0.0,0.0,0.0,10.0,,tree cover
1582,121,0.974,1.0,0.0,0.0,0.0,0.0,0.0,0.0,0.0,0.0,0.0,10.0,,tree cover
1693,132,1.0,0.697,0.0,0.1667,0.1364,0.0,0.0,0.0,0.0,0.0,0.0,10.0,,tree cover
1804,121,0.974,0.1901,0.0,0.1736,0.6364,0.0,0.0,0.0,0.0,0.0,0.0,40.0,,cropland
1915,121,0.974,0.595,0.0,0.0,0.405,0.0,0.0,0.0,0.0,0.0,0.0,10.0,,tree cover
2026,118,0.95,0.7119,0.0,0.178,0.1102,0.0,0.0,0.0,0.0,0.0,0.0,10.0,,tree cover
2137,110,0.886,0.1273,0.0,0.0,0.8727,0.0,0.0,0.0,0.0,0.0,0.0,40.0,,cropland
2248,116,0.934,0.2586,0.0,0.1207,0.5517,0.0,0.069,0.0,0.0,0.0,0.0,40.0,,cropland
7465,121,0.974,1.0,0.0,0.0,0.0,0.0,0.0,0.0,0.0,0.0,0.0,10.0,,tree cover
7576,121,0.974,1.0,0.0,0.0,0.0,0.0,0.0,0.0,0.0,0.0,0.0,10.0,,tree cover
7687,121,0.974,1.0,0.0,0.0,0.0,0.0,0.0,0.0,0.0,0.0,0.0,10.0,,tree cover
7798,121,0.974,1.0,0.0,0.0,0.0,0.0,0.0,0.0,0.0,0.0,0.0,10.0,,tree cover
7909,128,1.0,1.0,0.0,0.0,0.0,0.0,0.0,0.0,0.0,0.0,0.0,10.0,,tree cover
8020,125,1.0,1.0,0.0,0.0,0.0,0.0,0.0,0.0,0.0,0.0,0.0,10.0,,tree cover
8131,121,0.974,1.0,0.0,0.0,0.0,0.0,0.0,0.0,0.0,0.0,0.0,10.0,,tree cover
8242,120,0.966,1.0,0.0,0.0,0.0,0.0,0.0,0.0,0.0,0.0,0.0,10.0,,tree cover
8353,110,0.886,1.0,0.0,0.0,0.0,0.0,0.0,0.0,0.0,0.0,0.0,10.0,,tree cover
8464,113,0.91,1.0,0.0,0.0,0.0,0.0,0.0,0.0,0.0,0.0,0.0,10.0,,tree cover
8575,121,0.974,1.0,0.0,0.0,0.0,0.0,0.0,0.0,0.0,0.0,0.0,10.0,,tree cover
8686,127,1.0,1.0,0.0,0.0,0.0,0.0,0.0,0.0,0.0,0.0,0.0,10.0,,tree cover
8797,126,1.0,1.0,0.0,0.0,0.0,0.0,0.0,0.0,0.0,0.0,0.0,10.0,,tree cover
8908,121,0.974,1.0,0.0,0.0,0.0,0.0,0.0,0.0,0.0,0.0,0.0,10.0,,tree cover
9019,121,0.974,1.0,0.0,0.0,0.0,0.0,0.0,0.0,0.0,0.0,0.0,10.0,,tree cover
9130,121,0.974,1.0,0.0,0.0,0.0,0.0,0.0,0.0,0.0,0.0,0.0,10.0,,tree cover
9241,121,0.974,1.0,0.0,0.0,0.0,0.0,0.0,0.0,0.0,0.0,0.0,10.0,,tree cover
9352,121,0.974,1.0,0.0,0.0,0.0,0.0,0.0,0.0,0.0,0.0,0.0,10.0,,tree cover
9463,127,1.0,1.0,0.0,0.0,0.0,0.0,0.0,0.0,0.0,0.0,0.0,10.0,,tree cover
9574,118,0.95,1.0,0.0,0.0,0.0,0.0,0.0,0.0,0.0,0.0,0.0,10.0,,tree cover
9685,110,0.886,1.0,0.0,0.0,0.0,0.0,0.0,0.0,0.0,0.0,0.0,10.0,,tree cover
9796,120,0.966,1.0,0.0,0.0,0.0,0.0,0.0,0.0,0.0,0.0,0.0,10.0,,tree cover
9907,121,0.974,1.0,0.0,0.0,0.0,0.0,0.0,0.0,0.0,0.0,0.0,10.0,,tree cover
10018,121,0.974,1.0,0.0,0.0,0.0,0.0,0.0,0.0,0.0,0.0,0.0,10.0,,tree cover
10129,121,0.974,1.0,0.0,0.0,0.0,0.0,0.0,0.0,0.0,0.0,0.0,10.0,,tree cover
10240,126,1.0,1.0,0.0,0.0,0.0,0.0,0.0,0.0,0.0,0.0,0.0,10.0,,tree cover
10351,127,1.0,1.0,0.0,0.0,0.0,0.0,0.0,0.0,0.0,0.0,0.0,10.0,,tree cover
10462,121,0.974,1.0,0.0,0.0,0.0,0.0,0.0,0.0,0.0,0.0,0.0,10.0,,tree cover
10573,121,0.974,1.0,0.0,0.0,0.0,0.0,0.0,0.0,0.0,0.0,0.0,10.0,,tree cover
10684,121,0.974,1.0,0.0,0.0,0.0,0.0,0.0,0.0,0.0,0.0,0.0,10.0,,tree cover
10795,119,0.958,1.0,0.0,0.0,0.0,0.0,0.0,0.0,0.0,0.0,0.0,10.0,,tree cover
10906,110,0.886,0.4182,0.0,0.5455,0.0,0.0,0.0364,0.0,0.0,0.0,0.0,30.0,,grassland
11017,117,0.942,0.9487,0.0,0.0256,0.0,0.0,0.0,0.0256,0.0,0.0,0.0,10.0,,tree cover
11128,129,1.0,0.9845,0.0,0.0,0.0,0.0,0.0,0.0155,0.0,0.0,0.0,10.0,,tree cover
11239,121,0.974,1.0,0.0,0.0,0.0,0.0,0.0,0.0,0.0,0.0,0.0,10.0,,tree cover
11350,121,0.974,1.0,0.0,0.0,0.0,0.0,0.0,0.0,0.0,0.0,0.0,10.0,,tree cover
11461,121,0.974,1.0,0.0,0.0,0.0,0.0,0.0,0.0,0.0,0.0,0.0,10.0,,tree cover
11572,121,0.974,1.0,0.0,0.0,0.0,0.0,0.0,0.0,0.0,0.0,0.0,10.0,,tree cover
11683,121,0.974,1.0,0.0,0.0,0.0,0.0,0.0,0.0,0.0,0.0,0.0,10.0,,tree cover
11794,124,0.998,1.0,0.0,0.0,0.0,0.0,0.0,0.0,0.0,0.0,0.0,10.0,,tree cover
11905,129,1.0,1.0,0.0,0.0,0.0,0.0,0.0,0.0,0.0,0.0,0.0,10.0,,tree cover
12016,121,0.974,1.0,0.0,0.0,0.0,0.0,0.0,0.0,0.0,0.0,0.0,10.0,,tree cover
12127,114,0.918,1.0,0.0,0.0,0.0,0.0,0.0,0.0,0.0,0.0,0.0,10.0,,tree cover
12238,110,0.886,1.0,0.0,0.0,0.0,0.0,0.0,0.0,0.0,0.0,0.0,10.0,,tree cover
12349,119,0.958,1.0,0.0,0.0,0.0,0.0,0.0,0.0,0.0,0.0,0.0,10.0,,tree cover
12460,121,0.974,1.0,0.0,0.0,0.0,0.0,0.0,0.0,0.0,0.0,0.0,10.0,,tree cover
12571,123,0.99,1.0,0.0,0.0,0.0,0.0,0.0,0.0,0.0,0.0,0.0,10.0,,tree cover
12682,130,1.0,1.0,0.0,0.0,0.0,0.0,0.0,0.0,0.0,0.0,0.0,10.0,,tree cover
12793,121,0.974,1.0,0.0,0.0,0.0,0.0,0.0,0.0,0.0,0.0,0.0,10.0,,tree cover
12904,121,0.974,1.0,0.0,0.0,0.0,0.0,0.0,0.0,0.0,0.0,0.0,10.0,,tree cover
13015,121,0.974,1.0,0.0,0.0,0.0,0.0,0.0,0.0,0.0,0.0,0.0,10.0,,tree cover
13126,121,0.974,1.0,0.0,0.0,0.0,0.0,0.0,0.0,0.0,0.0,0.0,10.0,,tree cover
13237,121,0.974,1.0,0.0,0.0,0.0,0.0,0.0,0.0,0.0,0.0,0.0,10.0,,tree cover
13348,123,0.99,1.0,0.0,0.0,0.0,0.0,0.0,0.0,0.0,0.0,0.0,10.0,,tree cover
13459,119,0.958,1.0,0.0,0.0,0.0,0.0,0.0,0.0,0.0,0.0,0.0,10.0,,tree cover
13570,112,0.902,1.0,0.0,0.0,0.0,0.0,0.0,0.0,0.0,0.0,0.0,10.0,,tree cover
13681,121,0.974,1.0,0.0,0.0,0.0,0.0,0.0,0.0,0.0,0.0,0.0,10.0,,tree cover
13792,121,0.974,0.9504,0.0,0.0496,0.0,0.0,0.0,0.0,0.0,0.0,0.0,10.0,,tree cover
13903,121,0.974,1.0,0.0,0.0,0.0,0.0,0.0,0.0,0.0,0.0,0.0,10.0,,tree cover
14014,121,0.974,1.0,0.0,0.0,0.0,0.0,0.0,0.0,0.0,0.0,0.0,10.0,,tree cover
14125,122,0.982,0.9508,0.0,0.0492,0.0,0.0,0.0,0.0,0.0,0.0,0.0,10.0,,tree cover
14236,131,1.0,1.0,0.0,0.0,0.0,0.0,0.0,0.0,0.0,0.0,0.0,10.0,,tree cover
14347,121,0.974,1.0,0.0,0.0,0.0,0.0,0.0,0.0,0.0,0.0,0.0,10.0,,tree cover
14458,121,0.974,0.8843,0.0,0.1157,0.0,0.0,0.0,0.0,0.0,0.0,0.0,10.0,,tree cover
14569,121,0.974,1.0,0.0,0.0,0.0,0.0,0.0,0.0,0.0,0.0,0.0,10.0,,tree cover
14680,118,0.95,1.0,0.0,0.0,0.0,0.0,0.0,0.0,0.0,0.0,0.0,10.0,,tree cover
14791,110,0.886,1.0,0.0,0.0,0.0,0.0,0.0,0.0,0.0,0.0,0.0,10.0,,tree cover
1250,121,0.974,0.4463,0.0,0.0331,0.5207,0.0,0.0,0.0,0.0,0.0,0.0,40.0,,cropland
1472,121,0.974,1.0,0.0,0.0,0.0,0.0,0.0,0.0,0.0,0.0,0.0,10.0,,tree cover
1694,122,0.982,0.6475,0.0,0.3525,0.0,0.0,0.0,0.0,0.0,0.0,0.0,10.0,,tree cover
1805,121,0.974,0.281,0.0,0.6529,0.0661,0.0,0.0,0.0,0.0,0.0,0.0,30.0,,grassland
1916,110,0.886,0.5182,0.0,0.2273,0.2545,0.0,0.0,0.0,0.0,0.0,0.0,10.0,,tree cover
2027,113,0.91,0.2566,0.0,0.0,0.7434,0.0,0.0,0.0,0.0,0.0,0.0,40.0,,cropland
2138,121,0.974,0.0,0.0,0.0661,0.8264,0.0,0.1074,0.0,0.0,0.0,0.0,40.0,,cropland
2249,121,0.974,0.5124,0.0,0.0909,0.314,0.0,0.0826,0.0,0.0,0.0,0.0,10.0,,tree cover
2360,129,1.0,0.4186,0.0,0.0465,0.5349,0.0,0.0,0.0,0.0,0.0,0.0,40.0,,cropland
7133,130,1.0,1.0,0.0,0.0,0.0,0.0,0.0,0.0,0.0,0.0,0.0,10.0,,tree cover
7244,121,0.974,0.9835,0.0,0.0165,0.0,0.0,0.0,0.0,0.0,0.0,0.0,10.0,,tree cover
7355,121,0.974,1.0,0.0,0.0,0.0,0.0,0.0,0.0,0.0,0.0,0.0,10.0,,tree cover
7466,121,0.974,1.0,0.0,0.0,0.0,0.0,0.0,0.0,0.0,0.0,0.0,10.0,,tree cover
7577,121,0.974,1.0,0.0,0.0,0.0,0.0,0.0,0.0,0.0,0.0,0.0,10.0,,tree cover
7688,121,0.974,1.0,0.0,0.0,0.0,0.0,0.0,0.0,0.0,0.0,0.0,10.0,,tree cover
7799,122,0.982,1.0,0.0,0.0,0.0,0.0,0.0,0.0,0.0,0.0,0.0,10.0,,tree cover
7910,131,1.0,1.0,0.0,0.0,0.0,0.0,0.0,0.0,0.0,0.0,0.0,10.0,,tree cover
8021,121,0.974,1.0,0.0,0.0,0.0,0.0,0.0,0.0,0.0,0.0,0.0,10.0,,tree cover
8132,111,0.894,1.0,0.0,0.0,0.0,0.0,0.0,0.0,0.0,0.0,0.0,10.0,,tree cover
8243,111,0.894,1.0,0.0,0.0,0.0,0.0,0.0,0.0,0.0,0.0,0.0,10.0,,tree cover
8354,121,0.974,1.0,0.0,0.0,0.0,0.0,0.0,0.0,0.0,0.0,0.0,10.0,,tree cover
8465,121,0.974,1.0,0.0,0.0,0.0,0.0,0.0,0.0,0.0,0.0,0.0,10.0,,tree cover
8576,121,0.974,1.0,0.0,0.0,0.0,0.0,0.0,0.0,0.0,0.0,0.0,10.0,,tree cover
8687,132,1.0,1.0,0.0,0.0,0.0,0.0,0.0,0.0,0.0,0.0,0.0,10.0,,tree cover
8798,121,0.974,1.0,0.0,0.0,0.0,0.0,0.0,0.0,0.0,0.0,0.0,10.0,,tree cover
8909,121,0.974,1.0,0.0,0.0,0.0,0.0,0.0,0.0,0.0,0.0,0.0,10.0,,tree cover
9020,121,0.974,1.0,0.0,0.0,0.0,0.0,0.0,0.0,0.0,0.0,0.0,10.0,,tree cover
9131,121,0.974,1.0,0.0,0.0,0.0,0.0,0.0,0.0,0.0,0.0,0.0,10.0,,tree cover
9242,121,0.974,1.0,0.0,0.0,0.0,0.0,0.0,0.0,0.0,0.0,0.0,10.0,,tree cover
9353,116,0.934,1.0,0.0,0.0,0.0,0.0,0.0,0.0,0.0,0.0,0.0,10.0,,tree cover
9464,120,0.966,0.9417,0.0,0.0083,0.05,0.0,0.0,0.0,0.0,0.0,0.0,10.0,,tree cover
9575,118,0.95,0.9746,0.0,0.0254,0.0,0.0,0.0,0.0,0.0,0.0,0.0,10.0,,tree cover
9686,121,0.974,1.0,0.0,0.0,0.0,0.0,0.0,0.0,0.0,0.0,0.0,10.0,,tree cover
9797,121,0.974,1.0,0.0,0.0,0.0,0.0,0.0,0.0,0.0,0.0,0.0,10.0,,tree cover
9908,121,0.974,1.0,0.0,0.0,0.0,0.0,0.0,0.0,0.0,0.0,0.0,10.0,,tree cover
10019,121,0.974,1.0,0.0,0.0,0.0,0.0,0.0,0.0,0.0,0.0,0.0,10.0,,tree cover
10130,121,0.974,1.0,0.0,0.0,0.0,0.0,0.0,0.0,0.0,0.0,0.0,10.0,,tree cover
10241,132,1.0,1.0,0.0,0.0,0.0,0.0,0.0,0.0,0.0,0.0,0.0,10.0,,tree cover
10352,121,0.974,1.0,0.0,0.0,0.0,0.0,0.0,0.0,0.0,0.0,0.0,10.0,,tree cover
10463,121,0.974,1.0,0.0,0.0,0.0,0.0,0.0,0.0,0.0,0.0,0.0,10.0,,tree cover
10574,121,0.974,1.0,0.0,0.0,0.0,0.0,0.0,0.0,0.0,0.0,0.0,10.0,,tree cover
10685,110,0.886,1.0,0.0,0.0,0.0,0.0,0.0,0.0,0.0,0.0,0.0,10.0,,tree cover
10796,112,0.902,0.9107,0.0,0.0,0.0,0.0,0.0,0.0893,0.0,0.0,0.0,10.0,,tree cover
10907,121,0.974,0.124,0.0,0.0413,0.4876,0.0,0.0331,0.314,0.0,0.0,0.0,40.0,ground_water,cropland
11018,132,1.0,1.0,0.0,0.0,0.0,0.0,0.0,0.0,0.0,0.0,0.0,10.0,,tree cover
11129,121,0.974,1.0,0.0,0.0,0.0,0.0,0.0,0.0,0.0,0.0,0.0,10.0,,tree cover
11240,121,0.974,1.0,0.0,0.0,0.0,0.0,0.0,0.0,0.0,0.0,0.0,10.0,,tree cover
11351,121,0.974,1.0,0.0,0.0,0.0,0.0,0.0,0.0,0.0,0.0,0.0,10.0,,tree cover
11462,121,0.974,1.0,0.0,0.0,0.0,0.0,0.0,0.0,0.0,0.0,0.0,10.0,,tree cover
11573,121,0.974,1.0,0.0,0.0,0.0,0.0,0.0,0.0,0.0,0.0,0.0,10.0,,tree cover
11684,121,0.974,1.0,0.0,0.0,0.0,0.0,0.0,0.0,0.0,0.0,0.0,10.0,,tree cover
11795,132,1.0,1.0,0.0,0.0,0.0,0.0,0.0,0.0,0.0,0.0,0.0,10.0,,tree cover
11906,116,0.934,1.0,0.0,0.0,0.0,0.0,0.0,0.0,0.0,0.0,0.0,10.0,,tree cover
12017,110,0.886,1.0,0.0,0.0,0.0,0.0,0.0,0.0,0.0,0.0,0.0,10.0,,tree cover
12128,117,0.942,1.0,0.0,0.0,0.0,0.0,0.0,0.0,0.0,0.0,0.0,10.0,,tree cover
12239,121,0.974,1.0,0.0,0.0,0.0,0.0,0.0,0.0,0.0,0.0,0.0,10.0,,tree cover
12350,121,0.974,1.0,0.0,0.0,0.0,0.0,0.0,0.0,0.0,0.0,0.0,10.0,,tree cover
12461,121,0.974,1.0,0.0,0.0,0.0,0.0,0.0,0.0,0.0,0.0,0.0,10.0,,tree cover
12572,132,1.0,1.0,0.0,0.0,0.0,0.0,0.0,0.0,0.0,0.0,0.0,10.0,,tree cover
12683,121,0.974,1.0,0.0,0.0,0.0,0.0,0.0,0.0,0.0,0.0,0.0,10.0,,tree cover
12794,121,0.974,1.0,0.0,0.0,0.0,0.0,0.0,0.0,0.0,0.0,0.0,10.0,,tree cover
12905,121,0.974,1.0,0.0,0.0,0.0,0.0,0.0,0.0,0.0,0.0,0.0,10.0,,tree cover
13016,121,0.974,1.0,0.0,0.0,0.0,0.0,0.0,0.0,0.0,0.0,0.0,10.0,,tree cover
13127,121,0.974,1.0,0.0,0.0,0.0,0.0,0.0,0.0,0.0,0.0,0.0,10.0,,tree cover
13238,113,0.91,1.0,0.0,0.0,0.0,0.0,0.0,0.0,0.0,0.0,0.0,10.0,,tree cover
13349,120,0.966,1.0,0.0,0.0,0.0,0.0,0.0,0.0,0.0,0.0,0.0,10.0,,tree cover
13460,121,0.974,1.0,0.0,0.0,0.0,0.0,0.0,0.0,0.0,0.0,0.0,10.0,,tree cover
13571,121,0.974,1.0,0.0,0.0,0.0,0.0,0.0,0.0,0.0,0.0,0.0,10.0,,tree cover
13682,121,0.974,0.9256,0.0,0.0744,0.0,0.0,0.0,0.0,0.0,0.0,0.0,10.0,,tree cover
13793,121,0.974,0.843,0.0,0.157,0.0,0.0,0.0,0.0,0.0,0.0,0.0,10.0,,tree cover
13904,121,0.974,1.0,0.0,0.0,0.0,0.0,0.0,0.0,0.0,0.0,0.0,10.0,,tree cover
14015,121,0.974,1.0,0.0,0.0,0.0,0.0,0.0,0.0,0.0,0.0,0.0,10.0,,tree cover
14126,132,1.0,1.0,0.0,0.0,0.0,0.0,0.0,0.0,0.0,0.0,0.0,10.0,,tree cover
14237,121,0.974,1.0,0.0,0.0,0.0,0.0,0.0,0.0,0.0,0.0,0.0,10.0,,tree cover
14348,121,0.974,1.0,0.0,0.0,0.0,0.0,0.0,0.0,0.0,0.0,0.0,10.0,,tree cover
14459,120,0.966,1.0,0.0,0.0,0.0,0.0,0.0,0.0,0.0,0.0,0.0,10.0,,tree cover
14570,110,0.886,1.0,0.0,0.0,0.0,0.0,0.0,0.0,0.0,0.0,0.0,10.0,,tree cover
14681,113,0.91,1.0,0.0,0.0,0.0,0.0,0.0,0.0,0.0,0.0,0.0,10.0,,tree cover
14792,121,0.974,1.0,0.0,0.0,0.0,0.0,0.0,0.0,0.0,0.0,0.0,10.0,,tree cover
14903,132,1.0,1.0,0.0,0.0,0.0,0.0,0.0,0.0,0.0,0.0,0.0,10.0,,tree cover
15014,121,0.974,1.0,0.0,0.0,0.0,0.0,0.0,0.0,0.0,0.0,0.0,10.0,,tree cover
15125,121,0.974,0.9917,0.0,0.0083,0.0,0.0,0.0,0.0,0.0,0.0,0.0,10.0,,tree cover
1140,121,0.974,0.9835,0.0,0.0165,0.0,0.0,0.0,0.0,0.0,0.0,0.0,10.0,,tree cover
1251,121,0.974,0.3223,0.0,0.6116,0.0661,0.0,0.0,0.0,0.0,0.0,0.0,30.0,,grassland
1362,121,0.974,0.7603,0.0,0.0579,0.1818,0.0,0.0,0.0,0.0,0.0,0.0,10.0,,tree cover
1473,125,1.0,0.52,0.0,0.0,0.48,0.0,0.0,0.0,0.0,0.0,0.0,10.0,,tree cover
1584,128,1.0,0.2266,0.0,0.3828,0.3906,0.0,0.0,0.0,0.0,0.0,0.0,40.0,,cropland
1695,113,0.91,0.1327,0.0,0.646,0.2212,0.0,0.0,0.0,0.0,0.0,0.0,30.0,,grassland
1806,110,0.886,0.8364,0.0,0.1636,0.0,0.0,0.0,0.0,0.0,0.0,0.0,10.0,,tree cover
1917,121,0.974,0.5785,0.0,0.0413,0.3802,0.0,0.0,0.0,0.0,0.0,0.0,10.0,,tree cover
2028,121,0.974,0.0579,0.0,0.0,0.9421,0.0,0.0,0.0,0.0,0.0,0.0,40.0,,cropland
2250,124,0.998,0.0,0.0,0.0968,0.8306,0.0,0.0726,0.0,0.0,0.0,0.0,40.0,,cropland
2361,129,1.0,0.155,0.0,0.031,0.814,0.0,0.0,0.0,0.0,0.0,0.0,40.0,,cropland
2472,121,0.974,0.1488,0.0,0.0083,0.843,0.0,0.0,0.0,0.0,0.0,0.0,40.0,,cropland
6801,112,0.902,1.0,0.0,0.0,0.0,0.0,0.0,0.0,0.0,0.0,0.0,10.0,,tree cover
6912,121,0.974,1.0,0.0,0.0,0.0,0.0,0.0,0.0,0.0,0.0,0.0,10.0,,tree cover
7023,132,1.0,1.0,0.0,0.0,0.0,0.0,0.0,0.0,0.0,0.0,0.0,10.0,,tree cover
7134,121,0.974,1.0,0.0,0.0,0.0,0.0,0.0,0.0,0.0,0.0,0.0,10.0,,tree cover
7245,121,0.974,1.0,0.0,0.0,0.0,0.0,0.0,0.0,0.0,0.0,0.0,10.0,,tree cover
7356,121,0.974,0.876,0.0,0.124,0.0,0.0,0.0,0.0,0.0,0.0,0.0,10.0,,tree cover
7467,121,0.974,1.0,0.0,0.0,0.0,0.0,0.0,0.0,0.0,0.0,0.0,10.0,,tree cover
7578,121,0.974,1.0,0.0,0.0,0.0,0.0,0.0,0.0,0.0,0.0,0.0,10.0,,tree cover
7689,121,0.974,1.0,0.0,0.0,0.0,0.0,0.0,0.0,0.0,0.0,0.0,10.0,,tree cover
7800,132,1.0,1.0,0.0,0.0,0.0,0.0,0.0,0.0,0.0,0.0,0.0,10.0,,tree cover
7911,114,0.918,1.0,0.0,0.0,0.0,0.0,0.0,0.0,0.0,0.0,0.0,10.0,,tree cover
8022,110,0.886,1.0,0.0,0.0,0.0,0.0,0.0,0.0,0.0,0.0,0.0,10.0,,tree cover
8133,120,0.966,0.9917,0.0,0.0083,0.0,0.0,0.0,0.0,0.0,0.0,0.0,10.0,,tree cover
8244,121,0.974,1.0,0.0,0.0,0.0,0.0,0.0,0.0,0.0,0.0,0.0,10.0,,tree cover
8355,121,0.974,1.0,0.0,0.0,0.0,0.0,0.0,0.0,0.0,0.0,0.0,10.0,,tree cover
8466,121,0.974,1.0,0.0,0.0,0.0,0.0,0.0,0.0,0.0,0.0,0.0,10.0,,tree cover
8577,132,1.0,1.0,0.0,0.0,0.0,0.0,0.0,0.0,0.0,0.0,0.0,10.0,,tree cover
8688,121,0.974,1.0,0.0,0.0,0.0,0.0,0.0,0.0,0.0,0.0,0.0,10.0,,tree cover
8799,121,0.974,1.0,0.0,0.0,0.0,0.0,0.0,0.0,0.0,0.0,0.0,10.0,,tree cover
8910,121,0.974,1.0,0.0,0.0,0.0,0.0,0.0,0.0,0.0,0.0,0.0,10.0,,tree cover
9021,121,0.974,1.0,0.0,0.0,0.0,0.0,0.0,0.0,0.0,0.0,0.0,10.0,,tree cover
9132,119,0.958,1.0,0.0,0.0,0.0,0.0,0.0,0.0,0.0,0.0,0.0,10.0,,tree cover
9243,110,0.886,1.0,0.0,0.0,0.0,0.0,0.0,0.0,0.0,0.0,0.0,10.0,,tree cover
9354,125,1.0,1.0,0.0,0.0,0.0,0.0,0.0,0.0,0.0,0.0,0.0,10.0,,tree cover
9465,122,0.982,1.0,0.0,0.0,0.0,0.0,0.0,0.0,0.0,0.0,0.0,10.0,,tree cover
9576,121,0.974,1.0,0.0,0.0,0.0,0.0,0.0,0.0,0.0,0.0,0.0,10.0,,tree cover
9687,121,0.974,1.0,0.0,0.0,0.0,0.0,0.0,0.0,0.0,0.0,0.0,10.0,,tree cover
9798,121,0.974,1.0,0.0,0.0,0.0,0.0,0.0,0.0,0.0,0.0,0.0,10.0,,tree cover
9909,121,0.974,1.0,0.0,0.0,0.0,0.0,0.0,0.0,0.0,0.0,0.0,10.0,,tree cover
10020,121,0.974,1.0,0.0,0.0,0.0,0.0,0.0,0.0,0.0,0.0,0.0,10.0,,tree cover
10131,130,1.0,1.0,0.0,0.0,0.0,0.0,0.0,0.0,0.0,0.0,0.0,10.0,,tree cover
10242,123,0.99,1.0,0.0,0.0,0.0,0.0,0.0,0.0,0.0,0.0,0.0,10.0,,tree cover
10353,121,0.974,1.0,0.0,0.0,0.0,0.0,0.0,0.0,0.0,0.0,0.0,10.0,,tree cover
10464,113,0.91,1.0,0.0,0.0,0.0,0.0,0.0,0.0,0.0,0.0,0.0,10.0,,tree cover
10575,110,0.886,1.0,0.0,0.0,0.0,0.0,0.0,0.0,0.0,0.0,0.0,10.0,,tree cover
10686,121,0.974,1.0,0.0,0.0,0.0,0.0,0.0,0.0,0.0,0.0,0.0,10.0,,tree cover
10797,121,0.974,0.8512,0.0,0.0,0.0331,0.0,0.0083,0.1074,0.0,0.0,0.0,10.0,,tree cover
10908,129,1.0,0.0543,0.0,0.0,0.938,0.0,0.0,0.0078,0.0,0.0,0.0,40.0,,cropland
11019,124,0.998,0.9435,0.0,0.0,0.0565,0.0,0.0,0.0,0.0,0.0,0.0,10.0,,tree cover
11130,121,0.974,1.0,0.0,0.0,0.0,0.0,0.0,0.0,0.0,0.0,0.0,10.0,,tree cover
11241,121,0.974,1.0,0.0,0.0,0.0,0.0,0.0,0.0,0.0,0.0,0.0,10.0,,tree cover
11352,121,0.974,1.0,0.0,0.0,0.0,0.0,0.0,0.0,0.0,0.0,0.0,10.0,,tree cover
11463,121,0.974,1.0,0.0,0.0,0.0,0.0,0.0,0.0,0.0,0.0,0.0,10.0,,tree cover
11574,121,0.974,1.0,0.0,0.0,0.0,0.0,0.0,0.0,0.0,0.0,0.0,10.0,,tree cover
11685,126,1.0,1.0,0.0,0.0,0.0,0.0,0.0,0.0,0.0,0.0,0.0,10.0,,tree cover
11796,113,0.91,1.0,0.0,0.0,0.0,0.0,0.0,0.0,0.0,0.0,0.0,10.0,,tree cover
11907,115,0.926,1.0,0.0,0.0,0.0,0.0,0.0,0.0,0.0,0.0,0.0,10.0,,tree cover
12018,121,0.974,0.9256,0.0,0.0744,0.0,0.0,0.0,0.0,0.0,0.0,0.0,10.0,,tree cover
12129,121,0.974,1.0,0.0,0.0,0.0,0.0,0.0,0.0,0.0,0.0,0.0,10.0,,tree cover
12240,121,0.974,1.0,0.0,0.0,0.0,0.0,0.0,0.0,0.0,0.0,0.0,10.0,,tree cover
12351,121,0.974,1.0,0.0,0.0,0.0,0.0,0.0,0.0,0.0,0.0,0.0,10.0,,tree cover
12462,128,1.0,1.0,0.0,0.0,0.0,0.0,0.0,0.0,0.0,0.0,0.0,10.0,,tree cover
12573,125,1.0,1.0,0.0,0.0,0.0,0.0,0.0,0.0,0.0,0.0,0.0,10.0,,tree cover
12684,121,0.974,1.0,0.0,0.0,0.0,0.0,0.0,0.0,0.0,0.0,0.0,10.0,,tree cover
12795,121,0.974,1.0,0.0,0.0,0.0,0.0,0.0,0.0,0.0,0.0,0.0,10.0,,tree cover
12906,121,0.974,1.0,0.0,0.0,0.0,0.0,0.0,0.0,0.0,0.0,0.0,10.0,,tree cover
13017,115,0.926,1.0,0.0,0.0,0.0,0.0,0.0,0.0,0.0,0.0,0.0,10.0,,tree cover
13128,110,0.886,1.0,0.0,0.0,0.0,0.0,0.0,0.0,0.0,0.0,0.0,10.0,,tree cover
13239,123,0.99,1.0,0.0,0.0,0.0,0.0,0.0,0.0,0.0,0.0,0.0,10.0,,tree cover
13350,127,1.0,1.0,0.0,0.0,0.0,0.0,0.0,0.0,0.0,0.0,0.0,10.0,,tree cover
13461,121,0.974,1.0,0.0,0.0,0.0,0.0,0.0,0.0,0.0,0.0,0.0,10.0,,tree cover
13572,121,0.974,1.0,0.0,0.0,0.0,0.0,0.0,0.0,0.0,0.0,0.0,10.0,,tree cover
13683,121,0.974,0.9091,0.0,0.0909,0.0,0.0,0.0,0.0,0.0,0.0,0.0,10.0,,tree cover
13794,121,0.974,0.9917,0.0,0.0083,0.0,0.0,0.0,0.0,0.0,0.0,0.0,10.0,,tree cover
13905,121,0.974,1.0,0.0,0.0,0.0,0.0,0.0,0.0,0.0,0.0,0.0,10.0,,tree cover
14016,126,1.0,1.0,0.0,0.0,0.0,0.0,0.0,0.0,0.0,0.0,0.0,10.0,,tree cover
14127,127,1.0,1.0,0.0,0.0,0.0,0.0,0.0,0.0,0.0,0.0,0.0,10.0,,tree cover
14238,121,0.974,1.0,0.0,0.0,0.0,0.0,0.0,0.0,0.0,0.0,0.0,10.0,,tree cover
14349,111,0.894,1.0,0.0,0.0,0.0,0.0,0.0,0.0,0.0,0.0,0.0,10.0,,tree cover
14460,111,0.894,1.0,0.0,0.0,0.0,0.0,0.0,0.0,0.0,0.0,0.0,10.0,,tree cover
14571,121,0.974,1.0,0.0,0.0,0.0,0.0,0.0,0.0,0.0,0.0,0.0,10.0,,tree cover
14682,121,0.974,1.0,0.0,0.0,0.0,0.0,0.0,0.0,0.0,0.0,0.0,10.0,,tree cover
14793,125,1.0,1.0,0.0,0.0,0.0,0.0,0.0,0.0,0.0,0.0,0.0,10.0,,tree cover
14904,128,1.0,1.0,0.0,0.0,0.0,0.0,0.0,0.0,0.0,0.0,0.0,10.0,,tree cover
15015,121,0.974,1.0,0.0,0.0,0.0,0.0,0.0,0.0,0.0,0.0,0.0,10.0,,tree cover
1141,121,0.974,0.6446,0.0,0.3554,0.0,0.0,0.0,0.0,0.0,0.0,0.0,10.0,,tree cover
1252,121,0.974,1.0,0.0,0.0,0.0,0.0,0.0,0.0,0.0,0.0,0.0,10.0,,tree cover
1363,121,0.974,1.0,0.0,0.0,0.0,0.0,0.0,0.0,0.0,0.0,0.0,10.0,,tree cover
1474,127,1.0,0.1496,0.0,0.2441,0.6063,0.0,0.0,0.0,0.0,0.0,0.0,40.0,,cropland
1585,110,0.886,0.0,0.0,0.0091,0.9909,0.0,0.0,0.0,0.0,0.0,0.0,40.0,,cropland
1696,118,0.95,0.5254,0.0,0.0,0.4746,0.0,0.0,0.0,0.0,0.0,0.0,10.0,,tree cover
1807,121,0.974,0.1983,0.0,0.3719,0.4298,0.0,0.0,0.0,0.0,0.0,0.0,40.0,,cropland
1918,121,0.974,0.0248,0.0,0.0248,0.9504,0.0,0.0,0.0,0.0,0.0,0.0,40.0,,cropland
2029,121,0.974,0.0,0.0,0.124,0.876,0.0,0.0,0.0,0.0,0.0,0.0,40.0,,cropland
2140,121,0.974,0.0,0.0,0.0,1.0,0.0,0.0,0.0,0.0,0.0,0.0,40.0,,cropland
2251,132,1.0,0.0606,0.0,0.0833,0.6364,0.0,0.1288,0.0909,0.0,0.0,0.0,40.0,,cropland
2362,121,0.974,0.3058,0.0,0.0744,0.6198,0.0,0.0,0.0,0.0,0.0,0.0,40.0,,cropland
2473,121,0.974,0.4215,0.0,0.0083,0.5702,0.0,0.0,0.0,0.0,0.0,0.0,40.0,,cropland
2584,121,0.974,0.0331,0.0,0.3967,0.5702,0.0,0.0,0.0,0.0,0.0,0.0,40.0,,cropland
2695,117,0.942,0.1026,0.0,0.7778,0.1197,0.0,0.0,0.0,0.0,0.0,0.0,30.0,,grassland
6469,113,0.91,0.0619,0.0,0.3451,0.0,0.0,0.5929,0.0,0.0,0.0,0.0,60.0,ground_bare,bare or sparse vegetation
6580,110,0.886,0.4,0.0,0.5818,0.0,0.0,0.0182,0.0,0.0,0.0,0.0,30.0,,grassland
6691,121,0.974,1.0,0.0,0.0,0.0,0.0,0.0,0.0,0.0,0.0,0.0,10.0,,tree cover
6802,121,0.974,1.0,0.0,0.0,0.0,0.0,0.0,0.0,0.0,0.0,0.0,10.0,,tree cover
6913,128,1.0,1.0,0.0,0.0,0.0,0.0,0.0,0.0,0.0,0.0,0.0,10.0,,tree cover
7024,125,1.0,1.0,0.0,0.0,0.0,0.0,0.0,0.0,0.0,0.0,0.0,10.0,,tree cover
7135,121,0.974,0.9917,0.0,0.0083,0.0,0.0,0.0,0.0,0.0,0.0,0.0,10.0,,tree cover
7246,121,0.974,0.9669,0.0,0.0331,0.0,0.0,0.0,0.0,0.0,0.0,0.0,10.0,,tree cover
7357,121,0.974,1.0,0.0,0.0,0.0,0.0,0.0,0.0,0.0,0.0,0.0,10.0,,tree cover
7468,121,0.974,1.0,0.0,0.0,0.0,0.0,0.0,0.0,0.0,0.0,0.0,10.0,,tree cover
7579,121,0.974,0.9091,0.0,0.0909,0.0,0.0,0.0,0.0,0.0,0.0,0.0,10.0,,tree cover
7690,122,0.982,1.0,0.0,0.0,0.0,0.0,0.0,0.0,0.0,0.0,0.0,10.0,,tree cover
7801,115,0.926,1.0,0.0,0.0,0.0,0.0,0.0,0.0,0.0,0.0,0.0,10.0,,tree cover
7912,117,0.942,1.0,0.0,0.0,0.0,0.0,0.0,0.0,0.0,0.0,0.0,10.0,,tree cover
8023,121,0.974,1.0,0.0,0.0,0.0,0.0,0.0,0.0,0.0,0.0,0.0,10.0,,tree cover
8134,121,0.974,1.0,0.0,0.0,0.0,0.0,0.0,0.0,0.0,0.0,0.0,10.0,,tree cover
8245,121,0.974,1.0,0.0,0.0,0.0,0.0,0.0,0.0,0.0,0.0,0.0,10.0,,tree cover
8356,121,0.974,1.0,0.0,0.0,0.0,0.0,0.0,0.0,0.0,0.0,0.0,10.0,,tree cover
8467,126,1.0,1.0,0.0,0.0,0.0,0.0,0.0,0.0,0.0,0.0,0.0,10.0,,tree cover
8578,127,1.0,1.0,0.0,0.0,0.0,0.0,0.0,0.0,0.0,0.0,0.0,10.0,,tree cover
8689,121,0.974,1.0,0.0,0.0,0.0,0.0,0.0,0.0,0.0,0.0,0.0,10.0,,tree cover
8800,121,0.974,1.0,0.0,0.0,0.0,0.0,0.0,0.0,0.0,0.0,0.0,10.0,,tree cover
8911,121,0.974,1.0,0.0,0.0,0.0,0.0,0.0,0.0,0.0,0.0,0.0,10.0,,tree cover
9022,110,0.886,1.0,0.0,0.0,0.0,0.0,0.0,0.0,0.0,0.0,0.0,10.0,,tree cover
9133,112,0.902,1.0,0.0,0.0,0.0,0.0,0.0,0.0,0.0,0.0,0.0,10.0,,tree cover
9244,124,0.998,1.0,0.0,0.0,0.0,0.0,0.0,0.0,0.0,0.0,0.0,10.0,,tree cover
9355,129,1.0,1.0,0.0,0.0,0.0,0.0,0.0,0.0,0.0,0.0,0.0,10.0,,tree cover
9466,121,0.974,1.0,0.0,0.0,0.0,0.0,0.0,0.0,0.0,0.0,0.0,10.0,,tree cover
9577,121,0.974,1.0,0.0,0.0,0.0,0.0,0.0,0.0,0.0,0.0,0.0,10.0,,tree cover
9688,121,0.974,1.0,0.0,0.0,0.0,0.0,0.0,0.0,0.0,0.0,0.0,10.0,,tree cover
9799,121,0.974,1.0,0.0,0.0,0.0,0.0,0.0,0.0,0.0,0.0,0.0,10.0,,tree cover
9910,121,0.974,1.0,0.0,0.0,0.0,0.0,0.0,0.0,0.0,0.0,0.0,10.0,,tree cover
10021,124,0.998,1.0,0.0,0.0,0.0,0.0,0.0,0.0,0.0,0.0,0.0,10.0,,tree cover
10132,129,1.0,1.0,0.0,0.0,0.0,0.0,0.0,0.0,0.0,0.0,0.0,10.0,,tree cover
10243,115,0.926,1.0,0.0,0.0,0.0,0.0,0.0,0.0,0.0,0.0,0.0,10.0,,tree cover
10354,110,0.886,1.0,0.0,0.0,0.0,0.0,0.0,0.0,0.0,0.0,0.0,10.0,,tree cover
10465,118,0.95,1.0,0.0,0.0,0.0,0.0,0.0,0.0,0.0,0.0,0.0,10.0,,tree cover
10576,121,0.974,1.0,0.0,0.0,0.0,0.0,0.0,0.0,0.0,0.0,0.0,10.0,,tree cover
10687,121,0.974,1.0,0.0,0.0,0.0,0.0,0.0,0.0,0.0,0.0,0.0,10.0,,tree cover
10798,123,0.99,0.9024,0.0,0.0,0.0081,0.0,0.0,0.0894,0.0,0.0,0.0,10.0,,tree cover
10909,130,1.0,0.1077,0.0,0.0,0.8923,0.0,0.0,0.0,0.0,0.0,0.0,40.0,,cropland
11020,121,0.974,0.7273,0.0,0.0,0.2727,0.0,0.0,0.0,0.0,0.0,0.0,10.0,,tree cover
11131,121,0.974,1.0,0.0,0.0,0.0,0.0,0.0,0.0,0.0,0.0,0.0,10.0,,tree cover
11242,121,0.974,1.0,0.0,0.0,0.0,0.0,0.0,0.0,0.0,0.0,0.0,10.0,,tree cover
11353,121,0.974,1.0,0.0,0.0,0.0,0.0,0.0,0.0,0.0,0.0,0.0,10.0,,tree cover
11464,121,0.974,1.0,0.0,0.0,0.0,0.0,0.0,0.0,0.0,0.0,0.0,10.0,,tree cover
11575,110,0.886,1.0,0.0,0.0,0.0,0.0,0.0,0.0,0.0,0.0,0.0,10.0,,tree cover
11686,123,0.99,1.0,0.0,0.0,0.0,0.0,0.0,0.0,0.0,0.0,0.0,10.0,,tree cover
11797,121,0.974,1.0,0.0,0.0,0.0,0.0,0.0,0.0,0.0,0.0,0.0,10.0,,tree cover
11908,121,0.974,0.8926,0.0,0.1074,0.0,0.0,0.0,0.0,0.0,0.0,0.0,10.0,,tree cover
12019,121,0.974,0.9587,0.0,0.0413,0.0,0.0,0.0,0.0,0.0,0.0,0.0,10.0,,tree cover
12130,121,0.974,1.0,0.0,0.0,0.0,0.0,0.0,0.0,0.0,0.0,0.0,10.0,,tree cover
12241,121,0.974,1.0,0.0,0.0,0.0,0.0,0.0,0.0,0.0,0.0,0.0,10.0,,tree cover
12352,121,0.974,1.0,0.0,0.0,0.0,0.0,0.0,0.0,0.0,0.0,0.0,10.0,,tree cover
12463,132,1.0,1.0,0.0,0.0,0.0,0.0,0.0,0.0,0.0,0.0,0.0,10.0,,tree cover
12574,121,0.974,1.0,0.0,0.0,0.0,0.0,0.0,0.0,0.0,0.0,0.0,10.0,,tree cover
12685,121,0.974,1.0,0.0,0.0,0.0,0.0,0.0,0.0,0.0,0.0,0.0,10.0,,tree cover
12796,116,0.934,1.0,0.0,0.0,0.0,0.0,0.0,0.0,0.0,0.0,0.0,10.0,,tree cover
12907,110,0.886,1.0,0.0,0.0,0.0,0.0,0.0,0.0,0.0,0.0,0.0,10.0,,tree cover
13018,116,0.934,1.0,0.0,0.0,0.0,0.0,0.0,0.0,0.0,0.0,0.0,10.0,,tree cover
13129,121,0.974,1.0,0.0,0.0,0.0,0.0,0.0,0.0,0.0,0.0,0.0,10.0,,tree cover
13240,132,1.0,1.0,0.0,0.0,0.0,0.0,0.0,0.0,0.0,0.0,0.0,10.0,,tree cover
13351,121,0.974,1.0,0.0,0.0,0.0,0.0,0.0,0.0,0.0,0.0,0.0,10.0,,tree cover
13462,121,0.974,1.0,0.0,0.0,0.0,0.0,0.0,0.0,0.0,0.0,0.0,10.0,,tree cover
13573,121,0.974,1.0,0.0,0.0,0.0,0.0,0.0,0.0,0.0,0.0,0.0,10.0,,tree cover
13684,121,0.974,0.9917,0.0,0.0083,0.0,0.0,0.0,0.0,0.0,0.0,0.0,10.0,,tree cover
13795,121,0.974,1.0,0.0,0.0,0.0,0.0,0.0,0.0,0.0,0.0,0.0,10.0,,tree cover
13906,121,0.974,0.7107,0.0,0.2893,0.0,0.0,0.0,0.0,0.0,0.0,0.0,10.0,,tree cover
14017,132,1.0,0.9167,0.0,0.0833,0.0,0.0,0.0,0.0,0.0,0.0,0.0,10.0,,tree cover
14128,113,0.91,0.9646,0.0,0.0354,0.0,0.0,0.0,0.0,0.0,0.0,0.0,10.0,,tree cover
14239,110,0.886,1.0,0.0,0.0,0.0,0.0,0.0,0.0,0.0,0.0,0.0,10.0,,tree cover
14350,120,0.966,1.0,0.0,0.0,0.0,0.0,0.0,0.0,0.0,0.0,0.0,10.0,,tree cover
14461,121,0.974,1.0,0.0,0.0,0.0,0.0,0.0,0.0,0.0,0.0,0.0,10.0,,tree cover
14572,121,0.974,1.0,0.0,0.0,0.0,0.0,0.0,0.0,0.0,0.0,0.0,10.0,,tree cover
14683,121,0.974,1.0,0.0,0.0,0.0,0.0,0.0,0.0,0.0,0.0,0.0,10.0,,tree cover
14794,132,1.0,0.9167,0.0,0.0,0.0,0.0,0.0,0.0833,0.0,0.0,0.0,10.0,,tree cover
1142,121,0.974,0.7273,0.0,0.2645,0.0083,0.0,0.0,0.0,0.0,0.0,0.0,10.0,,tree cover
1253,120,0.966,1.0,0.0,0.0,0.0,0.0,0.0,0.0,0.0,0.0,0.0,10.0,,tree cover
1364,119,0.958,0.9664,0.0,0.0,0.0,0.0336,0.0,0.0,0.0,0.0,0.0,10.0,,tree cover
1475,116,0.934,0.4397,0.0,0.0948,0.4655,0.0,0.0,0.0,0.0,0.0,0.0,40.0,,cropland
1586,121,0.974,0.0,0.0,0.4298,0.5702,0.0,0.0,0.0,0.0,0.0,0.0,40.0,,cropland
1697,121,0.974,0.6612,0.0,0.0992,0.2397,0.0,0.0,0.0,0.0,0.0,0.0,10.0,,tree cover
1808,121,0.974,0.1157,0.0,0.1818,0.7025,0.0,0.0,0.0,0.0,0.0,0.0,40.0,,cropland
1919,121,0.974,0.0,0.0,0.0,1.0,0.0,0.0,0.0,0.0,0.0,0.0,40.0,,cropland
2030,121,0.974,0.0,0.0,0.0661,0.9339,0.0,0.0,0.0,0.0,0.0,0.0,40.0,,cropland
2141,129,1.0,0.0,0.0,0.062,0.938,0.0,0.0,0.0,0.0,0.0,0.0,40.0,,cropland
2252,124,0.998,0.3387,0.0,0.0,0.4839,0.0,0.0887,0.0887,0.0,0.0,0.0,40.0,,cropland
2363,121,0.974,0.3223,0.0,0.0248,0.6529,0.0,0.0,0.0,0.0,0.0,0.0,40.0,,cropland
2474,120,0.966,0.7917,0.0,0.2083,0.0,0.0,0.0,0.0,0.0,0.0,0.0,10.0,,tree cover
2585,110,0.886,0.1636,0.0,0.4455,0.3909,0.0,0.0,0.0,0.0,0.0,0.0,30.0,,grassland
2696,114,0.918,0.386,0.0,0.5789,0.0351,0.0,0.0,0.0,0.0,0.0,0.0,30.0,,grassland
2807,121,0.974,0.3388,0.0,0.6612,0.0,0.0,0.0,0.0,0.0,0.0,0.0,30.0,,grassland
6137,130,1.0,0.6615,0.0,0.0154,0.0,0.0,0.2308,0.0923,0.0,0.0,0.0,10.0,,tree cover
6248,115,0.926,0.0,0.0,0.0,0.0,0.0,0.7478,0.2522,0.0,0.0,0.0,60.0,ground_bare,bare or sparse vegetation
6359,110,0.886,0.0,0.0,0.0,0.0,0.0,0.9909,0.0091,0.0,0.0,0.0,60.0,ground_bare,bare or sparse vegetation
6470,118,0.95,0.161,0.0,0.0763,0.0,0.0,0.7627,0.0,0.0,0.0,0.0,60.0,ground_bare,bare or sparse vegetation
6581,121,0.974,0.7934,0.0,0.1405,0.0,0.0,0.0661,0.0,0.0,0.0,0.0,10.0,,tree cover
6692,121,0.974,1.0,0.0,0.0,0.0,0.0,0.0,0.0,0.0,0.0,0.0,10.0,,tree cover
6803,122,0.982,1.0,0.0,0.0,0.0,0.0,0.0,0.0,0.0,0.0,0.0,10.0,,tree cover
6914,131,1.0,0.9008,0.0,0.0992,0.0,0.0,0.0,0.0,0.0,0.0,0.0,10.0,,tree cover
7025,121,0.974,0.8512,0.0,0.1488,0.0,0.0,0.0,0.0,0.0,0.0,0.0,10.0,,tree cover
7136,121,0.974,1.0,0.0,0.0,0.0,0.0,0.0,0.0,0.0,0.0,0.0,10.0,,tree cover
7247,121,0.974,0.9091,0.0,0.0909,0.0,0.0,0.0,0.0,0.0,0.0,0.0,10.0,,tree cover
7358,121,0.974,0.9669,0.0,0.0331,0.0,0.0,0.0,0.0,0.0,0.0,0.0,10.0,,tree cover
7469,119,0.958,1.0,0.0,0.0,0.0,0.0,0.0,0.0,0.0,0.0,0.0,10.0,,tree cover
7580,110,0.886,0.9727,0.0,0.0273,0.0,0.0,0.0,0.0,0.0,0.0,0.0,10.0,,tree cover
7691,125,1.0,1.0,0.0,0.0,0.0,0.0,0.0,0.0,0.0,0.0,0.0,10.0,,tree cover
7802,121,0.974,1.0,0.0,0.0,0.0,0.0,0.0,0.0,0.0,0.0,0.0,10.0,,tree cover
7913,121,0.974,1.0,0.0,0.0,0.0,0.0,0.0,0.0,0.0,0.0,0.0,10.0,,tree cover
8024,121,0.974,1.0,0.0,0.0,0.0,0.0,0.0,0.0,0.0,0.0,0.0,10.0,,tree cover
8135,121,0.974,1.0,0.0,0.0,0.0,0.0,0.0,0.0,0.0,0.0,0.0,10.0,,tree cover
8246,121,0.974,1.0,0.0,0.0,0.0,0.0,0.0,0.0,0.0,0.0,0.0,10.0,,tree cover
8357,121,0.974,1.0,0.0,0.0,0.0,0.0,0.0,0.0,0.0,0.0,0.0,10.0,,tree cover
8468,132,1.0,1.0,0.0,0.0,0.0,0.0,0.0,0.0,0.0,0.0,0.0,10.0,,tree cover
8579,121,0.974,1.0,0.0,0.0,0.0,0.0,0.0,0.0,0.0,0.0,0.0,10.0,,tree cover
8690,121,0.974,1.0,0.0,0.0,0.0,0.0,0.0,0.0,0.0,0.0,0.0,10.0,,tree cover
8801,112,0.902,1.0,0.0,0.0,0.0,0.0,0.0,0.0,0.0,0.0,0.0,10.0,,tree cover
8912,110,0.886,1.0,0.0,0.0,0.0,0.0,0.0,0.0,0.0,0.0,0.0,10.0,,tree cover
9023,121,0.974,1.0,0.0,0.0,0.0,0.0,0.0,0.0,0.0,0.0,0.0,10.0,,tree cover
9134,121,0.974,1.0,0.0,0.0,0.0,0.0,0.0,0.0,0.0,0.0,0.0,10.0,,tree cover
9245,132,1.0,1.0,0.0,0.0,0.0,0.0,0.0,0.0,0.0,0.0,0.0,10.0,,tree cover
9356,121,0.974,1.0,0.0,0.0,0.0,0.0,0.0,0.0,0.0,0.0,0.0,10.0,,tree cover
9467,121,0.974,1.0,0.0,0.0,0.0,0.0,0.0,0.0,0.0,0.0,0.0,10.0,,tree cover
9578,121,0.974,1.0,0.0,0.0,0.0,0.0,0.0,0.0,0.0,0.0,0.0,10.0,,tree cover
9689,121,0.974,1.0,0.0,0.0,0.0,0.0,0.0,0.0,0.0,0.0,0.0,10.0,,tree cover
9800,121,0.974,1.0,0.0,0.0,0.0,0.0,0.0,0.0,0.0,0.0,0.0,10.0,,tree cover
9911,121,0.974,1.0,0.0,0.0,0.0,0.0,0.0,0.0,0.0,0.0,0.0,10.0,,tree cover
10022,128,1.0,1.0,0.0,0.0,0.0,0.0,0.0,0.0,0.0,0.0,0.0,10.0,,tree cover
10133,110,0.886,1.0,0.0,0.0,0.0,0.0,0.0,0.0,0.0,0.0,0.0,10.0,,tree cover
10244,116,0.934,1.0,0.0,0.0,0.0,0.0,0.0,0.0,0.0,0.0,0.0,10.0,,tree cover
10355,121,0.974,1.0,0.0,0.0,0.0,0.0,0.0,0.0,0.0,0.0,0.0,10.0,,tree cover
10466,121,0.974,1.0,0.0,0.0,0.0,0.0,0.0,0.0,0.0,0.0,0.0,10.0,,tree cover
10577,121,0.974,1.0,0.0,0.0,0.0,0.0,0.0,0.0,0.0,0.0,0.0,10.0,,tree cover
10688,121,0.974,1.0,0.0,0.0,0.0,0.0,0.0,0.0,0.0,0.0,0.0,10.0,,tree cover
10799,132,1.0,0.8485,0.0,0.0,0.0,0.0,0.0,0.1515,0.0,0.0,0.0,10.0,,tree cover
10910,121,0.974,0.281,0.0,0.0,0.5207,0.0,0.0,0.1983,0.0,0.0,0.0,40.0,,cropland
11021,121,0.974,0.2893,0.0,0.0,0.7107,0.0,0.0,0.0,0.0,0.0,0.0,40.0,,cropland
11132,121,0.974,1.0,0.0,0.0,0.0,0.0,0.0,0.0,0.0,0.0,0.0,10.0,,tree cover
11243,121,0.974,1.0,0.0,0.0,0.0,0.0,0.0,0.0,0.0,0.0,0.0,10.0,,tree cover
11354,112,0.902,1.0,0.0,0.0,0.0,0.0,0.0,0.0,0.0,0.0,0.0,10.0,,tree cover
11465,110,0.886,1.0,0.0,0.0,0.0,0.0,0.0,0.0,0.0,0.0,0.0,10.0,,tree cover
11576,132,1.0,1.0,0.0,0.0,0.0,0.0,0.0,0.0,0.0,0.0,0.0,10.0,,tree cover
11687,121,0.974,1.0,0.0,0.0,0.0,0.0,0.0,0.0,0.0,0.0,0.0,10.0,,tree cover
11798,121,0.974,1.0,0.0,0.0,0.0,0.0,0.0,0.0,0.0,0.0,0.0,10.0,,tree cover
11909,121,0.974,0.7603,0.0,0.2397,0.0,0.0,0.0,0.0,0.0,0.0,0.0,10.0,,tree cover
12020,121,0.974,0.9256,0.0,0.0744,0.0,0.0,0.0,0.0,0.0,0.0,0.0,10.0,,tree cover
12131,121,0.974,1.0,0.0,0.0,0.0,0.0,0.0,0.0,0.0,0.0,0.0,10.0,,tree cover
12242,121,0.974,1.0,0.0,0.0,0.0,0.0,0.0,0.0,0.0,0.0,0.0,10.0,,tree cover
12353,132,1.0,1.0,0.0,0.0,0.0,0.0,0.0,0.0,0.0,0.0,0.0,10.0,,tree cover
12464,121,0.974,1.0,0.0,0.0,0.0,0.0,0.0,0.0,0.0,0.0,0.0,10.0,,tree cover
12575,118,0.95,1.0,0.0,0.0,0.0,0.0,0.0,0.0,0.0,0.0,0.0,10.0,,tree cover
12686,110,0.886,1.0,0.0,0.0,0.0,0.0,0.0,0.0,0.0,0.0,0.0,10.0,,tree cover
12797,115,0.926,1.0,0.0,0.0,0.0,0.0,0.0,0.0,0.0,0.0,0.0,10.0,,tree cover
12908,121,0.974,1.0,0.0,0.0,0.0,0.0,0.0,0.0,0.0,0.0,0.0,10.0,,tree cover
13019,121,0.974,1.0,0.0,0.0,0.0,0.0,0.0,0.0,0.0,0.0,0.0,10.0,,tree cover
13130,131,1.0,1.0,0.0,0.0,0.0,0.0,0.0,0.0,0.0,0.0,0.0,10.0,,tree cover
13241,122,0.982,1.0,0.0,0.0,0.0,0.0,0.0,0.0,0.0,0.0,0.0,10.0,,tree cover
13352,121,0.974,1.0,0.0,0.0,0.0,0.0,0.0,0.0,0.0,0.0,0.0,10.0,,tree cover
13463,121,0.974,1.0,0.0,0.0,0.0,0.0,0.0,0.0,0.0,0.0,0.0,10.0,,tree cover
13574,121,0.974,1.0,0.0,0.0,0.0,0.0,0.0,0.0,0.0,0.0,0.0,10.0,,tree cover
13685,121,0.974,1.0,0.0,0.0,0.0,0.0,0.0,0.0,0.0,0.0,0.0,10.0,,tree cover
13796,121,0.974,1.0,0.0,0.0,0.0,0.0,0.0,0.0,0.0,0.0,0.0,10.0,,tree cover
13907,124,0.998,0.2903,0.0,0.7097,0.0,0.0,0.0,0.0,0.0,0.0,0.0,30.0,,grassland
14018,111,0.894,0.2973,0.0,0.7027,0.0,0.0,0.0,0.0,0.0,0.0,0.0,30.0,,grassland
14129,118,0.95,0.8898,0.0,0.1102,0.0,0.0,0.0,0.0,0.0,0.0,0.0,10.0,,tree cover
14240,121,0.974,1.0,0.0,0.0,0.0,0.0,0.0,0.0,0.0,0.0,0.0,10.0,,tree cover
14351,121,0.974,1.0,0.0,0.0,0.0,0.0,0.0,0.0,0.0,0.0,0.0,10.0,,tree cover
14462,121,0.974,1.0,0.0,0.0,0.0,0.0,0.0,0.0,0.0,0.0,0.0,10.0,,tree cover
14573,121,0.974,1.0,0.0,0.0,0.0,0.0,0.0,0.0,0.0,0.0,0.0,10.0,,tree cover
14684,129,1.0,0.969,0.0,0.031,0.0,0.0,0.0,0.0,0.0,0.0,0.0,10.0,,tree cover
1143,111,0.894,0.3153,0.0,0.6847,0.0,0.0,0.0,0.0,0.0,0.0,0.0,30.0,,grassland
1254,114,0.918,1.0,0.0,0.0,0.0,0.0,0.0,0.0,0.0,0.0,0.0,10.0,,tree cover
1365,129,1.0,0.969,0.0,0.0,0.0,0.031,0.0,0.0,0.0,0.0,0.0,10.0,,tree cover
1587,121,0.974,0.4298,0.0,0.4876,0.0826,0.0,0.0,0.0,0.0,0.0,0.0,30.0,,grassland
1698,121,0.974,0.8017,0.0,0.0,0.1983,0.0,0.0,0.0,0.0,0.0,0.0,10.0,,tree cover
1809,121,0.974,0.0,0.0,0.0,1.0,0.0,0.0,0.0,0.0,0.0,0.0,40.0,,cropland
1920,121,0.974,0.0,0.0,0.0,1.0,0.0,0.0,0.0,0.0,0.0,0.0,40.0,,cropland
2031,124,0.998,0.0,0.0,0.0242,0.9758,0.0,0.0,0.0,0.0,0.0,0.0,40.0,,cropland
2142,129,1.0,0.0,0.0,0.0078,0.9922,0.0,0.0,0.0,0.0,0.0,0.0,40.0,,cropland
2253,121,0.974,0.1653,0.0,0.0,0.6116,0.0,0.0579,0.1653,0.0,0.0,0.0,40.0,,cropland
2364,112,0.902,0.2857,0.0,0.0446,0.6696,0.0,0.0,0.0,0.0,0.0,0.0,40.0,,cropland
2475,111,0.894,0.5676,0.0,0.4144,0.018,0.0,0.0,0.0,0.0,0.0,0.0,10.0,,tree cover
2586,121,0.974,0.686,0.0,0.314,0.0,0.0,0.0,0.0,0.0,0.0,0.0,10.0,,tree cover
2697,121,0.974,0.8595,0.0,0.0661,0.0,0.0,0.0744,0.0,0.0,0.0,0.0,10.0,,tree cover
2808,122,0.982,0.1475,0.0,0.1639,0.0,0.0,0.6721,0.0164,0.0,0.0,0.0,60.0,ground_bare,bare or sparse vegetation
2919,131,1.0,0.458,0.0,0.0,0.0153,0.5191,0.0076,0.0,0.0,0.0,0.0,50.0,ground_built_up,built-up
5805,121,0.974,1.0,0.0,0.0,0.0,0.0,0.0,0.0,0.0,0.0,0.0,10.0,,tree cover
5916,121,0.974,1.0,0.0,0.0,0.0,0.0,0.0,0.0,0.0,0.0,0.0,10.0,,tree cover
6027,129,1.0,0.9302,0.0,0.0465,0.0,0.0,0.0233,0.0,0.0,0.0,0.0,10.0,,tree cover
6138,110,0.886,0.8636,0.0,0.1364,0.0,0.0,0.0,0.0,0.0,0.0,0.0,10.0,,tree cover
6249,116,0.934,0.3879,0.0,0.0259,0.0,0.0,0.2414,0.3448,0.0,0.0,0.0,10.0,ground_water,tree cover
6360,121,0.974,0.4628,0.0,0.0,0.0,0.0,0.4959,0.0413,0.0,0.0,0.0,60.0,,bare or sparse vegetation
6471,121,0.974,0.8843,0.0,0.0,0.0,0.0,0.1157,0.0,0.0,0.0,0.0,10.0,,tree cover
6582,121,0.974,1.0,0.0,0.0,0.0,0.0,0.0,0.0,0.0,0.0,0.0,10.0,,tree cover
6693,121,0.974,1.0,0.0,0.0,0.0,0.0,0.0,0.0,0.0,0.0,0.0,10.0,,tree cover
6804,132,1.0,1.0,0.0,0.0,0.0,0.0,0.0,0.0,0.0,0.0,0.0,10.0,,tree cover
6915,121,0.974,1.0,0.0,0.0,0.0,0.0,0.0,0.0,0.0,0.0,0.0,10.0,,tree cover
7026,121,0.974,0.9421,0.0,0.0579,0.0,0.0,0.0,0.0,0.0,0.0,0.0,10.0,,tree cover
7137,121,0.974,1.0,0.0,0.0,0.0,0.0,0.0,0.0,0.0,0.0,0.0,10.0,,tree cover
7248,121,0.974,0.7934,0.0,0.2066,0.0,0.0,0.0,0.0,0.0,0.0,0.0,10.0,,tree cover
7359,111,0.894,1.0,0.0,0.0,0.0,0.0,0.0,0.0,0.0,0.0,0.0,10.0,,tree cover
7470,112,0.902,1.0,0.0,0.0,0.0,0.0,0.0,0.0,0.0,0.0,0.0,10.0,,tree cover
7581,131,1.0,1.0,0.0,0.0,0.0,0.0,0.0,0.0,0.0,0.0,0.0,10.0,,tree cover
7692,122,0.982,1.0,0.0,0.0,0.0,0.0,0.0,0.0,0.0,0.0,0.0,10.0,,tree cover
7803,121,0.974,1.0,0.0,0.0,0.0,0.0,0.0,0.0,0.0,0.0,0.0,10.0,,tree cover
7914,121,0.974,1.0,0.0,0.0,0.0,0.0,0.0,0.0,0.0,0.0,0.0,10.0,,tree cover
8025,121,0.974,1.0,0.0,0.0,0.0,0.0,0.0,0.0,0.0,0.0,0.0,10.0,,tree cover
8136,121,0.974,1.0,0.0,0.0,0.0,0.0,0.0,0.0,0.0,0.0,0.0,10.0,,tree cover
8247,121,0.974,1.0,0.0,0.0,0.0,0.0,0.0,0.0,0.0,0.0,0.0,10.0,,tree cover
8358,131,1.0,1.0,0.0,0.0,0.0,0.0,0.0,0.0,0.0,0.0,0.0,10.0,,tree cover
8469,122,0.982,0.9918,0.0,0.0082,0.0,0.0,0.0,0.0,0.0,0.0,0.0,10.0,,tree cover
8580,114,0.918,1.0,0.0,0.0,0.0,0.0,0.0,0.0,0.0,0.0,0.0,10.0,,tree cover
8691,110,0.886,1.0,0.0,0.0,0.0,0.0,0.0,0.0,0.0,0.0,0.0,10.0,,tree cover
8802,119,0.958,1.0,0.0,0.0,0.0,0.0,0.0,0.0,0.0,0.0,0.0,10.0,,tree cover
8913,121,0.974,1.0,0.0,0.0,0.0,0.0,0.0,0.0,0.0,0.0,0.0,10.0,,tree cover
9024,121,0.974,1.0,0.0,0.0,0.0,0.0,0.0,0.0,0.0,0.0,0.0,10.0,,tree cover
9135,129,1.0,1.0,0.0,0.0,0.0,0.0,0.0,0.0,0.0,0.0,0.0,10.0,,tree cover
9246,124,0.998,1.0,0.0,0.0,0.0,0.0,0.0,0.0,0.0,0.0,0.0,10.0,,tree cover
9357,121,0.974,1.0,0.0,0.0,0.0,0.0,0.0,0.0,0.0,0.0,0.0,10.0,,tree cover
9468,121,0.974,1.0,0.0,0.0,0.0,0.0,0.0,0.0,0.0,0.0,0.0,10.0,,tree cover
9579,121,0.974,1.0,0.0,0.0,0.0,0.0,0.0,0.0,0.0,0.0,0.0,10.0,,tree cover
9690,121,0.974,1.0,0.0,0.0,0.0,0.0,0.0,0.0,0.0,0.0,0.0,10.0,,tree cover
9801,120,0.966,1.0,0.0,0.0,0.0,0.0,0.0,0.0,0.0,0.0,0.0,10.0,,tree cover
9912,117,0.942,1.0,0.0,0.0,0.0,0.0,0.0,0.0,0.0,0.0,0.0,10.0,,tree cover
10023,117,0.942,1.0,0.0,0.0,0.0,0.0,0.0,0.0,0.0,0.0,0.0,10.0,,tree cover
10134,121,0.974,1.0,0.0,0.0,0.0,0.0,0.0,0.0,0.0,0.0,0.0,10.0,,tree cover
10245,121,0.974,1.0,0.0,0.0,0.0,0.0,0.0,0.0,0.0,0.0,0.0,10.0,,tree cover
10356,121,0.974,1.0,0.0,0.0,0.0,0.0,0.0,0.0,0.0,0.0,0.0,10.0,,tree cover
10467,121,0.974,1.0,0.0,0.0,0.0,0.0,0.0,0.0,0.0,0.0,0.0,10.0,,tree cover
10578,121,0.974,1.0,0.0,0.0,0.0,0.0,0.0,0.0,0.0,0.0,0.0,10.0,,tree cover
10689,127,1.0,1.0,0.0,0.0,0.0,0.0,0.0,0.0,0.0,0.0,0.0,10.0,,tree cover
10800,126,1.0,0.9841,0.0,0.0,0.0,0.0159,0.0,0.0,0.0,0.0,0.0,10.0,,tree cover
10911,121,0.974,0.1405,0.0,0.0,0.4876,0.0,0.0,0.3719,0.0,0.0,0.0,40.0,ground_water,cropland
11022,121,0.974,0.0165,0.0,0.0579,0.9256,0.0,0.0,0.0,0.0,0.0,0.0,40.0,,cropland
11133,114,0.918,0.8333,0.0,0.0439,0.1228,0.0,0.0,0.0,0.0,0.0,0.0,10.0,,tree cover
11244,110,0.886,1.0,0.0,0.0,0.0,0.0,0.0,0.0,0.0,0.0,0.0,10.0,,tree cover
11355,119,0.958,1.0,0.0,0.0,0.0,0.0,0.0,0.0,0.0,0.0,0.0,10.0,,tree cover
11466,126,1.0,1.0,0.0,0.0,0.0,0.0,0.0,0.0,0.0,0.0,0.0,10.0,,tree cover
11577,127,1.0,1.0,0.0,0.0,0.0,0.0,0.0,0.0,0.0,0.0,0.0,10.0,,tree cover
11688,121,0.974,1.0,0.0,0.0,0.0,0.0,0.0,0.0,0.0,0.0,0.0,10.0,,tree cover
11799,121,0.974,1.0,0.0,0.0,0.0,0.0,0.0,0.0,0.0,0.0,0.0,10.0,,tree cover
11910,121,0.974,1.0,0.0,0.0,0.0,0.0,0.0,0.0,0.0,0.0,0.0,10.0,,tree cover
12021,121,0.974,1.0,0.0,0.0,0.0,0.0,0.0,0.0,0.0,0.0,0.0,10.0,,tree cover
12132,121,0.974,1.0,0.0,0.0,0.0,0.0,0.0,0.0,0.0,0.0,0.0,10.0,,tree cover
12243,126,1.0,1.0,0.0,0.0,0.0,0.0,0.0,0.0,0.0,0.0,0.0,10.0,,tree cover
12354,126,1.0,1.0,0.0,0.0,0.0,0.0,0.0,0.0,0.0,0.0,0.0,10.0,,tree cover
12465,110,0.886,1.0,0.0,0.0,0.0,0.0,0.0,0.0,0.0,0.0,0.0,10.0,,tree cover
12576,113,0.91,1.0,0.0,0.0,0.0,0.0,0.0,0.0,0.0,0.0,0.0,10.0,,tree cover
12687,121,0.974,1.0,0.0,0.0,0.0,0.0,0.0,0.0,0.0,0.0,0.0,10.0,,tree cover
12798,121,0.974,1.0,0.0,0.0,0.0,0.0,0.0,0.0,0.0,0.0,0.0,10.0,,tree cover
12909,121,0.974,1.0,0.0,0.0,0.0,0.0,0.0,0.0,0.0,0.0,0.0,10.0,,tree cover
13020,124,0.998,1.0,0.0,0.0,0.0,0.0,0.0,0.0,0.0,0.0,0.0,10.0,,tree cover
13131,129,1.0,1.0,0.0,0.0,0.0,0.0,0.0,0.0,0.0,0.0,0.0,10.0,,tree cover
13242,121,0.974,1.0,0.0,0.0,0.0,0.0,0.0,0.0,0.0,0.0,0.0,10.0,,tree cover
13353,121,0.974,1.0,0.0,0.0,0.0,0.0,0.0,0.0,0.0,0.0,0.0,10.0,,tree cover
13464,121,0.974,1.0,0.0,0.0,0.0,0.0,0.0,0.0,0.0,0.0,0.0,10.0,,tree cover
13575,121,0.974,1.0,0.0,0.0,0.0,0.0,0.0,0.0,0.0,0.0,0.0,10.0,,tree cover
13686,117,0.942,1.0,0.0,0.0,0.0,0.0,0.0,0.0,0.0,0.0,0.0,10.0,,tree cover
13797,112,0.902,1.0,0.0,0.0,0.0,0.0,0.0,0.0,0.0,0.0,0.0,10.0,,tree cover
13908,125,1.0,1.0,0.0,0.0,0.0,0.0,0.0,0.0,0.0,0.0,0.0,10.0,,tree cover
14019,121,0.974,0.9917,0.0,0.0083,0.0,0.0,0.0,0.0,0.0,0.0,0.0,10.0,,tree cover
14130,121,0.974,1.0,0.0,0.0,0.0,0.0,0.0,0.0,0.0,0.0,0.0,10.0,,tree cover
14241,121,0.974,1.0,0.0,0.0,0.0,0.0,0.0,0.0,0.0,0.0,0.0,10.0,,tree cover
14352,121,0.974,1.0,0.0,0.0,0.0,0.0,0.0,0.0,0.0,0.0,0.0,10.0,,tree cover
14463,121,0.974,1.0,0.0,0.0,0.0,0.0,0.0,0.0,0.0,0.0,0.0,10.0,,tree cover
14574,123,0.99,1.0,0.0,0.0,0.0,0.0,0.0,0.0,0.0,0.0,0.0,10.0,,tree cover
14685,130,1.0,0.9538,0.0,0.0077,0.0,0.0,0.0,0.0385,0.0,0.0,0.0,10.0,,tree cover
1144,120,0.966,0.9417,0.0,0.0583,0.0,0.0,0.0,0.0,0.0,0.0,0.0,10.0,,tree cover
1255,132,1.0,0.9773,0.0,0.0,0.0,0.0227,0.0,0.0,0.0,0.0,0.0,10.0,,tree cover
1366,121,0.974,0.7769,0.0,0.0,0.1488,0.0744,0.0,0.0,0.0,0.0,0.0,10.0,,tree cover
1477,121,0.974,0.9587,0.0,0.0,0.0413,0.0,0.0,0.0,0.0,0.0,0.0,10.0,,tree cover
1588,121,0.974,1.0,0.0,0.0,0.0,0.0,0.0,0.0,0.0,0.0,0.0,10.0,,tree cover
1699,121,0.974,0.9421,0.0,0.0,0.0579,0.0,0.0,0.0,0.0,0.0,0.0,10.0,,tree cover
1810,121,0.974,0.3719,0.0,0.0,0.6281,0.0,0.0,0.0,0.0,0.0,0.0,40.0,,cropland
1921,121,0.974,0.1405,0.0,0.0,0.8595,0.0,0.0,0.0,0.0,0.0,0.0,40.0,,cropland
2032,132,1.0,0.0,0.0,0.0,1.0,0.0,0.0,0.0,0.0,0.0,0.0,40.0,,cropland
2143,115,0.926,0.0,0.0,0.0,1.0,0.0,0.0,0.0,0.0,0.0,0.0,40.0,,cropland
2254,110,0.886,0.0,0.0,0.0,0.9364,0.0,0.0636,0.0,0.0,0.0,0.0,40.0,,cropland
2365,119,0.958,0.1681,0.0,0.1765,0.6555,0.0,0.0,0.0,0.0,0.0,0.0,40.0,,cropland
2476,121,0.974,0.9091,0.0,0.0,0.0909,0.0,0.0,0.0,0.0,0.0,0.0,10.0,,tree cover
2587,121,0.974,0.9339,0.0,0.0,0.0,0.0,0.0661,0.0,0.0,0.0,0.0,10.0,,tree cover
2698,121,0.974,0.405,0.0,0.0,0.0,0.0248,0.5702,0.0,0.0,0.0,0.0,60.0,ground_bare,bare or sparse vegetation
2809,132,1.0,0.1667,0.0,0.0,0.0,0.3939,0.4015,0.0379,0.0,0.0,0.0,60.0,,bare or sparse vegetation
2920,121,0.974,0.0083,0.0,0.0,0.0,0.9917,0.0,0.0,0.0,0.0,0.0,50.0,ground_built_up,built-up
3031,121,0.974,0.0826,0.0,0.0083,0.0,0.9091,0.0,0.0,0.0,0.0,0.0,50.0,ground_built_up,built-up
3253,121,0.974,0.0331,0.0,0.0,0.0,0.9669,0.0,0.0,0.0,0.0,0.0,50.0,ground_built_up,built-up
5140,129,1.0,0.5581,0.0,0.0,0.0,0.4419,0.0,0.0,0.0,0.0,0.0,10.0,,tree cover
5251,124,0.998,0.7419,0.0,0.0,0.0,0.2258,0.0323,0.0,0.0,0.0,0.0,10.0,,tree cover
5362,121,0.974,0.9917,0.0,0.0083,0.0,0.0,0.0,0.0,0.0,0.0,0.0,10.0,,tree cover
5695,121,0.974,1.0,0.0,0.0,0.0,0.0,0.0,0.0,0.0,0.0,0.0,10.0,,tree cover
5806,121,0.974,0.8843,0.0,0.1157,0.0,0.0,0.0,0.0,0.0,0.0,0.0,10.0,,tree cover
5917,116,0.934,0.9914,0.0,0.0086,0.0,0.0,0.0,0.0,0.0,0.0,0.0,10.0,,tree cover
6028,117,0.942,1.0,0.0,0.0,0.0,0.0,0.0,0.0,0.0,0.0,0.0,10.0,,tree cover
6139,121,0.974,1.0,0.0,0.0,0.0,0.0,0.0,0.0,0.0,0.0,0.0,10.0,,tree cover
6250,121,0.974,1.0,0.0,0.0,0.0,0.0,0.0,0.0,0.0,0.0,0.0,10.0,,tree cover
6361,121,0.974,1.0,0.0,0.0,0.0,0.0,0.0,0.0,0.0,0.0,0.0,10.0,,tree cover
6472,121,0.974,1.0,0.0,0.0,0.0,0.0,0.0,0.0,0.0,0.0,0.0,10.0,,tree cover
6583,121,0.974,1.0,0.0,0.0,0.0,0.0,0.0,0.0,0.0,0.0,0.0,10.0,,tree cover
6694,127,1.0,1.0,0.0,0.0,0.0,0.0,0.0,0.0,0.0,0.0,0.0,10.0,,tree cover
6805,126,1.0,1.0,0.0,0.0,0.0,0.0,0.0,0.0,0.0,0.0,0.0,10.0,,tree cover
6916,121,0.974,1.0,0.0,0.0,0.0,0.0,0.0,0.0,0.0,0.0,0.0,10.0,,tree cover
7027,121,0.974,1.0,0.0,0.0,0.0,0.0,0.0,0.0,0.0,0.0,0.0,10.0,,tree cover
7138,113,0.91,1.0,0.0,0.0,0.0,0.0,0.0,0.0,0.0,0.0,0.0,10.0,,tree cover
7249,110,0.886,1.0,0.0,0.0,0.0,0.0,0.0,0.0,0.0,0.0,0.0,10.0,,tree cover
7360,120,0.966,1.0,0.0,0.0,0.0,0.0,0.0,0.0,0.0,0.0,0.0,10.0,,tree cover
7471,125,1.0,1.0,0.0,0.0,0.0,0.0,0.0,0.0,0.0,0.0,0.0,10.0,,tree cover
7582,128,1.0,1.0,0.0,0.0,0.0,0.0,0.0,0.0,0.0,0.0,0.0,10.0,,tree cover
7693,121,0.974,1.0,0.0,0.0,0.0,0.0,0.0,0.0,0.0,0.0,0.0,10.0,,tree cover
7804,121,0.974,1.0,0.0,0.0,0.0,0.0,0.0,0.0,0.0,0.0,0.0,10.0,,tree cover
7915,121,0.974,1.0,0.0,0.0,0.0,0.0,0.0,0.0,0.0,0.0,0.0,10.0,,tree cover
8026,121,0.974,1.0,0.0,0.0,0.0,0.0,0.0,0.0,0.0,0.0,0.0,10.0,,tree cover
8137,121,0.974,1.0,0.0,0.0,0.0,0.0,0.0,0.0,0.0,0.0,0.0,10.0,,tree cover
8248,125,1.0,1.0,0.0,0.0,0.0,0.0,0.0,0.0,0.0,0.0,0.0,10.0,,tree cover
8359,124,0.998,1.0,0.0,0.0,0.0,0.0,0.0,0.0,0.0,0.0,0.0,10.0,,tree cover
8470,110,0.886,1.0,0.0,0.0,0.0,0.0,0.0,0.0,0.0,0.0,0.0,10.0,,tree cover
8581,117,0.942,0.9658,0.0,0.0342,0.0,0.0,0.0,0.0,0.0,0.0,0.0,10.0,,tree cover
8692,121,0.974,1.0,0.0,0.0,0.0,0.0,0.0,0.0,0.0,0.0,0.0,10.0,,tree cover
8803,121,0.974,1.0,0.0,0.0,0.0,0.0,0.0,0.0,0.0,0.0,0.0,10.0,,tree cover
8914,121,0.974,1.0,0.0,0.0,0.0,0.0,0.0,0.0,0.0,0.0,0.0,10.0,,tree cover
9025,123,0.99,1.0,0.0,0.0,0.0,0.0,0.0,0.0,0.0,0.0,0.0,10.0,,tree cover
9136,130,1.0,1.0,0.0,0.0,0.0,0.0,0.0,0.0,0.0,0.0,0.0,10.0,,tree cover
9247,121,0.974,1.0,0.0,0.0,0.0,0.0,0.0,0.0,0.0,0.0,0.0,10.0,,tree cover
9358,121,0.974,1.0,0.0,0.0,0.0,0.0,0.0,0.0,0.0,0.0,0.0,10.0,,tree cover
9469,121,0.974,1.0,0.0,0.0,0.0,0.0,0.0,0.0,0.0,0.0,0.0,10.0,,tree cover
9580,121,0.974,1.0,0.0,0.0,0.0,0.0,0.0,0.0,0.0,0.0,0.0,10.0,,tree cover
9691,111,0.894,1.0,0.0,0.0,0.0,0.0,0.0,0.0,0.0,0.0,0.0,10.0,,tree cover
9802,112,0.902,1.0,0.0,0.0,0.0,0.0,0.0,0.0,0.0,0.0,0.0,10.0,,tree cover
9913,131,1.0,1.0,0.0,0.0,0.0,0.0,0.0,0.0,0.0,0.0,0.0,10.0,,tree cover
10024,121,0.974,1.0,0.0,0.0,0.0,0.0,0.0,0.0,0.0,0.0,0.0,10.0,,tree cover
10135,121,0.974,1.0,0.0,0.0,0.0,0.0,0.0,0.0,0.0,0.0,0.0,10.0,,tree cover
10246,121,0.974,1.0,0.0,0.0,0.0,0.0,0.0,0.0,0.0,0.0,0.0,10.0,,tree cover
10357,121,0.974,1.0,0.0,0.0,0.0,0.0,0.0,0.0,0.0,0.0,0.0,10.0,,tree cover
10468,121,0.974,1.0,0.0,0.0,0.0,0.0,0.0,0.0,0.0,0.0,0.0,10.0,,tree cover
10579,121,0.974,1.0,0.0,0.0,0.0,0.0,0.0,0.0,0.0,0.0,0.0,10.0,,tree cover
10690,132,1.0,1.0,0.0,0.0,0.0,0.0,0.0,0.0,0.0,0.0,0.0,10.0,,tree cover
10801,121,0.974,1.0,0.0,0.0,0.0,0.0,0.0,0.0,0.0,0.0,0.0,10.0,,tree cover
10912,116,0.934,0.7759,0.0,0.0,0.0431,0.0,0.0,0.181,0.0,0.0,0.0,10.0,,tree cover
11023,110,0.886,0.5364,0.0,0.0182,0.4364,0.0,0.0,0.0091,0.0,0.0,0.0,10.0,,tree cover
11134,117,0.942,0.359,0.0,0.0,0.641,0.0,0.0,0.0,0.0,0.0,0.0,40.0,,cropland
11245,121,0.974,1.0,0.0,0.0,0.0,0.0,0.0,0.0,0.0,0.0,0.0,10.0,,tree cover
11356,121,0.974,1.0,0.0,0.0,0.0,0.0,0.0,0.0,0.0,0.0,0.0,10.0,,tree cover
11467,132,1.0,1.0,0.0,0.0,0.0,0.0,0.0,0.0,0.0,0.0,0.0,10.0,,tree cover
11578,121,0.974,1.0,0.0,0.0,0.0,0.0,0.0,0.0,0.0,0.0,0.0,10.0,,tree cover
11689,121,0.974,1.0,0.0,0.0,0.0,0.0,0.0,0.0,0.0,0.0,0.0,10.0,,tree cover
11800,121,0.974,1.0,0.0,0.0,0.0,0.0,0.0,0.0,0.0,0.0,0.0,10.0,,tree cover
11911,121,0.974,1.0,0.0,0.0,0.0,0.0,0.0,0.0,0.0,0.0,0.0,10.0,,tree cover
12022,121,0.974,1.0,0.0,0.0,0.0,0.0,0.0,0.0,0.0,0.0,0.0,10.0,,tree cover
12133,121,0.974,1.0,0.0,0.0,0.0,0.0,0.0,0.0,0.0,0.0,0.0,10.0,,tree cover
12244,122,0.982,1.0,0.0,0.0,0.0,0.0,0.0,0.0,0.0,0.0,0.0,10.0,,tree cover
12355,111,0.894,1.0,0.0,0.0,0.0,0.0,0.0,0.0,0.0,0.0,0.0,10.0,,tree cover
12466,121,0.974,1.0,0.0,0.0,0.0,0.0,0.0,0.0,0.0,0.0,0.0,10.0,,tree cover
12577,121,0.974,1.0,0.0,0.0,0.0,0.0,0.0,0.0,0.0,0.0,0.0,10.0,,tree cover
12688,121,0.974,1.0,0.0,0.0,0.0,0.0,0.0,0.0,0.0,0.0,0.0,10.0,,tree cover
12799,121,0.974,1.0,0.0,0.0,0.0,0.0,0.0,0.0,0.0,0.0,0.0,10.0,,tree cover
12910,121,0.974,1.0,0.0,0.0,0.0,0.0,0.0,0.0,0.0,0.0,0.0,10.0,,tree cover
13021,132,1.0,1.0,0.0,0.0,0.0,0.0,0.0,0.0,0.0,0.0,0.0,10.0,,tree cover
13132,121,0.974,1.0,0.0,0.0,0.0,0.0,0.0,0.0,0.0,0.0,0.0,10.0,,tree cover
13243,121,0.974,1.0,0.0,0.0,0.0,0.0,0.0,0.0,0.0,0.0,0.0,10.0,,tree cover
13354,121,0.974,1.0,0.0,0.0,0.0,0.0,0.0,0.0,0.0,0.0,0.0,10.0,,tree cover
13465,119,0.958,1.0,0.0,0.0,0.0,0.0,0.0,0.0,0.0,0.0,0.0,10.0,,tree cover
13576,110,0.886,1.0,0.0,0.0,0.0,0.0,0.0,0.0,0.0,0.0,0.0,10.0,,tree cover
13687,114,0.918,0.8947,0.0,0.1053,0.0,0.0,0.0,0.0,0.0,0.0,0.0,10.0,,tree cover
13798,132,1.0,0.9848,0.0,0.0152,0.0,0.0,0.0,0.0,0.0,0.0,0.0,10.0,,tree cover
13909,121,0.974,1.0,0.0,0.0,0.0,0.0,0.0,0.0,0.0,0.0,0.0,10.0,,tree cover
14020,121,0.974,1.0,0.0,0.0,0.0,0.0,0.0,0.0,0.0,0.0,0.0,10.0,,tree cover
14131,121,0.974,1.0,0.0,0.0,0.0,0.0,0.0,0.0,0.0,0.0,0.0,10.0,,tree cover
14242,121,0.974,1.0,0.0,0.0,0.0,0.0,0.0,0.0,0.0,0.0,0.0,10.0,,tree cover
14353,121,0.974,1.0,0.0,0.0,0.0,0.0,0.0,0.0,0.0,0.0,0.0,10.0,,tree cover
14464,121,0.974,1.0,0.0,0.0,0.0,0.0,0.0,0.0,0.0,0.0,0.0,10.0,,tree cover
14575,132,1.0,1.0,0.0,0.0,0.0,0.0,0.0,0.0,0.0,0.0,0.0,10.0,,tree cover
1145,130,1.0,1.0,0.0,0.0,0.0,0.0,0.0,0.0,0.0,0.0,0.0,10.0,,tree cover
1256,123,0.99,0.7805,0.0,0.0,0.2195,0.0,0.0,0.0,0.0,0.0,0.0,10.0,,tree cover
1367,121,0.974,0.719,0.0,0.0,0.2727,0.0083,0.0,0.0,0.0,0.0,0.0,10.0,,tree cover
1478,121,0.974,0.6116,0.0,0.0,0.3884,0.0,0.0,0.0,0.0,0.0,0.0,10.0,,tree cover
1589,121,0.974,0.9008,0.0,0.0,0.0992,0.0,0.0,0.0,0.0,0.0,0.0,10.0,,tree cover
1700,121,0.974,1.0,0.0,0.0,0.0,0.0,0.0,0.0,0.0,0.0,0.0,10.0,,tree cover
1811,121,0.974,0.9835,0.0,0.0,0.0165,0.0,0.0,0.0,0.0,0.0,0.0,10.0,,tree cover
1922,125,1.0,0.128,0.0,0.0,0.872,0.0,0.0,0.0,0.0,0.0,0.0,40.0,,cropland
2033,113,0.91,0.0796,0.0,0.0,0.9204,0.0,0.0,0.0,0.0,0.0,0.0,40.0,,cropland
2144,116,0.934,0.0172,0.0,0.0,0.9828,0.0,0.0,0.0,0.0,0.0,0.0,40.0,,cropland
2255,121,0.974,0.1901,0.0,0.0,0.7025,0.0,0.0083,0.0992,0.0,0.0,0.0,40.0,,cropland
2366,121,0.974,0.2066,0.0,0.1405,0.6529,0.0,0.0,0.0,0.0,0.0,0.0,40.0,,cropland
2477,121,0.974,0.1983,0.0,0.1157,0.686,0.0,0.0,0.0,0.0,0.0,0.0,40.0,,cropland
2588,121,0.974,0.4545,0.0,0.0496,0.2479,0.0,0.0,0.2479,0.0,0.0,0.0,10.0,,tree cover
2699,127,1.0,0.6142,0.0,0.0,0.0157,0.126,0.1417,0.1024,0.0,0.0,0.0,10.0,,tree cover
2810,126,1.0,0.0635,0.0,0.0635,0.0,0.1667,0.6825,0.0238,0.0,0.0,0.0,60.0,ground_bare,bare or sparse vegetation
2921,121,0.974,0.1901,0.0,0.0413,0.0496,0.6281,0.0909,0.0,0.0,0.0,0.0,50.0,ground_built_up,built-up
3032,121,0.974,0.2562,0.0,0.0,0.0,0.7438,0.0,0.0,0.0,0.0,0.0,50.0,ground_built_up,built-up
3143,119,0.958,0.6303,0.0,0.0084,0.0,0.3613,0.0,0.0,0.0,0.0,0.0,10.0,,tree cover
3476,125,1.0,0.16,0.0,0.0,0.0,0.84,0.0,0.0,0.0,0.0,0.0,50.0,ground_built_up,built-up
3920,121,0.974,0.5289,0.0,0.0,0.0,0.405,0.0661,0.0,0.0,0.0,0.0,10.0,,tree cover
4031,121,0.974,0.2645,0.0,0.0083,0.0,0.7025,0.0248,0.0,0.0,0.0,0.0,50.0,ground_built_up,built-up
4142,121,0.974,0.5702,0.0,0.0,0.0331,0.3967,0.0,0.0,0.0,0.0,0.0,10.0,,tree cover
4253,125,1.0,0.544,0.0,0.04,0.4,0.016,0.0,0.0,0.0,0.0,0.0,10.0,,tree cover
4364,128,1.0,0.5547,0.0,0.0078,0.0,0.4375,0.0,0.0,0.0,0.0,0.0,10.0,,tree cover
4475,110,0.886,0.1455,0.0,0.0,0.0,0.8545,0.0,0.0,0.0,0.0,0.0,50.0,ground_built_up,built-up
4808,121,0.974,0.6694,0.0,0.0,0.0,0.3306,0.0,0.0,0.0,0.0,0.0,10.0,,tree cover
5141,130,1.0,0.7538,0.0,0.0385,0.0,0.2077,0.0,0.0,0.0,0.0,0.0,10.0,,tree cover
5252,121,0.974,1.0,0.0,0.0,0.0,0.0,0.0,0.0,0.0,0.0,0.0,10.0,,tree cover
5363,121,0.974,1.0,0.0,0.0,0.0,0.0,0.0,0.0,0.0,0.0,0.0,10.0,,tree cover
5474,121,0.974,1.0,0.0,0.0,0.0,0.0,0.0,0.0,0.0,0.0,0.0,10.0,,tree cover
5585,121,0.974,1.0,0.0,0.0,0.0,0.0,0.0,0.0,0.0,0.0,0.0,10.0,,tree cover
5696,113,0.91,1.0,0.0,0.0,0.0,0.0,0.0,0.0,0.0,0.0,0.0,10.0,,tree cover
5807,110,0.886,1.0,0.0,0.0,0.0,0.0,0.0,0.0,0.0,0.0,0.0,10.0,,tree cover
5918,132,1.0,0.9924,0.0,0.0076,0.0,0.0,0.0,0.0,0.0,0.0,0.0,10.0,,tree cover
6029,121,0.974,0.9917,0.0,0.0083,0.0,0.0,0.0,0.0,0.0,0.0,0.0,10.0,,tree cover
6140,121,0.974,1.0,0.0,0.0,0.0,0.0,0.0,0.0,0.0,0.0,0.0,10.0,,tree cover
6251,121,0.974,1.0,0.0,0.0,0.0,0.0,0.0,0.0,0.0,0.0,0.0,10.0,,tree cover
6362,121,0.974,1.0,0.0,0.0,0.0,0.0,0.0,0.0,0.0,0.0,0.0,10.0,,tree cover
6473,121,0.974,1.0,0.0,0.0,0.0,0.0,0.0,0.0,0.0,0.0,0.0,10.0,,tree cover
6584,121,0.974,1.0,0.0,0.0,0.0,0.0,0.0,0.0,0.0,0.0,0.0,10.0,,tree cover
6695,132,1.0,1.0,0.0,0.0,0.0,0.0,0.0,0.0,0.0,0.0,0.0,10.0,,tree cover
6806,121,0.974,1.0,0.0,0.0,0.0,0.0,0.0,0.0,0.0,0.0,0.0,10.0,,tree cover
6917,116,0.934,1.0,0.0,0.0,0.0,0.0,0.0,0.0,0.0,0.0,0.0,10.0,,tree cover
7028,110,0.886,1.0,0.0,0.0,0.0,0.0,0.0,0.0,0.0,0.0,0.0,10.0,,tree cover
7139,118,0.95,1.0,0.0,0.0,0.0,0.0,0.0,0.0,0.0,0.0,0.0,10.0,,tree cover
7250,121,0.974,1.0,0.0,0.0,0.0,0.0,0.0,0.0,0.0,0.0,0.0,10.0,,tree cover
7361,121,0.974,1.0,0.0,0.0,0.0,0.0,0.0,0.0,0.0,0.0,0.0,10.0,,tree cover
7472,132,1.0,0.75,0.0,0.25,0.0,0.0,0.0,0.0,0.0,0.0,0.0,10.0,,tree cover
7583,121,0.974,0.9917,0.0,0.0083,0.0,0.0,0.0,0.0,0.0,0.0,0.0,10.0,,tree cover
7694,121,0.974,1.0,0.0,0.0,0.0,0.0,0.0,0.0,0.0,0.0,0.0,10.0,,tree cover
7805,121,0.974,1.0,0.0,0.0,0.0,0.0,0.0,0.0,0.0,0.0,0.0,10.0,,tree cover
7916,121,0.974,1.0,0.0,0.0,0.0,0.0,0.0,0.0,0.0,0.0,0.0,10.0,,tree cover
8027,121,0.974,1.0,0.0,0.0,0.0,0.0,0.0,0.0,0.0,0.0,0.0,10.0,,tree cover
8138,120,0.966,1.0,0.0,0.0,0.0,0.0,0.0,0.0,0.0,0.0,0.0,10.0,,tree cover
8249,120,0.966,1.0,0.0,0.0,0.0,0.0,0.0,0.0,0.0,0.0,0.0,10.0,,tree cover
8360,114,0.918,1.0,0.0,0.0,0.0,0.0,0.0,0.0,0.0,0.0,0.0,10.0,,tree cover
8471,121,0.974,1.0,0.0,0.0,0.0,0.0,0.0,0.0,0.0,0.0,0.0,10.0,,tree cover
8582,121,0.974,1.0,0.0,0.0,0.0,0.0,0.0,0.0,0.0,0.0,0.0,10.0,,tree cover
8693,121,0.974,1.0,0.0,0.0,0.0,0.0,0.0,0.0,0.0,0.0,0.0,10.0,,tree cover
8804,121,0.974,1.0,0.0,0.0,0.0,0.0,0.0,0.0,0.0,0.0,0.0,10.0,,tree cover
8915,121,0.974,1.0,0.0,0.0,0.0,0.0,0.0,0.0,0.0,0.0,0.0,10.0,,tree cover
9026,132,1.0,1.0,0.0,0.0,0.0,0.0,0.0,0.0,0.0,0.0,0.0,10.0,,tree cover
9137,121,0.974,1.0,0.0,0.0,0.0,0.0,0.0,0.0,0.0,0.0,0.0,10.0,,tree cover
9248,121,0.974,1.0,0.0,0.0,0.0,0.0,0.0,0.0,0.0,0.0,0.0,10.0,,tree cover
9359,121,0.974,1.0,0.0,0.0,0.0,0.0,0.0,0.0,0.0,0.0,0.0,10.0,,tree cover
9470,113,0.91,1.0,0.0,0.0,0.0,0.0,0.0,0.0,0.0,0.0,0.0,10.0,,tree cover
9581,110,0.886,1.0,0.0,0.0,0.0,0.0,0.0,0.0,0.0,0.0,0.0,10.0,,tree cover
9692,120,0.966,1.0,0.0,0.0,0.0,0.0,0.0,0.0,0.0,0.0,0.0,10.0,,tree cover
9803,132,1.0,1.0,0.0,0.0,0.0,0.0,0.0,0.0,0.0,0.0,0.0,10.0,,tree cover
9914,121,0.974,1.0,0.0,0.0,0.0,0.0,0.0,0.0,0.0,0.0,0.0,10.0,,tree cover
10025,121,0.974,1.0,0.0,0.0,0.0,0.0,0.0,0.0,0.0,0.0,0.0,10.0,,tree cover
10136,121,0.974,0.9256,0.0,0.0744,0.0,0.0,0.0,0.0,0.0,0.0,0.0,10.0,,tree cover
10247,121,0.974,0.9587,0.0,0.0413,0.0,0.0,0.0,0.0,0.0,0.0,0.0,10.0,,tree cover
10358,121,0.974,1.0,0.0,0.0,0.0,0.0,0.0,0.0,0.0,0.0,0.0,10.0,,tree cover
10469,121,0.974,1.0,0.0,0.0,0.0,0.0,0.0,0.0,0.0,0.0,0.0,10.0,,tree cover
10580,132,1.0,1.0,0.0,0.0,0.0,0.0,0.0,0.0,0.0,0.0,0.0,10.0,,tree cover
10691,118,0.95,1.0,0.0,0.0,0.0,0.0,0.0,0.0,0.0,0.0,0.0,10.0,,tree cover
10802,110,0.886,1.0,0.0,0.0,0.0,0.0,0.0,0.0,0.0,0.0,0.0,10.0,,tree cover
10913,115,0.926,1.0,0.0,0.0,0.0,0.0,0.0,0.0,0.0,0.0,0.0,10.0,,tree cover
11024,121,0.974,1.0,0.0,0.0,0.0,0.0,0.0,0.0,0.0,0.0,0.0,10.0,,tree cover
11135,121,0.974,0.5289,0.0,0.2231,0.2479,0.0,0.0,0.0,0.0,0.0,0.0,10.0,,tree cover
11246,121,0.974,0.7934,0.0,0.0331,0.1736,0.0,0.0,0.0,0.0,0.0,0.0,10.0,,tree cover
11357,131,1.0,1.0,0.0,0.0,0.0,0.0,0.0,0.0,0.0,0.0,0.0,10.0,,tree cover
11468,122,0.982,1.0,0.0,0.0,0.0,0.0,0.0,0.0,0.0,0.0,0.0,10.0,,tree cover
11579,121,0.974,1.0,0.0,0.0,0.0,0.0,0.0,0.0,0.0,0.0,0.0,10.0,,tree cover
11690,121,0.974,1.0,0.0,0.0,0.0,0.0,0.0,0.0,0.0,0.0,0.0,10.0,,tree cover
11801,121,0.974,1.0,0.0,0.0,0.0,0.0,0.0,0.0,0.0,0.0,0.0,10.0,,tree cover
11912,121,0.974,1.0,0.0,0.0,0.0,0.0,0.0,0.0,0.0,0.0,0.0,10.0,,tree cover
12023,114,0.918,1.0,0.0,0.0,0.0,0.0,0.0,0.0,0.0,0.0,0.0,10.0,,tree cover
12134,118,0.95,1.0,0.0,0.0,0.0,0.0,0.0,0.0,0.0,0.0,0.0,10.0,,tree cover
12245,122,0.982,1.0,0.0,0.0,0.0,0.0,0.0,0.0,0.0,0.0,0.0,10.0,,tree cover
12356,121,0.974,1.0,0.0,0.0,0.0,0.0,0.0,0.0,0.0,0.0,0.0,10.0,,tree cover
12467,121,0.974,1.0,0.0,0.0,0.0,0.0,0.0,0.0,0.0,0.0,0.0,10.0,,tree cover
12578,121,0.974,1.0,0.0,0.0,0.0,0.0,0.0,0.0,0.0,0.0,0.0,10.0,,tree cover
12689,121,0.974,1.0,0.0,0.0,0.0,0.0,0.0,0.0,0.0,0.0,0.0,10.0,,tree cover
12800,121,0.974,1.0,0.0,0.0,0.0,0.0,0.0,0.0,0.0,0.0,0.0,10.0,,tree cover
12911,129,1.0,1.0,0.0,0.0,0.0,0.0,0.0,0.0,0.0,0.0,0.0,10.0,,tree cover
13022,124,0.998,1.0,0.0,0.0,0.0,0.0,0.0,0.0,0.0,0.0,0.0,10.0,,tree cover
13133,121,0.974,1.0,0.0,0.0,0.0,0.0,0.0,0.0,0.0,0.0,0.0,10.0,,tree cover
13244,121,0.974,1.0,0.0,0.0,0.0,0.0,0.0,0.0,0.0,0.0,0.0,10.0,,tree cover
13355,110,0.886,0.7818,0.0,0.2091,0.0091,0.0,0.0,0.0,0.0,0.0,0.0,10.0,,tree cover
13466,112,0.902,0.9464,0.0,0.0536,0.0,0.0,0.0,0.0,0.0,0.0,0.0,10.0,,tree cover
13577,121,0.974,1.0,0.0,0.0,0.0,0.0,0.0,0.0,0.0,0.0,0.0,10.0,,tree cover
13688,127,1.0,1.0,0.0,0.0,0.0,0.0,0.0,0.0,0.0,0.0,0.0,10.0,,tree cover
13799,126,1.0,1.0,0.0,0.0,0.0,0.0,0.0,0.0,0.0,0.0,0.0,10.0,,tree cover
13910,121,0.974,0.9587,0.0,0.0413,0.0,0.0,0.0,0.0,0.0,0.0,0.0,10.0,,tree cover
14021,121,0.974,0.9339,0.0,0.0661,0.0,0.0,0.0,0.0,0.0,0.0,0.0,10.0,,tree cover
14132,121,0.974,1.0,0.0,0.0,0.0,0.0,0.0,0.0,0.0,0.0,0.0,10.0,,tree cover
14243,121,0.974,1.0,0.0,0.0,0.0,0.0,0.0,0.0,0.0,0.0,0.0,10.0,,tree cover
14354,121,0.974,1.0,0.0,0.0,0.0,0.0,0.0,0.0,0.0,0.0,0.0,10.0,,tree cover
14465,127,1.0,0.9764,0.0,0.0,0.0,0.0,0.0,0.0236,0.0,0.0,0.0,10.0,,tree cover
1035,124,0.998,0.1048,0.0,0.8226,0.0726,0.0,0.0,0.0,0.0,0.0,0.0,30.0,,grassland
1146,129,1.0,0.2326,0.0,0.6899,0.0775,0.0,0.0,0.0,0.0,0.0,0.0,30.0,,grassland
1257,121,0.974,0.5041,0.0,0.1736,0.3223,0.0,0.0,0.0,0.0,0.0,0.0,10.0,,tree cover
1368,121,0.974,0.7438,0.0,0.0826,0.1736,0.0,0.0,0.0,0.0,0.0,0.0,10.0,,tree cover
1479,121,0.974,0.7769,0.0,0.1157,0.1074,0.0,0.0,0.0,0.0,0.0,0.0,10.0,,tree cover
1701,121,0.974,1.0,0.0,0.0,0.0,0.0,0.0,0.0,0.0,0.0,0.0,10.0,,tree cover
1812,111,0.894,0.8378,0.0,0.0,0.1622,0.0,0.0,0.0,0.0,0.0,0.0,10.0,,tree cover
1923,123,0.99,0.0081,0.0,0.0,0.9919,0.0,0.0,0.0,0.0,0.0,0.0,40.0,,cropland
2034,121,0.974,0.2645,0.0,0.0,0.7355,0.0,0.0,0.0,0.0,0.0,0.0,40.0,,cropland
2145,121,0.974,0.1736,0.0,0.0,0.8264,0.0,0.0,0.0,0.0,0.0,0.0,40.0,,cropland
2256,121,0.974,0.1901,0.0,0.0,0.5785,0.0,0.0,0.2314,0.0,0.0,0.0,40.0,,cropland
2367,121,0.974,0.3802,0.0,0.3471,0.2727,0.0,0.0,0.0,0.0,0.0,0.0,10.0,,tree cover
2478,121,0.974,0.1736,0.0,0.1488,0.3636,0.0,0.314,0.0,0.0,0.0,0.0,40.0,,cropland
2589,121,0.974,0.2314,0.0,0.0248,0.0165,0.3967,0.3306,0.0,0.0,0.0,0.0,50.0,,built-up
2700,132,1.0,0.3182,0.0,0.0,0.0,0.6439,0.0379,0.0,0.0,0.0,0.0,50.0,ground_built_up,built-up
2811,121,0.974,0.3388,0.0,0.2975,0.2727,0.0083,0.0826,0.0,0.0,0.0,0.0,10.0,,tree cover
2922,121,0.974,0.595,0.0,0.0248,0.1157,0.0083,0.2562,0.0,0.0,0.0,0.0,10.0,,tree cover
3144,112,0.902,0.0625,0.0,0.0,0.0,0.9375,0.0,0.0,0.0,0.0,0.0,50.0,ground_built_up,built-up
3366,121,0.974,0.124,0.0,0.0,0.0,0.876,0.0,0.0,0.0,0.0,0.0,50.0,ground_built_up,built-up
3477,132,1.0,0.4773,0.0,0.0,0.0,0.5227,0.0,0.0,0.0,0.0,0.0,50.0,ground_built_up,built-up
3699,121,0.974,1.0,0.0,0.0,0.0,0.0,0.0,0.0,0.0,0.0,0.0,10.0,,tree cover
3810,121,0.974,1.0,0.0,0.0,0.0,0.0,0.0,0.0,0.0,0.0,0.0,10.0,,tree cover
3921,121,0.974,0.9504,0.0,0.0,0.0,0.0496,0.0,0.0,0.0,0.0,0.0,10.0,,tree cover
4032,121,0.974,0.9587,0.0,0.0,0.0,0.0413,0.0,0.0,0.0,0.0,0.0,10.0,,tree cover
4143,121,0.974,0.9669,0.0,0.0,0.0,0.0331,0.0,0.0,0.0,0.0,0.0,10.0,,tree cover
4254,123,0.99,0.9431,0.0,0.0,0.0407,0.0163,0.0,0.0,0.0,0.0,0.0,10.0,,tree cover
4365,110,0.886,0.9909,0.0,0.0,0.0,0.0091,0.0,0.0,0.0,0.0,0.0,10.0,,tree cover
4809,121,0.974,0.9504,0.0,0.0,0.0,0.0496,0.0,0.0,0.0,0.0,0.0,10.0,,tree cover
4920,121,0.974,1.0,0.0,0.0,0.0,0.0,0.0,0.0,0.0,0.0,0.0,10.0,,tree cover
5031,132,1.0,0.9167,0.0,0.0,0.0,0.0833,0.0,0.0,0.0,0.0,0.0,10.0,,tree cover
5142,121,0.974,0.9256,0.0,0.0,0.0,0.0744,0.0,0.0,0.0,0.0,0.0,10.0,,tree cover
5253,121,0.974,1.0,0.0,0.0,0.0,0.0,0.0,0.0,0.0,0.0,0.0,10.0,,tree cover
5364,121,0.974,1.0,0.0,0.0,0.0,0.0,0.0,0.0,0.0,0.0,0.0,10.0,,tree cover
5475,115,0.926,0.9304,0.0,0.0696,0.0,0.0,0.0,0.0,0.0,0.0,0.0,10.0,,tree cover
5586,110,0.886,0.9,0.0,0.1,0.0,0.0,0.0,0.0,0.0,0.0,0.0,10.0,,tree cover
5697,118,0.95,0.9746,0.0,0.0254,0.0,0.0,0.0,0.0,0.0,0.0,0.0,10.0,,tree cover
5808,132,1.0,1.0,0.0,0.0,0.0,0.0,0.0,0.0,0.0,0.0,0.0,10.0,,tree cover
5919,121,0.974,0.9835,0.0,0.0165,0.0,0.0,0.0,0.0,0.0,0.0,0.0,10.0,,tree cover
6030,121,0.974,1.0,0.0,0.0,0.0,0.0,0.0,0.0,0.0,0.0,0.0,10.0,,tree cover
6141,121,0.974,1.0,0.0,0.0,0.0,0.0,0.0,0.0,0.0,0.0,0.0,10.0,,tree cover
6252,121,0.974,1.0,0.0,0.0,0.0,0.0,0.0,0.0,0.0,0.0,0.0,10.0,,tree cover
6363,121,0.974,1.0,0.0,0.0,0.0,0.0,0.0,0.0,0.0,0.0,0.0,10.0,,tree cover
6474,121,0.974,1.0,0.0,0.0,0.0,0.0,0.0,0.0,0.0,0.0,0.0,10.0,,tree cover
6585,132,1.0,1.0,0.0,0.0,0.0,0.0,0.0,0.0,0.0,0.0,0.0,10.0,,tree cover
6696,118,0.95,1.0,0.0,0.0,0.0,0.0,0.0,0.0,0.0,0.0,0.0,10.0,,tree cover
6807,110,0.886,1.0,0.0,0.0,0.0,0.0,0.0,0.0,0.0,0.0,0.0,10.0,,tree cover
6918,115,0.926,1.0,0.0,0.0,0.0,0.0,0.0,0.0,0.0,0.0,0.0,10.0,,tree cover
7029,121,0.974,1.0,0.0,0.0,0.0,0.0,0.0,0.0,0.0,0.0,0.0,10.0,,tree cover
7140,121,0.974,1.0,0.0,0.0,0.0,0.0,0.0,0.0,0.0,0.0,0.0,10.0,,tree cover
7251,121,0.974,1.0,0.0,0.0,0.0,0.0,0.0,0.0,0.0,0.0,0.0,10.0,,tree cover
7362,130,1.0,1.0,0.0,0.0,0.0,0.0,0.0,0.0,0.0,0.0,0.0,10.0,,tree cover
7473,123,0.99,1.0,0.0,0.0,0.0,0.0,0.0,0.0,0.0,0.0,0.0,10.0,,tree cover
7584,121,0.974,1.0,0.0,0.0,0.0,0.0,0.0,0.0,0.0,0.0,0.0,10.0,,tree cover
7695,121,0.974,1.0,0.0,0.0,0.0,0.0,0.0,0.0,0.0,0.0,0.0,10.0,,tree cover
7806,121,0.974,1.0,0.0,0.0,0.0,0.0,0.0,0.0,0.0,0.0,0.0,10.0,,tree cover
7917,121,0.974,1.0,0.0,0.0,0.0,0.0,0.0,0.0,0.0,0.0,0.0,10.0,,tree cover
8028,111,0.894,1.0,0.0,0.0,0.0,0.0,0.0,0.0,0.0,0.0,0.0,10.0,,tree cover
8139,118,0.95,1.0,0.0,0.0,0.0,0.0,0.0,0.0,0.0,0.0,0.0,10.0,,tree cover
8250,125,1.0,1.0,0.0,0.0,0.0,0.0,0.0,0.0,0.0,0.0,0.0,10.0,,tree cover
8361,121,0.974,1.0,0.0,0.0,0.0,0.0,0.0,0.0,0.0,0.0,0.0,10.0,,tree cover
8472,121,0.974,1.0,0.0,0.0,0.0,0.0,0.0,0.0,0.0,0.0,0.0,10.0,,tree cover
8583,121,0.974,1.0,0.0,0.0,0.0,0.0,0.0,0.0,0.0,0.0,0.0,10.0,,tree cover
8694,121,0.974,1.0,0.0,0.0,0.0,0.0,0.0,0.0,0.0,0.0,0.0,10.0,,tree cover
8805,121,0.974,1.0,0.0,0.0,0.0,0.0,0.0,0.0,0.0,0.0,0.0,10.0,,tree cover
8916,128,1.0,1.0,0.0,0.0,0.0,0.0,0.0,0.0,0.0,0.0,0.0,10.0,,tree cover
9027,125,1.0,1.0,0.0,0.0,0.0,0.0,0.0,0.0,0.0,0.0,0.0,10.0,,tree cover
9138,121,0.974,1.0,0.0,0.0,0.0,0.0,0.0,0.0,0.0,0.0,0.0,10.0,,tree cover
9249,116,0.934,1.0,0.0,0.0,0.0,0.0,0.0,0.0,0.0,0.0,0.0,10.0,,tree cover
9360,110,0.886,1.0,0.0,0.0,0.0,0.0,0.0,0.0,0.0,0.0,0.0,10.0,,tree cover
9471,118,0.95,1.0,0.0,0.0,0.0,0.0,0.0,0.0,0.0,0.0,0.0,10.0,,tree cover
9582,121,0.974,1.0,0.0,0.0,0.0,0.0,0.0,0.0,0.0,0.0,0.0,10.0,,tree cover
9693,126,1.0,1.0,0.0,0.0,0.0,0.0,0.0,0.0,0.0,0.0,0.0,10.0,,tree cover
9804,127,1.0,1.0,0.0,0.0,0.0,0.0,0.0,0.0,0.0,0.0,0.0,10.0,,tree cover
9915,121,0.974,1.0,0.0,0.0,0.0,0.0,0.0,0.0,0.0,0.0,0.0,10.0,,tree cover
10026,121,0.974,1.0,0.0,0.0,0.0,0.0,0.0,0.0,0.0,0.0,0.0,10.0,,tree cover
10137,121,0.974,0.8926,0.0,0.1074,0.0,0.0,0.0,0.0,0.0,0.0,0.0,10.0,,tree cover
10248,121,0.974,1.0,0.0,0.0,0.0,0.0,0.0,0.0,0.0,0.0,0.0,10.0,,tree cover
10359,121,0.974,1.0,0.0,0.0,0.0,0.0,0.0,0.0,0.0,0.0,0.0,10.0,,tree cover
10470,126,1.0,1.0,0.0,0.0,0.0,0.0,0.0,0.0,0.0,0.0,0.0,10.0,,tree cover
10581,116,0.934,1.0,0.0,0.0,0.0,0.0,0.0,0.0,0.0,0.0,0.0,10.0,,tree cover
10692,113,0.91,1.0,0.0,0.0,0.0,0.0,0.0,0.0,0.0,0.0,0.0,10.0,,tree cover
10803,121,0.974,1.0,0.0,0.0,0.0,0.0,0.0,0.0,0.0,0.0,0.0,10.0,,tree cover
10914,121,0.974,1.0,0.0,0.0,0.0,0.0,0.0,0.0,0.0,0.0,0.0,10.0,,tree cover
11025,121,0.974,1.0,0.0,0.0,0.0,0.0,0.0,0.0,0.0,0.0,0.0,10.0,,tree cover
11136,121,0.974,0.9174,0.0,0.0083,0.0083,0.0,0.0,0.0661,0.0,0.0,0.0,10.0,,tree cover
11247,124,0.998,0.4516,0.0,0.0242,0.0242,0.0,0.0,0.5,0.0,0.0,0.0,80.0,ground_water,permanent water
11358,129,1.0,1.0,0.0,0.0,0.0,0.0,0.0,0.0,0.0,0.0,0.0,10.0,,tree cover
11469,121,0.974,1.0,0.0,0.0,0.0,0.0,0.0,0.0,0.0,0.0,0.0,10.0,,tree cover
11580,121,0.974,1.0,0.0,0.0,0.0,0.0,0.0,0.0,0.0,0.0,0.0,10.0,,tree cover
11691,121,0.974,1.0,0.0,0.0,0.0,0.0,0.0,0.0,0.0,0.0,0.0,10.0,,tree cover
11802,116,0.934,1.0,0.0,0.0,0.0,0.0,0.0,0.0,0.0,0.0,0.0,10.0,,tree cover
11913,110,0.886,1.0,0.0,0.0,0.0,0.0,0.0,0.0,0.0,0.0,0.0,10.0,,tree cover
12024,119,0.958,1.0,0.0,0.0,0.0,0.0,0.0,0.0,0.0,0.0,0.0,10.0,,tree cover
12135,130,1.0,1.0,0.0,0.0,0.0,0.0,0.0,0.0,0.0,0.0,0.0,10.0,,tree cover
12246,121,0.974,1.0,0.0,0.0,0.0,0.0,0.0,0.0,0.0,0.0,0.0,10.0,,tree cover
12357,121,0.974,1.0,0.0,0.0,0.0,0.0,0.0,0.0,0.0,0.0,0.0,10.0,,tree cover
12468,121,0.974,1.0,0.0,0.0,0.0,0.0,0.0,0.0,0.0,0.0,0.0,10.0,,tree cover
12579,121,0.974,1.0,0.0,0.0,0.0,0.0,0.0,0.0,0.0,0.0,0.0,10.0,,tree cover
12690,121,0.974,1.0,0.0,0.0,0.0,0.0,0.0,0.0,0.0,0.0,0.0,10.0,,tree cover
12801,122,0.982,1.0,0.0,0.0,0.0,0.0,0.0,0.0,0.0,0.0,0.0,10.0,,tree cover
12912,131,1.0,1.0,0.0,0.0,0.0,0.0,0.0,0.0,0.0,0.0,0.0,10.0,,tree cover
13023,121,0.974,1.0,0.0,0.0,0.0,0.0,0.0,0.0,0.0,0.0,0.0,10.0,,tree cover
13134,112,0.902,1.0,0.0,0.0,0.0,0.0,0.0,0.0,0.0,0.0,0.0,10.0,,tree cover
13245,110,0.886,1.0,0.0,0.0,0.0,0.0,0.0,0.0,0.0,0.0,0.0,10.0,,tree cover
13356,121,0.974,1.0,0.0,0.0,0.0,0.0,0.0,0.0,0.0,0.0,0.0,10.0,,tree cover
13467,121,0.974,1.0,0.0,0.0,0.0,0.0,0.0,0.0,0.0,0.0,0.0,10.0,,tree cover
13578,121,0.974,1.0,0.0,0.0,0.0,0.0,0.0,0.0,0.0,0.0,0.0,10.0,,tree cover
13689,132,1.0,1.0,0.0,0.0,0.0,0.0,0.0,0.0,0.0,0.0,0.0,10.0,,tree cover
13800,121,0.974,0.9752,0.0,0.0248,0.0,0.0,0.0,0.0,0.0,0.0,0.0,10.0,,tree cover
13911,121,0.974,0.8182,0.0,0.1818,0.0,0.0,0.0,0.0,0.0,0.0,0.0,10.0,,tree cover
14022,121,0.974,1.0,0.0,0.0,0.0,0.0,0.0,0.0,0.0,0.0,0.0,10.0,,tree cover
14133,121,0.974,1.0,0.0,0.0,0.0,0.0,0.0,0.0,0.0,0.0,0.0,10.0,,tree cover
14244,121,0.974,1.0,0.0,0.0,0.0,0.0,0.0,0.0,0.0,0.0,0.0,10.0,,tree cover
14355,120,0.966,1.0,0.0,0.0,0.0,0.0,0.0,0.0,0.0,0.0,0.0,10.0,,tree cover
1036,132,1.0,0.0,0.0,1.0,0.0,0.0,0.0,0.0,0.0,0.0,0.0,30.0,,grassland
1147,121,0.974,0.0496,0.0,0.9504,0.0,0.0,0.0,0.0,0.0,0.0,0.0,30.0,,grassland
1258,121,0.974,0.7851,0.0,0.2149,0.0,0.0,0.0,0.0,0.0,0.0,0.0,10.0,,tree cover
1480,121,0.974,0.9504,0.0,0.0496,0.0,0.0,0.0,0.0,0.0,0.0,0.0,10.0,,tree cover
1591,113,0.91,0.9735,0.0,0.0,0.0265,0.0,0.0,0.0,0.0,0.0,0.0,10.0,,tree cover
1702,110,0.886,0.2273,0.0,0.0091,0.7636,0.0,0.0,0.0,0.0,0.0,0.0,40.0,,cropland
1924,121,0.974,0.0083,0.0,0.0,0.9917,0.0,0.0,0.0,0.0,0.0,0.0,40.0,,cropland
2035,121,0.974,0.0165,0.0,0.0,0.9835,0.0,0.0,0.0,0.0,0.0,0.0,40.0,,cropland
2146,121,0.974,0.124,0.0,0.0496,0.8264,0.0,0.0,0.0,0.0,0.0,0.0,40.0,,cropland
2257,121,0.974,0.2479,0.0,0.0331,0.562,0.0,0.0579,0.0992,0.0,0.0,0.0,40.0,,cropland
2368,121,0.974,0.0909,0.0,0.1405,0.7686,0.0,0.0,0.0,0.0,0.0,0.0,40.0,,cropland
2479,121,0.974,0.438,0.0,0.0826,0.4793,0.0,0.0,0.0,0.0,0.0,0.0,40.0,,cropland
2590,132,1.0,0.6288,0.0,0.0,0.0,0.1061,0.2652,0.0,0.0,0.0,0.0,10.0,,tree cover
2701,121,0.974,0.4959,0.0,0.0,0.0,0.5041,0.0,0.0,0.0,0.0,0.0,50.0,ground_built_up,built-up
2812,114,0.918,0.4737,0.0,0.0526,0.2193,0.2544,0.0,0.0,0.0,0.0,0.0,10.0,,tree cover
3256,121,0.974,0.1405,0.0,0.0,0.0,0.8595,0.0,0.0,0.0,0.0,0.0,50.0,ground_built_up,built-up
3367,131,1.0,0.9771,0.0,0.0,0.0,0.0229,0.0,0.0,0.0,0.0,0.0,10.0,,tree cover
3478,122,0.982,0.2049,0.0,0.0,0.0,0.7951,0.0,0.0,0.0,0.0,0.0,50.0,ground_built_up,built-up
3589,121,0.974,0.5372,0.0,0.0,0.0,0.4628,0.0,0.0,0.0,0.0,0.0,10.0,,tree cover
3700,121,0.974,1.0,0.0,0.0,0.0,0.0,0.0,0.0,0.0,0.0,0.0,10.0,,tree cover
3811,121,0.974,0.9339,0.0,0.0,0.0,0.0661,0.0,0.0,0.0,0.0,0.0,10.0,,tree cover
3922,121,0.974,0.6529,0.0,0.0,0.0,0.3471,0.0,0.0,0.0,0.0,0.0,10.0,,tree cover
4033,116,0.934,1.0,0.0,0.0,0.0,0.0,0.0,0.0,0.0,0.0,0.0,10.0,,tree cover
4144,118,0.95,0.8814,0.0,0.0,0.0,0.1186,0.0,0.0,0.0,0.0,0.0,10.0,,tree cover
4255,121,0.974,0.9008,0.0,0.0,0.0826,0.0165,0.0,0.0,0.0,0.0,0.0,10.0,,tree cover
4366,121,0.974,0.9917,0.0,0.0,0.0,0.0083,0.0,0.0,0.0,0.0,0.0,10.0,,tree cover
4477,121,0.974,0.9669,0.0,0.0,0.0,0.0331,0.0,0.0,0.0,0.0,0.0,10.0,,tree cover
4588,121,0.974,0.7686,0.0,0.0,0.0,0.2314,0.0,0.0,0.0,0.0,0.0,10.0,,tree cover
4699,121,0.974,0.6612,0.0,0.0,0.0,0.3388,0.0,0.0,0.0,0.0,0.0,10.0,,tree cover
4810,121,0.974,0.9174,0.0,0.0,0.0,0.0826,0.0,0.0,0.0,0.0,0.0,10.0,,tree cover
5032,125,1.0,0.864,0.0,0.0,0.0,0.136,0.0,0.0,0.0,0.0,0.0,10.0,,tree cover
5143,121,0.974,1.0,0.0,0.0,0.0,0.0,0.0,0.0,0.0,0.0,0.0,10.0,,tree cover
5254,118,0.95,0.9746,0.0,0.0254,0.0,0.0,0.0,0.0,0.0,0.0,0.0,10.0,,tree cover
5365,110,0.886,0.5818,0.0,0.4182,0.0,0.0,0.0,0.0,0.0,0.0,0.0,10.0,,tree cover
5476,116,0.934,0.2759,0.0,0.7241,0.0,0.0,0.0,0.0,0.0,0.0,0.0,30.0,,grassland
5587,121,0.974,1.0,0.0,0.0,0.0,0.0,0.0,0.0,0.0,0.0,0.0,10.0,,tree cover
5698,126,1.0,1.0,0.0,0.0,0.0,0.0,0.0,0.0,0.0,0.0,0.0,10.0,,tree cover
5809,127,1.0,1.0,0.0,0.0,0.0,0.0,0.0,0.0,0.0,0.0,0.0,10.0,,tree cover
5920,121,0.974,1.0,0.0,0.0,0.0,0.0,0.0,0.0,0.0,0.0,0.0,10.0,,tree cover
6031,121,0.974,1.0,0.0,0.0,0.0,0.0,0.0,0.0,0.0,0.0,0.0,10.0,,tree cover
6142,121,0.974,1.0,0.0,0.0,0.0,0.0,0.0,0.0,0.0,0.0,0.0,10.0,,tree cover
6253,121,0.974,1.0,0.0,0.0,0.0,0.0,0.0,0.0,0.0,0.0,0.0,10.0,,tree cover
6364,121,0.974,1.0,0.0,0.0,0.0,0.0,0.0,0.0,0.0,0.0,0.0,10.0,,tree cover
6475,125,1.0,1.0,0.0,0.0,0.0,0.0,0.0,0.0,0.0,0.0,0.0,10.0,,tree cover
6586,116,0.934,1.0,0.0,0.0,0.0,0.0,0.0,0.0,0.0,0.0,0.0,10.0,,tree cover
6697,113,0.91,1.0,0.0,0.0,0.0,0.0,0.0,0.0,0.0,0.0,0.0,10.0,,tree cover
6808,121,0.974,1.0,0.0,0.0,0.0,0.0,0.0,0.0,0.0,0.0,0.0,10.0,,tree cover
6919,121,0.974,1.0,0.0,0.0,0.0,0.0,0.0,0.0,0.0,0.0,0.0,10.0,,tree cover
7030,121,0.974,1.0,0.0,0.0,0.0,0.0,0.0,0.0,0.0,0.0,0.0,10.0,,tree cover
7141,121,0.974,1.0,0.0,0.0,0.0,0.0,0.0,0.0,0.0,0.0,0.0,10.0,,tree cover
7252,124,0.998,1.0,0.0,0.0,0.0,0.0,0.0,0.0,0.0,0.0,0.0,10.0,,tree cover
7363,129,1.0,1.0,0.0,0.0,0.0,0.0,0.0,0.0,0.0,0.0,0.0,10.0,,tree cover
7474,121,0.974,1.0,0.0,0.0,0.0,0.0,0.0,0.0,0.0,0.0,0.0,10.0,,tree cover
7585,121,0.974,1.0,0.0,0.0,0.0,0.0,0.0,0.0,0.0,0.0,0.0,10.0,,tree cover
7696,121,0.974,1.0,0.0,0.0,0.0,0.0,0.0,0.0,0.0,0.0,0.0,10.0,,tree cover
7807,114,0.918,1.0,0.0,0.0,0.0,0.0,0.0,0.0,0.0,0.0,0.0,10.0,,tree cover
7918,110,0.886,1.0,0.0,0.0,0.0,0.0,0.0,0.0,0.0,0.0,0.0,10.0,,tree cover
8029,121,0.974,1.0,0.0,0.0,0.0,0.0,0.0,0.0,0.0,0.0,0.0,10.0,,tree cover
8140,131,1.0,0.9771,0.0,0.0229,0.0,0.0,0.0,0.0,0.0,0.0,0.0,10.0,,tree cover
8251,121,0.974,1.0,0.0,0.0,0.0,0.0,0.0,0.0,0.0,0.0,0.0,10.0,,tree cover
8362,121,0.974,1.0,0.0,0.0,0.0,0.0,0.0,0.0,0.0,0.0,0.0,10.0,,tree cover
8473,121,0.974,1.0,0.0,0.0,0.0,0.0,0.0,0.0,0.0,0.0,0.0,10.0,,tree cover
8584,121,0.974,1.0,0.0,0.0,0.0,0.0,0.0,0.0,0.0,0.0,0.0,10.0,,tree cover
8695,121,0.974,1.0,0.0,0.0,0.0,0.0,0.0,0.0,0.0,0.0,0.0,10.0,,tree cover
8806,122,0.982,1.0,0.0,0.0,0.0,0.0,0.0,0.0,0.0,0.0,0.0,10.0,,tree cover
8917,131,1.0,1.0,0.0,0.0,0.0,0.0,0.0,0.0,0.0,0.0,0.0,10.0,,tree cover
9028,118,0.95,1.0,0.0,0.0,0.0,0.0,0.0,0.0,0.0,0.0,0.0,10.0,,tree cover
9139,110,0.886,1.0,0.0,0.0,0.0,0.0,0.0,0.0,0.0,0.0,0.0,10.0,,tree cover
9250,115,0.926,1.0,0.0,0.0,0.0,0.0,0.0,0.0,0.0,0.0,0.0,10.0,,tree cover
9361,121,0.974,1.0,0.0,0.0,0.0,0.0,0.0,0.0,0.0,0.0,0.0,10.0,,tree cover
9472,121,0.974,1.0,0.0,0.0,0.0,0.0,0.0,0.0,0.0,0.0,0.0,10.0,,tree cover
9583,121,0.974,0.719,0.0,0.281,0.0,0.0,0.0,0.0,0.0,0.0,0.0,10.0,,tree cover
9694,132,1.0,1.0,0.0,0.0,0.0,0.0,0.0,0.0,0.0,0.0,0.0,10.0,,tree cover
9805,121,0.974,1.0,0.0,0.0,0.0,0.0,0.0,0.0,0.0,0.0,0.0,10.0,,tree cover
9916,121,0.974,1.0,0.0,0.0,0.0,0.0,0.0,0.0,0.0,0.0,0.0,10.0,,tree cover
10027,121,0.974,0.9752,0.0,0.0248,0.0,0.0,0.0,0.0,0.0,0.0,0.0,10.0,,tree cover
10138,121,0.974,1.0,0.0,0.0,0.0,0.0,0.0,0.0,0.0,0.0,0.0,10.0,,tree cover
10249,121,0.974,1.0,0.0,0.0,0.0,0.0,0.0,0.0,0.0,0.0,0.0,10.0,,tree cover
10360,113,0.91,1.0,0.0,0.0,0.0,0.0,0.0,0.0,0.0,0.0,0.0,10.0,,tree cover
10471,120,0.966,1.0,0.0,0.0,0.0,0.0,0.0,0.0,0.0,0.0,0.0,10.0,,tree cover
10582,121,0.974,1.0,0.0,0.0,0.0,0.0,0.0,0.0,0.0,0.0,0.0,10.0,,tree cover
10693,121,0.974,1.0,0.0,0.0,0.0,0.0,0.0,0.0,0.0,0.0,0.0,10.0,,tree cover
10804,121,0.974,1.0,0.0,0.0,0.0,0.0,0.0,0.0,0.0,0.0,0.0,10.0,,tree cover
10915,121,0.974,1.0,0.0,0.0,0.0,0.0,0.0,0.0,0.0,0.0,0.0,10.0,,tree cover
11026,121,0.974,1.0,0.0,0.0,0.0,0.0,0.0,0.0,0.0,0.0,0.0,10.0,,tree cover
11137,121,0.974,1.0,0.0,0.0,0.0,0.0,0.0,0.0,0.0,0.0,0.0,10.0,,tree cover
11248,132,1.0,0.9318,0.0,0.0,0.0,0.0,0.0,0.0682,0.0,0.0,0.0,10.0,,tree cover
11359,121,0.974,0.8926,0.0,0.0,0.0,0.0,0.0,0.1074,0.0,0.0,0.0,10.0,,tree cover
11470,121,0.974,1.0,0.0,0.0,0.0,0.0,0.0,0.0,0.0,0.0,0.0,10.0,,tree cover
11581,118,0.95,1.0,0.0,0.0,0.0,0.0,0.0,0.0,0.0,0.0,0.0,10.0,,tree cover
11692,110,0.886,1.0,0.0,0.0,0.0,0.0,0.0,0.0,0.0,0.0,0.0,10.0,,tree cover
11803,115,0.926,1.0,0.0,0.0,0.0,0.0,0.0,0.0,0.0,0.0,0.0,10.0,,tree cover
11914,121,0.974,1.0,0.0,0.0,0.0,0.0,0.0,0.0,0.0,0.0,0.0,10.0,,tree cover
12025,132,1.0,1.0,0.0,0.0,0.0,0.0,0.0,0.0,0.0,0.0,0.0,10.0,,tree cover
12136,121,0.974,1.0,0.0,0.0,0.0,0.0,0.0,0.0,0.0,0.0,0.0,10.0,,tree cover
12247,121,0.974,1.0,0.0,0.0,0.0,0.0,0.0,0.0,0.0,0.0,0.0,10.0,,tree cover
12358,121,0.974,1.0,0.0,0.0,0.0,0.0,0.0,0.0,0.0,0.0,0.0,10.0,,tree cover
12469,121,0.974,1.0,0.0,0.0,0.0,0.0,0.0,0.0,0.0,0.0,0.0,10.0,,tree cover
12580,121,0.974,0.8347,0.0,0.0,0.0,0.0,0.0,0.1653,0.0,0.0,0.0,10.0,,tree cover
12691,121,0.974,0.9752,0.0,0.0,0.0,0.0,0.0165,0.0083,0.0,0.0,0.0,10.0,,tree cover
12802,132,1.0,0.9924,0.0,0.0,0.0,0.0,0.0076,0.0,0.0,0.0,0.0,10.0,,tree cover
12913,114,0.918,0.9912,0.0,0.0088,0.0,0.0,0.0,0.0,0.0,0.0,0.0,10.0,,tree cover
13024,110,0.886,1.0,0.0,0.0,0.0,0.0,0.0,0.0,0.0,0.0,0.0,10.0,,tree cover
13135,119,0.958,1.0,0.0,0.0,0.0,0.0,0.0,0.0,0.0,0.0,0.0,10.0,,tree cover
13246,121,0.974,1.0,0.0,0.0,0.0,0.0,0.0,0.0,0.0,0.0,0.0,10.0,,tree cover
13357,121,0.974,1.0,0.0,0.0,0.0,0.0,0.0,0.0,0.0,0.0,0.0,10.0,,tree cover
13468,121,0.974,1.0,0.0,0.0,0.0,0.0,0.0,0.0,0.0,0.0,0.0,10.0,,tree cover
13579,132,1.0,1.0,0.0,0.0,0.0,0.0,0.0,0.0,0.0,0.0,0.0,10.0,,tree cover
13690,121,0.974,1.0,0.0,0.0,0.0,0.0,0.0,0.0,0.0,0.0,0.0,10.0,,tree cover
13801,121,0.974,1.0,0.0,0.0,0.0,0.0,0.0,0.0,0.0,0.0,0.0,10.0,,tree cover
13912,121,0.974,1.0,0.0,0.0,0.0,0.0,0.0,0.0,0.0,0.0,0.0,10.0,,tree cover
14023,121,0.974,1.0,0.0,0.0,0.0,0.0,0.0,0.0,0.0,0.0,0.0,10.0,,tree cover
14134,121,0.974,1.0,0.0,0.0,0.0,0.0,0.0,0.0,0.0,0.0,0.0,10.0,,tree cover
14245,111,0.894,1.0,0.0,0.0,0.0,0.0,0.0,0.0,0.0,0.0,0.0,10.0,,tree cover
14356,121,0.974,1.0,0.0,0.0,0.0,0.0,0.0,0.0,0.0,0.0,0.0,10.0,,tree cover
14467,122,0.982,0.9836,0.0,0.0164,0.0,0.0,0.0,0.0,0.0,0.0,0.0,10.0,,tree cover
1148,121,0.974,0.686,0.0,0.1488,0.1653,0.0,0.0,0.0,0.0,0.0,0.0,10.0,,tree cover
1259,121,0.974,0.5207,0.0,0.4793,0.0,0.0,0.0,0.0,0.0,0.0,0.0,10.0,,tree cover
1370,116,0.934,0.0086,0.0,0.6897,0.3017,0.0,0.0,0.0,0.0,0.0,0.0,30.0,,grassland
1481,110,0.886,0.0,0.0,0.3818,0.6182,0.0,0.0,0.0,0.0,0.0,0.0,40.0,,cropland
1592,118,0.95,0.7627,0.0,0.1695,0.0678,0.0,0.0,0.0,0.0,0.0,0.0,10.0,,tree cover
1703,128,1.0,0.0547,0.0,0.0,0.8594,0.0,0.0,0.0859,0.0,0.0,0.0,40.0,,cropland
1814,125,1.0,0.0,0.0,0.048,0.816,0.0,0.0,0.136,0.0,0.0,0.0,40.0,,cropland
1925,121,0.974,0.0,0.0,0.0,1.0,0.0,0.0,0.0,0.0,0.0,0.0,40.0,,cropland
2036,121,0.974,0.0165,0.0,0.0083,0.9752,0.0,0.0,0.0,0.0,0.0,0.0,40.0,,cropland
2147,121,0.974,0.5455,0.0,0.0744,0.3223,0.0,0.0579,0.0,0.0,0.0,0.0,10.0,,tree cover
2258,121,0.974,0.124,0.0,0.0,0.7438,0.0,0.1322,0.0,0.0,0.0,0.0,40.0,,cropland
2369,121,0.974,0.281,0.0,0.0,0.6446,0.0744,0.0,0.0,0.0,0.0,0.0,40.0,,cropland
2480,127,1.0,0.7874,0.0,0.0079,0.0236,0.1811,0.0,0.0,0.0,0.0,0.0,10.0,,tree cover
2591,121,0.974,0.6281,0.0,0.0,0.0,0.3719,0.0,0.0,0.0,0.0,0.0,10.0,,tree cover
2702,110,0.886,0.7364,0.0,0.0,0.0,0.2636,0.0,0.0,0.0,0.0,0.0,10.0,,tree cover
3035,121,0.974,0.0413,0.0,0.0,0.0,0.9587,0.0,0.0,0.0,0.0,0.0,50.0,ground_built_up,built-up
3257,125,1.0,0.304,0.0,0.072,0.072,0.552,0.0,0.0,0.0,0.0,0.0,50.0,ground_built_up,built-up
3368,128,1.0,0.1562,0.0,0.2656,0.5781,0.0,0.0,0.0,0.0,0.0,0.0,40.0,,cropland
3479,121,0.974,0.3719,0.0,0.1157,0.1818,0.3306,0.0,0.0,0.0,0.0,0.0,10.0,,tree cover
3590,121,0.974,0.3884,0.0,0.0,0.5041,0.1074,0.0,0.0,0.0,0.0,0.0,40.0,,cropland
3701,121,0.974,1.0,0.0,0.0,0.0,0.0,0.0,0.0,0.0,0.0,0.0,10.0,,tree cover
3812,118,0.95,0.7797,0.0,0.0254,0.1949,0.0,0.0,0.0,0.0,0.0,0.0,10.0,,tree cover
3923,110,0.886,1.0,0.0,0.0,0.0,0.0,0.0,0.0,0.0,0.0,0.0,10.0,,tree cover
4034,117,0.942,0.9744,0.0,0.0,0.0,0.0256,0.0,0.0,0.0,0.0,0.0,10.0,,tree cover
4256,121,0.974,1.0,0.0,0.0,0.0,0.0,0.0,0.0,0.0,0.0,0.0,10.0,,tree cover
4367,121,0.974,1.0,0.0,0.0,0.0,0.0,0.0,0.0,0.0,0.0,0.0,10.0,,tree cover
4478,121,0.974,0.9917,0.0,0.0083,0.0,0.0,0.0,0.0,0.0,0.0,0.0,10.0,,tree cover
4589,121,0.974,0.876,0.0,0.1074,0.0,0.0165,0.0,0.0,0.0,0.0,0.0,10.0,,tree cover
4700,121,0.974,0.8843,0.0,0.0,0.0,0.1157,0.0,0.0,0.0,0.0,0.0,10.0,,tree cover
4811,122,0.982,0.8934,0.0,0.0,0.0,0.1066,0.0,0.0,0.0,0.0,0.0,10.0,,tree cover
4922,131,1.0,0.687,0.0,0.0,0.0,0.313,0.0,0.0,0.0,0.0,0.0,10.0,,tree cover
5033,120,0.966,1.0,0.0,0.0,0.0,0.0,0.0,0.0,0.0,0.0,0.0,10.0,,tree cover
5144,110,0.886,1.0,0.0,0.0,0.0,0.0,0.0,0.0,0.0,0.0,0.0,10.0,,tree cover
5255,113,0.91,1.0,0.0,0.0,0.0,0.0,0.0,0.0,0.0,0.0,0.0,10.0,,tree cover
5366,121,0.974,1.0,0.0,0.0,0.0,0.0,0.0,0.0,0.0,0.0,0.0,10.0,,tree cover
5477,121,0.974,0.7273,0.0,0.2727,0.0,0.0,0.0,0.0,0.0,0.0,0.0,10.0,,tree cover
5588,121,0.974,0.9174,0.0,0.0826,0.0,0.0,0.0,0.0,0.0,0.0,0.0,10.0,,tree cover
5699,132,1.0,1.0,0.0,0.0,0.0,0.0,0.0,0.0,0.0,0.0,0.0,10.0,,tree cover
5810,121,0.974,1.0,0.0,0.0,0.0,0.0,0.0,0.0,0.0,0.0,0.0,10.0,,tree cover
5921,121,0.974,1.0,0.0,0.0,0.0,0.0,0.0,0.0,0.0,0.0,0.0,10.0,,tree cover
6032,121,0.974,0.8926,0.0,0.1074,0.0,0.0,0.0,0.0,0.0,0.0,0.0,10.0,,tree cover
6143,121,0.974,0.9835,0.0,0.0165,0.0,0.0,0.0,0.0,0.0,0.0,0.0,10.0,,tree cover
6254,121,0.974,0.9587,0.0,0.0413,0.0,0.0,0.0,0.0,0.0,0.0,0.0,10.0,,tree cover
6365,113,0.91,1.0,0.0,0.0,0.0,0.0,0.0,0.0,0.0,0.0,0.0,10.0,,tree cover
6476,121,0.974,1.0,0.0,0.0,0.0,0.0,0.0,0.0,0.0,0.0,0.0,10.0,,tree cover
6587,121,0.974,1.0,0.0,0.0,0.0,0.0,0.0,0.0,0.0,0.0,0.0,10.0,,tree cover
6698,121,0.974,1.0,0.0,0.0,0.0,0.0,0.0,0.0,0.0,0.0,0.0,10.0,,tree cover
6809,121,0.974,1.0,0.0,0.0,0.0,0.0,0.0,0.0,0.0,0.0,0.0,10.0,,tree cover
6920,121,0.974,1.0,0.0,0.0,0.0,0.0,0.0,0.0,0.0,0.0,0.0,10.0,,tree cover
7031,121,0.974,1.0,0.0,0.0,0.0,0.0,0.0,0.0,0.0,0.0,0.0,10.0,,tree cover
7142,121,0.974,1.0,0.0,0.0,0.0,0.0,0.0,0.0,0.0,0.0,0.0,10.0,,tree cover
7253,132,1.0,1.0,0.0,0.0,0.0,0.0,0.0,0.0,0.0,0.0,0.0,10.0,,tree cover
7364,121,0.974,1.0,0.0,0.0,0.0,0.0,0.0,0.0,0.0,0.0,0.0,10.0,,tree cover
7475,121,0.974,1.0,0.0,0.0,0.0,0.0,0.0,0.0,0.0,0.0,0.0,10.0,,tree cover
7586,116,0.934,1.0,0.0,0.0,0.0,0.0,0.0,0.0,0.0,0.0,0.0,10.0,,tree cover
7697,110,0.886,1.0,0.0,0.0,0.0,0.0,0.0,0.0,0.0,0.0,0.0,10.0,,tree cover
7808,117,0.942,1.0,0.0,0.0,0.0,0.0,0.0,0.0,0.0,0.0,0.0,10.0,,tree cover
7919,121,0.974,1.0,0.0,0.0,0.0,0.0,0.0,0.0,0.0,0.0,0.0,10.0,,tree cover
8030,132,1.0,1.0,0.0,0.0,0.0,0.0,0.0,0.0,0.0,0.0,0.0,10.0,,tree cover
8141,121,0.974,0.7273,0.0,0.2727,0.0,0.0,0.0,0.0,0.0,0.0,0.0,10.0,,tree cover
8252,121,0.974,1.0,0.0,0.0,0.0,0.0,0.0,0.0,0.0,0.0,0.0,10.0,,tree cover
8363,121,0.974,1.0,0.0,0.0,0.0,0.0,0.0,0.0,0.0,0.0,0.0,10.0,,tree cover
8474,121,0.974,1.0,0.0,0.0,0.0,0.0,0.0,0.0,0.0,0.0,0.0,10.0,,tree cover
8585,121,0.974,1.0,0.0,0.0,0.0,0.0,0.0,0.0,0.0,0.0,0.0,10.0,,tree cover
8696,121,0.974,1.0,0.0,0.0,0.0,0.0,0.0,0.0,0.0,0.0,0.0,10.0,,tree cover
8807,131,1.0,1.0,0.0,0.0,0.0,0.0,0.0,0.0,0.0,0.0,0.0,10.0,,tree cover
8918,110,0.886,1.0,0.0,0.0,0.0,0.0,0.0,0.0,0.0,0.0,0.0,10.0,,tree cover
9029,113,0.91,1.0,0.0,0.0,0.0,0.0,0.0,0.0,0.0,0.0,0.0,10.0,,tree cover
9140,121,0.974,1.0,0.0,0.0,0.0,0.0,0.0,0.0,0.0,0.0,0.0,10.0,,tree cover
9251,121,0.974,1.0,0.0,0.0,0.0,0.0,0.0,0.0,0.0,0.0,0.0,10.0,,tree cover
9362,121,0.974,1.0,0.0,0.0,0.0,0.0,0.0,0.0,0.0,0.0,0.0,10.0,,tree cover
9473,121,0.974,1.0,0.0,0.0,0.0,0.0,0.0,0.0,0.0,0.0,0.0,10.0,,tree cover
9584,131,1.0,0.7328,0.0,0.2672,0.0,0.0,0.0,0.0,0.0,0.0,0.0,10.0,,tree cover
9695,122,0.982,1.0,0.0,0.0,0.0,0.0,0.0,0.0,0.0,0.0,0.0,10.0,,tree cover
9806,121,0.974,1.0,0.0,0.0,0.0,0.0,0.0,0.0,0.0,0.0,0.0,10.0,,tree cover
9917,121,0.974,1.0,0.0,0.0,0.0,0.0,0.0,0.0,0.0,0.0,0.0,10.0,,tree cover
10028,121,0.974,0.7603,0.0,0.2397,0.0,0.0,0.0,0.0,0.0,0.0,0.0,10.0,,tree cover
10139,115,0.926,1.0,0.0,0.0,0.0,0.0,0.0,0.0,0.0,0.0,0.0,10.0,,tree cover
10250,110,0.886,1.0,0.0,0.0,0.0,0.0,0.0,0.0,0.0,0.0,0.0,10.0,,tree cover
10361,126,1.0,1.0,0.0,0.0,0.0,0.0,0.0,0.0,0.0,0.0,0.0,10.0,,tree cover
10472,124,0.998,1.0,0.0,0.0,0.0,0.0,0.0,0.0,0.0,0.0,0.0,10.0,,tree cover
10583,121,0.974,1.0,0.0,0.0,0.0,0.0,0.0,0.0,0.0,0.0,0.0,10.0,,tree cover
10694,121,0.974,1.0,0.0,0.0,0.0,0.0,0.0,0.0,0.0,0.0,0.0,10.0,,tree cover
10805,121,0.974,1.0,0.0,0.0,0.0,0.0,0.0,0.0,0.0,0.0,0.0,10.0,,tree cover
10916,121,0.974,1.0,0.0,0.0,0.0,0.0,0.0,0.0,0.0,0.0,0.0,10.0,,tree cover
11027,121,0.974,1.0,0.0,0.0,0.0,0.0,0.0,0.0,0.0,0.0,0.0,10.0,,tree cover
11138,129,1.0,1.0,0.0,0.0,0.0,0.0,0.0,0.0,0.0,0.0,0.0,10.0,,tree cover
11249,124,0.998,1.0,0.0,0.0,0.0,0.0,0.0,0.0,0.0,0.0,0.0,10.0,,tree cover
11360,120,0.966,0.575,0.0,0.0,0.0,0.0,0.0,0.425,0.0,0.0,0.0,10.0,ground_water,tree cover
11471,110,0.886,1.0,0.0,0.0,0.0,0.0,0.0,0.0,0.0,0.0,0.0,10.0,,tree cover
11582,113,0.91,1.0,0.0,0.0,0.0,0.0,0.0,0.0,0.0,0.0,0.0,10.0,,tree cover
11693,121,0.974,1.0,0.0,0.0,0.0,0.0,0.0,0.0,0.0,0.0,0.0,10.0,,tree cover
11804,121,0.974,1.0,0.0,0.0,0.0,0.0,0.0,0.0,0.0,0.0,0.0,10.0,,tree cover
11915,127,1.0,1.0,0.0,0.0,0.0,0.0,0.0,0.0,0.0,0.0,0.0,10.0,,tree cover
12026,126,1.0,1.0,0.0,0.0,0.0,0.0,0.0,0.0,0.0,0.0,0.0,10.0,,tree cover
12137,121,0.974,1.0,0.0,0.0,0.0,0.0,0.0,0.0,0.0,0.0,0.0,10.0,,tree cover
12248,121,0.974,1.0,0.0,0.0,0.0,0.0,0.0,0.0,0.0,0.0,0.0,10.0,,tree cover
12359,121,0.974,1.0,0.0,0.0,0.0,0.0,0.0,0.0,0.0,0.0,0.0,10.0,,tree cover
12470,121,0.974,1.0,0.0,0.0,0.0,0.0,0.0,0.0,0.0,0.0,0.0,10.0,,tree cover
12581,121,0.974,0.8678,0.0,0.0579,0.0,0.0,0.0,0.0744,0.0,0.0,0.0,10.0,,tree cover
12692,122,0.982,0.9754,0.0,0.0246,0.0,0.0,0.0,0.0,0.0,0.0,0.0,10.0,,tree cover
12803,115,0.926,0.9826,0.0,0.0087,0.0,0.0,0.0,0.0087,0.0,0.0,0.0,10.0,,tree cover
12914,117,0.942,0.9829,0.0,0.0085,0.0085,0.0,0.0,0.0,0.0,0.0,0.0,10.0,,tree cover
13025,121,0.974,1.0,0.0,0.0,0.0,0.0,0.0,0.0,0.0,0.0,0.0,10.0,,tree cover
13136,121,0.974,1.0,0.0,0.0,0.0,0.0,0.0,0.0,0.0,0.0,0.0,10.0,,tree cover
13247,121,0.974,1.0,0.0,0.0,0.0,0.0,0.0,0.0,0.0,0.0,0.0,10.0,,tree cover
13358,121,0.974,1.0,0.0,0.0,0.0,0.0,0.0,0.0,0.0,0.0,0.0,10.0,,tree cover
13469,125,1.0,1.0,0.0,0.0,0.0,0.0,0.0,0.0,0.0,0.0,0.0,10.0,,tree cover
13580,128,1.0,1.0,0.0,0.0,0.0,0.0,0.0,0.0,0.0,0.0,0.0,10.0,,tree cover
13691,121,0.974,1.0,0.0,0.0,0.0,0.0,0.0,0.0,0.0,0.0,0.0,10.0,,tree cover
13802,121,0.974,1.0,0.0,0.0,0.0,0.0,0.0,0.0,0.0,0.0,0.0,10.0,,tree cover
13913,121,0.974,1.0,0.0,0.0,0.0,0.0,0.0,0.0,0.0,0.0,0.0,10.0,,tree cover
14024,113,0.91,1.0,0.0,0.0,0.0,0.0,0.0,0.0,0.0,0.0,0.0,10.0,,tree cover
14135,110,0.886,1.0,0.0,0.0,0.0,0.0,0.0,0.0,0.0,0.0,0.0,10.0,,tree cover
14246,123,0.99,1.0,0.0,0.0,0.0,0.0,0.0,0.0,0.0,0.0,0.0,10.0,,tree cover
14357,129,1.0,1.0,0.0,0.0,0.0,0.0,0.0,0.0,0.0,0.0,0.0,10.0,,tree cover
14468,121,0.974,1.0,0.0,0.0,0.0,0.0,0.0,0.0,0.0,0.0,0.0,10.0,,tree cover
14579,121,0.974,1.0,0.0,0.0,0.0,0.0,0.0,0.0,0.0,0.0,0.0,10.0,,tree cover
1038,121,0.974,0.6116,0.0,0.1074,0.2479,0.0331,0.0,0.0,0.0,0.0,0.0,10.0,,tree cover
1149,119,0.958,0.9328,0.0,0.0504,0.0168,0.0,0.0,0.0,0.0,0.0,0.0,10.0,,tree cover
1260,110,0.886,0.0636,0.0,0.5818,0.3545,0.0,0.0,0.0,0.0,0.0,0.0,30.0,,grassland
1371,115,0.926,0.0,0.0,0.0,1.0,0.0,0.0,0.0,0.0,0.0,0.0,40.0,,cropland
1482,121,0.974,0.0,0.0,0.0,1.0,0.0,0.0,0.0,0.0,0.0,0.0,40.0,,cropland
1593,122,0.982,0.1967,0.0,0.0984,0.7049,0.0,0.0,0.0,0.0,0.0,0.0,40.0,,cropland
1704,131,1.0,0.0687,0.0,0.0534,0.6412,0.0,0.0382,0.1985,0.0,0.0,0.0,40.0,,cropland
1815,121,0.974,0.0,0.0,0.0579,0.8678,0.0,0.0083,0.0661,0.0,0.0,0.0,40.0,,cropland
1926,121,0.974,0.0,0.0,0.0496,0.686,0.0,0.0248,0.2397,0.0,0.0,0.0,40.0,,cropland
2037,121,0.974,0.0413,0.0,0.0496,0.6446,0.0,0.0165,0.2479,0.0,0.0,0.0,40.0,,cropland
2148,121,0.974,0.0,0.0,0.0248,0.876,0.0,0.0992,0.0,0.0,0.0,0.0,40.0,,cropland
2259,121,0.974,0.0248,0.0,0.0,0.9752,0.0,0.0,0.0,0.0,0.0,0.0,40.0,,cropland
2370,120,0.966,0.6417,0.0,0.0,0.3333,0.025,0.0,0.0,0.0,0.0,0.0,10.0,,tree cover
2481,120,0.966,0.0917,0.0,0.0,0.0,0.9083,0.0,0.0,0.0,0.0,0.0,50.0,ground_built_up,built-up
2703,121,0.974,0.0165,0.0,0.0,0.0,0.9752,0.0083,0.0,0.0,0.0,0.0,50.0,ground_built_up,built-up
2925,121,0.974,0.0,0.0,0.0,0.0,1.0,0.0,0.0,0.0,0.0,0.0,50.0,ground_built_up,built-up
3147,121,0.974,0.2645,0.0,0.0331,0.0,0.7025,0.0,0.0,0.0,0.0,0.0,50.0,ground_built_up,built-up
3258,132,1.0,0.1136,0.0,0.4318,0.0909,0.1894,0.1742,0.0,0.0,0.0,0.0,30.0,,grassland
3369,121,0.974,0.0,0.0,0.562,0.2727,0.1653,0.0,0.0,0.0,0.0,0.0,30.0,,grassland
3480,121,0.974,0.0826,0.0,0.0909,0.7025,0.124,0.0,0.0,0.0,0.0,0.0,40.0,,cropland
3591,121,0.974,0.4793,0.0,0.0661,0.2645,0.1901,0.0,0.0,0.0,0.0,0.0,10.0,,tree cover
3702,110,0.886,0.0636,0.0,0.0364,0.7636,0.1364,0.0,0.0,0.0,0.0,0.0,40.0,,cropland
3813,113,0.91,0.0,0.0,0.354,0.646,0.0,0.0,0.0,0.0,0.0,0.0,40.0,,cropland
3924,121,0.974,0.5124,0.0,0.4876,0.0,0.0,0.0,0.0,0.0,0.0,0.0,10.0,,tree cover
4035,132,1.0,0.9848,0.0,0.0,0.0,0.0152,0.0,0.0,0.0,0.0,0.0,10.0,,tree cover
4146,121,0.974,0.6116,0.0,0.0,0.0,0.3884,0.0,0.0,0.0,0.0,0.0,10.0,,tree cover
4257,121,0.974,0.3554,0.0,0.438,0.0083,0.1983,0.0,0.0,0.0,0.0,0.0,30.0,,grassland
4368,121,0.974,0.5537,0.0,0.2893,0.157,0.0,0.0,0.0,0.0,0.0,0.0,10.0,,tree cover
4479,121,0.974,0.8264,0.0,0.157,0.0165,0.0,0.0,0.0,0.0,0.0,0.0,10.0,,tree cover
4590,121,0.974,0.9669,0.0,0.0331,0.0,0.0,0.0,0.0,0.0,0.0,0.0,10.0,,tree cover
4701,121,0.974,0.9174,0.0,0.0,0.0,0.0826,0.0,0.0,0.0,0.0,0.0,10.0,,tree cover
4812,132,1.0,0.9242,0.0,0.0,0.0,0.0758,0.0,0.0,0.0,0.0,0.0,10.0,,tree cover
4923,112,0.902,0.9018,0.0,0.0,0.0,0.0982,0.0,0.0,0.0,0.0,0.0,10.0,,tree cover
5034,111,0.894,1.0,0.0,0.0,0.0,0.0,0.0,0.0,0.0,0.0,0.0,10.0,,tree cover
5145,121,0.974,1.0,0.0,0.0,0.0,0.0,0.0,0.0,0.0,0.0,0.0,10.0,,tree cover
5256,121,0.974,1.0,0.0,0.0,0.0,0.0,0.0,0.0,0.0,0.0,0.0,10.0,,tree cover
5367,121,0.974,0.6033,0.0,0.3967,0.0,0.0,0.0,0.0,0.0,0.0,0.0,10.0,,tree cover
5478,121,0.974,0.8843,0.0,0.1157,0.0,0.0,0.0,0.0,0.0,0.0,0.0,10.0,,tree cover
5589,132,1.0,0.5379,0.0,0.4621,0.0,0.0,0.0,0.0,0.0,0.0,0.0,10.0,,tree cover
5700,121,0.974,1.0,0.0,0.0,0.0,0.0,0.0,0.0,0.0,0.0,0.0,10.0,,tree cover
5811,121,0.974,1.0,0.0,0.0,0.0,0.0,0.0,0.0,0.0,0.0,0.0,10.0,,tree cover
5922,121,0.974,0.843,0.0,0.157,0.0,0.0,0.0,0.0,0.0,0.0,0.0,10.0,,tree cover
6033,121,0.974,0.8099,0.0,0.1901,0.0,0.0,0.0,0.0,0.0,0.0,0.0,10.0,,tree cover
6144,115,0.926,0.4783,0.0,0.5217,0.0,0.0,0.0,0.0,0.0,0.0,0.0,30.0,,grassland
6255,110,0.886,0.7091,0.0,0.2909,0.0,0.0,0.0,0.0,0.0,0.0,0.0,10.0,,tree cover
6366,127,1.0,1.0,0.0,0.0,0.0,0.0,0.0,0.0,0.0,0.0,0.0,10.0,,tree cover
6477,123,0.99,1.0,0.0,0.0,0.0,0.0,0.0,0.0,0.0,0.0,0.0,10.0,,tree cover
6588,121,0.974,1.0,0.0,0.0,0.0,0.0,0.0,0.0,0.0,0.0,0.0,10.0,,tree cover
6699,121,0.974,1.0,0.0,0.0,0.0,0.0,0.0,0.0,0.0,0.0,0.0,10.0,,tree cover
6810,121,0.974,1.0,0.0,0.0,0.0,0.0,0.0,0.0,0.0,0.0,0.0,10.0,,tree cover
6921,121,0.974,1.0,0.0,0.0,0.0,0.0,0.0,0.0,0.0,0.0,0.0,10.0,,tree cover
7032,121,0.974,1.0,0.0,0.0,0.0,0.0,0.0,0.0,0.0,0.0,0.0,10.0,,tree cover
7143,129,1.0,1.0,0.0,0.0,0.0,0.0,0.0,0.0,0.0,0.0,0.0,10.0,,tree cover
7254,124,0.998,1.0,0.0,0.0,0.0,0.0,0.0,0.0,0.0,0.0,0.0,10.0,,tree cover
7365,118,0.95,1.0,0.0,0.0,0.0,0.0,0.0,0.0,0.0,0.0,0.0,10.0,,tree cover
7476,110,0.886,1.0,0.0,0.0,0.0,0.0,0.0,0.0,0.0,0.0,0.0,10.0,,tree cover
7587,115,0.926,1.0,0.0,0.0,0.0,0.0,0.0,0.0,0.0,0.0,0.0,10.0,,tree cover
7698,121,0.974,1.0,0.0,0.0,0.0,0.0,0.0,0.0,0.0,0.0,0.0,10.0,,tree cover
7809,121,0.974,1.0,0.0,0.0,0.0,0.0,0.0,0.0,0.0,0.0,0.0,10.0,,tree cover
7920,127,1.0,1.0,0.0,0.0,0.0,0.0,0.0,0.0,0.0,0.0,0.0,10.0,,tree cover
8031,126,1.0,1.0,0.0,0.0,0.0,0.0,0.0,0.0,0.0,0.0,0.0,10.0,,tree cover
8142,121,0.974,1.0,0.0,0.0,0.0,0.0,0.0,0.0,0.0,0.0,0.0,10.0,,tree cover
8253,121,0.974,1.0,0.0,0.0,0.0,0.0,0.0,0.0,0.0,0.0,0.0,10.0,,tree cover
8364,121,0.974,1.0,0.0,0.0,0.0,0.0,0.0,0.0,0.0,0.0,0.0,10.0,,tree cover
8475,121,0.974,1.0,0.0,0.0,0.0,0.0,0.0,0.0,0.0,0.0,0.0,10.0,,tree cover
8586,121,0.974,1.0,0.0,0.0,0.0,0.0,0.0,0.0,0.0,0.0,0.0,10.0,,tree cover
8697,117,0.942,1.0,0.0,0.0,0.0,0.0,0.0,0.0,0.0,0.0,0.0,10.0,,tree cover
8808,116,0.934,1.0,0.0,0.0,0.0,0.0,0.0,0.0,0.0,0.0,0.0,10.0,,tree cover
8919,121,0.974,1.0,0.0,0.0,0.0,0.0,0.0,0.0,0.0,0.0,0.0,10.0,,tree cover
9030,121,0.974,1.0,0.0,0.0,0.0,0.0,0.0,0.0,0.0,0.0,0.0,10.0,,tree cover
9141,121,0.974,1.0,0.0,0.0,0.0,0.0,0.0,0.0,0.0,0.0,0.0,10.0,,tree cover
9252,121,0.974,1.0,0.0,0.0,0.0,0.0,0.0,0.0,0.0,0.0,0.0,10.0,,tree cover
9363,121,0.974,0.6033,0.0,0.3967,0.0,0.0,0.0,0.0,0.0,0.0,0.0,10.0,,tree cover
9474,125,1.0,1.0,0.0,0.0,0.0,0.0,0.0,0.0,0.0,0.0,0.0,10.0,,tree cover
9585,128,1.0,0.9766,0.0,0.0234,0.0,0.0,0.0,0.0,0.0,0.0,0.0,10.0,,tree cover
9696,121,0.974,1.0,0.0,0.0,0.0,0.0,0.0,0.0,0.0,0.0,0.0,10.0,,tree cover
9807,121,0.974,1.0,0.0,0.0,0.0,0.0,0.0,0.0,0.0,0.0,0.0,10.0,,tree cover
9918,117,0.942,1.0,0.0,0.0,0.0,0.0,0.0,0.0,0.0,0.0,0.0,10.0,,tree cover
10029,110,0.886,1.0,0.0,0.0,0.0,0.0,0.0,0.0,0.0,0.0,0.0,10.0,,tree cover
10140,116,0.934,1.0,0.0,0.0,0.0,0.0,0.0,0.0,0.0,0.0,0.0,10.0,,tree cover
10251,123,0.99,1.0,0.0,0.0,0.0,0.0,0.0,0.0,0.0,0.0,0.0,10.0,,tree cover
10362,130,1.0,1.0,0.0,0.0,0.0,0.0,0.0,0.0,0.0,0.0,0.0,10.0,,tree cover
10473,121,0.974,1.0,0.0,0.0,0.0,0.0,0.0,0.0,0.0,0.0,0.0,10.0,,tree cover
10584,121,0.974,1.0,0.0,0.0,0.0,0.0,0.0,0.0,0.0,0.0,0.0,10.0,,tree cover
10695,121,0.974,1.0,0.0,0.0,0.0,0.0,0.0,0.0,0.0,0.0,0.0,10.0,,tree cover
10806,121,0.974,1.0,0.0,0.0,0.0,0.0,0.0,0.0,0.0,0.0,0.0,10.0,,tree cover
10917,121,0.974,1.0,0.0,0.0,0.0,0.0,0.0,0.0,0.0,0.0,0.0,10.0,,tree cover
11028,123,0.99,1.0,0.0,0.0,0.0,0.0,0.0,0.0,0.0,0.0,0.0,10.0,,tree cover
11139,130,1.0,1.0,0.0,0.0,0.0,0.0,0.0,0.0,0.0,0.0,0.0,10.0,,tree cover
11250,111,0.894,1.0,0.0,0.0,0.0,0.0,0.0,0.0,0.0,0.0,0.0,10.0,,tree cover
11361,111,0.894,0.6306,0.0,0.045,0.0,0.0,0.0,0.3243,0.0,0.0,0.0,10.0,ground_water,tree cover
11472,121,0.974,1.0,0.0,0.0,0.0,0.0,0.0,0.0,0.0,0.0,0.0,10.0,,tree cover
11583,121,0.974,1.0,0.0,0.0,0.0,0.0,0.0,0.0,0.0,0.0,0.0,10.0,,tree cover
11694,121,0.974,1.0,0.0,0.0,0.0,0.0,0.0,0.0,0.0,0.0,0.0,10.0,,tree cover
11805,121,0.974,1.0,0.0,0.0,0.0,0.0,0.0,0.0,0.0,0.0,0.0,10.0,,tree cover
11916,132,1.0,1.0,0.0,0.0,0.0,0.0,0.0,0.0,0.0,0.0,0.0,10.0,,tree cover
12027,121,0.974,1.0,0.0,0.0,0.0,0.0,0.0,0.0,0.0,0.0,0.0,10.0,,tree cover
12138,121,0.974,1.0,0.0,0.0,0.0,0.0,0.0,0.0,0.0,0.0,0.0,10.0,,tree cover
12249,121,0.974,1.0,0.0,0.0,0.0,0.0,0.0,0.0,0.0,0.0,0.0,10.0,,tree cover
12360,121,0.974,1.0,0.0,0.0,0.0,0.0,0.0,0.0,0.0,0.0,0.0,10.0,,tree cover
12471,118,0.95,1.0,0.0,0.0,0.0,0.0,0.0,0.0,0.0,0.0,0.0,10.0,,tree cover
12582,110,0.886,1.0,0.0,0.0,0.0,0.0,0.0,0.0,0.0,0.0,0.0,10.0,,tree cover
12693,125,1.0,1.0,0.0,0.0,0.0,0.0,0.0,0.0,0.0,0.0,0.0,10.0,,tree cover
12804,121,0.974,1.0,0.0,0.0,0.0,0.0,0.0,0.0,0.0,0.0,0.0,10.0,,tree cover
12915,121,0.974,0.9669,0.0,0.0331,0.0,0.0,0.0,0.0,0.0,0.0,0.0,10.0,,tree cover
13026,121,0.974,0.9917,0.0,0.0083,0.0,0.0,0.0,0.0,0.0,0.0,0.0,10.0,,tree cover
13137,121,0.974,0.9917,0.0,0.0083,0.0,0.0,0.0,0.0,0.0,0.0,0.0,10.0,,tree cover
13248,121,0.974,1.0,0.0,0.0,0.0,0.0,0.0,0.0,0.0,0.0,0.0,10.0,,tree cover
13359,121,0.974,0.9752,0.0,0.0,0.0,0.0,0.0248,0.0,0.0,0.0,0.0,10.0,,tree cover
13470,132,1.0,0.9773,0.0,0.0152,0.0,0.0,0.0076,0.0,0.0,0.0,0.0,10.0,,tree cover
13581,121,0.974,0.9174,0.0,0.0331,0.0,0.0,0.0496,0.0,0.0,0.0,0.0,10.0,,tree cover
13692,121,0.974,0.9421,0.0,0.0,0.0,0.0,0.0,0.0579,0.0,0.0,0.0,10.0,,tree cover
13803,114,0.918,0.9912,0.0,0.0088,0.0,0.0,0.0,0.0,0.0,0.0,0.0,10.0,,tree cover
13914,110,0.886,1.0,0.0,0.0,0.0,0.0,0.0,0.0,0.0,0.0,0.0,10.0,,tree cover
14025,118,0.95,1.0,0.0,0.0,0.0,0.0,0.0,0.0,0.0,0.0,0.0,10.0,,tree cover
14136,121,0.974,1.0,0.0,0.0,0.0,0.0,0.0,0.0,0.0,0.0,0.0,10.0,,tree cover
14247,132,1.0,1.0,0.0,0.0,0.0,0.0,0.0,0.0,0.0,0.0,0.0,10.0,,tree cover
14358,121,0.974,1.0,0.0,0.0,0.0,0.0,0.0,0.0,0.0,0.0,0.0,10.0,,tree cover
14469,121,0.974,1.0,0.0,0.0,0.0,0.0,0.0,0.0,0.0,0.0,0.0,10.0,,tree cover
14580,121,0.974,1.0,0.0,0.0,0.0,0.0,0.0,0.0,0.0,0.0,0.0,10.0,,tree cover
1039,111,0.894,0.8468,0.0,0.0,0.0,0.1532,0.0,0.0,0.0,0.0,0.0,10.0,,tree cover
1261,121,0.974,0.0496,0.0,0.0909,0.8595,0.0,0.0,0.0,0.0,0.0,0.0,40.0,,cropland
1372,121,0.974,0.0,0.0,0.0,1.0,0.0,0.0,0.0,0.0,0.0,0.0,40.0,,cropland
1483,121,0.974,0.0,0.0,0.0165,0.9835,0.0,0.0,0.0,0.0,0.0,0.0,40.0,,cropland
1594,132,1.0,0.0455,0.0,0.0303,0.9242,0.0,0.0,0.0,0.0,0.0,0.0,40.0,,cropland
1705,121,0.974,0.1818,0.0,0.1983,0.5372,0.0,0.0826,0.0,0.0,0.0,0.0,40.0,,cropland
1816,121,0.974,0.0,0.0,0.1818,0.8182,0.0,0.0,0.0,0.0,0.0,0.0,40.0,,cropland
1927,121,0.974,0.0,0.0,0.0909,0.9091,0.0,0.0,0.0,0.0,0.0,0.0,40.0,,cropland
2038,121,0.974,0.0413,0.0,0.0248,0.9339,0.0,0.0,0.0,0.0,0.0,0.0,40.0,,cropland
2149,121,0.974,0.1736,0.0,0.1488,0.6777,0.0,0.0,0.0,0.0,0.0,0.0,40.0,,cropland
2260,112,0.902,0.4464,0.0,0.0446,0.4375,0.0714,0.0,0.0,0.0,0.0,0.0,10.0,,tree cover
2371,121,0.974,0.7107,0.0,0.0,0.0,0.2893,0.0,0.0,0.0,0.0,0.0,10.0,,tree cover
2482,122,0.982,0.0656,0.0,0.0,0.0,0.9344,0.0,0.0,0.0,0.0,0.0,50.0,ground_built_up,built-up
2593,121,0.974,0.0083,0.0,0.0,0.0,0.9917,0.0,0.0,0.0,0.0,0.0,50.0,ground_built_up,built-up
2704,121,0.974,0.0579,0.0,0.0,0.0,0.9339,0.0083,0.0,0.0,0.0,0.0,50.0,ground_built_up,built-up
2815,121,0.974,0.0248,0.0,0.0,0.0,0.9752,0.0,0.0,0.0,0.0,0.0,50.0,ground_built_up,built-up
3148,130,1.0,0.1308,0.0,0.6846,0.0538,0.1308,0.0,0.0,0.0,0.0,0.0,30.0,,grassland
3259,123,0.99,0.0,0.0,0.9187,0.0325,0.0325,0.0163,0.0,0.0,0.0,0.0,30.0,,grassland
3370,121,0.974,0.0,0.0,0.3388,0.3636,0.2975,0.0,0.0,0.0,0.0,0.0,40.0,,cropland
3592,110,0.886,0.1636,0.0,0.0,0.7636,0.0727,0.0,0.0,0.0,0.0,0.0,40.0,,cropland
3703,121,0.974,0.0579,0.0,0.2066,0.7355,0.0,0.0,0.0,0.0,0.0,0.0,40.0,,cropland
3814,121,0.974,0.0,0.0,0.9421,0.0496,0.0083,0.0,0.0,0.0,0.0,0.0,30.0,,grassland
4036,125,1.0,0.304,0.0,0.024,0.0,0.672,0.0,0.0,0.0,0.0,0.0,50.0,ground_built_up,built-up
4147,121,0.974,0.2231,0.0,0.1818,0.0,0.595,0.0,0.0,0.0,0.0,0.0,50.0,ground_built_up,built-up
4258,121,0.974,0.0331,0.0,0.4463,0.4132,0.0992,0.0083,0.0,0.0,0.0,0.0,30.0,,grassland
4369,121,0.974,0.0165,0.0,0.314,0.124,0.0,0.5455,0.0,0.0,0.0,0.0,60.0,ground_bare,bare or sparse vegetation
4480,121,0.974,0.2645,0.0,0.0661,0.0,0.4628,0.2066,0.0,0.0,0.0,0.0,50.0,,built-up
4591,121,0.974,0.686,0.0,0.0,0.0,0.314,0.0,0.0,0.0,0.0,0.0,10.0,,tree cover
4702,121,0.974,0.8843,0.0,0.0,0.0,0.1157,0.0,0.0,0.0,0.0,0.0,10.0,,tree cover
4813,114,0.918,0.9649,0.0,0.0,0.0,0.0351,0.0,0.0,0.0,0.0,0.0,10.0,,tree cover
4924,119,0.958,1.0,0.0,0.0,0.0,0.0,0.0,0.0,0.0,0.0,0.0,10.0,,tree cover
5035,121,0.974,1.0,0.0,0.0,0.0,0.0,0.0,0.0,0.0,0.0,0.0,10.0,,tree cover
5146,121,0.974,1.0,0.0,0.0,0.0,0.0,0.0,0.0,0.0,0.0,0.0,10.0,,tree cover
5257,121,0.974,1.0,0.0,0.0,0.0,0.0,0.0,0.0,0.0,0.0,0.0,10.0,,tree cover
5368,121,0.974,1.0,0.0,0.0,0.0,0.0,0.0,0.0,0.0,0.0,0.0,10.0,,tree cover
5479,126,1.0,0.7857,0.0,0.2143,0.0,0.0,0.0,0.0,0.0,0.0,0.0,10.0,,tree cover
5590,127,1.0,0.8189,0.0,0.1811,0.0,0.0,0.0,0.0,0.0,0.0,0.0,10.0,,tree cover
5701,121,0.974,0.5207,0.0,0.4793,0.0,0.0,0.0,0.0,0.0,0.0,0.0,10.0,,tree cover
5812,121,0.974,0.3058,0.0,0.6942,0.0,0.0,0.0,0.0,0.0,0.0,0.0,30.0,,grassland
5923,118,0.95,0.1441,0.0,0.8559,0.0,0.0,0.0,0.0,0.0,0.0,0.0,30.0,,grassland
6034,110,0.886,0.5818,0.0,0.4182,0.0,0.0,0.0,0.0,0.0,0.0,0.0,10.0,,tree cover
6145,116,0.934,0.4397,0.0,0.5603,0.0,0.0,0.0,0.0,0.0,0.0,0.0,30.0,,grassland
6256,124,0.998,0.8306,0.0,0.1694,0.0,0.0,0.0,0.0,0.0,0.0,0.0,10.0,,tree cover
6367,129,1.0,1.0,0.0,0.0,0.0,0.0,0.0,0.0,0.0,0.0,0.0,10.0,,tree cover
6478,121,0.974,1.0,0.0,0.0,0.0,0.0,0.0,0.0,0.0,0.0,0.0,10.0,,tree cover
6589,121,0.974,1.0,0.0,0.0,0.0,0.0,0.0,0.0,0.0,0.0,0.0,10.0,,tree cover
6700,121,0.974,1.0,0.0,0.0,0.0,0.0,0.0,0.0,0.0,0.0,0.0,10.0,,tree cover
6811,121,0.974,1.0,0.0,0.0,0.0,0.0,0.0,0.0,0.0,0.0,0.0,10.0,,tree cover
6922,121,0.974,1.0,0.0,0.0,0.0,0.0,0.0,0.0,0.0,0.0,0.0,10.0,,tree cover
7033,123,0.99,1.0,0.0,0.0,0.0,0.0,0.0,0.0,0.0,0.0,0.0,10.0,,tree cover
7144,130,1.0,1.0,0.0,0.0,0.0,0.0,0.0,0.0,0.0,0.0,0.0,10.0,,tree cover
7255,110,0.886,1.0,0.0,0.0,0.0,0.0,0.0,0.0,0.0,0.0,0.0,10.0,,tree cover
7366,113,0.91,1.0,0.0,0.0,0.0,0.0,0.0,0.0,0.0,0.0,0.0,10.0,,tree cover
7477,121,0.974,1.0,0.0,0.0,0.0,0.0,0.0,0.0,0.0,0.0,0.0,10.0,,tree cover
7588,121,0.974,1.0,0.0,0.0,0.0,0.0,0.0,0.0,0.0,0.0,0.0,10.0,,tree cover
7699,121,0.974,1.0,0.0,0.0,0.0,0.0,0.0,0.0,0.0,0.0,0.0,10.0,,tree cover
7810,121,0.974,1.0,0.0,0.0,0.0,0.0,0.0,0.0,0.0,0.0,0.0,10.0,,tree cover
7921,132,1.0,1.0,0.0,0.0,0.0,0.0,0.0,0.0,0.0,0.0,0.0,10.0,,tree cover
8032,121,0.974,1.0,0.0,0.0,0.0,0.0,0.0,0.0,0.0,0.0,0.0,10.0,,tree cover
8143,121,0.974,1.0,0.0,0.0,0.0,0.0,0.0,0.0,0.0,0.0,0.0,10.0,,tree cover
8254,121,0.974,1.0,0.0,0.0,0.0,0.0,0.0,0.0,0.0,0.0,0.0,10.0,,tree cover
8365,121,0.974,1.0,0.0,0.0,0.0,0.0,0.0,0.0,0.0,0.0,0.0,10.0,,tree cover
8476,115,0.926,1.0,0.0,0.0,0.0,0.0,0.0,0.0,0.0,0.0,0.0,10.0,,tree cover
8587,110,0.886,1.0,0.0,0.0,0.0,0.0,0.0,0.0,0.0,0.0,0.0,10.0,,tree cover
8698,130,1.0,1.0,0.0,0.0,0.0,0.0,0.0,0.0,0.0,0.0,0.0,10.0,,tree cover
8809,121,0.974,1.0,0.0,0.0,0.0,0.0,0.0,0.0,0.0,0.0,0.0,10.0,,tree cover
8920,121,0.974,1.0,0.0,0.0,0.0,0.0,0.0,0.0,0.0,0.0,0.0,10.0,,tree cover
9031,121,0.974,1.0,0.0,0.0,0.0,0.0,0.0,0.0,0.0,0.0,0.0,10.0,,tree cover
9142,121,0.974,1.0,0.0,0.0,0.0,0.0,0.0,0.0,0.0,0.0,0.0,10.0,,tree cover
9253,121,0.974,1.0,0.0,0.0,0.0,0.0,0.0,0.0,0.0,0.0,0.0,10.0,,tree cover
9364,121,0.974,0.7603,0.0,0.2397,0.0,0.0,0.0,0.0,0.0,0.0,0.0,10.0,,tree cover
9475,132,1.0,0.9394,0.0,0.0606,0.0,0.0,0.0,0.0,0.0,0.0,0.0,10.0,,tree cover
9586,121,0.974,0.9917,0.0,0.0083,0.0,0.0,0.0,0.0,0.0,0.0,0.0,10.0,,tree cover
9697,119,0.958,1.0,0.0,0.0,0.0,0.0,0.0,0.0,0.0,0.0,0.0,10.0,,tree cover
9808,110,0.886,1.0,0.0,0.0,0.0,0.0,0.0,0.0,0.0,0.0,0.0,10.0,,tree cover
9919,114,0.918,1.0,0.0,0.0,0.0,0.0,0.0,0.0,0.0,0.0,0.0,10.0,,tree cover
10030,121,0.974,1.0,0.0,0.0,0.0,0.0,0.0,0.0,0.0,0.0,0.0,10.0,,tree cover
10141,121,0.974,1.0,0.0,0.0,0.0,0.0,0.0,0.0,0.0,0.0,0.0,10.0,,tree cover
10252,132,1.0,1.0,0.0,0.0,0.0,0.0,0.0,0.0,0.0,0.0,0.0,10.0,,tree cover
10363,121,0.974,1.0,0.0,0.0,0.0,0.0,0.0,0.0,0.0,0.0,0.0,10.0,,tree cover
10474,121,0.974,1.0,0.0,0.0,0.0,0.0,0.0,0.0,0.0,0.0,0.0,10.0,,tree cover
10585,121,0.974,1.0,0.0,0.0,0.0,0.0,0.0,0.0,0.0,0.0,0.0,10.0,,tree cover
10696,121,0.974,1.0,0.0,0.0,0.0,0.0,0.0,0.0,0.0,0.0,0.0,10.0,,tree cover
10807,121,0.974,1.0,0.0,0.0,0.0,0.0,0.0,0.0,0.0,0.0,0.0,10.0,,tree cover
10918,121,0.974,1.0,0.0,0.0,0.0,0.0,0.0,0.0,0.0,0.0,0.0,10.0,,tree cover
11029,124,0.998,1.0,0.0,0.0,0.0,0.0,0.0,0.0,0.0,0.0,0.0,10.0,,tree cover
11140,110,0.886,1.0,0.0,0.0,0.0,0.0,0.0,0.0,0.0,0.0,0.0,10.0,,tree cover
11251,120,0.966,0.775,0.0,0.0167,0.0,0.0,0.0,0.2083,0.0,0.0,0.0,10.0,,tree cover
11473,121,0.974,1.0,0.0,0.0,0.0,0.0,0.0,0.0,0.0,0.0,0.0,10.0,,tree cover
11584,121,0.974,1.0,0.0,0.0,0.0,0.0,0.0,0.0,0.0,0.0,0.0,10.0,,tree cover
11695,121,0.974,1.0,0.0,0.0,0.0,0.0,0.0,0.0,0.0,0.0,0.0,10.0,,tree cover
11806,132,1.0,1.0,0.0,0.0,0.0,0.0,0.0,0.0,0.0,0.0,0.0,10.0,,tree cover
11917,121,0.974,1.0,0.0,0.0,0.0,0.0,0.0,0.0,0.0,0.0,0.0,10.0,,tree cover
12028,121,0.974,1.0,0.0,0.0,0.0,0.0,0.0,0.0,0.0,0.0,0.0,10.0,,tree cover
12139,121,0.974,1.0,0.0,0.0,0.0,0.0,0.0,0.0,0.0,0.0,0.0,10.0,,tree cover
12250,120,0.966,1.0,0.0,0.0,0.0,0.0,0.0,0.0,0.0,0.0,0.0,10.0,,tree cover
12361,110,0.886,1.0,0.0,0.0,0.0,0.0,0.0,0.0,0.0,0.0,0.0,10.0,,tree cover
12472,113,0.91,1.0,0.0,0.0,0.0,0.0,0.0,0.0,0.0,0.0,0.0,10.0,,tree cover
12583,130,1.0,1.0,0.0,0.0,0.0,0.0,0.0,0.0,0.0,0.0,0.0,10.0,,tree cover
12694,123,0.99,0.9837,0.0,0.0,0.0163,0.0,0.0,0.0,0.0,0.0,0.0,10.0,,tree cover
12805,121,0.974,1.0,0.0,0.0,0.0,0.0,0.0,0.0,0.0,0.0,0.0,10.0,,tree cover
12916,121,0.974,1.0,0.0,0.0,0.0,0.0,0.0,0.0,0.0,0.0,0.0,10.0,,tree cover
13027,121,0.974,1.0,0.0,0.0,0.0,0.0,0.0,0.0,0.0,0.0,0.0,10.0,,tree cover
13138,121,0.974,0.9421,0.0,0.0579,0.0,0.0,0.0,0.0,0.0,0.0,0.0,10.0,,tree cover
13249,121,0.974,0.9835,0.0,0.0165,0.0,0.0,0.0,0.0,0.0,0.0,0.0,10.0,,tree cover
13360,130,1.0,0.9846,0.0,0.0154,0.0,0.0,0.0,0.0,0.0,0.0,0.0,10.0,,tree cover
13471,123,0.99,1.0,0.0,0.0,0.0,0.0,0.0,0.0,0.0,0.0,0.0,10.0,,tree cover
13582,116,0.934,1.0,0.0,0.0,0.0,0.0,0.0,0.0,0.0,0.0,0.0,10.0,,tree cover
13693,110,0.886,1.0,0.0,0.0,0.0,0.0,0.0,0.0,0.0,0.0,0.0,10.0,,tree cover
13804,117,0.942,0.9658,0.0,0.0342,0.0,0.0,0.0,0.0,0.0,0.0,0.0,10.0,,tree cover
13915,121,0.974,1.0,0.0,0.0,0.0,0.0,0.0,0.0,0.0,0.0,0.0,10.0,,tree cover
14026,121,0.974,1.0,0.0,0.0,0.0,0.0,0.0,0.0,0.0,0.0,0.0,10.0,,tree cover
14137,128,1.0,1.0,0.0,0.0,0.0,0.0,0.0,0.0,0.0,0.0,0.0,10.0,,tree cover
14248,125,1.0,1.0,0.0,0.0,0.0,0.0,0.0,0.0,0.0,0.0,0.0,10.0,,tree cover
14359,121,0.974,1.0,0.0,0.0,0.0,0.0,0.0,0.0,0.0,0.0,0.0,10.0,,tree cover
14470,121,0.974,0.9587,0.0,0.0,0.0,0.0,0.0,0.0413,0.0,0.0,0.0,10.0,,tree cover
929,110,0.886,0.8545,0.0,0.0,0.0,0.1455,0.0,0.0,0.0,0.0,0.0,10.0,,tree cover
1040,120,0.966,0.975,0.0,0.0,0.0,0.025,0.0,0.0,0.0,0.0,0.0,10.0,,tree cover
1151,121,0.974,0.8099,0.0,0.0,0.1901,0.0,0.0,0.0,0.0,0.0,0.0,10.0,,tree cover
1262,121,0.974,0.0,0.0,0.0,1.0,0.0,0.0,0.0,0.0,0.0,0.0,40.0,,cropland
1373,121,0.974,0.0,0.0,0.0,1.0,0.0,0.0,0.0,0.0,0.0,0.0,40.0,,cropland
1484,128,1.0,0.0,0.0,0.0,1.0,0.0,0.0,0.0,0.0,0.0,0.0,40.0,,cropland
1595,125,1.0,0.0,0.0,0.0,0.944,0.0,0.0,0.056,0.0,0.0,0.0,40.0,,cropland
1706,121,0.974,0.3223,0.0,0.1157,0.0909,0.0744,0.0496,0.3471,0.0,0.0,0.0,80.0,ground_water,permanent water
1817,121,0.974,0.6446,0.0,0.2231,0.0083,0.0,0.124,0.0,0.0,0.0,0.0,10.0,,tree cover
1928,121,0.974,0.7355,0.0,0.124,0.1405,0.0,0.0,0.0,0.0,0.0,0.0,10.0,,tree cover
2039,115,0.926,0.5217,0.0,0.0087,0.4696,0.0,0.0,0.0,0.0,0.0,0.0,10.0,,tree cover
2150,110,0.886,0.9455,0.0,0.0091,0.0455,0.0,0.0,0.0,0.0,0.0,0.0,10.0,,tree cover
2261,124,0.998,0.871,0.0,0.0,0.0,0.129,0.0,0.0,0.0,0.0,0.0,10.0,,tree cover
2594,121,0.974,0.3306,0.0,0.0,0.0,0.6281,0.0413,0.0,0.0,0.0,0.0,50.0,ground_built_up,built-up
2705,121,0.974,0.4711,0.0,0.0,0.0,0.5289,0.0,0.0,0.0,0.0,0.0,50.0,ground_built_up,built-up
3038,125,1.0,0.264,0.0,0.264,0.0,0.472,0.0,0.0,0.0,0.0,0.0,50.0,,built-up
3149,128,1.0,0.1797,0.0,0.6484,0.0,0.1719,0.0,0.0,0.0,0.0,0.0,30.0,,grassland
3371,110,0.886,0.3273,0.0,0.4636,0.1273,0.0818,0.0,0.0,0.0,0.0,0.0,30.0,,grassland
3482,118,0.95,0.0085,0.0,0.2966,0.5678,0.1271,0.0,0.0,0.0,0.0,0.0,40.0,,cropland
3593,121,0.974,0.0496,0.0,0.2645,0.686,0.0,0.0,0.0,0.0,0.0,0.0,40.0,,cropland
3704,121,0.974,0.0,0.0,0.9752,0.0248,0.0,0.0,0.0,0.0,0.0,0.0,30.0,,grassland
3815,123,0.99,0.122,0.0,0.3821,0.0,0.4959,0.0,0.0,0.0,0.0,0.0,50.0,,built-up
3926,130,1.0,0.0385,0.0,0.3923,0.0,0.5692,0.0,0.0,0.0,0.0,0.0,50.0,ground_built_up,built-up
4037,121,0.974,0.0083,0.0,0.6942,0.0744,0.2231,0.0,0.0,0.0,0.0,0.0,30.0,,grassland
4148,121,0.974,0.0331,0.0,0.4132,0.3058,0.2479,0.0,0.0,0.0,0.0,0.0,30.0,,grassland
4259,121,0.974,0.0579,0.0,0.6033,0.3388,0.0,0.0,0.0,0.0,0.0,0.0,30.0,,grassland
4370,121,0.974,0.0661,0.0,0.0248,0.3967,0.3223,0.1901,0.0,0.0,0.0,0.0,40.0,,cropland
4703,127,1.0,0.0,0.0,0.0,0.0,1.0,0.0,0.0,0.0,0.0,0.0,50.0,ground_built_up,built-up
4814,121,0.974,0.3471,0.0,0.0,0.0,0.6529,0.0,0.0,0.0,0.0,0.0,50.0,ground_built_up,built-up
5036,121,0.974,1.0,0.0,0.0,0.0,0.0,0.0,0.0,0.0,0.0,0.0,10.0,,tree cover
5147,121,0.974,1.0,0.0,0.0,0.0,0.0,0.0,0.0,0.0,0.0,0.0,10.0,,tree cover
5258,121,0.974,1.0,0.0,0.0,0.0,0.0,0.0,0.0,0.0,0.0,0.0,10.0,,tree cover
5369,121,0.974,0.9587,0.0,0.0413,0.0,0.0,0.0,0.0,0.0,0.0,0.0,10.0,,tree cover
5480,132,1.0,0.4848,0.0,0.5152,0.0,0.0,0.0,0.0,0.0,0.0,0.0,30.0,,grassland
5591,121,0.974,0.8926,0.0,0.1074,0.0,0.0,0.0,0.0,0.0,0.0,0.0,10.0,,tree cover
5702,120,0.966,0.975,0.0,0.025,0.0,0.0,0.0,0.0,0.0,0.0,0.0,10.0,,tree cover
5813,110,0.886,0.9091,0.0,0.0909,0.0,0.0,0.0,0.0,0.0,0.0,0.0,10.0,,tree cover
5924,113,0.91,1.0,0.0,0.0,0.0,0.0,0.0,0.0,0.0,0.0,0.0,10.0,,tree cover
6035,121,0.974,0.8678,0.0,0.1322,0.0,0.0,0.0,0.0,0.0,0.0,0.0,10.0,,tree cover
6146,121,0.974,0.7686,0.0,0.2314,0.0,0.0,0.0,0.0,0.0,0.0,0.0,10.0,,tree cover
6257,132,1.0,0.9621,0.0,0.0379,0.0,0.0,0.0,0.0,0.0,0.0,0.0,10.0,,tree cover
6368,121,0.974,1.0,0.0,0.0,0.0,0.0,0.0,0.0,0.0,0.0,0.0,10.0,,tree cover
6479,121,0.974,1.0,0.0,0.0,0.0,0.0,0.0,0.0,0.0,0.0,0.0,10.0,,tree cover
6590,121,0.974,1.0,0.0,0.0,0.0,0.0,0.0,0.0,0.0,0.0,0.0,10.0,,tree cover
6701,121,0.974,1.0,0.0,0.0,0.0,0.0,0.0,0.0,0.0,0.0,0.0,10.0,,tree cover
6812,121,0.974,1.0,0.0,0.0,0.0,0.0,0.0,0.0,0.0,0.0,0.0,10.0,,tree cover
6923,121,0.974,1.0,0.0,0.0,0.0,0.0,0.0,0.0,0.0,0.0,0.0,10.0,,tree cover
7034,123,0.99,1.0,0.0,0.0,0.0,0.0,0.0,0.0,0.0,0.0,0.0,10.0,,tree cover
7145,110,0.886,1.0,0.0,0.0,0.0,0.0,0.0,0.0,0.0,0.0,0.0,10.0,,tree cover
7256,121,0.974,1.0,0.0,0.0,0.0,0.0,0.0,0.0,0.0,0.0,0.0,10.0,,tree cover
7367,121,0.974,1.0,0.0,0.0,0.0,0.0,0.0,0.0,0.0,0.0,0.0,10.0,,tree cover
7478,121,0.974,1.0,0.0,0.0,0.0,0.0,0.0,0.0,0.0,0.0,0.0,10.0,,tree cover
7589,121,0.974,1.0,0.0,0.0,0.0,0.0,0.0,0.0,0.0,0.0,0.0,10.0,,tree cover
7700,121,0.974,1.0,0.0,0.0,0.0,0.0,0.0,0.0,0.0,0.0,0.0,10.0,,tree cover
7811,132,1.0,1.0,0.0,0.0,0.0,0.0,0.0,0.0,0.0,0.0,0.0,10.0,,tree cover
7922,121,0.974,1.0,0.0,0.0,0.0,0.0,0.0,0.0,0.0,0.0,0.0,10.0,,tree cover
8033,121,0.974,1.0,0.0,0.0,0.0,0.0,0.0,0.0,0.0,0.0,0.0,10.0,,tree cover
8144,121,0.974,1.0,0.0,0.0,0.0,0.0,0.0,0.0,0.0,0.0,0.0,10.0,,tree cover
8255,117,0.942,1.0,0.0,0.0,0.0,0.0,0.0,0.0,0.0,0.0,0.0,10.0,,tree cover
8366,110,0.886,0.9818,0.0,0.0182,0.0,0.0,0.0,0.0,0.0,0.0,0.0,10.0,,tree cover
8477,116,0.934,1.0,0.0,0.0,0.0,0.0,0.0,0.0,0.0,0.0,0.0,10.0,,tree cover
8588,130,1.0,1.0,0.0,0.0,0.0,0.0,0.0,0.0,0.0,0.0,0.0,10.0,,tree cover
8699,123,0.99,1.0,0.0,0.0,0.0,0.0,0.0,0.0,0.0,0.0,0.0,10.0,,tree cover
8810,121,0.974,1.0,0.0,0.0,0.0,0.0,0.0,0.0,0.0,0.0,0.0,10.0,,tree cover
8921,121,0.974,1.0,0.0,0.0,0.0,0.0,0.0,0.0,0.0,0.0,0.0,10.0,,tree cover
9032,121,0.974,1.0,0.0,0.0,0.0,0.0,0.0,0.0,0.0,0.0,0.0,10.0,,tree cover
9143,121,0.974,1.0,0.0,0.0,0.0,0.0,0.0,0.0,0.0,0.0,0.0,10.0,,tree cover
9254,121,0.974,1.0,0.0,0.0,0.0,0.0,0.0,0.0,0.0,0.0,0.0,10.0,,tree cover
9365,130,1.0,0.9154,0.0,0.0846,0.0,0.0,0.0,0.0,0.0,0.0,0.0,10.0,,tree cover
9476,123,0.99,0.8699,0.0,0.1301,0.0,0.0,0.0,0.0,0.0,0.0,0.0,10.0,,tree cover
9587,110,0.886,0.9545,0.0,0.0455,0.0,0.0,0.0,0.0,0.0,0.0,0.0,10.0,,tree cover
9698,112,0.902,0.9554,0.0,0.0446,0.0,0.0,0.0,0.0,0.0,0.0,0.0,10.0,,tree cover
9809,121,0.974,1.0,0.0,0.0,0.0,0.0,0.0,0.0,0.0,0.0,0.0,10.0,,tree cover
9920,121,0.974,1.0,0.0,0.0,0.0,0.0,0.0,0.0,0.0,0.0,0.0,10.0,,tree cover
10031,121,0.974,1.0,0.0,0.0,0.0,0.0,0.0,0.0,0.0,0.0,0.0,10.0,,tree cover
10142,128,1.0,1.0,0.0,0.0,0.0,0.0,0.0,0.0,0.0,0.0,0.0,10.0,,tree cover
10253,125,1.0,1.0,0.0,0.0,0.0,0.0,0.0,0.0,0.0,0.0,0.0,10.0,,tree cover
10364,121,0.974,1.0,0.0,0.0,0.0,0.0,0.0,0.0,0.0,0.0,0.0,10.0,,tree cover
10475,121,0.974,1.0,0.0,0.0,0.0,0.0,0.0,0.0,0.0,0.0,0.0,10.0,,tree cover
10586,121,0.974,1.0,0.0,0.0,0.0,0.0,0.0,0.0,0.0,0.0,0.0,10.0,,tree cover
10697,121,0.974,1.0,0.0,0.0,0.0,0.0,0.0,0.0,0.0,0.0,0.0,10.0,,tree cover
10808,116,0.934,1.0,0.0,0.0,0.0,0.0,0.0,0.0,0.0,0.0,0.0,10.0,,tree cover
10919,115,0.926,1.0,0.0,0.0,0.0,0.0,0.0,0.0,0.0,0.0,0.0,10.0,,tree cover
11030,123,0.99,0.9919,0.0,0.0,0.0,0.0,0.0,0.0081,0.0,0.0,0.0,10.0,,tree cover
11141,121,0.974,0.6446,0.0,0.0,0.1488,0.0,0.0,0.2066,0.0,0.0,0.0,10.0,,tree cover
11252,121,0.974,0.5868,0.0,0.0,0.124,0.0,0.0,0.2893,0.0,0.0,0.0,10.0,,tree cover
11363,121,0.974,0.9669,0.0,0.0083,0.0248,0.0,0.0,0.0,0.0,0.0,0.0,10.0,,tree cover
11474,121,0.974,1.0,0.0,0.0,0.0,0.0,0.0,0.0,0.0,0.0,0.0,10.0,,tree cover
11585,121,0.974,1.0,0.0,0.0,0.0,0.0,0.0,0.0,0.0,0.0,0.0,10.0,,tree cover
11696,126,1.0,1.0,0.0,0.0,0.0,0.0,0.0,0.0,0.0,0.0,0.0,10.0,,tree cover
11807,127,1.0,1.0,0.0,0.0,0.0,0.0,0.0,0.0,0.0,0.0,0.0,10.0,,tree cover
11918,121,0.974,1.0,0.0,0.0,0.0,0.0,0.0,0.0,0.0,0.0,0.0,10.0,,tree cover
12029,121,0.974,1.0,0.0,0.0,0.0,0.0,0.0,0.0,0.0,0.0,0.0,10.0,,tree cover
12140,111,0.894,1.0,0.0,0.0,0.0,0.0,0.0,0.0,0.0,0.0,0.0,10.0,,tree cover
12251,111,0.894,1.0,0.0,0.0,0.0,0.0,0.0,0.0,0.0,0.0,0.0,10.0,,tree cover
12362,121,0.974,1.0,0.0,0.0,0.0,0.0,0.0,0.0,0.0,0.0,0.0,10.0,,tree cover
12473,124,0.998,1.0,0.0,0.0,0.0,0.0,0.0,0.0,0.0,0.0,0.0,10.0,,tree cover
12584,129,1.0,1.0,0.0,0.0,0.0,0.0,0.0,0.0,0.0,0.0,0.0,10.0,,tree cover
12695,121,0.974,0.843,0.0,0.0,0.0,0.0,0.0,0.157,0.0,0.0,0.0,10.0,,tree cover
12806,121,0.974,0.843,0.0,0.0,0.0,0.0,0.0,0.157,0.0,0.0,0.0,10.0,,tree cover
12917,121,0.974,1.0,0.0,0.0,0.0,0.0,0.0,0.0,0.0,0.0,0.0,10.0,,tree cover
13028,121,0.974,1.0,0.0,0.0,0.0,0.0,0.0,0.0,0.0,0.0,0.0,10.0,,tree cover
13139,121,0.974,0.8843,0.0,0.1157,0.0,0.0,0.0,0.0,0.0,0.0,0.0,10.0,,tree cover
13250,123,0.99,0.9024,0.0,0.0976,0.0,0.0,0.0,0.0,0.0,0.0,0.0,10.0,,tree cover
13361,127,1.0,1.0,0.0,0.0,0.0,0.0,0.0,0.0,0.0,0.0,0.0,10.0,,tree cover
13472,110,0.886,1.0,0.0,0.0,0.0,0.0,0.0,0.0,0.0,0.0,0.0,10.0,,tree cover
13583,115,0.926,1.0,0.0,0.0,0.0,0.0,0.0,0.0,0.0,0.0,0.0,10.0,,tree cover
13694,121,0.974,1.0,0.0,0.0,0.0,0.0,0.0,0.0,0.0,0.0,0.0,10.0,,tree cover
13805,121,0.974,0.9917,0.0,0.0083,0.0,0.0,0.0,0.0,0.0,0.0,0.0,10.0,,tree cover
13916,121,0.974,1.0,0.0,0.0,0.0,0.0,0.0,0.0,0.0,0.0,0.0,10.0,,tree cover
14027,122,0.982,1.0,0.0,0.0,0.0,0.0,0.0,0.0,0.0,0.0,0.0,10.0,,tree cover
14138,131,1.0,1.0,0.0,0.0,0.0,0.0,0.0,0.0,0.0,0.0,0.0,10.0,,tree cover
14249,121,0.974,1.0,0.0,0.0,0.0,0.0,0.0,0.0,0.0,0.0,0.0,10.0,,tree cover
930,121,0.974,0.0,0.0,0.0,0.0,1.0,0.0,0.0,0.0,0.0,0.0,50.0,ground_built_up,built-up
1041,121,0.974,0.3636,0.0,0.0,0.0083,0.6281,0.0,0.0,0.0,0.0,0.0,50.0,ground_built_up,built-up
1152,121,0.974,0.8926,0.0,0.0,0.1074,0.0,0.0,0.0,0.0,0.0,0.0,10.0,,tree cover
1263,121,0.974,0.1488,0.0,0.0,0.8512,0.0,0.0,0.0,0.0,0.0,0.0,40.0,,cropland
1374,122,0.982,0.0,0.0,0.0,1.0,0.0,0.0,0.0,0.0,0.0,0.0,40.0,,cropland
1485,131,1.0,0.0,0.0,0.0,1.0,0.0,0.0,0.0,0.0,0.0,0.0,40.0,,cropland
1596,121,0.974,0.0826,0.0,0.0,0.5702,0.0,0.0,0.3471,0.0,0.0,0.0,40.0,ground_water,cropland
1707,121,0.974,0.7107,0.0,0.0,0.0,0.0744,0.1488,0.0661,0.0,0.0,0.0,10.0,,tree cover
1818,118,0.95,0.2797,0.0,0.0,0.0,0.0169,0.6864,0.0169,0.0,0.0,0.0,60.0,ground_bare,bare or sparse vegetation
1929,110,0.886,0.7818,0.0,0.0091,0.0,0.0,0.1636,0.0455,0.0,0.0,0.0,10.0,,tree cover
2040,116,0.934,0.7672,0.0,0.0776,0.069,0.0259,0.0603,0.0,0.0,0.0,0.0,10.0,,tree cover
2151,121,0.974,0.7934,0.0,0.0165,0.0,0.0,0.1901,0.0,0.0,0.0,0.0,10.0,,tree cover
2262,132,1.0,0.4545,0.0,0.2121,0.0833,0.0,0.1591,0.0909,0.0,0.0,0.0,10.0,,tree cover
2373,121,0.974,0.4463,0.0,0.0165,0.0083,0.2727,0.1983,0.0579,0.0,0.0,0.0,10.0,,tree cover
2817,121,0.974,0.0,0.0,0.0,0.0,1.0,0.0,0.0,0.0,0.0,0.0,50.0,ground_built_up,built-up
2928,121,0.974,0.3471,0.0,0.0,0.0,0.6529,0.0,0.0,0.0,0.0,0.0,50.0,ground_built_up,built-up
3039,129,1.0,0.4419,0.0,0.0078,0.0,0.5504,0.0,0.0,0.0,0.0,0.0,50.0,ground_built_up,built-up
3150,110,0.886,0.3818,0.0,0.1455,0.0,0.4727,0.0,0.0,0.0,0.0,0.0,50.0,,built-up
3261,115,0.926,0.1826,0.0,0.1826,0.0,0.6348,0.0,0.0,0.0,0.0,0.0,50.0,ground_built_up,built-up
3372,121,0.974,0.3058,0.0,0.1488,0.0744,0.4711,0.0,0.0,0.0,0.0,0.0,50.0,,built-up
3483,121,0.974,0.3884,0.0,0.2727,0.0165,0.3223,0.0,0.0,0.0,0.0,0.0,10.0,,tree cover
3927,121,0.974,0.124,0.0,0.5041,0.0,0.3719,0.0,0.0,0.0,0.0,0.0,30.0,,grassland
4038,121,0.974,0.2645,0.0,0.1322,0.0,0.6033,0.0,0.0,0.0,0.0,0.0,50.0,ground_built_up,built-up
4371,110,0.886,0.0,0.0,0.0455,0.0455,0.9091,0.0,0.0,0.0,0.0,0.0,50.0,ground_built_up,built-up
4593,132,1.0,0.1439,0.0,0.0,0.0,0.8561,0.0,0.0,0.0,0.0,0.0,50.0,ground_built_up,built-up
4704,121,0.974,0.3554,0.0,0.0,0.0,0.6446,0.0,0.0,0.0,0.0,0.0,50.0,ground_built_up,built-up
4815,121,0.974,0.5289,0.0,0.0,0.0,0.4711,0.0,0.0,0.0,0.0,0.0,10.0,,tree cover
4926,121,0.974,1.0,0.0,0.0,0.0,0.0,0.0,0.0,0.0,0.0,0.0,10.0,,tree cover
5037,121,0.974,1.0,0.0,0.0,0.0,0.0,0.0,0.0,0.0,0.0,0.0,10.0,,tree cover
5148,121,0.974,1.0,0.0,0.0,0.0,0.0,0.0,0.0,0.0,0.0,0.0,10.0,,tree cover
5259,121,0.974,0.9008,0.0,0.0992,0.0,0.0,0.0,0.0,0.0,0.0,0.0,10.0,,tree cover
5370,131,1.0,0.5649,0.0,0.4351,0.0,0.0,0.0,0.0,0.0,0.0,0.0,10.0,,tree cover
5481,122,0.982,0.8033,0.0,0.1967,0.0,0.0,0.0,0.0,0.0,0.0,0.0,10.0,,tree cover
5592,112,0.902,0.8125,0.0,0.1875,0.0,0.0,0.0,0.0,0.0,0.0,0.0,10.0,,tree cover
5703,111,0.894,0.5315,0.0,0.4685,0.0,0.0,0.0,0.0,0.0,0.0,0.0,10.0,,tree cover
5814,121,0.974,1.0,0.0,0.0,0.0,0.0,0.0,0.0,0.0,0.0,0.0,10.0,,tree cover
5925,121,0.974,1.0,0.0,0.0,0.0,0.0,0.0,0.0,0.0,0.0,0.0,10.0,,tree cover
6036,121,0.974,1.0,0.0,0.0,0.0,0.0,0.0,0.0,0.0,0.0,0.0,10.0,,tree cover
6147,129,1.0,0.2791,0.0,0.7209,0.0,0.0,0.0,0.0,0.0,0.0,0.0,30.0,,grassland
6258,124,0.998,0.9032,0.0,0.0968,0.0,0.0,0.0,0.0,0.0,0.0,0.0,10.0,,tree cover
6369,121,0.974,1.0,0.0,0.0,0.0,0.0,0.0,0.0,0.0,0.0,0.0,10.0,,tree cover
6480,121,0.974,1.0,0.0,0.0,0.0,0.0,0.0,0.0,0.0,0.0,0.0,10.0,,tree cover
6591,121,0.974,1.0,0.0,0.0,0.0,0.0,0.0,0.0,0.0,0.0,0.0,10.0,,tree cover
6702,121,0.974,1.0,0.0,0.0,0.0,0.0,0.0,0.0,0.0,0.0,0.0,10.0,,tree cover
6813,116,0.934,1.0,0.0,0.0,0.0,0.0,0.0,0.0,0.0,0.0,0.0,10.0,,tree cover
6924,116,0.934,1.0,0.0,0.0,0.0,0.0,0.0,0.0,0.0,0.0,0.0,10.0,,tree cover
7035,123,0.99,1.0,0.0,0.0,0.0,0.0,0.0,0.0,0.0,0.0,0.0,10.0,,tree cover
7146,121,0.974,1.0,0.0,0.0,0.0,0.0,0.0,0.0,0.0,0.0,0.0,10.0,,tree cover
7257,121,0.974,1.0,0.0,0.0,0.0,0.0,0.0,0.0,0.0,0.0,0.0,10.0,,tree cover
7479,121,0.974,1.0,0.0,0.0,0.0,0.0,0.0,0.0,0.0,0.0,0.0,10.0,,tree cover
7590,121,0.974,1.0,0.0,0.0,0.0,0.0,0.0,0.0,0.0,0.0,0.0,10.0,,tree cover
7701,126,1.0,1.0,0.0,0.0,0.0,0.0,0.0,0.0,0.0,0.0,0.0,10.0,,tree cover
7812,127,1.0,1.0,0.0,0.0,0.0,0.0,0.0,0.0,0.0,0.0,0.0,10.0,,tree cover
7923,121,0.974,1.0,0.0,0.0,0.0,0.0,0.0,0.0,0.0,0.0,0.0,10.0,,tree cover
8034,119,0.958,1.0,0.0,0.0,0.0,0.0,0.0,0.0,0.0,0.0,0.0,10.0,,tree cover
8145,110,0.886,1.0,0.0,0.0,0.0,0.0,0.0,0.0,0.0,0.0,0.0,10.0,,tree cover
8256,114,0.918,1.0,0.0,0.0,0.0,0.0,0.0,0.0,0.0,0.0,0.0,10.0,,tree cover
8367,121,0.974,0.9917,0.0,0.0083,0.0,0.0,0.0,0.0,0.0,0.0,0.0,10.0,,tree cover
8478,124,0.998,0.9839,0.0,0.0161,0.0,0.0,0.0,0.0,0.0,0.0,0.0,10.0,,tree cover
8589,129,1.0,1.0,0.0,0.0,0.0,0.0,0.0,0.0,0.0,0.0,0.0,10.0,,tree cover
8700,121,0.974,1.0,0.0,0.0,0.0,0.0,0.0,0.0,0.0,0.0,0.0,10.0,,tree cover
8811,121,0.974,1.0,0.0,0.0,0.0,0.0,0.0,0.0,0.0,0.0,0.0,10.0,,tree cover
8922,121,0.974,1.0,0.0,0.0,0.0,0.0,0.0,0.0,0.0,0.0,0.0,10.0,,tree cover
9033,121,0.974,1.0,0.0,0.0,0.0,0.0,0.0,0.0,0.0,0.0,0.0,10.0,,tree cover
9144,121,0.974,1.0,0.0,0.0,0.0,0.0,0.0,0.0,0.0,0.0,0.0,10.0,,tree cover
9255,123,0.99,1.0,0.0,0.0,0.0,0.0,0.0,0.0,0.0,0.0,0.0,10.0,,tree cover
9366,122,0.982,0.9918,0.0,0.0082,0.0,0.0,0.0,0.0,0.0,0.0,0.0,10.0,,tree cover
9477,110,0.886,1.0,0.0,0.0,0.0,0.0,0.0,0.0,0.0,0.0,0.0,10.0,,tree cover
9588,121,0.974,1.0,0.0,0.0,0.0,0.0,0.0,0.0,0.0,0.0,0.0,10.0,,tree cover
9699,121,0.974,1.0,0.0,0.0,0.0,0.0,0.0,0.0,0.0,0.0,0.0,10.0,,tree cover
9810,121,0.974,1.0,0.0,0.0,0.0,0.0,0.0,0.0,0.0,0.0,0.0,10.0,,tree cover
9921,121,0.974,1.0,0.0,0.0,0.0,0.0,0.0,0.0,0.0,0.0,0.0,10.0,,tree cover
10032,122,0.982,1.0,0.0,0.0,0.0,0.0,0.0,0.0,0.0,0.0,0.0,10.0,,tree cover
10143,131,1.0,1.0,0.0,0.0,0.0,0.0,0.0,0.0,0.0,0.0,0.0,10.0,,tree cover
10254,121,0.974,1.0,0.0,0.0,0.0,0.0,0.0,0.0,0.0,0.0,0.0,10.0,,tree cover
10365,121,0.974,1.0,0.0,0.0,0.0,0.0,0.0,0.0,0.0,0.0,0.0,10.0,,tree cover
10476,121,0.974,1.0,0.0,0.0,0.0,0.0,0.0,0.0,0.0,0.0,0.0,10.0,,tree cover
10587,119,0.958,1.0,0.0,0.0,0.0,0.0,0.0,0.0,0.0,0.0,0.0,10.0,,tree cover
10698,110,0.886,1.0,0.0,0.0,0.0,0.0,0.0,0.0,0.0,0.0,0.0,10.0,,tree cover
10809,115,0.926,1.0,0.0,0.0,0.0,0.0,0.0,0.0,0.0,0.0,0.0,10.0,,tree cover
10920,132,1.0,1.0,0.0,0.0,0.0,0.0,0.0,0.0,0.0,0.0,0.0,10.0,,tree cover
11031,121,0.974,0.8678,0.0,0.0248,0.0,0.0,0.0826,0.0248,0.0,0.0,0.0,10.0,,tree cover
11142,121,0.974,0.8595,0.0,0.0,0.1405,0.0,0.0,0.0,0.0,0.0,0.0,10.0,,tree cover
11253,121,0.974,0.9256,0.0,0.0744,0.0,0.0,0.0,0.0,0.0,0.0,0.0,10.0,,tree cover
11364,121,0.974,1.0,0.0,0.0,0.0,0.0,0.0,0.0,0.0,0.0,0.0,10.0,,tree cover
11475,121,0.974,1.0,0.0,0.0,0.0,0.0,0.0,0.0,0.0,0.0,0.0,10.0,,tree cover
11586,121,0.974,1.0,0.0,0.0,0.0,0.0,0.0,0.0,0.0,0.0,0.0,10.0,,tree cover
11697,132,1.0,0.9924,0.0,0.0076,0.0,0.0,0.0,0.0,0.0,0.0,0.0,10.0,,tree cover
11808,121,0.974,1.0,0.0,0.0,0.0,0.0,0.0,0.0,0.0,0.0,0.0,10.0,,tree cover
11919,113,0.91,1.0,0.0,0.0,0.0,0.0,0.0,0.0,0.0,0.0,0.0,10.0,,tree cover
12030,110,0.886,1.0,0.0,0.0,0.0,0.0,0.0,0.0,0.0,0.0,0.0,10.0,,tree cover
12141,120,0.966,1.0,0.0,0.0,0.0,0.0,0.0,0.0,0.0,0.0,0.0,10.0,,tree cover
12252,121,0.974,1.0,0.0,0.0,0.0,0.0,0.0,0.0,0.0,0.0,0.0,10.0,,tree cover
12363,121,0.974,1.0,0.0,0.0,0.0,0.0,0.0,0.0,0.0,0.0,0.0,10.0,,tree cover
12474,132,1.0,1.0,0.0,0.0,0.0,0.0,0.0,0.0,0.0,0.0,0.0,10.0,,tree cover
12585,121,0.974,0.7355,0.0,0.2066,0.0083,0.0,0.0,0.0496,0.0,0.0,0.0,10.0,,tree cover
12696,121,0.974,0.843,0.0,0.0,0.0,0.0,0.0,0.157,0.0,0.0,0.0,10.0,,tree cover
12807,121,0.974,1.0,0.0,0.0,0.0,0.0,0.0,0.0,0.0,0.0,0.0,10.0,,tree cover
12918,121,0.974,1.0,0.0,0.0,0.0,0.0,0.0,0.0,0.0,0.0,0.0,10.0,,tree cover
13029,121,0.974,1.0,0.0,0.0,0.0,0.0,0.0,0.0,0.0,0.0,0.0,10.0,,tree cover
13140,121,0.974,1.0,0.0,0.0,0.0,0.0,0.0,0.0,0.0,0.0,0.0,10.0,,tree cover
13251,120,0.966,1.0,0.0,0.0,0.0,0.0,0.0,0.0,0.0,0.0,0.0,10.0,,tree cover
13362,113,0.91,0.9292,0.0,0.0708,0.0,0.0,0.0,0.0,0.0,0.0,0.0,10.0,,tree cover
13473,121,0.974,0.9669,0.0,0.0331,0.0,0.0,0.0,0.0,0.0,0.0,0.0,10.0,,tree cover
13584,121,0.974,1.0,0.0,0.0,0.0,0.0,0.0,0.0,0.0,0.0,0.0,10.0,,tree cover
13695,121,0.974,1.0,0.0,0.0,0.0,0.0,0.0,0.0,0.0,0.0,0.0,10.0,,tree cover
13806,121,0.974,1.0,0.0,0.0,0.0,0.0,0.0,0.0,0.0,0.0,0.0,10.0,,tree cover
13917,121,0.974,1.0,0.0,0.0,0.0,0.0,0.0,0.0,0.0,0.0,0.0,10.0,,tree cover
14028,132,1.0,1.0,0.0,0.0,0.0,0.0,0.0,0.0,0.0,0.0,0.0,10.0,,tree cover
14139,121,0.974,1.0,0.0,0.0,0.0,0.0,0.0,0.0,0.0,0.0,0.0,10.0,,tree cover
14250,121,0.974,1.0,0.0,0.0,0.0,0.0,0.0,0.0,0.0,0.0,0.0,10.0,,tree cover
931,121,0.974,0.0,0.0,0.0,0.0,1.0,0.0,0.0,0.0,0.0,0.0,50.0,ground_built_up,built-up
1042,121,0.974,0.0909,0.0,0.0,0.0,0.9091,0.0,0.0,0.0,0.0,0.0,50.0,ground_built_up,built-up
1153,121,0.974,0.5785,0.0,0.0248,0.3388,0.0579,0.0,0.0,0.0,0.0,0.0,10.0,,tree cover
1264,121,0.974,0.3058,0.0,0.2397,0.4545,0.0,0.0,0.0,0.0,0.0,0.0,40.0,,cropland
1486,121,0.974,0.4132,0.0,0.1736,0.4132,0.0,0.0,0.0,0.0,0.0,0.0,10.0,,tree cover
1597,120,0.966,0.1,0.0,0.0,0.6,0.0,0.0,0.3,0.0,0.0,0.0,40.0,ground_water,cropland
1708,110,0.886,0.1364,0.0,0.0,0.8636,0.0,0.0,0.0,0.0,0.0,0.0,40.0,,cropland
1819,113,0.91,0.469,0.0,0.0708,0.0354,0.177,0.2478,0.0,0.0,0.0,0.0,10.0,,tree cover
1930,121,0.974,0.4132,0.0,0.0083,0.0,0.281,0.281,0.0165,0.0,0.0,0.0,10.0,,tree cover
2041,121,0.974,0.3636,0.0,0.0083,0.0,0.2645,0.3636,0.0,0.0,0.0,0.0,10.0,,tree cover
2152,131,1.0,0.9084,0.0,0.0,0.0,0.084,0.0076,0.0,0.0,0.0,0.0,10.0,,tree cover
2263,122,0.982,0.2377,0.0,0.1066,0.0,0.3934,0.2459,0.0164,0.0,0.0,0.0,50.0,,built-up
2374,121,0.974,0.3719,0.0,0.0083,0.0,0.3471,0.2479,0.0248,0.0,0.0,0.0,10.0,,tree cover
2485,121,0.974,0.2479,0.0,0.0,0.0,0.7521,0.0,0.0,0.0,0.0,0.0,50.0,ground_built_up,built-up
2707,121,0.974,0.0083,0.0,0.0,0.0,0.9917,0.0,0.0,0.0,0.0,0.0,50.0,ground_built_up,built-up
2818,121,0.974,0.2066,0.0,0.0,0.0,0.7934,0.0,0.0,0.0,0.0,0.0,50.0,ground_built_up,built-up
2929,119,0.958,0.6218,0.0,0.1176,0.0,0.2605,0.0,0.0,0.0,0.0,0.0,10.0,,tree cover
3040,115,0.926,0.6609,0.0,0.0,0.0,0.3391,0.0,0.0,0.0,0.0,0.0,10.0,,tree cover
3151,121,0.974,0.6364,0.0,0.0,0.0,0.3636,0.0,0.0,0.0,0.0,0.0,10.0,,tree cover
3262,121,0.974,0.1653,0.0,0.0165,0.0,0.8182,0.0,0.0,0.0,0.0,0.0,50.0,ground_built_up,built-up
3373,121,0.974,0.1157,0.0,0.5702,0.0,0.314,0.0,0.0,0.0,0.0,0.0,30.0,,grassland
3484,121,0.974,0.4215,0.0,0.0661,0.0,0.5124,0.0,0.0,0.0,0.0,0.0,50.0,ground_built_up,built-up
3595,121,0.974,0.3306,0.0,0.0,0.0,0.6694,0.0,0.0,0.0,0.0,0.0,50.0,ground_built_up,built-up
4261,110,0.886,0.8818,0.0,0.0727,0.0182,0.0273,0.0,0.0,0.0,0.0,0.0,10.0,,tree cover
4705,121,0.974,0.8017,0.0,0.0,0.0,0.1983,0.0,0.0,0.0,0.0,0.0,10.0,,tree cover
4816,121,0.974,0.9587,0.0,0.0,0.0,0.0413,0.0,0.0,0.0,0.0,0.0,10.0,,tree cover
4927,121,0.974,1.0,0.0,0.0,0.0,0.0,0.0,0.0,0.0,0.0,0.0,10.0,,tree cover
5038,121,0.974,1.0,0.0,0.0,0.0,0.0,0.0,0.0,0.0,0.0,0.0,10.0,,tree cover
5149,121,0.974,0.8843,0.0,0.1157,0.0,0.0,0.0,0.0,0.0,0.0,0.0,10.0,,tree cover
5260,125,1.0,0.76,0.0,0.24,0.0,0.0,0.0,0.0,0.0,0.0,0.0,10.0,,tree cover
5371,121,0.974,0.9917,0.0,0.0083,0.0,0.0,0.0,0.0,0.0,0.0,0.0,10.0,,tree cover
5482,110,0.886,1.0,0.0,0.0,0.0,0.0,0.0,0.0,0.0,0.0,0.0,10.0,,tree cover
5593,119,0.958,0.9496,0.0,0.0504,0.0,0.0,0.0,0.0,0.0,0.0,0.0,10.0,,tree cover
5704,121,0.974,0.8347,0.0,0.1653,0.0,0.0,0.0,0.0,0.0,0.0,0.0,10.0,,tree cover
5815,121,0.974,0.5124,0.0,0.4876,0.0,0.0,0.0,0.0,0.0,0.0,0.0,10.0,,tree cover
5926,121,0.974,1.0,0.0,0.0,0.0,0.0,0.0,0.0,0.0,0.0,0.0,10.0,,tree cover
6037,123,0.99,0.9919,0.0,0.0081,0.0,0.0,0.0,0.0,0.0,0.0,0.0,10.0,,tree cover
6148,130,1.0,0.3692,0.0,0.6308,0.0,0.0,0.0,0.0,0.0,0.0,0.0,30.0,,grassland
6259,121,0.974,0.9917,0.0,0.0083,0.0,0.0,0.0,0.0,0.0,0.0,0.0,10.0,,tree cover
6370,121,0.974,1.0,0.0,0.0,0.0,0.0,0.0,0.0,0.0,0.0,0.0,10.0,,tree cover
6481,121,0.974,0.9174,0.0,0.0826,0.0,0.0,0.0,0.0,0.0,0.0,0.0,10.0,,tree cover
6592,118,0.95,0.822,0.0,0.178,0.0,0.0,0.0,0.0,0.0,0.0,0.0,10.0,,tree cover
6703,110,0.886,1.0,0.0,0.0,0.0,0.0,0.0,0.0,0.0,0.0,0.0,10.0,,tree cover
6814,115,0.926,1.0,0.0,0.0,0.0,0.0,0.0,0.0,0.0,0.0,0.0,10.0,,tree cover
6925,132,1.0,1.0,0.0,0.0,0.0,0.0,0.0,0.0,0.0,0.0,0.0,10.0,,tree cover
7036,121,0.974,1.0,0.0,0.0,0.0,0.0,0.0,0.0,0.0,0.0,0.0,10.0,,tree cover
7147,121,0.974,1.0,0.0,0.0,0.0,0.0,0.0,0.0,0.0,0.0,0.0,10.0,,tree cover
7258,121,0.974,1.0,0.0,0.0,0.0,0.0,0.0,0.0,0.0,0.0,0.0,10.0,,tree cover
7369,121,0.974,1.0,0.0,0.0,0.0,0.0,0.0,0.0,0.0,0.0,0.0,10.0,,tree cover
7591,121,0.974,1.0,0.0,0.0,0.0,0.0,0.0,0.0,0.0,0.0,0.0,10.0,,tree cover
7702,132,1.0,1.0,0.0,0.0,0.0,0.0,0.0,0.0,0.0,0.0,0.0,10.0,,tree cover
7813,121,0.974,1.0,0.0,0.0,0.0,0.0,0.0,0.0,0.0,0.0,0.0,10.0,,tree cover
7924,111,0.894,1.0,0.0,0.0,0.0,0.0,0.0,0.0,0.0,0.0,0.0,10.0,,tree cover
8035,112,0.902,1.0,0.0,0.0,0.0,0.0,0.0,0.0,0.0,0.0,0.0,10.0,,tree cover
8146,121,0.974,0.9587,0.0,0.0413,0.0,0.0,0.0,0.0,0.0,0.0,0.0,10.0,,tree cover
8257,121,0.974,0.9835,0.0,0.0165,0.0,0.0,0.0,0.0,0.0,0.0,0.0,10.0,,tree cover
8368,121,0.974,0.9917,0.0,0.0083,0.0,0.0,0.0,0.0,0.0,0.0,0.0,10.0,,tree cover
8590,121,0.974,1.0,0.0,0.0,0.0,0.0,0.0,0.0,0.0,0.0,0.0,10.0,,tree cover
8701,121,0.974,1.0,0.0,0.0,0.0,0.0,0.0,0.0,0.0,0.0,0.0,10.0,,tree cover
8812,121,0.974,1.0,0.0,0.0,0.0,0.0,0.0,0.0,0.0,0.0,0.0,10.0,,tree cover
8923,121,0.974,1.0,0.0,0.0,0.0,0.0,0.0,0.0,0.0,0.0,0.0,10.0,,tree cover
9034,121,0.974,1.0,0.0,0.0,0.0,0.0,0.0,0.0,0.0,0.0,0.0,10.0,,tree cover
9145,116,0.934,1.0,0.0,0.0,0.0,0.0,0.0,0.0,0.0,0.0,0.0,10.0,,tree cover
9256,120,0.966,1.0,0.0,0.0,0.0,0.0,0.0,0.0,0.0,0.0,0.0,10.0,,tree cover
9367,118,0.95,1.0,0.0,0.0,0.0,0.0,0.0,0.0,0.0,0.0,0.0,10.0,,tree cover
9478,121,0.974,1.0,0.0,0.0,0.0,0.0,0.0,0.0,0.0,0.0,0.0,10.0,,tree cover
9589,121,0.974,1.0,0.0,0.0,0.0,0.0,0.0,0.0,0.0,0.0,0.0,10.0,,tree cover
9700,121,0.974,1.0,0.0,0.0,0.0,0.0,0.0,0.0,0.0,0.0,0.0,10.0,,tree cover
9811,121,0.974,1.0,0.0,0.0,0.0,0.0,0.0,0.0,0.0,0.0,0.0,10.0,,tree cover
9922,121,0.974,1.0,0.0,0.0,0.0,0.0,0.0,0.0,0.0,0.0,0.0,10.0,,tree cover
10033,132,1.0,1.0,0.0,0.0,0.0,0.0,0.0,0.0,0.0,0.0,0.0,10.0,,tree cover
10144,121,0.974,1.0,0.0,0.0,0.0,0.0,0.0,0.0,0.0,0.0,0.0,10.0,,tree cover
10255,121,0.974,1.0,0.0,0.0,0.0,0.0,0.0,0.0,0.0,0.0,0.0,10.0,,tree cover
10366,121,0.974,1.0,0.0,0.0,0.0,0.0,0.0,0.0,0.0,0.0,0.0,10.0,,tree cover
10477,110,0.886,1.0,0.0,0.0,0.0,0.0,0.0,0.0,0.0,0.0,0.0,10.0,,tree cover
10588,112,0.902,1.0,0.0,0.0,0.0,0.0,0.0,0.0,0.0,0.0,0.0,10.0,,tree cover
10699,121,0.974,1.0,0.0,0.0,0.0,0.0,0.0,0.0,0.0,0.0,0.0,10.0,,tree cover
10810,131,1.0,1.0,0.0,0.0,0.0,0.0,0.0,0.0,0.0,0.0,0.0,10.0,,tree cover
10921,122,0.982,1.0,0.0,0.0,0.0,0.0,0.0,0.0,0.0,0.0,0.0,10.0,,tree cover
11032,121,0.974,0.876,0.0,0.0,0.0,0.0,0.0,0.124,0.0,0.0,0.0,10.0,,tree cover
11143,121,0.974,0.9174,0.0,0.0,0.0083,0.0,0.0,0.0744,0.0,0.0,0.0,10.0,,tree cover
11254,121,0.974,1.0,0.0,0.0,0.0,0.0,0.0,0.0,0.0,0.0,0.0,10.0,,tree cover
11365,121,0.974,1.0,0.0,0.0,0.0,0.0,0.0,0.0,0.0,0.0,0.0,10.0,,tree cover
11476,121,0.974,1.0,0.0,0.0,0.0,0.0,0.0,0.0,0.0,0.0,0.0,10.0,,tree cover
11587,130,1.0,1.0,0.0,0.0,0.0,0.0,0.0,0.0,0.0,0.0,0.0,10.0,,tree cover
11698,117,0.942,1.0,0.0,0.0,0.0,0.0,0.0,0.0,0.0,0.0,0.0,10.0,,tree cover
11809,110,0.886,1.0,0.0,0.0,0.0,0.0,0.0,0.0,0.0,0.0,0.0,10.0,,tree cover
11920,118,0.95,1.0,0.0,0.0,0.0,0.0,0.0,0.0,0.0,0.0,0.0,10.0,,tree cover
12031,121,0.974,1.0,0.0,0.0,0.0,0.0,0.0,0.0,0.0,0.0,0.0,10.0,,tree cover
12142,121,0.974,1.0,0.0,0.0,0.0,0.0,0.0,0.0,0.0,0.0,0.0,10.0,,tree cover
12253,121,0.974,1.0,0.0,0.0,0.0,0.0,0.0,0.0,0.0,0.0,0.0,10.0,,tree cover
12364,128,1.0,0.9141,0.0,0.0,0.0,0.0,0.0781,0.0078,0.0,0.0,0.0,10.0,,tree cover
12475,125,1.0,0.56,0.0,0.032,0.0,0.0,0.232,0.176,0.0,0.0,0.0,10.0,,tree cover
12586,121,0.974,0.6446,0.0,0.1488,0.0,0.0,0.124,0.0826,0.0,0.0,0.0,10.0,,tree cover
12697,121,0.974,1.0,0.0,0.0,0.0,0.0,0.0,0.0,0.0,0.0,0.0,10.0,,tree cover
12808,121,0.974,1.0,0.0,0.0,0.0,0.0,0.0,0.0,0.0,0.0,0.0,10.0,,tree cover
12919,121,0.974,1.0,0.0,0.0,0.0,0.0,0.0,0.0,0.0,0.0,0.0,10.0,,tree cover
13030,112,0.902,1.0,0.0,0.0,0.0,0.0,0.0,0.0,0.0,0.0,0.0,10.0,,tree cover
13141,116,0.934,1.0,0.0,0.0,0.0,0.0,0.0,0.0,0.0,0.0,0.0,10.0,,tree cover
13252,126,1.0,1.0,0.0,0.0,0.0,0.0,0.0,0.0,0.0,0.0,0.0,10.0,,tree cover
13363,121,0.974,1.0,0.0,0.0,0.0,0.0,0.0,0.0,0.0,0.0,0.0,10.0,,tree cover
13474,121,0.974,1.0,0.0,0.0,0.0,0.0,0.0,0.0,0.0,0.0,0.0,10.0,,tree cover
13585,121,0.974,1.0,0.0,0.0,0.0,0.0,0.0,0.0,0.0,0.0,0.0,10.0,,tree cover
13696,121,0.974,1.0,0.0,0.0,0.0,0.0,0.0,0.0,0.0,0.0,0.0,10.0,,tree cover
13807,121,0.974,1.0,0.0,0.0,0.0,0.0,0.0,0.0,0.0,0.0,0.0,10.0,,tree cover
13918,126,1.0,1.0,0.0,0.0,0.0,0.0,0.0,0.0,0.0,0.0,0.0,10.0,,tree cover
14029,127,1.0,1.0,0.0,0.0,0.0,0.0,0.0,0.0,0.0,0.0,0.0,10.0,,tree cover
14140,121,0.974,1.0,0.0,0.0,0.0,0.0,0.0,0.0,0.0,0.0,0.0,10.0,,tree cover
14251,119,0.958,0.9916,0.0,0.0084,0.0,0.0,0.0,0.0,0.0,0.0,0.0,10.0,,tree cover
932,121,0.974,0.1322,0.0,0.0,0.0,0.8678,0.0,0.0,0.0,0.0,0.0,50.0,ground_built_up,built-up
1043,121,0.974,0.124,0.0,0.0,0.0,0.876,0.0,0.0,0.0,0.0,0.0,50.0,ground_built_up,built-up
1154,121,0.974,0.3967,0.0,0.0,0.1653,0.438,0.0,0.0,0.0,0.0,0.0,50.0,,built-up
1265,128,1.0,0.5547,0.0,0.25,0.1953,0.0,0.0,0.0,0.0,0.0,0.0,10.0,,tree cover
1376,125,1.0,0.44,0.0,0.416,0.144,0.0,0.0,0.0,0.0,0.0,0.0,10.0,,tree cover
1487,112,0.902,0.3393,0.0,0.3839,0.2768,0.0,0.0,0.0,0.0,0.0,0.0,30.0,,grassland
1598,111,0.894,0.009,0.0,0.009,0.6396,0.0,0.0,0.3423,0.0,0.0,0.0,40.0,ground_water,cropland
1709,121,0.974,0.0744,0.0,0.0,0.8017,0.0,0.0,0.124,0.0,0.0,0.0,40.0,,cropland
1820,121,0.974,0.5455,0.0,0.2231,0.0992,0.0,0.1322,0.0,0.0,0.0,0.0,10.0,,tree cover
1931,121,0.974,0.8678,0.0,0.0083,0.0083,0.0083,0.0992,0.0083,0.0,0.0,0.0,10.0,,tree cover
2153,128,1.0,0.4062,0.0,0.0,0.0,0.5938,0.0,0.0,0.0,0.0,0.0,50.0,ground_built_up,built-up
2486,121,0.974,0.0,0.0,0.0083,0.0,0.9917,0.0,0.0,0.0,0.0,0.0,50.0,ground_built_up,built-up
2708,114,0.918,0.1579,0.0,0.307,0.0,0.5351,0.0,0.0,0.0,0.0,0.0,50.0,ground_built_up,built-up
2819,112,0.902,0.1786,0.0,0.4643,0.0,0.3393,0.0179,0.0,0.0,0.0,0.0,30.0,,grassland
3041,121,0.974,0.2231,0.0,0.0,0.0,0.7769,0.0,0.0,0.0,0.0,0.0,50.0,ground_built_up,built-up
3152,121,0.974,0.3223,0.0,0.0,0.0,0.6777,0.0,0.0,0.0,0.0,0.0,50.0,ground_built_up,built-up
3263,121,0.974,0.562,0.0,0.0331,0.0,0.405,0.0,0.0,0.0,0.0,0.0,10.0,,tree cover
3707,131,1.0,0.8015,0.0,0.0,0.0,0.1985,0.0,0.0,0.0,0.0,0.0,10.0,,tree cover
3818,121,0.974,0.8512,0.0,0.0,0.0,0.1488,0.0,0.0,0.0,0.0,0.0,10.0,,tree cover
3929,115,0.926,0.4348,0.0,0.0,0.0,0.5652,0.0,0.0,0.0,0.0,0.0,50.0,ground_built_up,built-up
4151,119,0.958,0.3109,0.0,0.0,0.0,0.6891,0.0,0.0,0.0,0.0,0.0,50.0,ground_built_up,built-up
4262,121,0.974,1.0,0.0,0.0,0.0,0.0,0.0,0.0,0.0,0.0,0.0,10.0,,tree cover
4373,121,0.974,0.8264,0.0,0.1736,0.0,0.0,0.0,0.0,0.0,0.0,0.0,10.0,,tree cover
4484,132,1.0,0.2576,0.0,0.553,0.0909,0.0985,0.0,0.0,0.0,0.0,0.0,30.0,,grassland
4817,121,0.974,1.0,0.0,0.0,0.0,0.0,0.0,0.0,0.0,0.0,0.0,10.0,,tree cover
4928,121,0.974,1.0,0.0,0.0,0.0,0.0,0.0,0.0,0.0,0.0,0.0,10.0,,tree cover
5039,121,0.974,0.9504,0.0,0.0496,0.0,0.0,0.0,0.0,0.0,0.0,0.0,10.0,,tree cover
5150,118,0.95,1.0,0.0,0.0,0.0,0.0,0.0,0.0,0.0,0.0,0.0,10.0,,tree cover
5261,120,0.966,1.0,0.0,0.0,0.0,0.0,0.0,0.0,0.0,0.0,0.0,10.0,,tree cover
5372,117,0.942,0.5726,0.0,0.4274,0.0,0.0,0.0,0.0,0.0,0.0,0.0,10.0,,tree cover
5483,121,0.974,0.405,0.0,0.595,0.0,0.0,0.0,0.0,0.0,0.0,0.0,30.0,,grassland
5594,121,0.974,0.9835,0.0,0.0165,0.0,0.0,0.0,0.0,0.0,0.0,0.0,10.0,,tree cover
5705,121,0.974,1.0,0.0,0.0,0.0,0.0,0.0,0.0,0.0,0.0,0.0,10.0,,tree cover
5816,121,0.974,1.0,0.0,0.0,0.0,0.0,0.0,0.0,0.0,0.0,0.0,10.0,,tree cover
5927,121,0.974,1.0,0.0,0.0,0.0,0.0,0.0,0.0,0.0,0.0,0.0,10.0,,tree cover
6038,132,1.0,1.0,0.0,0.0,0.0,0.0,0.0,0.0,0.0,0.0,0.0,10.0,,tree cover
6149,121,0.974,0.4959,0.0,0.5041,0.0,0.0,0.0,0.0,0.0,0.0,0.0,30.0,,grassland
6260,121,0.974,0.8099,0.0,0.1901,0.0,0.0,0.0,0.0,0.0,0.0,0.0,10.0,,tree cover
6371,121,0.974,0.9504,0.0,0.0496,0.0,0.0,0.0,0.0,0.0,0.0,0.0,10.0,,tree cover
6482,110,0.886,0.9364,0.0,0.0636,0.0,0.0,0.0,0.0,0.0,0.0,0.0,10.0,,tree cover
6593,113,0.91,0.9292,0.0,0.0708,0.0,0.0,0.0,0.0,0.0,0.0,0.0,10.0,,tree cover
6704,121,0.974,1.0,0.0,0.0,0.0,0.0,0.0,0.0,0.0,0.0,0.0,10.0,,tree cover
6815,132,1.0,1.0,0.0,0.0,0.0,0.0,0.0,0.0,0.0,0.0,0.0,10.0,,tree cover
6926,121,0.974,1.0,0.0,0.0,0.0,0.0,0.0,0.0,0.0,0.0,0.0,10.0,,tree cover
7037,121,0.974,1.0,0.0,0.0,0.0,0.0,0.0,0.0,0.0,0.0,0.0,10.0,,tree cover
7148,121,0.974,0.9917,0.0,0.0083,0.0,0.0,0.0,0.0,0.0,0.0,0.0,10.0,,tree cover
7259,121,0.974,1.0,0.0,0.0,0.0,0.0,0.0,0.0,0.0,0.0,0.0,10.0,,tree cover
7370,121,0.974,1.0,0.0,0.0,0.0,0.0,0.0,0.0,0.0,0.0,0.0,10.0,,tree cover
7481,121,0.974,1.0,0.0,0.0,0.0,0.0,0.0,0.0,0.0,0.0,0.0,10.0,,tree cover
7592,131,1.0,1.0,0.0,0.0,0.0,0.0,0.0,0.0,0.0,0.0,0.0,10.0,,tree cover
7703,114,0.918,1.0,0.0,0.0,0.0,0.0,0.0,0.0,0.0,0.0,0.0,10.0,,tree cover
7814,110,0.886,1.0,0.0,0.0,0.0,0.0,0.0,0.0,0.0,0.0,0.0,10.0,,tree cover
7925,120,0.966,1.0,0.0,0.0,0.0,0.0,0.0,0.0,0.0,0.0,0.0,10.0,,tree cover
8036,121,0.974,1.0,0.0,0.0,0.0,0.0,0.0,0.0,0.0,0.0,0.0,10.0,,tree cover
8147,121,0.974,0.9256,0.0,0.0744,0.0,0.0,0.0,0.0,0.0,0.0,0.0,10.0,,tree cover
8258,121,0.974,1.0,0.0,0.0,0.0,0.0,0.0,0.0,0.0,0.0,0.0,10.0,,tree cover
8369,129,1.0,1.0,0.0,0.0,0.0,0.0,0.0,0.0,0.0,0.0,0.0,10.0,,tree cover
8480,124,0.998,1.0,0.0,0.0,0.0,0.0,0.0,0.0,0.0,0.0,0.0,10.0,,tree cover
8591,121,0.974,1.0,0.0,0.0,0.0,0.0,0.0,0.0,0.0,0.0,0.0,10.0,,tree cover
8702,121,0.974,1.0,0.0,0.0,0.0,0.0,0.0,0.0,0.0,0.0,0.0,10.0,,tree cover
8813,121,0.974,1.0,0.0,0.0,0.0,0.0,0.0,0.0,0.0,0.0,0.0,10.0,,tree cover
8924,118,0.95,1.0,0.0,0.0,0.0,0.0,0.0,0.0,0.0,0.0,0.0,10.0,,tree cover
9035,110,0.886,1.0,0.0,0.0,0.0,0.0,0.0,0.0,0.0,0.0,0.0,10.0,,tree cover
9146,121,0.974,1.0,0.0,0.0,0.0,0.0,0.0,0.0,0.0,0.0,0.0,10.0,,tree cover
9257,126,1.0,1.0,0.0,0.0,0.0,0.0,0.0,0.0,0.0,0.0,0.0,10.0,,tree cover
9368,121,0.974,1.0,0.0,0.0,0.0,0.0,0.0,0.0,0.0,0.0,0.0,10.0,,tree cover
9479,121,0.974,1.0,0.0,0.0,0.0,0.0,0.0,0.0,0.0,0.0,0.0,10.0,,tree cover
9590,121,0.974,1.0,0.0,0.0,0.0,0.0,0.0,0.0,0.0,0.0,0.0,10.0,,tree cover
9701,121,0.974,1.0,0.0,0.0,0.0,0.0,0.0,0.0,0.0,0.0,0.0,10.0,,tree cover
9812,121,0.974,1.0,0.0,0.0,0.0,0.0,0.0,0.0,0.0,0.0,0.0,10.0,,tree cover
9923,126,1.0,1.0,0.0,0.0,0.0,0.0,0.0,0.0,0.0,0.0,0.0,10.0,,tree cover
10034,127,1.0,1.0,0.0,0.0,0.0,0.0,0.0,0.0,0.0,0.0,0.0,10.0,,tree cover
10145,121,0.974,1.0,0.0,0.0,0.0,0.0,0.0,0.0,0.0,0.0,0.0,10.0,,tree cover
10256,112,0.902,1.0,0.0,0.0,0.0,0.0,0.0,0.0,0.0,0.0,0.0,10.0,,tree cover
10367,110,0.886,1.0,0.0,0.0,0.0,0.0,0.0,0.0,0.0,0.0,0.0,10.0,,tree cover
10478,121,0.974,1.0,0.0,0.0,0.0,0.0,0.0,0.0,0.0,0.0,0.0,10.0,,tree cover
10589,121,0.974,1.0,0.0,0.0,0.0,0.0,0.0,0.0,0.0,0.0,0.0,10.0,,tree cover
10700,125,1.0,1.0,0.0,0.0,0.0,0.0,0.0,0.0,0.0,0.0,0.0,10.0,,tree cover
10811,128,1.0,1.0,0.0,0.0,0.0,0.0,0.0,0.0,0.0,0.0,0.0,10.0,,tree cover
10922,121,0.974,1.0,0.0,0.0,0.0,0.0,0.0,0.0,0.0,0.0,0.0,10.0,,tree cover
11033,121,0.974,1.0,0.0,0.0,0.0,0.0,0.0,0.0,0.0,0.0,0.0,10.0,,tree cover
11144,121,0.974,0.9917,0.0,0.0,0.0,0.0,0.0,0.0083,0.0,0.0,0.0,10.0,,tree cover
11255,121,0.974,0.9917,0.0,0.0,0.0,0.0,0.0,0.0083,0.0,0.0,0.0,10.0,,tree cover
11366,121,0.974,1.0,0.0,0.0,0.0,0.0,0.0,0.0,0.0,0.0,0.0,10.0,,tree cover
11477,120,0.966,1.0,0.0,0.0,0.0,0.0,0.0,0.0,0.0,0.0,0.0,10.0,,tree cover
11588,118,0.95,1.0,0.0,0.0,0.0,0.0,0.0,0.0,0.0,0.0,0.0,10.0,,tree cover
11699,116,0.934,1.0,0.0,0.0,0.0,0.0,0.0,0.0,0.0,0.0,0.0,10.0,,tree cover
11810,121,0.974,1.0,0.0,0.0,0.0,0.0,0.0,0.0,0.0,0.0,0.0,10.0,,tree cover
11921,121,0.974,1.0,0.0,0.0,0.0,0.0,0.0,0.0,0.0,0.0,0.0,10.0,,tree cover
12032,121,0.974,1.0,0.0,0.0,0.0,0.0,0.0,0.0,0.0,0.0,0.0,10.0,,tree cover
12143,121,0.974,1.0,0.0,0.0,0.0,0.0,0.0,0.0,0.0,0.0,0.0,10.0,,tree cover
12254,122,0.982,1.0,0.0,0.0,0.0,0.0,0.0,0.0,0.0,0.0,0.0,10.0,,tree cover
12365,131,1.0,0.4427,0.0,0.0763,0.0,0.0,0.4275,0.0534,0.0,0.0,0.0,10.0,,tree cover
12476,121,0.974,0.9917,0.0,0.0,0.0,0.0,0.0,0.0083,0.0,0.0,0.0,10.0,,tree cover
12587,121,0.974,1.0,0.0,0.0,0.0,0.0,0.0,0.0,0.0,0.0,0.0,10.0,,tree cover
12698,121,0.974,0.9669,0.0,0.0,0.0331,0.0,0.0,0.0,0.0,0.0,0.0,10.0,,tree cover
12809,114,0.918,1.0,0.0,0.0,0.0,0.0,0.0,0.0,0.0,0.0,0.0,10.0,,tree cover
12920,110,0.886,1.0,0.0,0.0,0.0,0.0,0.0,0.0,0.0,0.0,0.0,10.0,,tree cover
13031,119,0.958,1.0,0.0,0.0,0.0,0.0,0.0,0.0,0.0,0.0,0.0,10.0,,tree cover
13142,132,1.0,1.0,0.0,0.0,0.0,0.0,0.0,0.0,0.0,0.0,0.0,10.0,,tree cover
13253,121,0.974,1.0,0.0,0.0,0.0,0.0,0.0,0.0,0.0,0.0,0.0,10.0,,tree cover
13364,121,0.974,1.0,0.0,0.0,0.0,0.0,0.0,0.0,0.0,0.0,0.0,10.0,,tree cover
13475,121,0.974,0.7851,0.0,0.2149,0.0,0.0,0.0,0.0,0.0,0.0,0.0,10.0,,tree cover
13586,121,0.974,0.6942,0.0,0.3058,0.0,0.0,0.0,0.0,0.0,0.0,0.0,10.0,,tree cover
13697,121,0.974,1.0,0.0,0.0,0.0,0.0,0.0,0.0,0.0,0.0,0.0,10.0,,tree cover
13808,121,0.974,1.0,0.0,0.0,0.0,0.0,0.0,0.0,0.0,0.0,0.0,10.0,,tree cover
13919,132,1.0,1.0,0.0,0.0,0.0,0.0,0.0,0.0,0.0,0.0,0.0,10.0,,tree cover
14030,121,0.974,1.0,0.0,0.0,0.0,0.0,0.0,0.0,0.0,0.0,0.0,10.0,,tree cover
14141,110,0.886,1.0,0.0,0.0,0.0,0.0,0.0,0.0,0.0,0.0,0.0,10.0,,tree cover
14252,112,0.902,1.0,0.0,0.0,0.0,0.0,0.0,0.0,0.0,0.0,0.0,10.0,,tree cover
933,121,0.974,0.7273,0.0,0.0,0.0,0.2727,0.0,0.0,0.0,0.0,0.0,10.0,,tree cover
1155,122,0.982,0.5738,0.0,0.0,0.0,0.4262,0.0,0.0,0.0,0.0,0.0,10.0,,tree cover
1266,125,1.0,0.568,0.0,0.016,0.416,0.0,0.0,0.0,0.0,0.0,0.0,10.0,,tree cover
1377,110,0.886,0.3818,0.0,0.0636,0.5545,0.0,0.0,0.0,0.0,0.0,0.0,40.0,,cropland
1488,119,0.958,0.0,0.0,0.5462,0.4538,0.0,0.0,0.0,0.0,0.0,0.0,30.0,,grassland
1599,121,0.974,0.0,0.0,0.0,1.0,0.0,0.0,0.0,0.0,0.0,0.0,40.0,,cropland
1710,121,0.974,0.0661,0.0,0.0083,0.5124,0.0,0.0083,0.405,0.0,0.0,0.0,40.0,ground_water,cropland
1821,121,0.974,0.8017,0.0,0.0,0.0,0.0,0.0,0.1983,0.0,0.0,0.0,10.0,,tree cover
2154,121,0.974,0.0083,0.0,0.0,0.0,0.9917,0.0,0.0,0.0,0.0,0.0,50.0,ground_built_up,built-up
2265,121,0.974,0.0496,0.0,0.0,0.0,0.9504,0.0,0.0,0.0,0.0,0.0,50.0,ground_built_up,built-up
2709,117,0.942,0.5043,0.0,0.0769,0.0,0.4188,0.0,0.0,0.0,0.0,0.0,10.0,,tree cover
2820,132,1.0,0.0909,0.0,0.9015,0.0,0.0076,0.0,0.0,0.0,0.0,0.0,30.0,,grassland
2931,121,0.974,0.5372,0.0,0.1983,0.0,0.2645,0.0,0.0,0.0,0.0,0.0,10.0,,tree cover
3153,121,0.974,0.4876,0.0,0.1322,0.0,0.3802,0.0,0.0,0.0,0.0,0.0,10.0,,tree cover
3264,121,0.974,0.6198,0.0,0.0248,0.0,0.3554,0.0,0.0,0.0,0.0,0.0,10.0,,tree cover
3486,121,0.974,0.6198,0.0,0.0909,0.0,0.2893,0.0,0.0,0.0,0.0,0.0,10.0,,tree cover
3597,132,1.0,0.4924,0.0,0.0,0.0,0.5076,0.0,0.0,0.0,0.0,0.0,50.0,ground_built_up,built-up
3708,118,0.95,0.8898,0.0,0.0,0.0,0.1102,0.0,0.0,0.0,0.0,0.0,10.0,,tree cover
3930,116,0.934,0.7414,0.0,0.0,0.0,0.2586,0.0,0.0,0.0,0.0,0.0,10.0,,tree cover
4152,121,0.974,1.0,0.0,0.0,0.0,0.0,0.0,0.0,0.0,0.0,0.0,10.0,,tree cover
4596,121,0.974,1.0,0.0,0.0,0.0,0.0,0.0,0.0,0.0,0.0,0.0,10.0,,tree cover
4707,121,0.974,1.0,0.0,0.0,0.0,0.0,0.0,0.0,0.0,0.0,0.0,10.0,,tree cover
4818,121,0.974,1.0,0.0,0.0,0.0,0.0,0.0,0.0,0.0,0.0,0.0,10.0,,tree cover
4929,120,0.966,1.0,0.0,0.0,0.0,0.0,0.0,0.0,0.0,0.0,0.0,10.0,,tree cover
5040,110,0.886,1.0,0.0,0.0,0.0,0.0,0.0,0.0,0.0,0.0,0.0,10.0,,tree cover
5151,121,0.974,1.0,0.0,0.0,0.0,0.0,0.0,0.0,0.0,0.0,0.0,10.0,,tree cover
5262,124,0.998,1.0,0.0,0.0,0.0,0.0,0.0,0.0,0.0,0.0,0.0,10.0,,tree cover
5373,121,0.974,0.9587,0.0,0.0413,0.0,0.0,0.0,0.0,0.0,0.0,0.0,10.0,,tree cover
5484,121,0.974,0.9421,0.0,0.0579,0.0,0.0,0.0,0.0,0.0,0.0,0.0,10.0,,tree cover
5595,121,0.974,0.9835,0.0,0.0165,0.0,0.0,0.0,0.0,0.0,0.0,0.0,10.0,,tree cover
5706,121,0.974,1.0,0.0,0.0,0.0,0.0,0.0,0.0,0.0,0.0,0.0,10.0,,tree cover
5817,121,0.974,1.0,0.0,0.0,0.0,0.0,0.0,0.0,0.0,0.0,0.0,10.0,,tree cover
5928,128,1.0,1.0,0.0,0.0,0.0,0.0,0.0,0.0,0.0,0.0,0.0,10.0,,tree cover
6039,125,1.0,0.896,0.0,0.104,0.0,0.0,0.0,0.0,0.0,0.0,0.0,10.0,,tree cover
6150,121,0.974,1.0,0.0,0.0,0.0,0.0,0.0,0.0,0.0,0.0,0.0,10.0,,tree cover
6261,112,0.902,1.0,0.0,0.0,0.0,0.0,0.0,0.0,0.0,0.0,0.0,10.0,,tree cover
6372,110,0.886,1.0,0.0,0.0,0.0,0.0,0.0,0.0,0.0,0.0,0.0,10.0,,tree cover
6483,121,0.974,1.0,0.0,0.0,0.0,0.0,0.0,0.0,0.0,0.0,0.0,10.0,,tree cover
6594,121,0.974,1.0,0.0,0.0,0.0,0.0,0.0,0.0,0.0,0.0,0.0,10.0,,tree cover
6705,126,1.0,1.0,0.0,0.0,0.0,0.0,0.0,0.0,0.0,0.0,0.0,10.0,,tree cover
6816,127,1.0,1.0,0.0,0.0,0.0,0.0,0.0,0.0,0.0,0.0,0.0,10.0,,tree cover
6927,121,0.974,1.0,0.0,0.0,0.0,0.0,0.0,0.0,0.0,0.0,0.0,10.0,,tree cover
7038,121,0.974,1.0,0.0,0.0,0.0,0.0,0.0,0.0,0.0,0.0,0.0,10.0,,tree cover
7149,121,0.974,1.0,0.0,0.0,0.0,0.0,0.0,0.0,0.0,0.0,0.0,10.0,,tree cover
7260,121,0.974,1.0,0.0,0.0,0.0,0.0,0.0,0.0,0.0,0.0,0.0,10.0,,tree cover
7371,121,0.974,1.0,0.0,0.0,0.0,0.0,0.0,0.0,0.0,0.0,0.0,10.0,,tree cover
7482,119,0.958,1.0,0.0,0.0,0.0,0.0,0.0,0.0,0.0,0.0,0.0,10.0,,tree cover
7593,117,0.942,1.0,0.0,0.0,0.0,0.0,0.0,0.0,0.0,0.0,0.0,10.0,,tree cover
7704,118,0.95,1.0,0.0,0.0,0.0,0.0,0.0,0.0,0.0,0.0,0.0,10.0,,tree cover
7815,121,0.974,1.0,0.0,0.0,0.0,0.0,0.0,0.0,0.0,0.0,0.0,10.0,,tree cover
7926,121,0.974,1.0,0.0,0.0,0.0,0.0,0.0,0.0,0.0,0.0,0.0,10.0,,tree cover
8037,121,0.974,1.0,0.0,0.0,0.0,0.0,0.0,0.0,0.0,0.0,0.0,10.0,,tree cover
8148,121,0.974,1.0,0.0,0.0,0.0,0.0,0.0,0.0,0.0,0.0,0.0,10.0,,tree cover
8259,123,0.99,1.0,0.0,0.0,0.0,0.0,0.0,0.0,0.0,0.0,0.0,10.0,,tree cover
8370,130,1.0,0.9846,0.0,0.0154,0.0,0.0,0.0,0.0,0.0,0.0,0.0,10.0,,tree cover
8481,121,0.974,1.0,0.0,0.0,0.0,0.0,0.0,0.0,0.0,0.0,0.0,10.0,,tree cover
8592,121,0.974,1.0,0.0,0.0,0.0,0.0,0.0,0.0,0.0,0.0,0.0,10.0,,tree cover
8703,120,0.966,1.0,0.0,0.0,0.0,0.0,0.0,0.0,0.0,0.0,0.0,10.0,,tree cover
8814,110,0.886,1.0,0.0,0.0,0.0,0.0,0.0,0.0,0.0,0.0,0.0,10.0,,tree cover
8925,113,0.91,1.0,0.0,0.0,0.0,0.0,0.0,0.0,0.0,0.0,0.0,10.0,,tree cover
9036,121,0.974,1.0,0.0,0.0,0.0,0.0,0.0,0.0,0.0,0.0,0.0,10.0,,tree cover
9147,132,1.0,1.0,0.0,0.0,0.0,0.0,0.0,0.0,0.0,0.0,0.0,10.0,,tree cover
9258,121,0.974,1.0,0.0,0.0,0.0,0.0,0.0,0.0,0.0,0.0,0.0,10.0,,tree cover
9369,121,0.974,1.0,0.0,0.0,0.0,0.0,0.0,0.0,0.0,0.0,0.0,10.0,,tree cover
9480,121,0.974,1.0,0.0,0.0,0.0,0.0,0.0,0.0,0.0,0.0,0.0,10.0,,tree cover
9591,121,0.974,1.0,0.0,0.0,0.0,0.0,0.0,0.0,0.0,0.0,0.0,10.0,,tree cover
9702,121,0.974,1.0,0.0,0.0,0.0,0.0,0.0,0.0,0.0,0.0,0.0,10.0,,tree cover
9813,121,0.974,1.0,0.0,0.0,0.0,0.0,0.0,0.0,0.0,0.0,0.0,10.0,,tree cover
9924,132,1.0,1.0,0.0,0.0,0.0,0.0,0.0,0.0,0.0,0.0,0.0,10.0,,tree cover
10035,114,0.918,1.0,0.0,0.0,0.0,0.0,0.0,0.0,0.0,0.0,0.0,10.0,,tree cover
10146,110,0.886,1.0,0.0,0.0,0.0,0.0,0.0,0.0,0.0,0.0,0.0,10.0,,tree cover
10257,119,0.958,1.0,0.0,0.0,0.0,0.0,0.0,0.0,0.0,0.0,0.0,10.0,,tree cover
10368,121,0.974,1.0,0.0,0.0,0.0,0.0,0.0,0.0,0.0,0.0,0.0,10.0,,tree cover
10479,121,0.974,1.0,0.0,0.0,0.0,0.0,0.0,0.0,0.0,0.0,0.0,10.0,,tree cover
10590,121,0.974,1.0,0.0,0.0,0.0,0.0,0.0,0.0,0.0,0.0,0.0,10.0,,tree cover
10701,132,1.0,1.0,0.0,0.0,0.0,0.0,0.0,0.0,0.0,0.0,0.0,10.0,,tree cover
10812,121,0.974,1.0,0.0,0.0,0.0,0.0,0.0,0.0,0.0,0.0,0.0,10.0,,tree cover
10923,121,0.974,1.0,0.0,0.0,0.0,0.0,0.0,0.0,0.0,0.0,0.0,10.0,,tree cover
11034,121,0.974,1.0,0.0,0.0,0.0,0.0,0.0,0.0,0.0,0.0,0.0,10.0,,tree cover
11145,121,0.974,1.0,0.0,0.0,0.0,0.0,0.0,0.0,0.0,0.0,0.0,10.0,,tree cover
11256,120,0.966,0.825,0.0,0.0,0.0,0.0,0.0,0.175,0.0,0.0,0.0,10.0,,tree cover
11367,110,0.886,0.4364,0.0,0.0,0.0,0.0,0.0,0.5636,0.0,0.0,0.0,80.0,ground_water,permanent water
11478,124,0.998,0.9032,0.0,0.0,0.0,0.0,0.0,0.0968,0.0,0.0,0.0,10.0,,tree cover
11589,121,0.974,1.0,0.0,0.0,0.0,0.0,0.0,0.0,0.0,0.0,0.0,10.0,,tree cover
11700,121,0.974,1.0,0.0,0.0,0.0,0.0,0.0,0.0,0.0,0.0,0.0,10.0,,tree cover
11811,121,0.974,1.0,0.0,0.0,0.0,0.0,0.0,0.0,0.0,0.0,0.0,10.0,,tree cover
11922,121,0.974,1.0,0.0,0.0,0.0,0.0,0.0,0.0,0.0,0.0,0.0,10.0,,tree cover
12033,121,0.974,1.0,0.0,0.0,0.0,0.0,0.0,0.0,0.0,0.0,0.0,10.0,,tree cover
12144,121,0.974,1.0,0.0,0.0,0.0,0.0,0.0,0.0,0.0,0.0,0.0,10.0,,tree cover
12255,132,1.0,0.9015,0.0,0.0,0.0,0.0,0.0303,0.0682,0.0,0.0,0.0,10.0,,tree cover
12366,121,0.974,0.7025,0.0,0.0,0.0,0.0,0.0826,0.2149,0.0,0.0,0.0,10.0,,tree cover
12477,121,0.974,0.9669,0.0,0.0,0.0,0.0331,0.0,0.0,0.0,0.0,0.0,10.0,,tree cover
12588,116,0.934,0.931,0.0,0.0,0.0,0.069,0.0,0.0,0.0,0.0,0.0,10.0,,tree cover
12699,110,0.886,1.0,0.0,0.0,0.0,0.0,0.0,0.0,0.0,0.0,0.0,10.0,,tree cover
12810,117,0.942,1.0,0.0,0.0,0.0,0.0,0.0,0.0,0.0,0.0,0.0,10.0,,tree cover
12921,121,0.974,1.0,0.0,0.0,0.0,0.0,0.0,0.0,0.0,0.0,0.0,10.0,,tree cover
13032,131,1.0,1.0,0.0,0.0,0.0,0.0,0.0,0.0,0.0,0.0,0.0,10.0,,tree cover
13143,122,0.982,1.0,0.0,0.0,0.0,0.0,0.0,0.0,0.0,0.0,0.0,10.0,,tree cover
13254,121,0.974,1.0,0.0,0.0,0.0,0.0,0.0,0.0,0.0,0.0,0.0,10.0,,tree cover
13365,121,0.974,1.0,0.0,0.0,0.0,0.0,0.0,0.0,0.0,0.0,0.0,10.0,,tree cover
13476,121,0.974,0.9752,0.0,0.0248,0.0,0.0,0.0,0.0,0.0,0.0,0.0,10.0,,tree cover
13587,121,0.974,0.9669,0.0,0.0331,0.0,0.0,0.0,0.0,0.0,0.0,0.0,10.0,,tree cover
13698,121,0.974,1.0,0.0,0.0,0.0,0.0,0.0,0.0,0.0,0.0,0.0,10.0,,tree cover
13809,131,1.0,1.0,0.0,0.0,0.0,0.0,0.0,0.0,0.0,0.0,0.0,10.0,,tree cover
13920,113,0.91,1.0,0.0,0.0,0.0,0.0,0.0,0.0,0.0,0.0,0.0,10.0,,tree cover
14031,110,0.886,1.0,0.0,0.0,0.0,0.0,0.0,0.0,0.0,0.0,0.0,10.0,,tree cover
14142,121,0.974,1.0,0.0,0.0,0.0,0.0,0.0,0.0,0.0,0.0,0.0,10.0,,tree cover
14253,121,0.974,1.0,0.0,0.0,0.0,0.0,0.0,0.0,0.0,0.0,0.0,10.0,,tree cover
823,121,0.974,0.6446,0.0,0.0,0.0,0.3554,0.0,0.0,0.0,0.0,0.0,10.0,,tree cover
934,121,0.974,1.0,0.0,0.0,0.0,0.0,0.0,0.0,0.0,0.0,0.0,10.0,,tree cover
1045,119,0.958,1.0,0.0,0.0,0.0,0.0,0.0,0.0,0.0,0.0,0.0,10.0,,tree cover
1156,120,0.966,0.9417,0.0,0.0,0.0,0.0583,0.0,0.0,0.0,0.0,0.0,10.0,,tree cover
1267,116,0.934,0.681,0.0,0.181,0.1379,0.0,0.0,0.0,0.0,0.0,0.0,10.0,,tree cover
1378,121,0.974,0.0413,0.0,0.0579,0.9008,0.0,0.0,0.0,0.0,0.0,0.0,40.0,,cropland
1489,121,0.974,0.0,0.0,0.1736,0.8264,0.0,0.0,0.0,0.0,0.0,0.0,40.0,,cropland
1600,121,0.974,0.0,0.0,0.0,1.0,0.0,0.0,0.0,0.0,0.0,0.0,40.0,,cropland
1711,121,0.974,0.4959,0.0,0.0496,0.4545,0.0,0.0,0.0,0.0,0.0,0.0,10.0,,tree cover
1822,121,0.974,0.405,0.0,0.0083,0.0331,0.0909,0.0,0.4628,0.0,0.0,0.0,80.0,ground_water,permanent water
2266,119,0.958,0.0168,0.0,0.0,0.0,0.9832,0.0,0.0,0.0,0.0,0.0,50.0,ground_built_up,built-up
2710,129,1.0,0.3178,0.0,0.2946,0.0,0.3876,0.0,0.0,0.0,0.0,0.0,50.0,,built-up
2821,124,0.998,0.3548,0.0,0.4839,0.0,0.1613,0.0,0.0,0.0,0.0,0.0,30.0,,grassland
2932,121,0.974,0.5537,0.0,0.2645,0.0,0.1818,0.0,0.0,0.0,0.0,0.0,10.0,,tree cover
3043,121,0.974,0.5455,0.0,0.0165,0.438,0.0,0.0,0.0,0.0,0.0,0.0,10.0,,tree cover
3154,121,0.974,0.3719,0.0,0.0,0.4876,0.1405,0.0,0.0,0.0,0.0,0.0,40.0,,cropland
3265,121,0.974,0.2975,0.0,0.4959,0.1157,0.0909,0.0,0.0,0.0,0.0,0.0,30.0,,grassland
3376,121,0.974,0.3636,0.0,0.4793,0.0,0.157,0.0,0.0,0.0,0.0,0.0,30.0,,grassland
3487,127,1.0,0.3937,0.0,0.3386,0.2677,0.0,0.0,0.0,0.0,0.0,0.0,10.0,,tree cover
3598,114,0.918,0.6754,0.0,0.0,0.3246,0.0,0.0,0.0,0.0,0.0,0.0,10.0,,tree cover
3709,113,0.91,0.7345,0.0,0.0,0.0088,0.2566,0.0,0.0,0.0,0.0,0.0,10.0,,tree cover
3820,121,0.974,0.9339,0.0,0.0,0.0,0.0661,0.0,0.0,0.0,0.0,0.0,10.0,,tree cover
3931,121,0.974,0.7273,0.0,0.0,0.0,0.2727,0.0,0.0,0.0,0.0,0.0,10.0,,tree cover
4042,121,0.974,0.9587,0.0,0.0,0.0,0.0413,0.0,0.0,0.0,0.0,0.0,10.0,,tree cover
4153,121,0.974,1.0,0.0,0.0,0.0,0.0,0.0,0.0,0.0,0.0,0.0,10.0,,tree cover
4264,125,1.0,1.0,0.0,0.0,0.0,0.0,0.0,0.0,0.0,0.0,0.0,10.0,,tree cover
4375,128,1.0,1.0,0.0,0.0,0.0,0.0,0.0,0.0,0.0,0.0,0.0,10.0,,tree cover
4597,121,0.974,1.0,0.0,0.0,0.0,0.0,0.0,0.0,0.0,0.0,0.0,10.0,,tree cover
4708,121,0.974,1.0,0.0,0.0,0.0,0.0,0.0,0.0,0.0,0.0,0.0,10.0,,tree cover
4819,112,0.902,1.0,0.0,0.0,0.0,0.0,0.0,0.0,0.0,0.0,0.0,10.0,,tree cover
4930,111,0.894,1.0,0.0,0.0,0.0,0.0,0.0,0.0,0.0,0.0,0.0,10.0,,tree cover
5041,123,0.99,1.0,0.0,0.0,0.0,0.0,0.0,0.0,0.0,0.0,0.0,10.0,,tree cover
5152,130,1.0,1.0,0.0,0.0,0.0,0.0,0.0,0.0,0.0,0.0,0.0,10.0,,tree cover
5263,121,0.974,0.9917,0.0,0.0083,0.0,0.0,0.0,0.0,0.0,0.0,0.0,10.0,,tree cover
5374,121,0.974,0.9835,0.0,0.0165,0.0,0.0,0.0,0.0,0.0,0.0,0.0,10.0,,tree cover
5485,121,0.974,1.0,0.0,0.0,0.0,0.0,0.0,0.0,0.0,0.0,0.0,10.0,,tree cover
5596,121,0.974,0.9835,0.0,0.0165,0.0,0.0,0.0,0.0,0.0,0.0,0.0,10.0,,tree cover
5707,121,0.974,1.0,0.0,0.0,0.0,0.0,0.0,0.0,0.0,0.0,0.0,10.0,,tree cover
5929,131,1.0,1.0,0.0,0.0,0.0,0.0,0.0,0.0,0.0,0.0,0.0,10.0,,tree cover
6040,114,0.918,0.9649,0.0,0.0351,0.0,0.0,0.0,0.0,0.0,0.0,0.0,10.0,,tree cover
6151,110,0.886,0.9364,0.0,0.0636,0.0,0.0,0.0,0.0,0.0,0.0,0.0,10.0,,tree cover
6262,119,0.958,1.0,0.0,0.0,0.0,0.0,0.0,0.0,0.0,0.0,0.0,10.0,,tree cover
6373,121,0.974,1.0,0.0,0.0,0.0,0.0,0.0,0.0,0.0,0.0,0.0,10.0,,tree cover
6484,121,0.974,1.0,0.0,0.0,0.0,0.0,0.0,0.0,0.0,0.0,0.0,10.0,,tree cover
6595,121,0.974,1.0,0.0,0.0,0.0,0.0,0.0,0.0,0.0,0.0,0.0,10.0,,tree cover
6706,132,1.0,1.0,0.0,0.0,0.0,0.0,0.0,0.0,0.0,0.0,0.0,10.0,,tree cover
6817,121,0.974,1.0,0.0,0.0,0.0,0.0,0.0,0.0,0.0,0.0,0.0,10.0,,tree cover
6928,121,0.974,1.0,0.0,0.0,0.0,0.0,0.0,0.0,0.0,0.0,0.0,10.0,,tree cover
7039,121,0.974,0.9669,0.0,0.0331,0.0,0.0,0.0,0.0,0.0,0.0,0.0,10.0,,tree cover
7150,121,0.974,0.8347,0.0,0.1653,0.0,0.0,0.0,0.0,0.0,0.0,0.0,10.0,,tree cover
7261,119,0.958,1.0,0.0,0.0,0.0,0.0,0.0,0.0,0.0,0.0,0.0,10.0,,tree cover
7372,110,0.886,1.0,0.0,0.0,0.0,0.0,0.0,0.0,0.0,0.0,0.0,10.0,,tree cover
7483,126,1.0,1.0,0.0,0.0,0.0,0.0,0.0,0.0,0.0,0.0,0.0,10.0,,tree cover
7594,121,0.974,1.0,0.0,0.0,0.0,0.0,0.0,0.0,0.0,0.0,0.0,10.0,,tree cover
7705,121,0.974,1.0,0.0,0.0,0.0,0.0,0.0,0.0,0.0,0.0,0.0,10.0,,tree cover
7816,121,0.974,1.0,0.0,0.0,0.0,0.0,0.0,0.0,0.0,0.0,0.0,10.0,,tree cover
7927,121,0.974,1.0,0.0,0.0,0.0,0.0,0.0,0.0,0.0,0.0,0.0,10.0,,tree cover
8038,121,0.974,1.0,0.0,0.0,0.0,0.0,0.0,0.0,0.0,0.0,0.0,10.0,,tree cover
8260,132,1.0,1.0,0.0,0.0,0.0,0.0,0.0,0.0,0.0,0.0,0.0,10.0,,tree cover
8371,121,0.974,0.9917,0.0,0.0083,0.0,0.0,0.0,0.0,0.0,0.0,0.0,10.0,,tree cover
8482,121,0.974,1.0,0.0,0.0,0.0,0.0,0.0,0.0,0.0,0.0,0.0,10.0,,tree cover
8593,111,0.894,1.0,0.0,0.0,0.0,0.0,0.0,0.0,0.0,0.0,0.0,10.0,,tree cover
8704,111,0.894,1.0,0.0,0.0,0.0,0.0,0.0,0.0,0.0,0.0,0.0,10.0,,tree cover
8815,121,0.974,1.0,0.0,0.0,0.0,0.0,0.0,0.0,0.0,0.0,0.0,10.0,,tree cover
8926,121,0.974,1.0,0.0,0.0,0.0,0.0,0.0,0.0,0.0,0.0,0.0,10.0,,tree cover
9037,132,1.0,1.0,0.0,0.0,0.0,0.0,0.0,0.0,0.0,0.0,0.0,10.0,,tree cover
9148,121,0.974,1.0,0.0,0.0,0.0,0.0,0.0,0.0,0.0,0.0,0.0,10.0,,tree cover
9259,121,0.974,1.0,0.0,0.0,0.0,0.0,0.0,0.0,0.0,0.0,0.0,10.0,,tree cover
9370,121,0.974,1.0,0.0,0.0,0.0,0.0,0.0,0.0,0.0,0.0,0.0,10.0,,tree cover
9481,121,0.974,1.0,0.0,0.0,0.0,0.0,0.0,0.0,0.0,0.0,0.0,10.0,,tree cover
9592,121,0.974,1.0,0.0,0.0,0.0,0.0,0.0,0.0,0.0,0.0,0.0,10.0,,tree cover
9703,121,0.974,1.0,0.0,0.0,0.0,0.0,0.0,0.0,0.0,0.0,0.0,10.0,,tree cover
9814,126,1.0,1.0,0.0,0.0,0.0,0.0,0.0,0.0,0.0,0.0,0.0,10.0,,tree cover
9925,111,0.894,1.0,0.0,0.0,0.0,0.0,0.0,0.0,0.0,0.0,0.0,10.0,,tree cover
10036,117,0.942,1.0,0.0,0.0,0.0,0.0,0.0,0.0,0.0,0.0,0.0,10.0,,tree cover
10147,121,0.974,1.0,0.0,0.0,0.0,0.0,0.0,0.0,0.0,0.0,0.0,10.0,,tree cover
10258,121,0.974,0.9587,0.0,0.0413,0.0,0.0,0.0,0.0,0.0,0.0,0.0,10.0,,tree cover
10369,121,0.974,1.0,0.0,0.0,0.0,0.0,0.0,0.0,0.0,0.0,0.0,10.0,,tree cover
10480,121,0.974,1.0,0.0,0.0,0.0,0.0,0.0,0.0,0.0,0.0,0.0,10.0,,tree cover
10591,129,1.0,1.0,0.0,0.0,0.0,0.0,0.0,0.0,0.0,0.0,0.0,10.0,,tree cover
10702,124,0.998,1.0,0.0,0.0,0.0,0.0,0.0,0.0,0.0,0.0,0.0,10.0,,tree cover
10813,121,0.974,1.0,0.0,0.0,0.0,0.0,0.0,0.0,0.0,0.0,0.0,10.0,,tree cover
10924,121,0.974,1.0,0.0,0.0,0.0,0.0,0.0,0.0,0.0,0.0,0.0,10.0,,tree cover
11035,121,0.974,1.0,0.0,0.0,0.0,0.0,0.0,0.0,0.0,0.0,0.0,10.0,,tree cover
11146,111,0.894,1.0,0.0,0.0,0.0,0.0,0.0,0.0,0.0,0.0,0.0,10.0,,tree cover
11257,111,0.894,1.0,0.0,0.0,0.0,0.0,0.0,0.0,0.0,0.0,0.0,10.0,,tree cover
11368,128,1.0,0.9609,0.0,0.0,0.0,0.0,0.0,0.0391,0.0,0.0,0.0,10.0,,tree cover
11479,125,1.0,0.536,0.0,0.0,0.0,0.0,0.0,0.464,0.0,0.0,0.0,10.0,ground_water,tree cover
11590,121,0.974,0.5041,0.0,0.0,0.0,0.0,0.0,0.4959,0.0,0.0,0.0,10.0,ground_water,tree cover
11701,121,0.974,0.9835,0.0,0.0,0.0,0.0,0.0,0.0165,0.0,0.0,0.0,10.0,,tree cover
11812,121,0.974,1.0,0.0,0.0,0.0,0.0,0.0,0.0,0.0,0.0,0.0,10.0,,tree cover
11923,121,0.974,1.0,0.0,0.0,0.0,0.0,0.0,0.0,0.0,0.0,0.0,10.0,,tree cover
12034,121,0.974,1.0,0.0,0.0,0.0,0.0,0.0,0.0,0.0,0.0,0.0,10.0,,tree cover
12145,127,1.0,1.0,0.0,0.0,0.0,0.0,0.0,0.0,0.0,0.0,0.0,10.0,,tree cover
12367,118,0.95,1.0,0.0,0.0,0.0,0.0,0.0,0.0,0.0,0.0,0.0,10.0,,tree cover
12478,110,0.886,1.0,0.0,0.0,0.0,0.0,0.0,0.0,0.0,0.0,0.0,10.0,,tree cover
12589,115,0.926,1.0,0.0,0.0,0.0,0.0,0.0,0.0,0.0,0.0,0.0,10.0,,tree cover
12700,121,0.974,1.0,0.0,0.0,0.0,0.0,0.0,0.0,0.0,0.0,0.0,10.0,,tree cover
12811,121,0.974,1.0,0.0,0.0,0.0,0.0,0.0,0.0,0.0,0.0,0.0,10.0,,tree cover
12922,125,1.0,1.0,0.0,0.0,0.0,0.0,0.0,0.0,0.0,0.0,0.0,10.0,,tree cover
13033,128,1.0,1.0,0.0,0.0,0.0,0.0,0.0,0.0,0.0,0.0,0.0,10.0,,tree cover
13144,121,0.974,1.0,0.0,0.0,0.0,0.0,0.0,0.0,0.0,0.0,0.0,10.0,,tree cover
13255,121,0.974,1.0,0.0,0.0,0.0,0.0,0.0,0.0,0.0,0.0,0.0,10.0,,tree cover
13366,121,0.974,1.0,0.0,0.0,0.0,0.0,0.0,0.0,0.0,0.0,0.0,10.0,,tree cover
13477,121,0.974,1.0,0.0,0.0,0.0,0.0,0.0,0.0,0.0,0.0,0.0,10.0,,tree cover
13588,121,0.974,1.0,0.0,0.0,0.0,0.0,0.0,0.0,0.0,0.0,0.0,10.0,,tree cover
13699,116,0.934,1.0,0.0,0.0,0.0,0.0,0.0,0.0,0.0,0.0,0.0,10.0,,tree cover
13810,118,0.95,0.9153,0.0,0.0847,0.0,0.0,0.0,0.0,0.0,0.0,0.0,10.0,,tree cover
13921,119,0.958,1.0,0.0,0.0,0.0,0.0,0.0,0.0,0.0,0.0,0.0,10.0,,tree cover
14032,121,0.974,0.9504,0.0,0.0496,0.0,0.0,0.0,0.0,0.0,0.0,0.0,10.0,,tree cover
14143,121,0.974,0.9174,0.0,0.0826,0.0,0.0,0.0,0.0,0.0,0.0,0.0,10.0,,tree cover
14254,121,0.974,1.0,0.0,0.0,0.0,0.0,0.0,0.0,0.0,0.0,0.0,10.0,,tree cover
824,121,0.974,0.8017,0.0,0.0,0.0,0.1983,0.0,0.0,0.0,0.0,0.0,10.0,,tree cover
935,111,0.894,1.0,0.0,0.0,0.0,0.0,0.0,0.0,0.0,0.0,0.0,10.0,,tree cover
1046,118,0.95,1.0,0.0,0.0,0.0,0.0,0.0,0.0,0.0,0.0,0.0,10.0,,tree cover
1157,126,1.0,0.4365,0.0,0.5397,0.0238,0.0,0.0,0.0,0.0,0.0,0.0,30.0,,grassland
1379,121,0.974,0.0496,0.0,0.9174,0.0331,0.0,0.0,0.0,0.0,0.0,0.0,30.0,,grassland
1490,121,0.974,0.0083,0.0,0.3719,0.6198,0.0,0.0,0.0,0.0,0.0,0.0,40.0,,cropland
1601,121,0.974,0.0,0.0,0.4876,0.5124,0.0,0.0,0.0,0.0,0.0,0.0,40.0,,cropland
1712,121,0.974,0.5207,0.0,0.0083,0.1653,0.0083,0.0331,0.2645,0.0,0.0,0.0,10.0,,tree cover
1823,125,1.0,0.528,0.0,0.0,0.0,0.32,0.0,0.152,0.0,0.0,0.0,10.0,,tree cover
1934,128,1.0,0.4844,0.0,0.0,0.0,0.5156,0.0,0.0,0.0,0.0,0.0,50.0,ground_built_up,built-up
2045,121,0.974,0.3388,0.0,0.0,0.0,0.6612,0.0,0.0,0.0,0.0,0.0,50.0,ground_built_up,built-up
2267,112,0.902,0.0804,0.0,0.0,0.0,0.9196,0.0,0.0,0.0,0.0,0.0,50.0,ground_built_up,built-up
2378,121,0.974,0.0496,0.0,0.0,0.0,0.9504,0.0,0.0,0.0,0.0,0.0,50.0,ground_built_up,built-up
2489,121,0.974,0.0579,0.0,0.0,0.0,0.9421,0.0,0.0,0.0,0.0,0.0,50.0,ground_built_up,built-up
2600,123,0.99,0.1707,0.0,0.0325,0.0,0.7967,0.0,0.0,0.0,0.0,0.0,50.0,ground_built_up,built-up
2711,130,1.0,0.3923,0.0,0.0077,0.0,0.6,0.0,0.0,0.0,0.0,0.0,50.0,ground_built_up,built-up
2933,121,0.974,0.5537,0.0,0.2562,0.1901,0.0,0.0,0.0,0.0,0.0,0.0,10.0,,tree cover
3044,121,0.974,0.0661,0.0,0.2893,0.6446,0.0,0.0,0.0,0.0,0.0,0.0,40.0,,cropland
3155,121,0.974,0.0,0.0,0.0744,0.9256,0.0,0.0,0.0,0.0,0.0,0.0,40.0,,cropland
3266,121,0.974,0.0083,0.0,0.1653,0.8264,0.0,0.0,0.0,0.0,0.0,0.0,40.0,,cropland
3377,113,0.91,0.0708,0.0,0.9027,0.0265,0.0,0.0,0.0,0.0,0.0,0.0,30.0,,grassland
3488,121,0.974,0.6942,0.0,0.2975,0.0083,0.0,0.0,0.0,0.0,0.0,0.0,10.0,,tree cover
3599,121,0.974,0.7521,0.0,0.0,0.2479,0.0,0.0,0.0,0.0,0.0,0.0,10.0,,tree cover
3710,121,0.974,0.9835,0.0,0.0,0.0,0.0165,0.0,0.0,0.0,0.0,0.0,10.0,,tree cover
3821,121,0.974,0.843,0.0,0.0083,0.1488,0.0,0.0,0.0,0.0,0.0,0.0,10.0,,tree cover
3932,121,0.974,0.6529,0.0,0.3471,0.0,0.0,0.0,0.0,0.0,0.0,0.0,10.0,,tree cover
4043,121,0.974,0.7769,0.0,0.2231,0.0,0.0,0.0,0.0,0.0,0.0,0.0,10.0,,tree cover
4154,121,0.974,0.8347,0.0,0.0,0.0,0.1653,0.0,0.0,0.0,0.0,0.0,10.0,,tree cover
4487,121,0.974,0.9256,0.0,0.0,0.0,0.0744,0.0,0.0,0.0,0.0,0.0,10.0,,tree cover
4709,110,0.886,1.0,0.0,0.0,0.0,0.0,0.0,0.0,0.0,0.0,0.0,10.0,,tree cover
4820,119,0.958,1.0,0.0,0.0,0.0,0.0,0.0,0.0,0.0,0.0,0.0,10.0,,tree cover
4931,121,0.974,1.0,0.0,0.0,0.0,0.0,0.0,0.0,0.0,0.0,0.0,10.0,,tree cover
5042,132,1.0,1.0,0.0,0.0,0.0,0.0,0.0,0.0,0.0,0.0,0.0,10.0,,tree cover
5153,121,0.974,1.0,0.0,0.0,0.0,0.0,0.0,0.0,0.0,0.0,0.0,10.0,,tree cover
5264,121,0.974,0.6777,0.0,0.3223,0.0,0.0,0.0,0.0,0.0,0.0,0.0,10.0,,tree cover
5375,121,0.974,0.5537,0.0,0.4463,0.0,0.0,0.0,0.0,0.0,0.0,0.0,10.0,,tree cover
5486,121,0.974,0.4132,0.0,0.5868,0.0,0.0,0.0,0.0,0.0,0.0,0.0,30.0,,grassland
5597,121,0.974,0.7686,0.0,0.2314,0.0,0.0,0.0,0.0,0.0,0.0,0.0,10.0,,tree cover
5708,121,0.974,0.9421,0.0,0.0579,0.0,0.0,0.0,0.0,0.0,0.0,0.0,10.0,,tree cover
5819,128,1.0,0.9922,0.0,0.0078,0.0,0.0,0.0,0.0,0.0,0.0,0.0,10.0,,tree cover
5930,110,0.886,1.0,0.0,0.0,0.0,0.0,0.0,0.0,0.0,0.0,0.0,10.0,,tree cover
6041,117,0.942,0.9915,0.0,0.0085,0.0,0.0,0.0,0.0,0.0,0.0,0.0,10.0,,tree cover
6152,121,0.974,0.9917,0.0,0.0083,0.0,0.0,0.0,0.0,0.0,0.0,0.0,10.0,,tree cover
6263,121,0.974,0.9008,0.0,0.0992,0.0,0.0,0.0,0.0,0.0,0.0,0.0,10.0,,tree cover
6374,121,0.974,1.0,0.0,0.0,0.0,0.0,0.0,0.0,0.0,0.0,0.0,10.0,,tree cover
6485,121,0.974,1.0,0.0,0.0,0.0,0.0,0.0,0.0,0.0,0.0,0.0,10.0,,tree cover
6596,131,1.0,1.0,0.0,0.0,0.0,0.0,0.0,0.0,0.0,0.0,0.0,10.0,,tree cover
6707,122,0.982,1.0,0.0,0.0,0.0,0.0,0.0,0.0,0.0,0.0,0.0,10.0,,tree cover
6818,121,0.974,0.9091,0.0,0.0909,0.0,0.0,0.0,0.0,0.0,0.0,0.0,10.0,,tree cover
6929,121,0.974,0.9752,0.0,0.0248,0.0,0.0,0.0,0.0,0.0,0.0,0.0,10.0,,tree cover
7040,121,0.974,0.7107,0.0,0.2893,0.0,0.0,0.0,0.0,0.0,0.0,0.0,10.0,,tree cover
7151,110,0.886,0.8727,0.0,0.1273,0.0,0.0,0.0,0.0,0.0,0.0,0.0,10.0,,tree cover
7262,112,0.902,1.0,0.0,0.0,0.0,0.0,0.0,0.0,0.0,0.0,0.0,10.0,,tree cover
7373,129,1.0,1.0,0.0,0.0,0.0,0.0,0.0,0.0,0.0,0.0,0.0,10.0,,tree cover
7484,124,0.998,1.0,0.0,0.0,0.0,0.0,0.0,0.0,0.0,0.0,0.0,10.0,,tree cover
7595,121,0.974,1.0,0.0,0.0,0.0,0.0,0.0,0.0,0.0,0.0,0.0,10.0,,tree cover
7706,121,0.974,1.0,0.0,0.0,0.0,0.0,0.0,0.0,0.0,0.0,0.0,10.0,,tree cover
7817,121,0.974,1.0,0.0,0.0,0.0,0.0,0.0,0.0,0.0,0.0,0.0,10.0,,tree cover
7928,121,0.974,1.0,0.0,0.0,0.0,0.0,0.0,0.0,0.0,0.0,0.0,10.0,,tree cover
8039,121,0.974,1.0,0.0,0.0,0.0,0.0,0.0,0.0,0.0,0.0,0.0,10.0,,tree cover
8150,128,1.0,1.0,0.0,0.0,0.0,0.0,0.0,0.0,0.0,0.0,0.0,10.0,,tree cover
8261,125,1.0,0.992,0.0,0.008,0.0,0.0,0.0,0.0,0.0,0.0,0.0,10.0,,tree cover
8372,114,0.918,1.0,0.0,0.0,0.0,0.0,0.0,0.0,0.0,0.0,0.0,10.0,,tree cover
8483,110,0.886,1.0,0.0,0.0,0.0,0.0,0.0,0.0,0.0,0.0,0.0,10.0,,tree cover
8594,120,0.966,1.0,0.0,0.0,0.0,0.0,0.0,0.0,0.0,0.0,0.0,10.0,,tree cover
8705,121,0.974,1.0,0.0,0.0,0.0,0.0,0.0,0.0,0.0,0.0,0.0,10.0,,tree cover
8816,121,0.974,1.0,0.0,0.0,0.0,0.0,0.0,0.0,0.0,0.0,0.0,10.0,,tree cover
8927,126,1.0,1.0,0.0,0.0,0.0,0.0,0.0,0.0,0.0,0.0,0.0,10.0,,tree cover
9038,127,1.0,1.0,0.0,0.0,0.0,0.0,0.0,0.0,0.0,0.0,0.0,10.0,,tree cover
9149,121,0.974,1.0,0.0,0.0,0.0,0.0,0.0,0.0,0.0,0.0,0.0,10.0,,tree cover
9260,121,0.974,1.0,0.0,0.0,0.0,0.0,0.0,0.0,0.0,0.0,0.0,10.0,,tree cover
9371,121,0.974,1.0,0.0,0.0,0.0,0.0,0.0,0.0,0.0,0.0,0.0,10.0,,tree cover
9482,121,0.974,1.0,0.0,0.0,0.0,0.0,0.0,0.0,0.0,0.0,0.0,10.0,,tree cover
9593,119,0.958,1.0,0.0,0.0,0.0,0.0,0.0,0.0,0.0,0.0,0.0,10.0,,tree cover
9704,113,0.91,1.0,0.0,0.0,0.0,0.0,0.0,0.0,0.0,0.0,0.0,10.0,,tree cover
9815,122,0.982,1.0,0.0,0.0,0.0,0.0,0.0,0.0,0.0,0.0,0.0,10.0,,tree cover
9926,121,0.974,1.0,0.0,0.0,0.0,0.0,0.0,0.0,0.0,0.0,0.0,10.0,,tree cover
10037,121,0.974,1.0,0.0,0.0,0.0,0.0,0.0,0.0,0.0,0.0,0.0,10.0,,tree cover
10148,121,0.974,1.0,0.0,0.0,0.0,0.0,0.0,0.0,0.0,0.0,0.0,10.0,,tree cover
10259,121,0.974,1.0,0.0,0.0,0.0,0.0,0.0,0.0,0.0,0.0,0.0,10.0,,tree cover
10370,121,0.974,1.0,0.0,0.0,0.0,0.0,0.0,0.0,0.0,0.0,0.0,10.0,,tree cover
10481,123,0.99,1.0,0.0,0.0,0.0,0.0,0.0,0.0,0.0,0.0,0.0,10.0,,tree cover
10592,130,1.0,0.9769,0.0,0.0231,0.0,0.0,0.0,0.0,0.0,0.0,0.0,10.0,,tree cover
10703,121,0.974,1.0,0.0,0.0,0.0,0.0,0.0,0.0,0.0,0.0,0.0,10.0,,tree cover
10814,121,0.974,1.0,0.0,0.0,0.0,0.0,0.0,0.0,0.0,0.0,0.0,10.0,,tree cover
10925,114,0.918,1.0,0.0,0.0,0.0,0.0,0.0,0.0,0.0,0.0,0.0,10.0,,tree cover
11036,110,0.886,1.0,0.0,0.0,0.0,0.0,0.0,0.0,0.0,0.0,0.0,10.0,,tree cover
11147,120,0.966,1.0,0.0,0.0,0.0,0.0,0.0,0.0,0.0,0.0,0.0,10.0,,tree cover
11258,121,0.974,1.0,0.0,0.0,0.0,0.0,0.0,0.0,0.0,0.0,0.0,10.0,,tree cover
11369,132,1.0,1.0,0.0,0.0,0.0,0.0,0.0,0.0,0.0,0.0,0.0,10.0,,tree cover
11480,121,0.974,1.0,0.0,0.0,0.0,0.0,0.0,0.0,0.0,0.0,0.0,10.0,,tree cover
11591,121,0.974,0.9339,0.0,0.0,0.0,0.0,0.0,0.0661,0.0,0.0,0.0,10.0,,tree cover
11813,121,0.974,0.9091,0.0,0.0,0.0,0.0,0.0,0.0909,0.0,0.0,0.0,10.0,,tree cover
11924,121,0.974,1.0,0.0,0.0,0.0,0.0,0.0,0.0,0.0,0.0,0.0,10.0,,tree cover
12035,121,0.974,1.0,0.0,0.0,0.0,0.0,0.0,0.0,0.0,0.0,0.0,10.0,,tree cover
12146,131,1.0,1.0,0.0,0.0,0.0,0.0,0.0,0.0,0.0,0.0,0.0,10.0,,tree cover
12257,110,0.886,0.9909,0.0,0.0091,0.0,0.0,0.0,0.0,0.0,0.0,0.0,10.0,,tree cover
12368,113,0.91,1.0,0.0,0.0,0.0,0.0,0.0,0.0,0.0,0.0,0.0,10.0,,tree cover
12479,121,0.974,1.0,0.0,0.0,0.0,0.0,0.0,0.0,0.0,0.0,0.0,10.0,,tree cover
12590,121,0.974,1.0,0.0,0.0,0.0,0.0,0.0,0.0,0.0,0.0,0.0,10.0,,tree cover
12701,121,0.974,1.0,0.0,0.0,0.0,0.0,0.0,0.0,0.0,0.0,0.0,10.0,,tree cover
12812,121,0.974,1.0,0.0,0.0,0.0,0.0,0.0,0.0,0.0,0.0,0.0,10.0,,tree cover
12923,132,1.0,0.9621,0.0,0.0,0.0379,0.0,0.0,0.0,0.0,0.0,0.0,10.0,,tree cover
13034,121,0.974,1.0,0.0,0.0,0.0,0.0,0.0,0.0,0.0,0.0,0.0,10.0,,tree cover
13145,121,0.974,1.0,0.0,0.0,0.0,0.0,0.0,0.0,0.0,0.0,0.0,10.0,,tree cover
13256,121,0.974,1.0,0.0,0.0,0.0,0.0,0.0,0.0,0.0,0.0,0.0,10.0,,tree cover
13367,121,0.974,1.0,0.0,0.0,0.0,0.0,0.0,0.0,0.0,0.0,0.0,10.0,,tree cover
13478,116,0.934,1.0,0.0,0.0,0.0,0.0,0.0,0.0,0.0,0.0,0.0,10.0,,tree cover
13589,110,0.886,1.0,0.0,0.0,0.0,0.0,0.0,0.0,0.0,0.0,0.0,10.0,,tree cover
13700,128,1.0,1.0,0.0,0.0,0.0,0.0,0.0,0.0,0.0,0.0,0.0,10.0,,tree cover
13811,121,0.974,1.0,0.0,0.0,0.0,0.0,0.0,0.0,0.0,0.0,0.0,10.0,,tree cover
13922,121,0.974,1.0,0.0,0.0,0.0,0.0,0.0,0.0,0.0,0.0,0.0,10.0,,tree cover
14033,121,0.974,1.0,0.0,0.0,0.0,0.0,0.0,0.0,0.0,0.0,0.0,10.0,,tree cover
14144,121,0.974,1.0,0.0,0.0,0.0,0.0,0.0,0.0,0.0,0.0,0.0,10.0,,tree cover
14255,121,0.974,1.0,0.0,0.0,0.0,0.0,0.0,0.0,0.0,0.0,0.0,10.0,,tree cover
825,110,0.886,1.0,0.0,0.0,0.0,0.0,0.0,0.0,0.0,0.0,0.0,10.0,,tree cover
936,120,0.966,0.9333,0.0,0.0,0.05,0.0167,0.0,0.0,0.0,0.0,0.0,10.0,,tree cover
1047,132,1.0,0.7879,0.0,0.0606,0.1364,0.0,0.0152,0.0,0.0,0.0,0.0,10.0,,tree cover
1158,121,0.974,0.6777,0.0,0.0992,0.2231,0.0,0.0,0.0,0.0,0.0,0.0,10.0,,tree cover
1380,121,0.974,0.2645,0.0,0.0413,0.6942,0.0,0.0,0.0,0.0,0.0,0.0,40.0,,cropland
1491,121,0.974,0.1818,0.0,0.8017,0.0,0.0,0.0,0.0165,0.0,0.0,0.0,30.0,,grassland
1602,121,0.974,0.2397,0.0,0.5785,0.0,0.0083,0.0165,0.157,0.0,0.0,0.0,30.0,,grassland
1824,132,1.0,0.2955,0.0,0.0,0.0,0.7045,0.0,0.0,0.0,0.0,0.0,50.0,ground_built_up,built-up
1935,114,0.918,0.1053,0.0,0.0,0.0,0.8947,0.0,0.0,0.0,0.0,0.0,50.0,ground_built_up,built-up
2046,110,0.886,0.0182,0.0,0.0,0.0,0.9818,0.0,0.0,0.0,0.0,0.0,50.0,ground_built_up,built-up
2268,121,0.974,0.7686,0.0,0.0661,0.0,0.1653,0.0,0.0,0.0,0.0,0.0,10.0,,tree cover
2379,121,0.974,0.0826,0.0,0.2066,0.0,0.7107,0.0,0.0,0.0,0.0,0.0,50.0,ground_built_up,built-up
2490,121,0.974,0.1405,0.0,0.0992,0.0,0.7603,0.0,0.0,0.0,0.0,0.0,50.0,ground_built_up,built-up
2712,121,0.974,0.4711,0.0,0.3223,0.0,0.2066,0.0,0.0,0.0,0.0,0.0,10.0,,tree cover
2823,121,0.974,0.5455,0.0,0.438,0.0165,0.0,0.0,0.0,0.0,0.0,0.0,10.0,,tree cover
2934,121,0.974,0.3554,0.0,0.3554,0.2893,0.0,0.0,0.0,0.0,0.0,0.0,10.0,,tree cover
3045,121,0.974,0.3554,0.0,0.1736,0.4711,0.0,0.0,0.0,0.0,0.0,0.0,40.0,,cropland
3156,116,0.934,0.3966,0.0,0.069,0.5345,0.0,0.0,0.0,0.0,0.0,0.0,40.0,,cropland
3267,110,0.886,0.0,0.0,0.0455,0.9545,0.0,0.0,0.0,0.0,0.0,0.0,40.0,,cropland
3378,129,1.0,0.2791,0.0,0.093,0.6279,0.0,0.0,0.0,0.0,0.0,0.0,40.0,,cropland
3489,121,0.974,0.2645,0.0,0.4463,0.2893,0.0,0.0,0.0,0.0,0.0,0.0,30.0,,grassland
3711,121,0.974,1.0,0.0,0.0,0.0,0.0,0.0,0.0,0.0,0.0,0.0,10.0,,tree cover
3822,121,0.974,0.9917,0.0,0.0083,0.0,0.0,0.0,0.0,0.0,0.0,0.0,10.0,,tree cover
4044,121,0.974,0.9669,0.0,0.0331,0.0,0.0,0.0,0.0,0.0,0.0,0.0,10.0,,tree cover
4155,131,1.0,0.8397,0.0,0.0,0.0,0.1603,0.0,0.0,0.0,0.0,0.0,10.0,,tree cover
4266,122,0.982,0.7295,0.0,0.0,0.0,0.2705,0.0,0.0,0.0,0.0,0.0,10.0,,tree cover
4377,117,0.942,1.0,0.0,0.0,0.0,0.0,0.0,0.0,0.0,0.0,0.0,10.0,,tree cover
4488,110,0.886,0.8909,0.0,0.0,0.0,0.1091,0.0,0.0,0.0,0.0,0.0,10.0,,tree cover
4599,116,0.934,1.0,0.0,0.0,0.0,0.0,0.0,0.0,0.0,0.0,0.0,10.0,,tree cover
4710,121,0.974,1.0,0.0,0.0,0.0,0.0,0.0,0.0,0.0,0.0,0.0,10.0,,tree cover
4821,121,0.974,1.0,0.0,0.0,0.0,0.0,0.0,0.0,0.0,0.0,0.0,10.0,,tree cover
4932,129,1.0,1.0,0.0,0.0,0.0,0.0,0.0,0.0,0.0,0.0,0.0,10.0,,tree cover
5043,124,0.998,1.0,0.0,0.0,0.0,0.0,0.0,0.0,0.0,0.0,0.0,10.0,,tree cover
5154,121,0.974,0.9669,0.0,0.0331,0.0,0.0,0.0,0.0,0.0,0.0,0.0,10.0,,tree cover
5265,121,0.974,0.7769,0.0,0.2231,0.0,0.0,0.0,0.0,0.0,0.0,0.0,10.0,,tree cover
5376,121,0.974,0.3719,0.0,0.6281,0.0,0.0,0.0,0.0,0.0,0.0,0.0,30.0,,grassland
5487,121,0.974,0.3306,0.0,0.6694,0.0,0.0,0.0,0.0,0.0,0.0,0.0,30.0,,grassland
5598,120,0.966,0.0,0.0,1.0,0.0,0.0,0.0,0.0,0.0,0.0,0.0,30.0,,grassland
5709,115,0.926,0.687,0.0,0.313,0.0,0.0,0.0,0.0,0.0,0.0,0.0,10.0,,tree cover
5820,119,0.958,0.7563,0.0,0.2185,0.0,0.0252,0.0,0.0,0.0,0.0,0.0,10.0,,tree cover
5931,121,0.974,1.0,0.0,0.0,0.0,0.0,0.0,0.0,0.0,0.0,0.0,10.0,,tree cover
6042,121,0.974,1.0,0.0,0.0,0.0,0.0,0.0,0.0,0.0,0.0,0.0,10.0,,tree cover
6153,121,0.974,1.0,0.0,0.0,0.0,0.0,0.0,0.0,0.0,0.0,0.0,10.0,,tree cover
6264,121,0.974,0.9504,0.0,0.0496,0.0,0.0,0.0,0.0,0.0,0.0,0.0,10.0,,tree cover
6375,121,0.974,0.9587,0.0,0.0413,0.0,0.0,0.0,0.0,0.0,0.0,0.0,10.0,,tree cover
6486,125,1.0,1.0,0.0,0.0,0.0,0.0,0.0,0.0,0.0,0.0,0.0,10.0,,tree cover
6597,128,1.0,1.0,0.0,0.0,0.0,0.0,0.0,0.0,0.0,0.0,0.0,10.0,,tree cover
6708,121,0.974,1.0,0.0,0.0,0.0,0.0,0.0,0.0,0.0,0.0,0.0,10.0,,tree cover
6819,121,0.974,0.9752,0.0,0.0248,0.0,0.0,0.0,0.0,0.0,0.0,0.0,10.0,,tree cover
6930,112,0.902,0.9911,0.0,0.0089,0.0,0.0,0.0,0.0,0.0,0.0,0.0,10.0,,tree cover
7041,110,0.886,1.0,0.0,0.0,0.0,0.0,0.0,0.0,0.0,0.0,0.0,10.0,,tree cover
7152,121,0.974,1.0,0.0,0.0,0.0,0.0,0.0,0.0,0.0,0.0,0.0,10.0,,tree cover
7263,123,0.99,1.0,0.0,0.0,0.0,0.0,0.0,0.0,0.0,0.0,0.0,10.0,,tree cover
7374,130,1.0,1.0,0.0,0.0,0.0,0.0,0.0,0.0,0.0,0.0,0.0,10.0,,tree cover
7485,121,0.974,1.0,0.0,0.0,0.0,0.0,0.0,0.0,0.0,0.0,0.0,10.0,,tree cover
7596,121,0.974,1.0,0.0,0.0,0.0,0.0,0.0,0.0,0.0,0.0,0.0,10.0,,tree cover
7707,121,0.974,1.0,0.0,0.0,0.0,0.0,0.0,0.0,0.0,0.0,0.0,10.0,,tree cover
7818,121,0.974,1.0,0.0,0.0,0.0,0.0,0.0,0.0,0.0,0.0,0.0,10.0,,tree cover
8040,122,0.982,1.0,0.0,0.0,0.0,0.0,0.0,0.0,0.0,0.0,0.0,10.0,,tree cover
8262,110,0.886,0.9909,0.0,0.0091,0.0,0.0,0.0,0.0,0.0,0.0,0.0,10.0,,tree cover
8373,117,0.942,1.0,0.0,0.0,0.0,0.0,0.0,0.0,0.0,0.0,0.0,10.0,,tree cover
8484,121,0.974,1.0,0.0,0.0,0.0,0.0,0.0,0.0,0.0,0.0,0.0,10.0,,tree cover
8595,121,0.974,1.0,0.0,0.0,0.0,0.0,0.0,0.0,0.0,0.0,0.0,10.0,,tree cover
8706,121,0.974,0.9669,0.0,0.0331,0.0,0.0,0.0,0.0,0.0,0.0,0.0,10.0,,tree cover
8817,121,0.974,0.9504,0.0,0.0496,0.0,0.0,0.0,0.0,0.0,0.0,0.0,10.0,,tree cover
9039,121,0.974,1.0,0.0,0.0,0.0,0.0,0.0,0.0,0.0,0.0,0.0,10.0,,tree cover
9150,121,0.974,1.0,0.0,0.0,0.0,0.0,0.0,0.0,0.0,0.0,0.0,10.0,,tree cover
9261,121,0.974,1.0,0.0,0.0,0.0,0.0,0.0,0.0,0.0,0.0,0.0,10.0,,tree cover
9372,121,0.974,1.0,0.0,0.0,0.0,0.0,0.0,0.0,0.0,0.0,0.0,10.0,,tree cover
9483,110,0.886,1.0,0.0,0.0,0.0,0.0,0.0,0.0,0.0,0.0,0.0,10.0,,tree cover
9594,112,0.902,1.0,0.0,0.0,0.0,0.0,0.0,0.0,0.0,0.0,0.0,10.0,,tree cover
9705,132,1.0,1.0,0.0,0.0,0.0,0.0,0.0,0.0,0.0,0.0,0.0,10.0,,tree cover
9816,121,0.974,1.0,0.0,0.0,0.0,0.0,0.0,0.0,0.0,0.0,0.0,10.0,,tree cover
9927,121,0.974,1.0,0.0,0.0,0.0,0.0,0.0,0.0,0.0,0.0,0.0,10.0,,tree cover
10038,121,0.974,0.8512,0.0,0.1488,0.0,0.0,0.0,0.0,0.0,0.0,0.0,10.0,,tree cover
10149,121,0.974,1.0,0.0,0.0,0.0,0.0,0.0,0.0,0.0,0.0,0.0,10.0,,tree cover
10260,121,0.974,1.0,0.0,0.0,0.0,0.0,0.0,0.0,0.0,0.0,0.0,10.0,,tree cover
10371,121,0.974,1.0,0.0,0.0,0.0,0.0,0.0,0.0,0.0,0.0,0.0,10.0,,tree cover
10482,132,1.0,1.0,0.0,0.0,0.0,0.0,0.0,0.0,0.0,0.0,0.0,10.0,,tree cover
10593,121,0.974,1.0,0.0,0.0,0.0,0.0,0.0,0.0,0.0,0.0,0.0,10.0,,tree cover
10704,116,0.934,1.0,0.0,0.0,0.0,0.0,0.0,0.0,0.0,0.0,0.0,10.0,,tree cover
10815,110,0.886,1.0,0.0,0.0,0.0,0.0,0.0,0.0,0.0,0.0,0.0,10.0,,tree cover
10926,117,0.942,1.0,0.0,0.0,0.0,0.0,0.0,0.0,0.0,0.0,0.0,10.0,,tree cover
11037,121,0.974,1.0,0.0,0.0,0.0,0.0,0.0,0.0,0.0,0.0,0.0,10.0,,tree cover
11148,121,0.974,1.0,0.0,0.0,0.0,0.0,0.0,0.0,0.0,0.0,0.0,10.0,,tree cover
11259,132,1.0,1.0,0.0,0.0,0.0,0.0,0.0,0.0,0.0,0.0,0.0,10.0,,tree cover
11370,121,0.974,1.0,0.0,0.0,0.0,0.0,0.0,0.0,0.0,0.0,0.0,10.0,,tree cover
11481,121,0.974,1.0,0.0,0.0,0.0,0.0,0.0,0.0,0.0,0.0,0.0,10.0,,tree cover
11592,121,0.974,1.0,0.0,0.0,0.0,0.0,0.0,0.0,0.0,0.0,0.0,10.0,,tree cover
11703,121,0.974,1.0,0.0,0.0,0.0,0.0,0.0,0.0,0.0,0.0,0.0,10.0,,tree cover
11814,121,0.974,0.8595,0.0,0.0165,0.0,0.0,0.0,0.124,0.0,0.0,0.0,10.0,,tree cover
12036,120,0.966,0.9833,0.0,0.0167,0.0,0.0,0.0,0.0,0.0,0.0,0.0,10.0,,tree cover
12147,112,0.902,1.0,0.0,0.0,0.0,0.0,0.0,0.0,0.0,0.0,0.0,10.0,,tree cover
12258,121,0.974,1.0,0.0,0.0,0.0,0.0,0.0,0.0,0.0,0.0,0.0,10.0,,tree cover
12369,121,0.974,1.0,0.0,0.0,0.0,0.0,0.0,0.0,0.0,0.0,0.0,10.0,,tree cover
12480,121,0.974,1.0,0.0,0.0,0.0,0.0,0.0,0.0,0.0,0.0,0.0,10.0,,tree cover
12591,121,0.974,1.0,0.0,0.0,0.0,0.0,0.0,0.0,0.0,0.0,0.0,10.0,,tree cover
12702,121,0.974,1.0,0.0,0.0,0.0,0.0,0.0,0.0,0.0,0.0,0.0,10.0,,tree cover
12813,129,1.0,1.0,0.0,0.0,0.0,0.0,0.0,0.0,0.0,0.0,0.0,10.0,,tree cover
12924,124,0.998,0.9677,0.0,0.0,0.0323,0.0,0.0,0.0,0.0,0.0,0.0,10.0,,tree cover
13035,121,0.974,1.0,0.0,0.0,0.0,0.0,0.0,0.0,0.0,0.0,0.0,10.0,,tree cover
13146,121,0.974,1.0,0.0,0.0,0.0,0.0,0.0,0.0,0.0,0.0,0.0,10.0,,tree cover
13257,118,0.95,1.0,0.0,0.0,0.0,0.0,0.0,0.0,0.0,0.0,0.0,10.0,,tree cover
13368,110,0.886,1.0,0.0,0.0,0.0,0.0,0.0,0.0,0.0,0.0,0.0,10.0,,tree cover
13479,115,0.926,1.0,0.0,0.0,0.0,0.0,0.0,0.0,0.0,0.0,0.0,10.0,,tree cover
13590,128,1.0,1.0,0.0,0.0,0.0,0.0,0.0,0.0,0.0,0.0,0.0,10.0,,tree cover
13701,125,1.0,1.0,0.0,0.0,0.0,0.0,0.0,0.0,0.0,0.0,0.0,10.0,,tree cover
13812,121,0.974,1.0,0.0,0.0,0.0,0.0,0.0,0.0,0.0,0.0,0.0,10.0,,tree cover
13923,121,0.974,1.0,0.0,0.0,0.0,0.0,0.0,0.0,0.0,0.0,0.0,10.0,,tree cover
14034,121,0.974,1.0,0.0,0.0,0.0,0.0,0.0,0.0,0.0,0.0,0.0,10.0,,tree cover
14145,121,0.974,1.0,0.0,0.0,0.0,0.0,0.0,0.0,0.0,0.0,0.0,10.0,,tree cover
14256,121,0.974,1.0,0.0,0.0,0.0,0.0,0.0,0.0,0.0,0.0,0.0,10.0,,tree cover
826,121,0.974,0.8678,0.0,0.0331,0.0992,0.0,0.0,0.0,0.0,0.0,0.0,10.0,,tree cover
937,132,1.0,0.7955,0.0,0.1818,0.0227,0.0,0.0,0.0,0.0,0.0,0.0,10.0,,tree cover
1048,121,0.974,0.4711,0.0,0.2562,0.2231,0.0331,0.0,0.0165,0.0,0.0,0.0,10.0,,tree cover
1159,121,0.974,0.281,0.0,0.0248,0.1405,0.3719,0.0,0.1818,0.0,0.0,0.0,50.0,,built-up
1270,121,0.974,0.3967,0.0,0.0,0.0744,0.2066,0.0,0.3223,0.0,0.0,0.0,10.0,ground_water,tree cover
1381,121,0.974,0.1818,0.0,0.0,0.0496,0.4298,0.0,0.3388,0.0,0.0,0.0,50.0,ground_water,built-up
1492,121,0.974,0.4132,0.0,0.0,0.0,0.2727,0.0,0.314,0.0,0.0,0.0,10.0,ground_water,tree cover
1714,127,1.0,0.1024,0.0,0.0,0.0,0.8976,0.0,0.0,0.0,0.0,0.0,50.0,ground_built_up,built-up
2158,121,0.974,0.0248,0.0,0.0,0.0,0.9752,0.0,0.0,0.0,0.0,0.0,50.0,ground_built_up,built-up
2269,121,0.974,0.3719,0.0,0.1157,0.0,0.5124,0.0,0.0,0.0,0.0,0.0,50.0,ground_built_up,built-up
2602,124,0.998,0.2984,0.0,0.0,0.0,0.7016,0.0,0.0,0.0,0.0,0.0,50.0,ground_built_up,built-up
2713,121,0.974,0.3636,0.0,0.6364,0.0,0.0,0.0,0.0,0.0,0.0,0.0,30.0,,grassland
2824,121,0.974,0.1818,0.0,0.8182,0.0,0.0,0.0,0.0,0.0,0.0,0.0,30.0,,grassland
2935,118,0.95,0.3136,0.0,0.4831,0.2034,0.0,0.0,0.0,0.0,0.0,0.0,30.0,,grassland
3046,110,0.886,0.0364,0.0,0.2727,0.6909,0.0,0.0,0.0,0.0,0.0,0.0,40.0,,cropland
3157,115,0.926,0.0174,0.0,0.087,0.8957,0.0,0.0,0.0,0.0,0.0,0.0,40.0,,cropland
3268,126,1.0,0.3571,0.0,0.4365,0.1984,0.0079,0.0,0.0,0.0,0.0,0.0,30.0,,grassland
3379,127,1.0,0.3307,0.0,0.0,0.2441,0.4252,0.0,0.0,0.0,0.0,0.0,50.0,,built-up
3490,121,0.974,0.6198,0.0,0.1653,0.124,0.0909,0.0,0.0,0.0,0.0,0.0,10.0,,tree cover
3601,121,0.974,0.2645,0.0,0.0083,0.7273,0.0,0.0,0.0,0.0,0.0,0.0,40.0,,cropland
3712,121,0.974,0.8182,0.0,0.0165,0.1653,0.0,0.0,0.0,0.0,0.0,0.0,10.0,,tree cover
3823,121,0.974,1.0,0.0,0.0,0.0,0.0,0.0,0.0,0.0,0.0,0.0,10.0,,tree cover
4045,125,1.0,0.976,0.0,0.0,0.0,0.024,0.0,0.0,0.0,0.0,0.0,10.0,,tree cover
4156,127,1.0,0.9843,0.0,0.0,0.0,0.0157,0.0,0.0,0.0,0.0,0.0,10.0,,tree cover
4378,114,0.918,1.0,0.0,0.0,0.0,0.0,0.0,0.0,0.0,0.0,0.0,10.0,,tree cover
4489,121,0.974,0.9504,0.0,0.0,0.0,0.0496,0.0,0.0,0.0,0.0,0.0,10.0,,tree cover
4600,121,0.974,1.0,0.0,0.0,0.0,0.0,0.0,0.0,0.0,0.0,0.0,10.0,,tree cover
4822,123,0.99,0.2439,0.0,0.7561,0.0,0.0,0.0,0.0,0.0,0.0,0.0,30.0,,grassland
4933,130,1.0,0.7077,0.0,0.2923,0.0,0.0,0.0,0.0,0.0,0.0,0.0,10.0,,tree cover
5044,121,0.974,0.9752,0.0,0.0248,0.0,0.0,0.0,0.0,0.0,0.0,0.0,10.0,,tree cover
5155,121,0.974,0.9421,0.0,0.0579,0.0,0.0,0.0,0.0,0.0,0.0,0.0,10.0,,tree cover
5266,121,0.974,0.9587,0.0,0.0413,0.0,0.0,0.0,0.0,0.0,0.0,0.0,10.0,,tree cover
5488,112,0.902,0.2411,0.0,0.7589,0.0,0.0,0.0,0.0,0.0,0.0,0.0,30.0,,grassland
5599,111,0.894,0.0721,0.0,0.9279,0.0,0.0,0.0,0.0,0.0,0.0,0.0,30.0,,grassland
5710,132,1.0,0.053,0.0,0.947,0.0,0.0,0.0,0.0,0.0,0.0,0.0,30.0,,grassland
5821,121,0.974,0.5289,0.0,0.4711,0.0,0.0,0.0,0.0,0.0,0.0,0.0,10.0,,tree cover
5932,121,0.974,0.9008,0.0,0.0992,0.0,0.0,0.0,0.0,0.0,0.0,0.0,10.0,,tree cover
6043,121,0.974,0.5537,0.0,0.4463,0.0,0.0,0.0,0.0,0.0,0.0,0.0,10.0,,tree cover
6154,121,0.974,1.0,0.0,0.0,0.0,0.0,0.0,0.0,0.0,0.0,0.0,10.0,,tree cover
6265,121,0.974,1.0,0.0,0.0,0.0,0.0,0.0,0.0,0.0,0.0,0.0,10.0,,tree cover
6376,121,0.974,1.0,0.0,0.0,0.0,0.0,0.0,0.0,0.0,0.0,0.0,10.0,,tree cover
6487,132,1.0,1.0,0.0,0.0,0.0,0.0,0.0,0.0,0.0,0.0,0.0,10.0,,tree cover
6598,121,0.974,1.0,0.0,0.0,0.0,0.0,0.0,0.0,0.0,0.0,0.0,10.0,,tree cover
6709,115,0.926,1.0,0.0,0.0,0.0,0.0,0.0,0.0,0.0,0.0,0.0,10.0,,tree cover
6820,110,0.886,0.9818,0.0,0.0182,0.0,0.0,0.0,0.0,0.0,0.0,0.0,10.0,,tree cover
6931,119,0.958,0.9076,0.0,0.0924,0.0,0.0,0.0,0.0,0.0,0.0,0.0,10.0,,tree cover
7042,121,0.974,1.0,0.0,0.0,0.0,0.0,0.0,0.0,0.0,0.0,0.0,10.0,,tree cover
7153,121,0.974,1.0,0.0,0.0,0.0,0.0,0.0,0.0,0.0,0.0,0.0,10.0,,tree cover
7264,132,1.0,1.0,0.0,0.0,0.0,0.0,0.0,0.0,0.0,0.0,0.0,10.0,,tree cover
7375,121,0.974,1.0,0.0,0.0,0.0,0.0,0.0,0.0,0.0,0.0,0.0,10.0,,tree cover
7486,121,0.974,1.0,0.0,0.0,0.0,0.0,0.0,0.0,0.0,0.0,0.0,10.0,,tree cover
7597,121,0.974,1.0,0.0,0.0,0.0,0.0,0.0,0.0,0.0,0.0,0.0,10.0,,tree cover
7708,121,0.974,1.0,0.0,0.0,0.0,0.0,0.0,0.0,0.0,0.0,0.0,10.0,,tree cover
7819,121,0.974,1.0,0.0,0.0,0.0,0.0,0.0,0.0,0.0,0.0,0.0,10.0,,tree cover
7930,119,0.958,1.0,0.0,0.0,0.0,0.0,0.0,0.0,0.0,0.0,0.0,10.0,,tree cover
8041,120,0.966,1.0,0.0,0.0,0.0,0.0,0.0,0.0,0.0,0.0,0.0,10.0,,tree cover
8152,115,0.926,1.0,0.0,0.0,0.0,0.0,0.0,0.0,0.0,0.0,0.0,10.0,,tree cover
8263,121,0.974,1.0,0.0,0.0,0.0,0.0,0.0,0.0,0.0,0.0,0.0,10.0,,tree cover
8374,121,0.974,1.0,0.0,0.0,0.0,0.0,0.0,0.0,0.0,0.0,0.0,10.0,,tree cover
8485,121,0.974,1.0,0.0,0.0,0.0,0.0,0.0,0.0,0.0,0.0,0.0,10.0,,tree cover
8596,121,0.974,1.0,0.0,0.0,0.0,0.0,0.0,0.0,0.0,0.0,0.0,10.0,,tree cover
8818,131,1.0,1.0,0.0,0.0,0.0,0.0,0.0,0.0,0.0,0.0,0.0,10.0,,tree cover
8929,122,0.982,1.0,0.0,0.0,0.0,0.0,0.0,0.0,0.0,0.0,0.0,10.0,,tree cover
9040,121,0.974,1.0,0.0,0.0,0.0,0.0,0.0,0.0,0.0,0.0,0.0,10.0,,tree cover
9151,121,0.974,1.0,0.0,0.0,0.0,0.0,0.0,0.0,0.0,0.0,0.0,10.0,,tree cover
9262,113,0.91,1.0,0.0,0.0,0.0,0.0,0.0,0.0,0.0,0.0,0.0,10.0,,tree cover
9373,110,0.886,1.0,0.0,0.0,0.0,0.0,0.0,0.0,0.0,0.0,0.0,10.0,,tree cover
9484,121,0.974,1.0,0.0,0.0,0.0,0.0,0.0,0.0,0.0,0.0,0.0,10.0,,tree cover
9706,124,0.998,1.0,0.0,0.0,0.0,0.0,0.0,0.0,0.0,0.0,0.0,10.0,,tree cover
9817,121,0.974,1.0,0.0,0.0,0.0,0.0,0.0,0.0,0.0,0.0,0.0,10.0,,tree cover
9928,121,0.974,1.0,0.0,0.0,0.0,0.0,0.0,0.0,0.0,0.0,0.0,10.0,,tree cover
10039,121,0.974,1.0,0.0,0.0,0.0,0.0,0.0,0.0,0.0,0.0,0.0,10.0,,tree cover
10150,121,0.974,1.0,0.0,0.0,0.0,0.0,0.0,0.0,0.0,0.0,0.0,10.0,,tree cover
10261,121,0.974,1.0,0.0,0.0,0.0,0.0,0.0,0.0,0.0,0.0,0.0,10.0,,tree cover
10372,128,1.0,1.0,0.0,0.0,0.0,0.0,0.0,0.0,0.0,0.0,0.0,10.0,,tree cover
10483,122,0.982,1.0,0.0,0.0,0.0,0.0,0.0,0.0,0.0,0.0,0.0,10.0,,tree cover
10594,110,0.886,1.0,0.0,0.0,0.0,0.0,0.0,0.0,0.0,0.0,0.0,10.0,,tree cover
10705,115,0.926,1.0,0.0,0.0,0.0,0.0,0.0,0.0,0.0,0.0,0.0,10.0,,tree cover
10816,121,0.974,1.0,0.0,0.0,0.0,0.0,0.0,0.0,0.0,0.0,0.0,10.0,,tree cover
10927,121,0.974,1.0,0.0,0.0,0.0,0.0,0.0,0.0,0.0,0.0,0.0,10.0,,tree cover
11038,121,0.974,1.0,0.0,0.0,0.0,0.0,0.0,0.0,0.0,0.0,0.0,10.0,,tree cover
11149,126,1.0,1.0,0.0,0.0,0.0,0.0,0.0,0.0,0.0,0.0,0.0,10.0,,tree cover
11260,127,1.0,1.0,0.0,0.0,0.0,0.0,0.0,0.0,0.0,0.0,0.0,10.0,,tree cover
11371,121,0.974,1.0,0.0,0.0,0.0,0.0,0.0,0.0,0.0,0.0,0.0,10.0,,tree cover
11482,121,0.974,1.0,0.0,0.0,0.0,0.0,0.0,0.0,0.0,0.0,0.0,10.0,,tree cover
11593,121,0.974,1.0,0.0,0.0,0.0,0.0,0.0,0.0,0.0,0.0,0.0,10.0,,tree cover
11704,121,0.974,1.0,0.0,0.0,0.0,0.0,0.0,0.0,0.0,0.0,0.0,10.0,,tree cover
11815,113,0.91,1.0,0.0,0.0,0.0,0.0,0.0,0.0,0.0,0.0,0.0,10.0,,tree cover
11926,113,0.91,1.0,0.0,0.0,0.0,0.0,0.0,0.0,0.0,0.0,0.0,10.0,,tree cover
12037,128,1.0,1.0,0.0,0.0,0.0,0.0,0.0,0.0,0.0,0.0,0.0,10.0,,tree cover
12148,121,0.974,1.0,0.0,0.0,0.0,0.0,0.0,0.0,0.0,0.0,0.0,10.0,,tree cover
12259,121,0.974,1.0,0.0,0.0,0.0,0.0,0.0,0.0,0.0,0.0,0.0,10.0,,tree cover
12370,121,0.974,1.0,0.0,0.0,0.0,0.0,0.0,0.0,0.0,0.0,0.0,10.0,,tree cover
12481,121,0.974,1.0,0.0,0.0,0.0,0.0,0.0,0.0,0.0,0.0,0.0,10.0,,tree cover
12592,121,0.974,1.0,0.0,0.0,0.0,0.0,0.0,0.0,0.0,0.0,0.0,10.0,,tree cover
12703,123,0.99,1.0,0.0,0.0,0.0,0.0,0.0,0.0,0.0,0.0,0.0,10.0,,tree cover
12814,130,1.0,0.9538,0.0,0.0,0.0,0.0,0.0,0.0462,0.0,0.0,0.0,10.0,,tree cover
12925,121,0.974,0.843,0.0,0.0,0.0,0.0,0.0,0.157,0.0,0.0,0.0,10.0,,tree cover
13036,120,0.966,1.0,0.0,0.0,0.0,0.0,0.0,0.0,0.0,0.0,0.0,10.0,,tree cover
13147,110,0.886,1.0,0.0,0.0,0.0,0.0,0.0,0.0,0.0,0.0,0.0,10.0,,tree cover
13258,113,0.91,1.0,0.0,0.0,0.0,0.0,0.0,0.0,0.0,0.0,0.0,10.0,,tree cover
13369,121,0.974,0.9587,0.0,0.0413,0.0,0.0,0.0,0.0,0.0,0.0,0.0,10.0,,tree cover
13480,121,0.974,0.9917,0.0,0.0083,0.0,0.0,0.0,0.0,0.0,0.0,0.0,10.0,,tree cover
13591,132,1.0,1.0,0.0,0.0,0.0,0.0,0.0,0.0,0.0,0.0,0.0,10.0,,tree cover
13702,121,0.974,1.0,0.0,0.0,0.0,0.0,0.0,0.0,0.0,0.0,0.0,10.0,,tree cover
13813,121,0.974,1.0,0.0,0.0,0.0,0.0,0.0,0.0,0.0,0.0,0.0,10.0,,tree cover
13924,121,0.974,1.0,0.0,0.0,0.0,0.0,0.0,0.0,0.0,0.0,0.0,10.0,,tree cover
14035,121,0.974,1.0,0.0,0.0,0.0,0.0,0.0,0.0,0.0,0.0,0.0,10.0,,tree cover
14146,121,0.974,1.0,0.0,0.0,0.0,0.0,0.0,0.0,0.0,0.0,0.0,10.0,,tree cover
14257,121,0.974,1.0,0.0,0.0,0.0,0.0,0.0,0.0,0.0,0.0,0.0,10.0,,tree cover
716,121,0.974,0.4545,0.0,0.0,0.0992,0.1818,0.0413,0.2231,0.0,0.0,0.0,10.0,,tree cover
827,127,1.0,0.5669,0.0,0.4331,0.0,0.0,0.0,0.0,0.0,0.0,0.0,10.0,,tree cover
938,126,1.0,0.2222,0.0,0.7143,0.0635,0.0,0.0,0.0,0.0,0.0,0.0,30.0,,grassland
1049,121,0.974,0.6116,0.0,0.0413,0.0,0.3471,0.0,0.0,0.0,0.0,0.0,10.0,,tree cover
1160,121,0.974,0.0248,0.0,0.0,0.0,0.9752,0.0,0.0,0.0,0.0,0.0,50.0,ground_built_up,built-up
1382,121,0.974,0.0496,0.0,0.0,0.0,0.9504,0.0,0.0,0.0,0.0,0.0,50.0,ground_built_up,built-up
1604,113,0.91,0.6372,0.0,0.0,0.0,0.354,0.0088,0.0,0.0,0.0,0.0,10.0,,tree cover
2159,121,0.974,0.0,0.0,0.0,0.0,1.0,0.0,0.0,0.0,0.0,0.0,50.0,ground_built_up,built-up
2270,121,0.974,0.0579,0.0,0.0,0.0,0.9421,0.0,0.0,0.0,0.0,0.0,50.0,ground_built_up,built-up
2492,130,1.0,0.2308,0.0,0.0,0.0,0.7692,0.0,0.0,0.0,0.0,0.0,50.0,ground_built_up,built-up
2603,121,0.974,0.8182,0.0,0.1653,0.0,0.0165,0.0,0.0,0.0,0.0,0.0,10.0,,tree cover
2714,121,0.974,0.0909,0.0,0.9091,0.0,0.0,0.0,0.0,0.0,0.0,0.0,30.0,,grassland
2825,110,0.886,0.0636,0.0,0.9364,0.0,0.0,0.0,0.0,0.0,0.0,0.0,30.0,,grassland
2936,113,0.91,0.823,0.0,0.177,0.0,0.0,0.0,0.0,0.0,0.0,0.0,10.0,,tree cover
3047,121,0.974,0.3471,0.0,0.6364,0.0165,0.0,0.0,0.0,0.0,0.0,0.0,30.0,,grassland
3158,121,0.974,0.2149,0.0,0.3223,0.4628,0.0,0.0,0.0,0.0,0.0,0.0,40.0,,cropland
3269,132,1.0,0.2879,0.0,0.3712,0.0,0.3409,0.0,0.0,0.0,0.0,0.0,30.0,,grassland
3491,121,0.974,0.157,0.0,0.0496,0.2231,0.5702,0.0,0.0,0.0,0.0,0.0,50.0,ground_built_up,built-up
3602,121,0.974,0.6116,0.0,0.0826,0.3058,0.0,0.0,0.0,0.0,0.0,0.0,10.0,,tree cover
3713,121,0.974,0.1488,0.0,0.0579,0.7934,0.0,0.0,0.0,0.0,0.0,0.0,40.0,,cropland
3824,121,0.974,0.6942,0.0,0.157,0.1488,0.0,0.0,0.0,0.0,0.0,0.0,10.0,,tree cover
3935,121,0.974,1.0,0.0,0.0,0.0,0.0,0.0,0.0,0.0,0.0,0.0,10.0,,tree cover
4046,123,0.99,0.9675,0.0,0.0,0.0,0.0325,0.0,0.0,0.0,0.0,0.0,10.0,,tree cover
4490,121,0.974,0.9669,0.0,0.0,0.0,0.0331,0.0,0.0,0.0,0.0,0.0,10.0,,tree cover
4601,121,0.974,1.0,0.0,0.0,0.0,0.0,0.0,0.0,0.0,0.0,0.0,10.0,,tree cover
4712,121,0.974,0.9669,0.0,0.0331,0.0,0.0,0.0,0.0,0.0,0.0,0.0,10.0,,tree cover
4823,132,1.0,0.8636,0.0,0.1364,0.0,0.0,0.0,0.0,0.0,0.0,0.0,10.0,,tree cover
4934,121,0.974,0.6612,0.0,0.3388,0.0,0.0,0.0,0.0,0.0,0.0,0.0,10.0,,tree cover
5045,121,0.974,0.7025,0.0,0.2975,0.0,0.0,0.0,0.0,0.0,0.0,0.0,10.0,,tree cover
5156,121,0.974,0.9008,0.0,0.0992,0.0,0.0,0.0,0.0,0.0,0.0,0.0,10.0,,tree cover
5267,115,0.926,1.0,0.0,0.0,0.0,0.0,0.0,0.0,0.0,0.0,0.0,10.0,,tree cover
5489,119,0.958,0.7059,0.0,0.2941,0.0,0.0,0.0,0.0,0.0,0.0,0.0,10.0,,tree cover
5600,132,1.0,1.0,0.0,0.0,0.0,0.0,0.0,0.0,0.0,0.0,0.0,10.0,,tree cover
5711,121,0.974,0.8595,0.0,0.1405,0.0,0.0,0.0,0.0,0.0,0.0,0.0,10.0,,tree cover
5822,121,0.974,0.8678,0.0,0.1322,0.0,0.0,0.0,0.0,0.0,0.0,0.0,10.0,,tree cover
5933,121,0.974,0.1901,0.0,0.8099,0.0,0.0,0.0,0.0,0.0,0.0,0.0,30.0,,grassland
6044,121,0.974,0.281,0.0,0.719,0.0,0.0,0.0,0.0,0.0,0.0,0.0,30.0,,grassland
6155,121,0.974,1.0,0.0,0.0,0.0,0.0,0.0,0.0,0.0,0.0,0.0,10.0,,tree cover
6266,121,0.974,1.0,0.0,0.0,0.0,0.0,0.0,0.0,0.0,0.0,0.0,10.0,,tree cover
6377,130,1.0,1.0,0.0,0.0,0.0,0.0,0.0,0.0,0.0,0.0,0.0,10.0,,tree cover
6488,119,0.958,1.0,0.0,0.0,0.0,0.0,0.0,0.0,0.0,0.0,0.0,10.0,,tree cover
6599,110,0.886,1.0,0.0,0.0,0.0,0.0,0.0,0.0,0.0,0.0,0.0,10.0,,tree cover
6710,116,0.934,0.681,0.0,0.319,0.0,0.0,0.0,0.0,0.0,0.0,0.0,10.0,,tree cover
6821,121,0.974,0.7355,0.0,0.2645,0.0,0.0,0.0,0.0,0.0,0.0,0.0,10.0,,tree cover
6932,121,0.974,0.9339,0.0,0.0661,0.0,0.0,0.0,0.0,0.0,0.0,0.0,10.0,,tree cover
7043,121,0.974,0.8512,0.0,0.1488,0.0,0.0,0.0,0.0,0.0,0.0,0.0,10.0,,tree cover
7265,125,1.0,1.0,0.0,0.0,0.0,0.0,0.0,0.0,0.0,0.0,0.0,10.0,,tree cover
7487,121,0.974,1.0,0.0,0.0,0.0,0.0,0.0,0.0,0.0,0.0,0.0,10.0,,tree cover
7598,121,0.974,1.0,0.0,0.0,0.0,0.0,0.0,0.0,0.0,0.0,0.0,10.0,,tree cover
7709,121,0.974,1.0,0.0,0.0,0.0,0.0,0.0,0.0,0.0,0.0,0.0,10.0,,tree cover
7820,111,0.894,1.0,0.0,0.0,0.0,0.0,0.0,0.0,0.0,0.0,0.0,10.0,,tree cover
7931,117,0.942,1.0,0.0,0.0,0.0,0.0,0.0,0.0,0.0,0.0,0.0,10.0,,tree cover
8042,127,1.0,1.0,0.0,0.0,0.0,0.0,0.0,0.0,0.0,0.0,0.0,10.0,,tree cover
8153,121,0.974,1.0,0.0,0.0,0.0,0.0,0.0,0.0,0.0,0.0,0.0,10.0,,tree cover
8264,121,0.974,1.0,0.0,0.0,0.0,0.0,0.0,0.0,0.0,0.0,0.0,10.0,,tree cover
8375,121,0.974,1.0,0.0,0.0,0.0,0.0,0.0,0.0,0.0,0.0,0.0,10.0,,tree cover
8486,121,0.974,1.0,0.0,0.0,0.0,0.0,0.0,0.0,0.0,0.0,0.0,10.0,,tree cover
8597,121,0.974,1.0,0.0,0.0,0.0,0.0,0.0,0.0,0.0,0.0,0.0,10.0,,tree cover
8708,125,1.0,1.0,0.0,0.0,0.0,0.0,0.0,0.0,0.0,0.0,0.0,10.0,,tree cover
8819,128,1.0,1.0,0.0,0.0,0.0,0.0,0.0,0.0,0.0,0.0,0.0,10.0,,tree cover
8930,121,0.974,1.0,0.0,0.0,0.0,0.0,0.0,0.0,0.0,0.0,0.0,10.0,,tree cover
9041,115,0.926,1.0,0.0,0.0,0.0,0.0,0.0,0.0,0.0,0.0,0.0,10.0,,tree cover
9152,110,0.886,1.0,0.0,0.0,0.0,0.0,0.0,0.0,0.0,0.0,0.0,10.0,,tree cover
9263,118,0.95,1.0,0.0,0.0,0.0,0.0,0.0,0.0,0.0,0.0,0.0,10.0,,tree cover
9374,121,0.974,1.0,0.0,0.0,0.0,0.0,0.0,0.0,0.0,0.0,0.0,10.0,,tree cover
9485,123,0.99,1.0,0.0,0.0,0.0,0.0,0.0,0.0,0.0,0.0,0.0,10.0,,tree cover
9596,130,1.0,1.0,0.0,0.0,0.0,0.0,0.0,0.0,0.0,0.0,0.0,10.0,,tree cover
9707,121,0.974,1.0,0.0,0.0,0.0,0.0,0.0,0.0,0.0,0.0,0.0,10.0,,tree cover
9818,121,0.974,1.0,0.0,0.0,0.0,0.0,0.0,0.0,0.0,0.0,0.0,10.0,,tree cover
9929,121,0.974,1.0,0.0,0.0,0.0,0.0,0.0,0.0,0.0,0.0,0.0,10.0,,tree cover
10040,121,0.974,1.0,0.0,0.0,0.0,0.0,0.0,0.0,0.0,0.0,0.0,10.0,,tree cover
10151,121,0.974,1.0,0.0,0.0,0.0,0.0,0.0,0.0,0.0,0.0,0.0,10.0,,tree cover
10262,121,0.974,1.0,0.0,0.0,0.0,0.0,0.0,0.0,0.0,0.0,0.0,10.0,,tree cover
10373,120,0.966,1.0,0.0,0.0,0.0,0.0,0.0,0.0,0.0,0.0,0.0,10.0,,tree cover
10484,113,0.91,1.0,0.0,0.0,0.0,0.0,0.0,0.0,0.0,0.0,0.0,10.0,,tree cover
10595,121,0.974,1.0,0.0,0.0,0.0,0.0,0.0,0.0,0.0,0.0,0.0,10.0,,tree cover
10706,121,0.974,1.0,0.0,0.0,0.0,0.0,0.0,0.0,0.0,0.0,0.0,10.0,,tree cover
10817,121,0.974,1.0,0.0,0.0,0.0,0.0,0.0,0.0,0.0,0.0,0.0,10.0,,tree cover
10928,121,0.974,1.0,0.0,0.0,0.0,0.0,0.0,0.0,0.0,0.0,0.0,10.0,,tree cover
11039,121,0.974,1.0,0.0,0.0,0.0,0.0,0.0,0.0,0.0,0.0,0.0,10.0,,tree cover
11150,132,1.0,1.0,0.0,0.0,0.0,0.0,0.0,0.0,0.0,0.0,0.0,10.0,,tree cover
11261,121,0.974,1.0,0.0,0.0,0.0,0.0,0.0,0.0,0.0,0.0,0.0,10.0,,tree cover
11372,121,0.974,1.0,0.0,0.0,0.0,0.0,0.0,0.0,0.0,0.0,0.0,10.0,,tree cover
11483,121,0.974,1.0,0.0,0.0,0.0,0.0,0.0,0.0,0.0,0.0,0.0,10.0,,tree cover
11594,115,0.926,1.0,0.0,0.0,0.0,0.0,0.0,0.0,0.0,0.0,0.0,10.0,,tree cover
11705,110,0.886,1.0,0.0,0.0,0.0,0.0,0.0,0.0,0.0,0.0,0.0,10.0,,tree cover
11816,118,0.95,1.0,0.0,0.0,0.0,0.0,0.0,0.0,0.0,0.0,0.0,10.0,,tree cover
11927,132,1.0,1.0,0.0,0.0,0.0,0.0,0.0,0.0,0.0,0.0,0.0,10.0,,tree cover
12038,121,0.974,1.0,0.0,0.0,0.0,0.0,0.0,0.0,0.0,0.0,0.0,10.0,,tree cover
12149,121,0.974,1.0,0.0,0.0,0.0,0.0,0.0,0.0,0.0,0.0,0.0,10.0,,tree cover
12260,121,0.974,1.0,0.0,0.0,0.0,0.0,0.0,0.0,0.0,0.0,0.0,10.0,,tree cover
12371,121,0.974,1.0,0.0,0.0,0.0,0.0,0.0,0.0,0.0,0.0,0.0,10.0,,tree cover
12482,121,0.974,1.0,0.0,0.0,0.0,0.0,0.0,0.0,0.0,0.0,0.0,10.0,,tree cover
12593,121,0.974,1.0,0.0,0.0,0.0,0.0,0.0,0.0,0.0,0.0,0.0,10.0,,tree cover
12704,132,1.0,1.0,0.0,0.0,0.0,0.0,0.0,0.0,0.0,0.0,0.0,10.0,,tree cover
12815,121,0.974,1.0,0.0,0.0,0.0,0.0,0.0,0.0,0.0,0.0,0.0,10.0,,tree cover
12926,111,0.894,1.0,0.0,0.0,0.0,0.0,0.0,0.0,0.0,0.0,0.0,10.0,,tree cover
13037,111,0.894,1.0,0.0,0.0,0.0,0.0,0.0,0.0,0.0,0.0,0.0,10.0,,tree cover
13148,121,0.974,1.0,0.0,0.0,0.0,0.0,0.0,0.0,0.0,0.0,0.0,10.0,,tree cover
13259,121,0.974,1.0,0.0,0.0,0.0,0.0,0.0,0.0,0.0,0.0,0.0,10.0,,tree cover
13370,121,0.974,1.0,0.0,0.0,0.0,0.0,0.0,0.0,0.0,0.0,0.0,10.0,,tree cover
13481,132,1.0,1.0,0.0,0.0,0.0,0.0,0.0,0.0,0.0,0.0,0.0,10.0,,tree cover
13592,121,0.974,1.0,0.0,0.0,0.0,0.0,0.0,0.0,0.0,0.0,0.0,10.0,,tree cover
13703,121,0.974,1.0,0.0,0.0,0.0,0.0,0.0,0.0,0.0,0.0,0.0,10.0,,tree cover
13814,121,0.974,0.9339,0.0,0.0661,0.0,0.0,0.0,0.0,0.0,0.0,0.0,10.0,,tree cover
13925,121,0.974,1.0,0.0,0.0,0.0,0.0,0.0,0.0,0.0,0.0,0.0,10.0,,tree cover
14036,121,0.974,1.0,0.0,0.0,0.0,0.0,0.0,0.0,0.0,0.0,0.0,10.0,,tree cover
14147,119,0.958,1.0,0.0,0.0,0.0,0.0,0.0,0.0,0.0,0.0,0.0,10.0,,tree cover
14258,119,0.958,1.0,0.0,0.0,0.0,0.0,0.0,0.0,0.0,0.0,0.0,10.0,,tree cover
14369,116,0.934,1.0,0.0,0.0,0.0,0.0,0.0,0.0,0.0,0.0,0.0,10.0,,tree cover
717,121,0.974,0.6033,0.0,0.1488,0.0826,0.0083,0.0,0.157,0.0,0.0,0.0,10.0,,tree cover
828,132,1.0,0.0985,0.0,0.25,0.6515,0.0,0.0,0.0,0.0,0.0,0.0,40.0,,cropland
939,121,0.974,0.7355,0.0,0.1074,0.157,0.0,0.0,0.0,0.0,0.0,0.0,10.0,,tree cover
1050,121,0.974,0.8678,0.0,0.0,0.0,0.1322,0.0,0.0,0.0,0.0,0.0,10.0,,tree cover
1272,121,0.974,0.0661,0.0,0.0,0.0,0.9339,0.0,0.0,0.0,0.0,0.0,50.0,ground_built_up,built-up
1827,121,0.974,0.0083,0.0,0.0,0.0,0.9917,0.0,0.0,0.0,0.0,0.0,50.0,ground_built_up,built-up
1938,121,0.974,0.0165,0.0,0.0,0.0,0.9835,0.0,0.0,0.0,0.0,0.0,50.0,ground_built_up,built-up
2049,121,0.974,0.0496,0.0,0.0,0.0,0.9504,0.0,0.0,0.0,0.0,0.0,50.0,ground_built_up,built-up
2271,121,0.974,0.0826,0.0,0.0,0.0,0.9174,0.0,0.0,0.0,0.0,0.0,50.0,ground_built_up,built-up
2493,121,0.974,0.5041,0.0,0.0,0.0,0.4959,0.0,0.0,0.0,0.0,0.0,10.0,,tree cover
2715,110,0.886,0.6182,0.0,0.2273,0.0,0.1545,0.0,0.0,0.0,0.0,0.0,10.0,,tree cover
2826,121,0.974,0.3223,0.0,0.6281,0.0248,0.0248,0.0,0.0,0.0,0.0,0.0,30.0,,grassland
2937,121,0.974,0.7107,0.0,0.1074,0.0,0.1818,0.0,0.0,0.0,0.0,0.0,10.0,,tree cover
3159,132,1.0,0.5303,0.0,0.0,0.0,0.4697,0.0,0.0,0.0,0.0,0.0,10.0,,tree cover
3492,121,0.974,0.6612,0.0,0.0331,0.0744,0.2314,0.0,0.0,0.0,0.0,0.0,10.0,,tree cover
3603,121,0.974,0.7438,0.0,0.2562,0.0,0.0,0.0,0.0,0.0,0.0,0.0,10.0,,tree cover
3714,121,0.974,0.5207,0.0,0.4793,0.0,0.0,0.0,0.0,0.0,0.0,0.0,10.0,,tree cover
3825,115,0.926,0.5913,0.0,0.4087,0.0,0.0,0.0,0.0,0.0,0.0,0.0,10.0,,tree cover
3936,118,0.95,1.0,0.0,0.0,0.0,0.0,0.0,0.0,0.0,0.0,0.0,10.0,,tree cover
4269,121,0.974,0.8347,0.0,0.0,0.0,0.1653,0.0,0.0,0.0,0.0,0.0,10.0,,tree cover
4491,121,0.974,0.9752,0.0,0.0,0.0,0.0248,0.0,0.0,0.0,0.0,0.0,10.0,,tree cover
4602,121,0.974,0.9504,0.0,0.0496,0.0,0.0,0.0,0.0,0.0,0.0,0.0,10.0,,tree cover
4713,128,1.0,0.8125,0.0,0.1875,0.0,0.0,0.0,0.0,0.0,0.0,0.0,10.0,,tree cover
4824,125,1.0,0.72,0.0,0.28,0.0,0.0,0.0,0.0,0.0,0.0,0.0,10.0,,tree cover
5046,117,0.942,0.8974,0.0,0.1026,0.0,0.0,0.0,0.0,0.0,0.0,0.0,10.0,,tree cover
5157,110,0.886,1.0,0.0,0.0,0.0,0.0,0.0,0.0,0.0,0.0,0.0,10.0,,tree cover
5268,116,0.934,1.0,0.0,0.0,0.0,0.0,0.0,0.0,0.0,0.0,0.0,10.0,,tree cover
5379,121,0.974,1.0,0.0,0.0,0.0,0.0,0.0,0.0,0.0,0.0,0.0,10.0,,tree cover
5490,126,1.0,1.0,0.0,0.0,0.0,0.0,0.0,0.0,0.0,0.0,0.0,10.0,,tree cover
5601,127,1.0,0.9528,0.0,0.0472,0.0,0.0,0.0,0.0,0.0,0.0,0.0,10.0,,tree cover
5712,121,0.974,1.0,0.0,0.0,0.0,0.0,0.0,0.0,0.0,0.0,0.0,10.0,,tree cover
5823,121,0.974,0.7107,0.0,0.2893,0.0,0.0,0.0,0.0,0.0,0.0,0.0,10.0,,tree cover
5934,121,0.974,0.7355,0.0,0.2645,0.0,0.0,0.0,0.0,0.0,0.0,0.0,10.0,,tree cover
6045,121,0.974,0.8264,0.0,0.1736,0.0,0.0,0.0,0.0,0.0,0.0,0.0,10.0,,tree cover
6156,121,0.974,1.0,0.0,0.0,0.0,0.0,0.0,0.0,0.0,0.0,0.0,10.0,,tree cover
6267,123,0.99,1.0,0.0,0.0,0.0,0.0,0.0,0.0,0.0,0.0,0.0,10.0,,tree cover
6378,118,0.95,1.0,0.0,0.0,0.0,0.0,0.0,0.0,0.0,0.0,0.0,10.0,,tree cover
6489,114,0.918,1.0,0.0,0.0,0.0,0.0,0.0,0.0,0.0,0.0,0.0,10.0,,tree cover
6600,121,0.974,0.9917,0.0,0.0083,0.0,0.0,0.0,0.0,0.0,0.0,0.0,10.0,,tree cover
6711,121,0.974,1.0,0.0,0.0,0.0,0.0,0.0,0.0,0.0,0.0,0.0,10.0,,tree cover
6822,121,0.974,0.9835,0.0,0.0165,0.0,0.0,0.0,0.0,0.0,0.0,0.0,10.0,,tree cover
6933,121,0.974,0.9504,0.0,0.0496,0.0,0.0,0.0,0.0,0.0,0.0,0.0,10.0,,tree cover
7044,122,0.982,0.5984,0.0,0.4016,0.0,0.0,0.0,0.0,0.0,0.0,0.0,10.0,,tree cover
7266,121,0.974,0.9669,0.0,0.0,0.0,0.0331,0.0,0.0,0.0,0.0,0.0,10.0,,tree cover
7377,121,0.974,0.9421,0.0,0.0083,0.0,0.0,0.0496,0.0,0.0,0.0,0.0,10.0,,tree cover
7488,121,0.974,0.9835,0.0,0.0165,0.0,0.0,0.0,0.0,0.0,0.0,0.0,10.0,,tree cover
7599,113,0.91,1.0,0.0,0.0,0.0,0.0,0.0,0.0,0.0,0.0,0.0,10.0,,tree cover
7710,110,0.886,1.0,0.0,0.0,0.0,0.0,0.0,0.0,0.0,0.0,0.0,10.0,,tree cover
7821,120,0.966,1.0,0.0,0.0,0.0,0.0,0.0,0.0,0.0,0.0,0.0,10.0,,tree cover
7932,132,1.0,1.0,0.0,0.0,0.0,0.0,0.0,0.0,0.0,0.0,0.0,10.0,,tree cover
8043,121,0.974,1.0,0.0,0.0,0.0,0.0,0.0,0.0,0.0,0.0,0.0,10.0,,tree cover
8154,121,0.974,1.0,0.0,0.0,0.0,0.0,0.0,0.0,0.0,0.0,0.0,10.0,,tree cover
8265,121,0.974,1.0,0.0,0.0,0.0,0.0,0.0,0.0,0.0,0.0,0.0,10.0,,tree cover
8376,121,0.974,1.0,0.0,0.0,0.0,0.0,0.0,0.0,0.0,0.0,0.0,10.0,,tree cover
8487,121,0.974,1.0,0.0,0.0,0.0,0.0,0.0,0.0,0.0,0.0,0.0,10.0,,tree cover
8598,121,0.974,1.0,0.0,0.0,0.0,0.0,0.0,0.0,0.0,0.0,0.0,10.0,,tree cover
8709,132,1.0,1.0,0.0,0.0,0.0,0.0,0.0,0.0,0.0,0.0,0.0,10.0,,tree cover
8820,117,0.942,1.0,0.0,0.0,0.0,0.0,0.0,0.0,0.0,0.0,0.0,10.0,,tree cover
8931,110,0.886,1.0,0.0,0.0,0.0,0.0,0.0,0.0,0.0,0.0,0.0,10.0,,tree cover
9042,116,0.934,1.0,0.0,0.0,0.0,0.0,0.0,0.0,0.0,0.0,0.0,10.0,,tree cover
9153,121,0.974,1.0,0.0,0.0,0.0,0.0,0.0,0.0,0.0,0.0,0.0,10.0,,tree cover
9264,121,0.974,1.0,0.0,0.0,0.0,0.0,0.0,0.0,0.0,0.0,0.0,10.0,,tree cover
9375,121,0.974,1.0,0.0,0.0,0.0,0.0,0.0,0.0,0.0,0.0,0.0,10.0,,tree cover
9486,132,1.0,1.0,0.0,0.0,0.0,0.0,0.0,0.0,0.0,0.0,0.0,10.0,,tree cover
9597,121,0.974,1.0,0.0,0.0,0.0,0.0,0.0,0.0,0.0,0.0,0.0,10.0,,tree cover
9708,121,0.974,1.0,0.0,0.0,0.0,0.0,0.0,0.0,0.0,0.0,0.0,10.0,,tree cover
9819,121,0.974,1.0,0.0,0.0,0.0,0.0,0.0,0.0,0.0,0.0,0.0,10.0,,tree cover
9930,121,0.974,1.0,0.0,0.0,0.0,0.0,0.0,0.0,0.0,0.0,0.0,10.0,,tree cover
10041,121,0.974,1.0,0.0,0.0,0.0,0.0,0.0,0.0,0.0,0.0,0.0,10.0,,tree cover
10152,112,0.902,1.0,0.0,0.0,0.0,0.0,0.0,0.0,0.0,0.0,0.0,10.0,,tree cover
10263,121,0.974,1.0,0.0,0.0,0.0,0.0,0.0,0.0,0.0,0.0,0.0,10.0,,tree cover
10374,121,0.974,1.0,0.0,0.0,0.0,0.0,0.0,0.0,0.0,0.0,0.0,10.0,,tree cover
10485,121,0.974,1.0,0.0,0.0,0.0,0.0,0.0,0.0,0.0,0.0,0.0,10.0,,tree cover
10596,121,0.974,1.0,0.0,0.0,0.0,0.0,0.0,0.0,0.0,0.0,0.0,10.0,,tree cover
10707,121,0.974,1.0,0.0,0.0,0.0,0.0,0.0,0.0,0.0,0.0,0.0,10.0,,tree cover
10818,121,0.974,1.0,0.0,0.0,0.0,0.0,0.0,0.0,0.0,0.0,0.0,10.0,,tree cover
10929,121,0.974,1.0,0.0,0.0,0.0,0.0,0.0,0.0,0.0,0.0,0.0,10.0,,tree cover
11040,131,1.0,1.0,0.0,0.0,0.0,0.0,0.0,0.0,0.0,0.0,0.0,10.0,,tree cover
11151,122,0.982,1.0,0.0,0.0,0.0,0.0,0.0,0.0,0.0,0.0,0.0,10.0,,tree cover
11262,121,0.974,1.0,0.0,0.0,0.0,0.0,0.0,0.0,0.0,0.0,0.0,10.0,,tree cover
11373,117,0.942,1.0,0.0,0.0,0.0,0.0,0.0,0.0,0.0,0.0,0.0,10.0,,tree cover
11595,116,0.934,1.0,0.0,0.0,0.0,0.0,0.0,0.0,0.0,0.0,0.0,10.0,,tree cover
11706,121,0.974,1.0,0.0,0.0,0.0,0.0,0.0,0.0,0.0,0.0,0.0,10.0,,tree cover
11817,129,1.0,1.0,0.0,0.0,0.0,0.0,0.0,0.0,0.0,0.0,0.0,10.0,,tree cover
11928,124,0.998,1.0,0.0,0.0,0.0,0.0,0.0,0.0,0.0,0.0,0.0,10.0,,tree cover
12039,121,0.974,1.0,0.0,0.0,0.0,0.0,0.0,0.0,0.0,0.0,0.0,10.0,,tree cover
12150,121,0.974,1.0,0.0,0.0,0.0,0.0,0.0,0.0,0.0,0.0,0.0,10.0,,tree cover
12261,121,0.974,1.0,0.0,0.0,0.0,0.0,0.0,0.0,0.0,0.0,0.0,10.0,,tree cover
12372,121,0.974,1.0,0.0,0.0,0.0,0.0,0.0,0.0,0.0,0.0,0.0,10.0,,tree cover
12483,121,0.974,1.0,0.0,0.0,0.0,0.0,0.0,0.0,0.0,0.0,0.0,10.0,,tree cover
12594,128,1.0,1.0,0.0,0.0,0.0,0.0,0.0,0.0,0.0,0.0,0.0,10.0,,tree cover
12705,117,0.942,1.0,0.0,0.0,0.0,0.0,0.0,0.0,0.0,0.0,0.0,10.0,,tree cover
12816,110,0.886,1.0,0.0,0.0,0.0,0.0,0.0,0.0,0.0,0.0,0.0,10.0,,tree cover
12927,120,0.966,0.9917,0.0,0.0,0.0083,0.0,0.0,0.0,0.0,0.0,0.0,10.0,,tree cover
13038,121,0.974,1.0,0.0,0.0,0.0,0.0,0.0,0.0,0.0,0.0,0.0,10.0,,tree cover
13149,121,0.974,1.0,0.0,0.0,0.0,0.0,0.0,0.0,0.0,0.0,0.0,10.0,,tree cover
13260,121,0.974,1.0,0.0,0.0,0.0,0.0,0.0,0.0,0.0,0.0,0.0,10.0,,tree cover
13371,126,1.0,1.0,0.0,0.0,0.0,0.0,0.0,0.0,0.0,0.0,0.0,10.0,,tree cover
13482,127,1.0,1.0,0.0,0.0,0.0,0.0,0.0,0.0,0.0,0.0,0.0,10.0,,tree cover
13593,121,0.974,0.9752,0.0,0.0248,0.0,0.0,0.0,0.0,0.0,0.0,0.0,10.0,,tree cover
13704,121,0.974,0.8678,0.0,0.1322,0.0,0.0,0.0,0.0,0.0,0.0,0.0,10.0,,tree cover
13815,121,0.974,0.9008,0.0,0.0992,0.0,0.0,0.0,0.0,0.0,0.0,0.0,10.0,,tree cover
13926,121,0.974,1.0,0.0,0.0,0.0,0.0,0.0,0.0,0.0,0.0,0.0,10.0,,tree cover
14037,110,0.886,0.9273,0.0,0.0727,0.0,0.0,0.0,0.0,0.0,0.0,0.0,10.0,,tree cover
14148,115,0.926,0.9913,0.0,0.0087,0.0,0.0,0.0,0.0,0.0,0.0,0.0,10.0,,tree cover
14259,129,1.0,1.0,0.0,0.0,0.0,0.0,0.0,0.0,0.0,0.0,0.0,10.0,,tree cover
14370,121,0.974,1.0,0.0,0.0,0.0,0.0,0.0,0.0,0.0,0.0,0.0,10.0,,tree cover
718,132,1.0,0.6818,0.0,0.1894,0.0,0.0,0.0,0.1288,0.0,0.0,0.0,10.0,,tree cover
829,121,0.974,0.0331,0.0,0.719,0.2479,0.0,0.0,0.0,0.0,0.0,0.0,30.0,,grassland
940,121,0.974,0.5702,0.0,0.1818,0.2066,0.0413,0.0,0.0,0.0,0.0,0.0,10.0,,tree cover
1051,121,0.974,0.7521,0.0,0.0,0.0,0.2479,0.0,0.0,0.0,0.0,0.0,10.0,,tree cover
1273,110,0.886,0.0818,0.0,0.0,0.0,0.9182,0.0,0.0,0.0,0.0,0.0,50.0,ground_built_up,built-up
1384,119,0.958,0.0084,0.0,0.0,0.0,0.9916,0.0,0.0,0.0,0.0,0.0,50.0,ground_built_up,built-up
1606,123,0.99,0.3089,0.0,0.0325,0.0,0.6585,0.0,0.0,0.0,0.0,0.0,50.0,ground_built_up,built-up
1717,121,0.974,0.4793,0.0,0.0992,0.0,0.4215,0.0,0.0,0.0,0.0,0.0,10.0,,tree cover
2050,121,0.974,0.3967,0.0,0.0248,0.0,0.5785,0.0,0.0,0.0,0.0,0.0,50.0,ground_built_up,built-up
2161,121,0.974,0.2479,0.0,0.0083,0.0,0.7438,0.0,0.0,0.0,0.0,0.0,50.0,ground_built_up,built-up
2383,120,0.966,0.45,0.0,0.2333,0.0083,0.3083,0.0,0.0,0.0,0.0,0.0,10.0,,tree cover
2494,110,0.886,0.7818,0.0,0.0091,0.0,0.2091,0.0,0.0,0.0,0.0,0.0,10.0,,tree cover
2605,118,0.95,0.4068,0.0,0.0593,0.0,0.5339,0.0,0.0,0.0,0.0,0.0,50.0,ground_built_up,built-up
2716,121,0.974,0.1074,0.0,0.405,0.0,0.4876,0.0,0.0,0.0,0.0,0.0,50.0,,built-up
2938,121,0.974,0.2149,0.0,0.0,0.0,0.7851,0.0,0.0,0.0,0.0,0.0,50.0,ground_built_up,built-up
3049,126,1.0,0.0,0.0,0.0,0.0,1.0,0.0,0.0,0.0,0.0,0.0,50.0,ground_built_up,built-up
3160,127,1.0,0.622,0.0,0.063,0.0079,0.3071,0.0,0.0,0.0,0.0,0.0,10.0,,tree cover
3271,121,0.974,0.1901,0.0,0.1488,0.0,0.6612,0.0,0.0,0.0,0.0,0.0,50.0,ground_built_up,built-up
3382,121,0.974,0.0083,0.0,0.0165,0.0,0.9752,0.0,0.0,0.0,0.0,0.0,50.0,ground_built_up,built-up
3715,110,0.886,0.7818,0.0,0.2182,0.0,0.0,0.0,0.0,0.0,0.0,0.0,10.0,,tree cover
3937,129,1.0,0.9767,0.0,0.0,0.0,0.0233,0.0,0.0,0.0,0.0,0.0,10.0,,tree cover
4381,121,0.974,0.5537,0.0,0.0,0.0,0.4463,0.0,0.0,0.0,0.0,0.0,10.0,,tree cover
4492,121,0.974,0.9752,0.0,0.0,0.0,0.0248,0.0,0.0,0.0,0.0,0.0,10.0,,tree cover
4603,122,0.982,0.9836,0.0,0.0164,0.0,0.0,0.0,0.0,0.0,0.0,0.0,10.0,,tree cover
4714,131,1.0,1.0,0.0,0.0,0.0,0.0,0.0,0.0,0.0,0.0,0.0,10.0,,tree cover
4825,120,0.966,1.0,0.0,0.0,0.0,0.0,0.0,0.0,0.0,0.0,0.0,10.0,,tree cover
4936,110,0.886,0.9818,0.0,0.0182,0.0,0.0,0.0,0.0,0.0,0.0,0.0,10.0,,tree cover
5047,114,0.918,0.4825,0.0,0.4561,0.0,0.0,0.0614,0.0,0.0,0.0,0.0,10.0,,tree cover
5158,121,0.974,0.8347,0.0,0.1653,0.0,0.0,0.0,0.0,0.0,0.0,0.0,10.0,,tree cover
5269,121,0.974,1.0,0.0,0.0,0.0,0.0,0.0,0.0,0.0,0.0,0.0,10.0,,tree cover
5380,121,0.974,1.0,0.0,0.0,0.0,0.0,0.0,0.0,0.0,0.0,0.0,10.0,,tree cover
5491,132,1.0,0.7879,0.0,0.2121,0.0,0.0,0.0,0.0,0.0,0.0,0.0,10.0,,tree cover
5602,121,0.974,0.8099,0.0,0.1901,0.0,0.0,0.0,0.0,0.0,0.0,0.0,10.0,,tree cover
5713,121,0.974,0.686,0.0,0.314,0.0,0.0,0.0,0.0,0.0,0.0,0.0,10.0,,tree cover
5824,121,0.974,0.1405,0.0,0.8595,0.0,0.0,0.0,0.0,0.0,0.0,0.0,30.0,,grassland
5935,121,0.974,0.7934,0.0,0.2066,0.0,0.0,0.0,0.0,0.0,0.0,0.0,10.0,,tree cover
6046,121,0.974,1.0,0.0,0.0,0.0,0.0,0.0,0.0,0.0,0.0,0.0,10.0,,tree cover
6157,112,0.902,1.0,0.0,0.0,0.0,0.0,0.0,0.0,0.0,0.0,0.0,10.0,,tree cover
6268,121,0.974,1.0,0.0,0.0,0.0,0.0,0.0,0.0,0.0,0.0,0.0,10.0,,tree cover
6379,121,0.974,1.0,0.0,0.0,0.0,0.0,0.0,0.0,0.0,0.0,0.0,10.0,,tree cover
6490,121,0.974,1.0,0.0,0.0,0.0,0.0,0.0,0.0,0.0,0.0,0.0,10.0,,tree cover
6601,121,0.974,1.0,0.0,0.0,0.0,0.0,0.0,0.0,0.0,0.0,0.0,10.0,,tree cover
6823,121,0.974,0.9421,0.0,0.0579,0.0,0.0,0.0,0.0,0.0,0.0,0.0,10.0,,tree cover
6934,121,0.974,0.1818,0.0,0.8182,0.0,0.0,0.0,0.0,0.0,0.0,0.0,30.0,,grassland
7045,132,1.0,0.5379,0.0,0.4621,0.0,0.0,0.0,0.0,0.0,0.0,0.0,10.0,,tree cover
7156,121,0.974,0.5372,0.0,0.2562,0.0744,0.0,0.1322,0.0,0.0,0.0,0.0,10.0,,tree cover
7267,121,0.974,0.8843,0.0,0.0,0.0413,0.0744,0.0,0.0,0.0,0.0,0.0,10.0,,tree cover
7378,115,0.926,1.0,0.0,0.0,0.0,0.0,0.0,0.0,0.0,0.0,0.0,10.0,,tree cover
7489,110,0.886,1.0,0.0,0.0,0.0,0.0,0.0,0.0,0.0,0.0,0.0,10.0,,tree cover
7600,118,0.95,1.0,0.0,0.0,0.0,0.0,0.0,0.0,0.0,0.0,0.0,10.0,,tree cover
7711,121,0.974,1.0,0.0,0.0,0.0,0.0,0.0,0.0,0.0,0.0,0.0,10.0,,tree cover
7822,131,1.0,1.0,0.0,0.0,0.0,0.0,0.0,0.0,0.0,0.0,0.0,10.0,,tree cover
7933,122,0.982,1.0,0.0,0.0,0.0,0.0,0.0,0.0,0.0,0.0,0.0,10.0,,tree cover
8044,121,0.974,1.0,0.0,0.0,0.0,0.0,0.0,0.0,0.0,0.0,0.0,10.0,,tree cover
8266,121,0.974,1.0,0.0,0.0,0.0,0.0,0.0,0.0,0.0,0.0,0.0,10.0,,tree cover
8377,121,0.974,1.0,0.0,0.0,0.0,0.0,0.0,0.0,0.0,0.0,0.0,10.0,,tree cover
8488,121,0.974,1.0,0.0,0.0,0.0,0.0,0.0,0.0,0.0,0.0,0.0,10.0,,tree cover
8599,128,1.0,1.0,0.0,0.0,0.0,0.0,0.0,0.0,0.0,0.0,0.0,10.0,,tree cover
8710,112,0.902,1.0,0.0,0.0,0.0,0.0,0.0,0.0,0.0,0.0,0.0,10.0,,tree cover
8821,114,0.918,1.0,0.0,0.0,0.0,0.0,0.0,0.0,0.0,0.0,0.0,10.0,,tree cover
8932,121,0.974,0.9256,0.0,0.0744,0.0,0.0,0.0,0.0,0.0,0.0,0.0,10.0,,tree cover
9043,121,0.974,1.0,0.0,0.0,0.0,0.0,0.0,0.0,0.0,0.0,0.0,10.0,,tree cover
9154,121,0.974,1.0,0.0,0.0,0.0,0.0,0.0,0.0,0.0,0.0,0.0,10.0,,tree cover
9265,121,0.974,1.0,0.0,0.0,0.0,0.0,0.0,0.0,0.0,0.0,0.0,10.0,,tree cover
9376,128,1.0,1.0,0.0,0.0,0.0,0.0,0.0,0.0,0.0,0.0,0.0,10.0,,tree cover
9487,125,1.0,1.0,0.0,0.0,0.0,0.0,0.0,0.0,0.0,0.0,0.0,10.0,,tree cover
9598,121,0.974,1.0,0.0,0.0,0.0,0.0,0.0,0.0,0.0,0.0,0.0,10.0,,tree cover
9709,121,0.974,1.0,0.0,0.0,0.0,0.0,0.0,0.0,0.0,0.0,0.0,10.0,,tree cover
9820,121,0.974,1.0,0.0,0.0,0.0,0.0,0.0,0.0,0.0,0.0,0.0,10.0,,tree cover
9931,114,0.918,1.0,0.0,0.0,0.0,0.0,0.0,0.0,0.0,0.0,0.0,10.0,,tree cover
10042,110,0.886,1.0,0.0,0.0,0.0,0.0,0.0,0.0,0.0,0.0,0.0,10.0,,tree cover
10153,123,0.99,1.0,0.0,0.0,0.0,0.0,0.0,0.0,0.0,0.0,0.0,10.0,,tree cover
10264,128,1.0,1.0,0.0,0.0,0.0,0.0,0.0,0.0,0.0,0.0,0.0,10.0,,tree cover
10375,121,0.974,1.0,0.0,0.0,0.0,0.0,0.0,0.0,0.0,0.0,0.0,10.0,,tree cover
10486,121,0.974,1.0,0.0,0.0,0.0,0.0,0.0,0.0,0.0,0.0,0.0,10.0,,tree cover
10597,121,0.974,1.0,0.0,0.0,0.0,0.0,0.0,0.0,0.0,0.0,0.0,10.0,,tree cover
10708,121,0.974,1.0,0.0,0.0,0.0,0.0,0.0,0.0,0.0,0.0,0.0,10.0,,tree cover
10819,121,0.974,1.0,0.0,0.0,0.0,0.0,0.0,0.0,0.0,0.0,0.0,10.0,,tree cover
10930,124,0.998,1.0,0.0,0.0,0.0,0.0,0.0,0.0,0.0,0.0,0.0,10.0,,tree cover
11041,129,1.0,1.0,0.0,0.0,0.0,0.0,0.0,0.0,0.0,0.0,0.0,10.0,,tree cover
11152,120,0.966,1.0,0.0,0.0,0.0,0.0,0.0,0.0,0.0,0.0,0.0,10.0,,tree cover
11263,110,0.886,1.0,0.0,0.0,0.0,0.0,0.0,0.0,0.0,0.0,0.0,10.0,,tree cover
11374,114,0.918,1.0,0.0,0.0,0.0,0.0,0.0,0.0,0.0,0.0,0.0,10.0,,tree cover
11485,121,0.974,1.0,0.0,0.0,0.0,0.0,0.0,0.0,0.0,0.0,0.0,10.0,,tree cover
11596,121,0.974,1.0,0.0,0.0,0.0,0.0,0.0,0.0,0.0,0.0,0.0,10.0,,tree cover
11707,122,0.982,1.0,0.0,0.0,0.0,0.0,0.0,0.0,0.0,0.0,0.0,10.0,,tree cover
11818,131,1.0,1.0,0.0,0.0,0.0,0.0,0.0,0.0,0.0,0.0,0.0,10.0,,tree cover
11929,121,0.974,1.0,0.0,0.0,0.0,0.0,0.0,0.0,0.0,0.0,0.0,10.0,,tree cover
12040,121,0.974,1.0,0.0,0.0,0.0,0.0,0.0,0.0,0.0,0.0,0.0,10.0,,tree cover
12151,121,0.974,1.0,0.0,0.0,0.0,0.0,0.0,0.0,0.0,0.0,0.0,10.0,,tree cover
12262,121,0.974,1.0,0.0,0.0,0.0,0.0,0.0,0.0,0.0,0.0,0.0,10.0,,tree cover
12373,121,0.974,1.0,0.0,0.0,0.0,0.0,0.0,0.0,0.0,0.0,0.0,10.0,,tree cover
12484,116,0.934,1.0,0.0,0.0,0.0,0.0,0.0,0.0,0.0,0.0,0.0,10.0,,tree cover
12595,120,0.966,1.0,0.0,0.0,0.0,0.0,0.0,0.0,0.0,0.0,0.0,10.0,,tree cover
12706,118,0.95,1.0,0.0,0.0,0.0,0.0,0.0,0.0,0.0,0.0,0.0,10.0,,tree cover
12817,121,0.974,1.0,0.0,0.0,0.0,0.0,0.0,0.0,0.0,0.0,0.0,10.0,,tree cover
12928,121,0.974,1.0,0.0,0.0,0.0,0.0,0.0,0.0,0.0,0.0,0.0,10.0,,tree cover
13039,121,0.974,1.0,0.0,0.0,0.0,0.0,0.0,0.0,0.0,0.0,0.0,10.0,,tree cover
13150,121,0.974,1.0,0.0,0.0,0.0,0.0,0.0,0.0,0.0,0.0,0.0,10.0,,tree cover
13261,121,0.974,1.0,0.0,0.0,0.0,0.0,0.0,0.0,0.0,0.0,0.0,10.0,,tree cover
13372,132,1.0,1.0,0.0,0.0,0.0,0.0,0.0,0.0,0.0,0.0,0.0,10.0,,tree cover
13483,121,0.974,1.0,0.0,0.0,0.0,0.0,0.0,0.0,0.0,0.0,0.0,10.0,,tree cover
13594,121,0.974,0.9835,0.0,0.0165,0.0,0.0,0.0,0.0,0.0,0.0,0.0,10.0,,tree cover
13705,121,0.974,0.9835,0.0,0.0165,0.0,0.0,0.0,0.0,0.0,0.0,0.0,10.0,,tree cover
13816,112,0.902,1.0,0.0,0.0,0.0,0.0,0.0,0.0,0.0,0.0,0.0,10.0,,tree cover
13927,110,0.886,1.0,0.0,0.0,0.0,0.0,0.0,0.0,0.0,0.0,0.0,10.0,,tree cover
14038,121,0.974,0.9669,0.0,0.0331,0.0,0.0,0.0,0.0,0.0,0.0,0.0,10.0,,tree cover
14149,132,1.0,1.0,0.0,0.0,0.0,0.0,0.0,0.0,0.0,0.0,0.0,10.0,,tree cover
14260,121,0.974,1.0,0.0,0.0,0.0,0.0,0.0,0.0,0.0,0.0,0.0,10.0,,tree cover
14371,121,0.974,0.9917,0.0,0.0083,0.0,0.0,0.0,0.0,0.0,0.0,0.0,10.0,,tree cover
719,126,1.0,0.4286,0.0,0.3175,0.1984,0.0,0.0,0.0556,0.0,0.0,0.0,10.0,,tree cover
830,121,0.974,0.4876,0.0,0.4793,0.0248,0.0083,0.0,0.0,0.0,0.0,0.0,10.0,,tree cover
941,118,0.95,0.3475,0.0,0.1525,0.0,0.5,0.0,0.0,0.0,0.0,0.0,50.0,ground_built_up,built-up
1385,124,0.998,0.0403,0.0,0.0,0.0,0.9355,0.0242,0.0,0.0,0.0,0.0,50.0,ground_built_up,built-up
1607,121,0.974,0.0826,0.0,0.0,0.0,0.9174,0.0,0.0,0.0,0.0,0.0,50.0,ground_built_up,built-up
1718,121,0.974,0.2231,0.0,0.0,0.0,0.7769,0.0,0.0,0.0,0.0,0.0,50.0,ground_built_up,built-up
1940,121,0.974,0.1157,0.0,0.0,0.0,0.8843,0.0,0.0,0.0,0.0,0.0,50.0,ground_built_up,built-up
2051,121,0.974,0.2893,0.0,0.2645,0.0,0.4463,0.0,0.0,0.0,0.0,0.0,50.0,,built-up
2273,119,0.958,0.0336,0.0,0.1513,0.0,0.8151,0.0,0.0,0.0,0.0,0.0,50.0,ground_built_up,built-up
2495,121,0.974,0.7769,0.0,0.1653,0.0,0.0579,0.0,0.0,0.0,0.0,0.0,10.0,,tree cover
2606,121,0.974,0.5785,0.0,0.3388,0.0,0.0826,0.0,0.0,0.0,0.0,0.0,10.0,,tree cover
2717,121,0.974,0.3967,0.0,0.6033,0.0,0.0,0.0,0.0,0.0,0.0,0.0,30.0,,grassland
2828,121,0.974,0.8926,0.0,0.0,0.0,0.1074,0.0,0.0,0.0,0.0,0.0,10.0,,tree cover
2939,121,0.974,0.4545,0.0,0.0,0.0,0.5455,0.0,0.0,0.0,0.0,0.0,50.0,ground_built_up,built-up
3050,132,1.0,0.2348,0.0,0.1364,0.0,0.6288,0.0,0.0,0.0,0.0,0.0,50.0,ground_built_up,built-up
3272,121,0.974,0.6612,0.0,0.0413,0.1074,0.1901,0.0,0.0,0.0,0.0,0.0,10.0,,tree cover
3494,110,0.886,0.0364,0.0,0.3727,0.0,0.5909,0.0,0.0,0.0,0.0,0.0,50.0,ground_built_up,built-up
3605,113,0.91,0.8407,0.0,0.0973,0.0619,0.0,0.0,0.0,0.0,0.0,0.0,10.0,,tree cover
3716,121,0.974,0.9421,0.0,0.0579,0.0,0.0,0.0,0.0,0.0,0.0,0.0,10.0,,tree cover
3938,121,0.974,0.9091,0.0,0.0,0.0,0.0909,0.0,0.0,0.0,0.0,0.0,10.0,,tree cover
4160,121,0.974,0.4959,0.0,0.0,0.0,0.5041,0.0,0.0,0.0,0.0,0.0,50.0,ground_built_up,built-up
4271,121,0.974,0.9174,0.0,0.0165,0.0083,0.0579,0.0,0.0,0.0,0.0,0.0,10.0,,tree cover
4493,121,0.974,0.9421,0.0,0.0,0.0,0.0579,0.0,0.0,0.0,0.0,0.0,10.0,,tree cover
4604,132,1.0,0.5152,0.0,0.3258,0.0,0.1515,0.0076,0.0,0.0,0.0,0.0,10.0,,tree cover
4715,111,0.894,0.6036,0.0,0.2072,0.0,0.0811,0.1081,0.0,0.0,0.0,0.0,10.0,,tree cover
4826,111,0.894,0.6577,0.0,0.0721,0.0,0.0,0.2703,0.0,0.0,0.0,0.0,10.0,,tree cover
4937,121,0.974,0.4711,0.0,0.1074,0.0,0.0,0.4215,0.0,0.0,0.0,0.0,10.0,,tree cover
5048,121,0.974,0.1322,0.0,0.2231,0.0,0.0,0.6364,0.0083,0.0,0.0,0.0,60.0,ground_bare,bare or sparse vegetation
5159,121,0.974,0.6529,0.0,0.2975,0.0,0.0,0.0496,0.0,0.0,0.0,0.0,10.0,,tree cover
5270,121,0.974,0.9669,0.0,0.0331,0.0,0.0,0.0,0.0,0.0,0.0,0.0,10.0,,tree cover
5381,131,1.0,0.7099,0.0,0.2901,0.0,0.0,0.0,0.0,0.0,0.0,0.0,10.0,,tree cover
5492,122,0.982,0.7213,0.0,0.2787,0.0,0.0,0.0,0.0,0.0,0.0,0.0,10.0,,tree cover
5603,121,0.974,0.9174,0.0,0.0826,0.0,0.0,0.0,0.0,0.0,0.0,0.0,10.0,,tree cover
5714,121,0.974,0.4959,0.0,0.5041,0.0,0.0,0.0,0.0,0.0,0.0,0.0,30.0,,grassland
5825,121,0.974,0.7934,0.0,0.2066,0.0,0.0,0.0,0.0,0.0,0.0,0.0,10.0,,tree cover
5936,115,0.926,1.0,0.0,0.0,0.0,0.0,0.0,0.0,0.0,0.0,0.0,10.0,,tree cover
6047,110,0.886,1.0,0.0,0.0,0.0,0.0,0.0,0.0,0.0,0.0,0.0,10.0,,tree cover
6269,124,0.998,1.0,0.0,0.0,0.0,0.0,0.0,0.0,0.0,0.0,0.0,10.0,,tree cover
6380,121,0.974,1.0,0.0,0.0,0.0,0.0,0.0,0.0,0.0,0.0,0.0,10.0,,tree cover
6491,121,0.974,1.0,0.0,0.0,0.0,0.0,0.0,0.0,0.0,0.0,0.0,10.0,,tree cover
6602,121,0.974,1.0,0.0,0.0,0.0,0.0,0.0,0.0,0.0,0.0,0.0,10.0,,tree cover
6713,121,0.974,1.0,0.0,0.0,0.0,0.0,0.0,0.0,0.0,0.0,0.0,10.0,,tree cover
6824,121,0.974,0.9008,0.0,0.0992,0.0,0.0,0.0,0.0,0.0,0.0,0.0,10.0,,tree cover
6935,127,1.0,0.7559,0.0,0.2441,0.0,0.0,0.0,0.0,0.0,0.0,0.0,10.0,,tree cover
7046,126,1.0,0.8651,0.0,0.0317,0.0,0.0,0.1032,0.0,0.0,0.0,0.0,10.0,,tree cover
7157,118,0.95,0.0339,0.0,0.0254,0.0,0.0085,0.9322,0.0,0.0,0.0,0.0,60.0,ground_bare,bare or sparse vegetation
7268,110,0.886,0.6273,0.0,0.0,0.1091,0.0364,0.2273,0.0,0.0,0.0,0.0,10.0,,tree cover
7379,116,0.934,0.9741,0.0,0.0,0.0,0.0259,0.0,0.0,0.0,0.0,0.0,10.0,,tree cover
7490,121,0.974,1.0,0.0,0.0,0.0,0.0,0.0,0.0,0.0,0.0,0.0,10.0,,tree cover
7601,121,0.974,1.0,0.0,0.0,0.0,0.0,0.0,0.0,0.0,0.0,0.0,10.0,,tree cover
7712,125,1.0,1.0,0.0,0.0,0.0,0.0,0.0,0.0,0.0,0.0,0.0,10.0,,tree cover
7823,128,1.0,1.0,0.0,0.0,0.0,0.0,0.0,0.0,0.0,0.0,0.0,10.0,,tree cover
7934,121,0.974,1.0,0.0,0.0,0.0,0.0,0.0,0.0,0.0,0.0,0.0,10.0,,tree cover
8045,121,0.974,1.0,0.0,0.0,0.0,0.0,0.0,0.0,0.0,0.0,0.0,10.0,,tree cover
8156,121,0.974,1.0,0.0,0.0,0.0,0.0,0.0,0.0,0.0,0.0,0.0,10.0,,tree cover
8267,121,0.974,1.0,0.0,0.0,0.0,0.0,0.0,0.0,0.0,0.0,0.0,10.0,,tree cover
8489,114,0.918,1.0,0.0,0.0,0.0,0.0,0.0,0.0,0.0,0.0,0.0,10.0,,tree cover
8600,120,0.966,1.0,0.0,0.0,0.0,0.0,0.0,0.0,0.0,0.0,0.0,10.0,,tree cover
8711,121,0.974,1.0,0.0,0.0,0.0,0.0,0.0,0.0,0.0,0.0,0.0,10.0,,tree cover
8822,121,0.974,1.0,0.0,0.0,0.0,0.0,0.0,0.0,0.0,0.0,0.0,10.0,,tree cover
9044,121,0.974,1.0,0.0,0.0,0.0,0.0,0.0,0.0,0.0,0.0,0.0,10.0,,tree cover
9155,121,0.974,1.0,0.0,0.0,0.0,0.0,0.0,0.0,0.0,0.0,0.0,10.0,,tree cover
9377,131,1.0,1.0,0.0,0.0,0.0,0.0,0.0,0.0,0.0,0.0,0.0,10.0,,tree cover
9488,121,0.974,1.0,0.0,0.0,0.0,0.0,0.0,0.0,0.0,0.0,0.0,10.0,,tree cover
9599,121,0.974,1.0,0.0,0.0,0.0,0.0,0.0,0.0,0.0,0.0,0.0,10.0,,tree cover
9710,116,0.934,1.0,0.0,0.0,0.0,0.0,0.0,0.0,0.0,0.0,0.0,10.0,,tree cover
9821,110,0.886,1.0,0.0,0.0,0.0,0.0,0.0,0.0,0.0,0.0,0.0,10.0,,tree cover
9932,117,0.942,1.0,0.0,0.0,0.0,0.0,0.0,0.0,0.0,0.0,0.0,10.0,,tree cover
10043,121,0.974,1.0,0.0,0.0,0.0,0.0,0.0,0.0,0.0,0.0,0.0,10.0,,tree cover
10154,132,1.0,1.0,0.0,0.0,0.0,0.0,0.0,0.0,0.0,0.0,0.0,10.0,,tree cover
10265,121,0.974,1.0,0.0,0.0,0.0,0.0,0.0,0.0,0.0,0.0,0.0,10.0,,tree cover
10376,121,0.974,1.0,0.0,0.0,0.0,0.0,0.0,0.0,0.0,0.0,0.0,10.0,,tree cover
10487,121,0.974,1.0,0.0,0.0,0.0,0.0,0.0,0.0,0.0,0.0,0.0,10.0,,tree cover
10598,121,0.974,1.0,0.0,0.0,0.0,0.0,0.0,0.0,0.0,0.0,0.0,10.0,,tree cover
10709,121,0.974,1.0,0.0,0.0,0.0,0.0,0.0,0.0,0.0,0.0,0.0,10.0,,tree cover
10820,121,0.974,1.0,0.0,0.0,0.0,0.0,0.0,0.0,0.0,0.0,0.0,10.0,,tree cover
11042,111,0.894,1.0,0.0,0.0,0.0,0.0,0.0,0.0,0.0,0.0,0.0,10.0,,tree cover
11153,111,0.894,1.0,0.0,0.0,0.0,0.0,0.0,0.0,0.0,0.0,0.0,10.0,,tree cover
11264,121,0.974,1.0,0.0,0.0,0.0,0.0,0.0,0.0,0.0,0.0,0.0,10.0,,tree cover
11375,121,0.974,1.0,0.0,0.0,0.0,0.0,0.0,0.0,0.0,0.0,0.0,10.0,,tree cover
11486,121,0.974,1.0,0.0,0.0,0.0,0.0,0.0,0.0,0.0,0.0,0.0,10.0,,tree cover
11597,121,0.974,1.0,0.0,0.0,0.0,0.0,0.0,0.0,0.0,0.0,0.0,10.0,,tree cover
11708,132,1.0,1.0,0.0,0.0,0.0,0.0,0.0,0.0,0.0,0.0,0.0,10.0,,tree cover
11819,121,0.974,1.0,0.0,0.0,0.0,0.0,0.0,0.0,0.0,0.0,0.0,10.0,,tree cover
11930,121,0.974,1.0,0.0,0.0,0.0,0.0,0.0,0.0,0.0,0.0,0.0,10.0,,tree cover
12041,121,0.974,1.0,0.0,0.0,0.0,0.0,0.0,0.0,0.0,0.0,0.0,10.0,,tree cover
12152,121,0.974,1.0,0.0,0.0,0.0,0.0,0.0,0.0,0.0,0.0,0.0,10.0,,tree cover
12263,118,0.95,1.0,0.0,0.0,0.0,0.0,0.0,0.0,0.0,0.0,0.0,10.0,,tree cover
12374,110,0.886,1.0,0.0,0.0,0.0,0.0,0.0,0.0,0.0,0.0,0.0,10.0,,tree cover
12485,125,1.0,1.0,0.0,0.0,0.0,0.0,0.0,0.0,0.0,0.0,0.0,10.0,,tree cover
12596,122,0.982,1.0,0.0,0.0,0.0,0.0,0.0,0.0,0.0,0.0,0.0,10.0,,tree cover
12707,121,0.974,1.0,0.0,0.0,0.0,0.0,0.0,0.0,0.0,0.0,0.0,10.0,,tree cover
12818,121,0.974,1.0,0.0,0.0,0.0,0.0,0.0,0.0,0.0,0.0,0.0,10.0,,tree cover
12929,121,0.974,0.9917,0.0,0.0,0.0083,0.0,0.0,0.0,0.0,0.0,0.0,10.0,,tree cover
13040,121,0.974,1.0,0.0,0.0,0.0,0.0,0.0,0.0,0.0,0.0,0.0,10.0,,tree cover
13151,121,0.974,1.0,0.0,0.0,0.0,0.0,0.0,0.0,0.0,0.0,0.0,10.0,,tree cover
13262,130,1.0,1.0,0.0,0.0,0.0,0.0,0.0,0.0,0.0,0.0,0.0,10.0,,tree cover
13373,123,0.99,1.0,0.0,0.0,0.0,0.0,0.0,0.0,0.0,0.0,0.0,10.0,,tree cover
13484,121,0.974,1.0,0.0,0.0,0.0,0.0,0.0,0.0,0.0,0.0,0.0,10.0,,tree cover
13595,114,0.918,1.0,0.0,0.0,0.0,0.0,0.0,0.0,0.0,0.0,0.0,10.0,,tree cover
13706,110,0.886,1.0,0.0,0.0,0.0,0.0,0.0,0.0,0.0,0.0,0.0,10.0,,tree cover
13817,119,0.958,1.0,0.0,0.0,0.0,0.0,0.0,0.0,0.0,0.0,0.0,10.0,,tree cover
13928,121,0.974,1.0,0.0,0.0,0.0,0.0,0.0,0.0,0.0,0.0,0.0,10.0,,tree cover
14039,128,1.0,0.9531,0.0,0.0469,0.0,0.0,0.0,0.0,0.0,0.0,0.0,10.0,,tree cover
14150,125,1.0,1.0,0.0,0.0,0.0,0.0,0.0,0.0,0.0,0.0,0.0,10.0,,tree cover
14261,121,0.974,0.7769,0.0,0.2231,0.0,0.0,0.0,0.0,0.0,0.0,0.0,10.0,,tree cover
14372,121,0.974,0.7934,0.0,0.2066,0.0,0.0,0.0,0.0,0.0,0.0,0.0,10.0,,tree cover
720,121,0.974,0.3471,0.0,0.3719,0.2727,0.0,0.0,0.0083,0.0,0.0,0.0,30.0,,grassland
831,110,0.886,0.2182,0.0,0.6727,0.1091,0.0,0.0,0.0,0.0,0.0,0.0,30.0,,grassland
942,113,0.91,0.8938,0.0,0.0,0.0,0.1062,0.0,0.0,0.0,0.0,0.0,10.0,,tree cover
1053,121,0.974,0.2231,0.0,0.0,0.0,0.7769,0.0,0.0,0.0,0.0,0.0,50.0,ground_built_up,built-up
1275,121,0.974,0.0,0.0,0.0,0.0,1.0,0.0,0.0,0.0,0.0,0.0,50.0,ground_built_up,built-up
1608,121,0.974,0.0992,0.0,0.0248,0.0,0.876,0.0,0.0,0.0,0.0,0.0,50.0,ground_built_up,built-up
1719,121,0.974,0.1322,0.0,0.0248,0.0,0.843,0.0,0.0,0.0,0.0,0.0,50.0,ground_built_up,built-up
1830,121,0.974,0.0661,0.0,0.3802,0.0,0.5537,0.0,0.0,0.0,0.0,0.0,50.0,ground_built_up,built-up
2052,111,0.894,0.2162,0.0,0.0721,0.0,0.7117,0.0,0.0,0.0,0.0,0.0,50.0,ground_built_up,built-up
2163,122,0.982,0.1885,0.0,0.0902,0.0,0.7213,0.0,0.0,0.0,0.0,0.0,50.0,ground_built_up,built-up
2274,121,0.974,0.3471,0.0,0.3471,0.0,0.3058,0.0,0.0,0.0,0.0,0.0,10.0,,tree cover
2496,121,0.974,0.6612,0.0,0.0,0.0,0.3388,0.0,0.0,0.0,0.0,0.0,10.0,,tree cover
2718,121,0.974,0.6116,0.0,0.0,0.0,0.3884,0.0,0.0,0.0,0.0,0.0,10.0,,tree cover
3162,121,0.974,0.0083,0.0,0.0,0.0,0.9917,0.0,0.0,0.0,0.0,0.0,50.0,ground_built_up,built-up
3273,112,0.902,0.2857,0.0,0.0,0.0,0.7143,0.0,0.0,0.0,0.0,0.0,50.0,ground_built_up,built-up
3384,110,0.886,0.1818,0.0,0.0,0.0,0.8182,0.0,0.0,0.0,0.0,0.0,50.0,ground_built_up,built-up
3495,121,0.974,0.157,0.0,0.2479,0.2314,0.3636,0.0,0.0,0.0,0.0,0.0,50.0,,built-up
3606,121,0.974,0.7934,0.0,0.0,0.1736,0.0331,0.0,0.0,0.0,0.0,0.0,10.0,,tree cover
3717,129,1.0,0.9845,0.0,0.0,0.0,0.0155,0.0,0.0,0.0,0.0,0.0,10.0,,tree cover
3828,124,0.998,0.9919,0.0,0.0081,0.0,0.0,0.0,0.0,0.0,0.0,0.0,10.0,,tree cover
3939,121,0.974,0.562,0.0,0.3306,0.0,0.1074,0.0,0.0,0.0,0.0,0.0,10.0,,tree cover
4161,121,0.974,1.0,0.0,0.0,0.0,0.0,0.0,0.0,0.0,0.0,0.0,10.0,,tree cover
4272,121,0.974,0.8595,0.0,0.0,0.0,0.1405,0.0,0.0,0.0,0.0,0.0,10.0,,tree cover
4383,121,0.974,1.0,0.0,0.0,0.0,0.0,0.0,0.0,0.0,0.0,0.0,10.0,,tree cover
4494,121,0.974,1.0,0.0,0.0,0.0,0.0,0.0,0.0,0.0,0.0,0.0,10.0,,tree cover
4605,114,0.918,0.8684,0.0,0.0526,0.0,0.0,0.0789,0.0,0.0,0.0,0.0,10.0,,tree cover
4716,120,0.966,0.3333,0.0,0.2833,0.0,0.0,0.3833,0.0,0.0,0.0,0.0,60.0,,bare or sparse vegetation
4827,121,0.974,0.4545,0.0,0.0579,0.0,0.0,0.4876,0.0,0.0,0.0,0.0,60.0,,bare or sparse vegetation
4938,121,0.974,0.5124,0.0,0.0661,0.0,0.0,0.2066,0.2149,0.0,0.0,0.0,10.0,,tree cover
5049,121,0.974,0.8182,0.0,0.1818,0.0,0.0,0.0,0.0,0.0,0.0,0.0,10.0,,tree cover
5160,121,0.974,0.8843,0.0,0.1157,0.0,0.0,0.0,0.0,0.0,0.0,0.0,10.0,,tree cover
5271,125,1.0,0.576,0.0,0.424,0.0,0.0,0.0,0.0,0.0,0.0,0.0,10.0,,tree cover
5382,128,1.0,0.6875,0.0,0.3125,0.0,0.0,0.0,0.0,0.0,0.0,0.0,10.0,,tree cover
5493,121,0.974,0.8182,0.0,0.1818,0.0,0.0,0.0,0.0,0.0,0.0,0.0,10.0,,tree cover
5604,121,0.974,0.8926,0.0,0.1074,0.0,0.0,0.0,0.0,0.0,0.0,0.0,10.0,,tree cover
5715,117,0.942,1.0,0.0,0.0,0.0,0.0,0.0,0.0,0.0,0.0,0.0,10.0,,tree cover
5826,110,0.886,1.0,0.0,0.0,0.0,0.0,0.0,0.0,0.0,0.0,0.0,10.0,,tree cover
5937,116,0.934,1.0,0.0,0.0,0.0,0.0,0.0,0.0,0.0,0.0,0.0,10.0,,tree cover
6048,123,0.99,1.0,0.0,0.0,0.0,0.0,0.0,0.0,0.0,0.0,0.0,10.0,,tree cover
6159,130,1.0,1.0,0.0,0.0,0.0,0.0,0.0,0.0,0.0,0.0,0.0,10.0,,tree cover
6270,121,0.974,1.0,0.0,0.0,0.0,0.0,0.0,0.0,0.0,0.0,0.0,10.0,,tree cover
6381,121,0.974,1.0,0.0,0.0,0.0,0.0,0.0,0.0,0.0,0.0,0.0,10.0,,tree cover
6492,121,0.974,1.0,0.0,0.0,0.0,0.0,0.0,0.0,0.0,0.0,0.0,10.0,,tree cover
6603,121,0.974,1.0,0.0,0.0,0.0,0.0,0.0,0.0,0.0,0.0,0.0,10.0,,tree cover
6714,121,0.974,1.0,0.0,0.0,0.0,0.0,0.0,0.0,0.0,0.0,0.0,10.0,,tree cover
6825,121,0.974,0.5289,0.0,0.4711,0.0,0.0,0.0,0.0,0.0,0.0,0.0,10.0,,tree cover
6936,131,1.0,0.8092,0.0,0.1908,0.0,0.0,0.0,0.0,0.0,0.0,0.0,10.0,,tree cover
7047,110,0.886,0.2455,0.0,0.3818,0.0,0.0,0.3727,0.0,0.0,0.0,0.0,30.0,,grassland
7158,113,0.91,0.0,0.0,0.0,0.0,0.0,1.0,0.0,0.0,0.0,0.0,60.0,ground_bare,bare or sparse vegetation
7269,121,0.974,0.4793,0.0,0.0,0.0992,0.0083,0.4132,0.0,0.0,0.0,0.0,10.0,,tree cover
7380,121,0.974,0.9587,0.0,0.0248,0.0,0.0165,0.0,0.0,0.0,0.0,0.0,10.0,,tree cover
7491,121,0.974,0.9669,0.0,0.0,0.0,0.0331,0.0,0.0,0.0,0.0,0.0,10.0,,tree cover
7602,121,0.974,1.0,0.0,0.0,0.0,0.0,0.0,0.0,0.0,0.0,0.0,10.0,,tree cover
7713,132,1.0,1.0,0.0,0.0,0.0,0.0,0.0,0.0,0.0,0.0,0.0,10.0,,tree cover
7824,121,0.974,1.0,0.0,0.0,0.0,0.0,0.0,0.0,0.0,0.0,0.0,10.0,,tree cover
7935,121,0.974,1.0,0.0,0.0,0.0,0.0,0.0,0.0,0.0,0.0,0.0,10.0,,tree cover
8046,121,0.974,1.0,0.0,0.0,0.0,0.0,0.0,0.0,0.0,0.0,0.0,10.0,,tree cover
8157,121,0.974,1.0,0.0,0.0,0.0,0.0,0.0,0.0,0.0,0.0,0.0,10.0,,tree cover
8268,114,0.918,1.0,0.0,0.0,0.0,0.0,0.0,0.0,0.0,0.0,0.0,10.0,,tree cover
8379,110,0.886,1.0,0.0,0.0,0.0,0.0,0.0,0.0,0.0,0.0,0.0,10.0,,tree cover
8490,130,1.0,1.0,0.0,0.0,0.0,0.0,0.0,0.0,0.0,0.0,0.0,10.0,,tree cover
8601,121,0.974,1.0,0.0,0.0,0.0,0.0,0.0,0.0,0.0,0.0,0.0,10.0,,tree cover
8712,121,0.974,1.0,0.0,0.0,0.0,0.0,0.0,0.0,0.0,0.0,0.0,10.0,,tree cover
8934,121,0.974,1.0,0.0,0.0,0.0,0.0,0.0,0.0,0.0,0.0,0.0,10.0,,tree cover
9045,121,0.974,1.0,0.0,0.0,0.0,0.0,0.0,0.0,0.0,0.0,0.0,10.0,,tree cover
9156,121,0.974,1.0,0.0,0.0,0.0,0.0,0.0,0.0,0.0,0.0,0.0,10.0,,tree cover
9267,132,1.0,1.0,0.0,0.0,0.0,0.0,0.0,0.0,0.0,0.0,0.0,10.0,,tree cover
9378,121,0.974,1.0,0.0,0.0,0.0,0.0,0.0,0.0,0.0,0.0,0.0,10.0,,tree cover
9489,118,0.95,1.0,0.0,0.0,0.0,0.0,0.0,0.0,0.0,0.0,0.0,10.0,,tree cover
9600,110,0.886,1.0,0.0,0.0,0.0,0.0,0.0,0.0,0.0,0.0,0.0,10.0,,tree cover
9711,115,0.926,1.0,0.0,0.0,0.0,0.0,0.0,0.0,0.0,0.0,0.0,10.0,,tree cover
9822,121,0.974,1.0,0.0,0.0,0.0,0.0,0.0,0.0,0.0,0.0,0.0,10.0,,tree cover
9933,121,0.974,1.0,0.0,0.0,0.0,0.0,0.0,0.0,0.0,0.0,0.0,10.0,,tree cover
10044,130,1.0,1.0,0.0,0.0,0.0,0.0,0.0,0.0,0.0,0.0,0.0,10.0,,tree cover
10155,123,0.99,1.0,0.0,0.0,0.0,0.0,0.0,0.0,0.0,0.0,0.0,10.0,,tree cover
10266,121,0.974,1.0,0.0,0.0,0.0,0.0,0.0,0.0,0.0,0.0,0.0,10.0,,tree cover
10377,121,0.974,1.0,0.0,0.0,0.0,0.0,0.0,0.0,0.0,0.0,0.0,10.0,,tree cover
10488,121,0.974,1.0,0.0,0.0,0.0,0.0,0.0,0.0,0.0,0.0,0.0,10.0,,tree cover
10599,121,0.974,1.0,0.0,0.0,0.0,0.0,0.0,0.0,0.0,0.0,0.0,10.0,,tree cover
10710,121,0.974,1.0,0.0,0.0,0.0,0.0,0.0,0.0,0.0,0.0,0.0,10.0,,tree cover
10821,121,0.974,1.0,0.0,0.0,0.0,0.0,0.0,0.0,0.0,0.0,0.0,10.0,,tree cover
10932,113,0.91,1.0,0.0,0.0,0.0,0.0,0.0,0.0,0.0,0.0,0.0,10.0,,tree cover
11043,120,0.966,1.0,0.0,0.0,0.0,0.0,0.0,0.0,0.0,0.0,0.0,10.0,,tree cover
11154,121,0.974,1.0,0.0,0.0,0.0,0.0,0.0,0.0,0.0,0.0,0.0,10.0,,tree cover
11265,121,0.974,1.0,0.0,0.0,0.0,0.0,0.0,0.0,0.0,0.0,0.0,10.0,,tree cover
11376,121,0.974,1.0,0.0,0.0,0.0,0.0,0.0,0.0,0.0,0.0,0.0,10.0,,tree cover
11487,121,0.974,1.0,0.0,0.0,0.0,0.0,0.0,0.0,0.0,0.0,0.0,10.0,,tree cover
11598,127,1.0,1.0,0.0,0.0,0.0,0.0,0.0,0.0,0.0,0.0,0.0,10.0,,tree cover
11820,121,0.974,1.0,0.0,0.0,0.0,0.0,0.0,0.0,0.0,0.0,0.0,10.0,,tree cover
11931,121,0.974,1.0,0.0,0.0,0.0,0.0,0.0,0.0,0.0,0.0,0.0,10.0,,tree cover
12042,120,0.966,1.0,0.0,0.0,0.0,0.0,0.0,0.0,0.0,0.0,0.0,10.0,,tree cover
12153,110,0.886,1.0,0.0,0.0,0.0,0.0,0.0,0.0,0.0,0.0,0.0,10.0,,tree cover
12264,113,0.91,1.0,0.0,0.0,0.0,0.0,0.0,0.0,0.0,0.0,0.0,10.0,,tree cover
12375,125,1.0,1.0,0.0,0.0,0.0,0.0,0.0,0.0,0.0,0.0,0.0,10.0,,tree cover
12486,128,1.0,1.0,0.0,0.0,0.0,0.0,0.0,0.0,0.0,0.0,0.0,10.0,,tree cover
12597,121,0.974,1.0,0.0,0.0,0.0,0.0,0.0,0.0,0.0,0.0,0.0,10.0,,tree cover
12708,121,0.974,1.0,0.0,0.0,0.0,0.0,0.0,0.0,0.0,0.0,0.0,10.0,,tree cover
12819,121,0.974,1.0,0.0,0.0,0.0,0.0,0.0,0.0,0.0,0.0,0.0,10.0,,tree cover
12930,121,0.974,0.9339,0.0,0.0,0.0661,0.0,0.0,0.0,0.0,0.0,0.0,10.0,,tree cover
13041,121,0.974,1.0,0.0,0.0,0.0,0.0,0.0,0.0,0.0,0.0,0.0,10.0,,tree cover
13152,124,0.998,1.0,0.0,0.0,0.0,0.0,0.0,0.0,0.0,0.0,0.0,10.0,,tree cover
13263,129,1.0,1.0,0.0,0.0,0.0,0.0,0.0,0.0,0.0,0.0,0.0,10.0,,tree cover
13374,115,0.926,1.0,0.0,0.0,0.0,0.0,0.0,0.0,0.0,0.0,0.0,10.0,,tree cover
13485,110,0.886,1.0,0.0,0.0,0.0,0.0,0.0,0.0,0.0,0.0,0.0,10.0,,tree cover
13596,117,0.942,1.0,0.0,0.0,0.0,0.0,0.0,0.0,0.0,0.0,0.0,10.0,,tree cover
13707,121,0.974,1.0,0.0,0.0,0.0,0.0,0.0,0.0,0.0,0.0,0.0,10.0,,tree cover
13818,121,0.974,1.0,0.0,0.0,0.0,0.0,0.0,0.0,0.0,0.0,0.0,10.0,,tree cover
13929,121,0.974,1.0,0.0,0.0,0.0,0.0,0.0,0.0,0.0,0.0,0.0,10.0,,tree cover
14040,132,1.0,1.0,0.0,0.0,0.0,0.0,0.0,0.0,0.0,0.0,0.0,10.0,,tree cover
14151,121,0.974,1.0,0.0,0.0,0.0,0.0,0.0,0.0,0.0,0.0,0.0,10.0,,tree cover
14262,121,0.974,0.5207,0.0,0.4793,0.0,0.0,0.0,0.0,0.0,0.0,0.0,10.0,,tree cover
14373,121,0.974,0.0083,0.0,0.9917,0.0,0.0,0.0,0.0,0.0,0.0,0.0,30.0,,grassland
721,110,0.886,0.3545,0.0,0.6364,0.0,0.0,0.0,0.0091,0.0,0.0,0.0,30.0,,grassland
832,121,0.974,0.1074,0.0,0.8926,0.0,0.0,0.0,0.0,0.0,0.0,0.0,30.0,,grassland
943,121,0.974,0.8347,0.0,0.0248,0.0,0.1405,0.0,0.0,0.0,0.0,0.0,10.0,,tree cover
1498,121,0.974,0.4463,0.0,0.0,0.0,0.5537,0.0,0.0,0.0,0.0,0.0,50.0,ground_built_up,built-up
1609,121,0.974,0.405,0.0,0.0661,0.0,0.5289,0.0,0.0,0.0,0.0,0.0,50.0,ground_built_up,built-up
1831,114,0.918,0.2719,0.0,0.0,0.0,0.7281,0.0,0.0,0.0,0.0,0.0,50.0,ground_built_up,built-up
2275,121,0.974,0.7438,0.0,0.0,0.0,0.2562,0.0,0.0,0.0,0.0,0.0,10.0,,tree cover
2497,121,0.974,0.0331,0.0,0.0,0.0,0.9669,0.0,0.0,0.0,0.0,0.0,50.0,ground_built_up,built-up
2608,121,0.974,0.0,0.0,0.0,0.0,1.0,0.0,0.0,0.0,0.0,0.0,50.0,ground_built_up,built-up
2830,126,1.0,0.5317,0.0,0.0,0.0,0.4683,0.0,0.0,0.0,0.0,0.0,10.0,,tree cover
3274,119,0.958,0.9748,0.0,0.0,0.0,0.0252,0.0,0.0,0.0,0.0,0.0,10.0,,tree cover
3829,121,0.974,0.9669,0.0,0.0331,0.0,0.0,0.0,0.0,0.0,0.0,0.0,10.0,,tree cover
3940,121,0.974,0.3388,0.0,0.6612,0.0,0.0,0.0,0.0,0.0,0.0,0.0,30.0,,grassland
4051,121,0.974,0.9174,0.0,0.0826,0.0,0.0,0.0,0.0,0.0,0.0,0.0,10.0,,tree cover
4162,121,0.974,0.9669,0.0,0.0,0.0,0.0331,0.0,0.0,0.0,0.0,0.0,10.0,,tree cover
4384,110,0.886,0.8636,0.0,0.0,0.0,0.1364,0.0,0.0,0.0,0.0,0.0,10.0,,tree cover
4495,127,1.0,1.0,0.0,0.0,0.0,0.0,0.0,0.0,0.0,0.0,0.0,10.0,,tree cover
4606,121,0.974,0.8843,0.0,0.1157,0.0,0.0,0.0,0.0,0.0,0.0,0.0,10.0,,tree cover
4717,121,0.974,0.3719,0.0,0.6033,0.0,0.0,0.0248,0.0,0.0,0.0,0.0,30.0,,grassland
4828,121,0.974,0.0579,0.0,0.7355,0.0,0.0,0.2066,0.0,0.0,0.0,0.0,30.0,,grassland
4939,121,0.974,0.7686,0.0,0.2314,0.0,0.0,0.0,0.0,0.0,0.0,0.0,10.0,,tree cover
5050,121,0.974,0.9421,0.0,0.0579,0.0,0.0,0.0,0.0,0.0,0.0,0.0,10.0,,tree cover
5161,121,0.974,0.4711,0.0,0.5289,0.0,0.0,0.0,0.0,0.0,0.0,0.0,30.0,,grassland
5272,132,1.0,0.75,0.0,0.25,0.0,0.0,0.0,0.0,0.0,0.0,0.0,10.0,,tree cover
5383,121,0.974,0.8926,0.0,0.1074,0.0,0.0,0.0,0.0,0.0,0.0,0.0,10.0,,tree cover
5605,110,0.886,0.9364,0.0,0.0636,0.0,0.0,0.0,0.0,0.0,0.0,0.0,10.0,,tree cover
5716,114,0.918,0.9211,0.0,0.0789,0.0,0.0,0.0,0.0,0.0,0.0,0.0,10.0,,tree cover
5827,121,0.974,1.0,0.0,0.0,0.0,0.0,0.0,0.0,0.0,0.0,0.0,10.0,,tree cover
5938,121,0.974,1.0,0.0,0.0,0.0,0.0,0.0,0.0,0.0,0.0,0.0,10.0,,tree cover
6049,132,1.0,1.0,0.0,0.0,0.0,0.0,0.0,0.0,0.0,0.0,0.0,10.0,,tree cover
6160,121,0.974,1.0,0.0,0.0,0.0,0.0,0.0,0.0,0.0,0.0,0.0,10.0,,tree cover
6271,121,0.974,1.0,0.0,0.0,0.0,0.0,0.0,0.0,0.0,0.0,0.0,10.0,,tree cover
6382,121,0.974,1.0,0.0,0.0,0.0,0.0,0.0,0.0,0.0,0.0,0.0,10.0,,tree cover
6493,121,0.974,1.0,0.0,0.0,0.0,0.0,0.0,0.0,0.0,0.0,0.0,10.0,,tree cover
6604,121,0.974,1.0,0.0,0.0,0.0,0.0,0.0,0.0,0.0,0.0,0.0,10.0,,tree cover
6715,121,0.974,1.0,0.0,0.0,0.0,0.0,0.0,0.0,0.0,0.0,0.0,10.0,,tree cover
6826,123,0.99,0.7805,0.0,0.2195,0.0,0.0,0.0,0.0,0.0,0.0,0.0,10.0,,tree cover
6937,111,0.894,0.7748,0.0,0.1532,0.0,0.0,0.0721,0.0,0.0,0.0,0.0,10.0,,tree cover
7048,121,0.974,0.0,0.0,0.0331,0.0,0.0,0.9669,0.0,0.0,0.0,0.0,60.0,ground_bare,bare or sparse vegetation
7270,121,0.974,0.3636,0.0,0.0,0.1901,0.0,0.4463,0.0,0.0,0.0,0.0,60.0,,bare or sparse vegetation
7381,121,0.974,0.6364,0.0,0.0909,0.0744,0.0579,0.0,0.1405,0.0,0.0,0.0,10.0,,tree cover
7492,121,0.974,0.9256,0.0,0.0,0.0,0.0744,0.0,0.0,0.0,0.0,0.0,10.0,,tree cover
7603,130,1.0,1.0,0.0,0.0,0.0,0.0,0.0,0.0,0.0,0.0,0.0,10.0,,tree cover
7714,123,0.99,1.0,0.0,0.0,0.0,0.0,0.0,0.0,0.0,0.0,0.0,10.0,,tree cover
7825,121,0.974,1.0,0.0,0.0,0.0,0.0,0.0,0.0,0.0,0.0,0.0,10.0,,tree cover
7936,121,0.974,1.0,0.0,0.0,0.0,0.0,0.0,0.0,0.0,0.0,0.0,10.0,,tree cover
8047,116,0.934,1.0,0.0,0.0,0.0,0.0,0.0,0.0,0.0,0.0,0.0,10.0,,tree cover
8158,110,0.886,1.0,0.0,0.0,0.0,0.0,0.0,0.0,0.0,0.0,0.0,10.0,,tree cover
8269,117,0.942,1.0,0.0,0.0,0.0,0.0,0.0,0.0,0.0,0.0,0.0,10.0,,tree cover
8380,128,1.0,0.9844,0.0,0.0156,0.0,0.0,0.0,0.0,0.0,0.0,0.0,10.0,,tree cover
8491,125,1.0,1.0,0.0,0.0,0.0,0.0,0.0,0.0,0.0,0.0,0.0,10.0,,tree cover
8602,121,0.974,1.0,0.0,0.0,0.0,0.0,0.0,0.0,0.0,0.0,0.0,10.0,,tree cover
8713,121,0.974,1.0,0.0,0.0,0.0,0.0,0.0,0.0,0.0,0.0,0.0,10.0,,tree cover
8824,121,0.974,1.0,0.0,0.0,0.0,0.0,0.0,0.0,0.0,0.0,0.0,10.0,,tree cover
8935,121,0.974,0.9587,0.0,0.0413,0.0,0.0,0.0,0.0,0.0,0.0,0.0,10.0,,tree cover
9046,121,0.974,0.9421,0.0,0.0579,0.0,0.0,0.0,0.0,0.0,0.0,0.0,10.0,,tree cover
9157,126,1.0,0.4048,0.0,0.5952,0.0,0.0,0.0,0.0,0.0,0.0,0.0,30.0,,grassland
9268,127,1.0,1.0,0.0,0.0,0.0,0.0,0.0,0.0,0.0,0.0,0.0,10.0,,tree cover
9379,110,0.886,1.0,0.0,0.0,0.0,0.0,0.0,0.0,0.0,0.0,0.0,10.0,,tree cover
9490,113,0.91,1.0,0.0,0.0,0.0,0.0,0.0,0.0,0.0,0.0,0.0,10.0,,tree cover
9601,121,0.974,1.0,0.0,0.0,0.0,0.0,0.0,0.0,0.0,0.0,0.0,10.0,,tree cover
9712,121,0.974,1.0,0.0,0.0,0.0,0.0,0.0,0.0,0.0,0.0,0.0,10.0,,tree cover
9823,121,0.974,1.0,0.0,0.0,0.0,0.0,0.0,0.0,0.0,0.0,0.0,10.0,,tree cover
9934,124,0.998,1.0,0.0,0.0,0.0,0.0,0.0,0.0,0.0,0.0,0.0,10.0,,tree cover
10045,129,1.0,1.0,0.0,0.0,0.0,0.0,0.0,0.0,0.0,0.0,0.0,10.0,,tree cover
10156,121,0.974,1.0,0.0,0.0,0.0,0.0,0.0,0.0,0.0,0.0,0.0,10.0,,tree cover
10267,121,0.974,1.0,0.0,0.0,0.0,0.0,0.0,0.0,0.0,0.0,0.0,10.0,,tree cover
10378,121,0.974,1.0,0.0,0.0,0.0,0.0,0.0,0.0,0.0,0.0,0.0,10.0,,tree cover
10489,121,0.974,1.0,0.0,0.0,0.0,0.0,0.0,0.0,0.0,0.0,0.0,10.0,,tree cover
10600,116,0.934,1.0,0.0,0.0,0.0,0.0,0.0,0.0,0.0,0.0,0.0,10.0,,tree cover
10711,111,0.894,1.0,0.0,0.0,0.0,0.0,0.0,0.0,0.0,0.0,0.0,10.0,,tree cover
10822,127,1.0,1.0,0.0,0.0,0.0,0.0,0.0,0.0,0.0,0.0,0.0,10.0,,tree cover
10933,121,0.974,1.0,0.0,0.0,0.0,0.0,0.0,0.0,0.0,0.0,0.0,10.0,,tree cover
11044,121,0.974,1.0,0.0,0.0,0.0,0.0,0.0,0.0,0.0,0.0,0.0,10.0,,tree cover
11155,121,0.974,1.0,0.0,0.0,0.0,0.0,0.0,0.0,0.0,0.0,0.0,10.0,,tree cover
11266,121,0.974,1.0,0.0,0.0,0.0,0.0,0.0,0.0,0.0,0.0,0.0,10.0,,tree cover
11377,121,0.974,1.0,0.0,0.0,0.0,0.0,0.0,0.0,0.0,0.0,0.0,10.0,,tree cover
11488,121,0.974,1.0,0.0,0.0,0.0,0.0,0.0,0.0,0.0,0.0,0.0,10.0,,tree cover
11599,132,1.0,1.0,0.0,0.0,0.0,0.0,0.0,0.0,0.0,0.0,0.0,10.0,,tree cover
11710,121,0.974,1.0,0.0,0.0,0.0,0.0,0.0,0.0,0.0,0.0,0.0,10.0,,tree cover
11821,121,0.974,1.0,0.0,0.0,0.0,0.0,0.0,0.0,0.0,0.0,0.0,10.0,,tree cover
11932,111,0.894,1.0,0.0,0.0,0.0,0.0,0.0,0.0,0.0,0.0,0.0,10.0,,tree cover
12043,111,0.894,1.0,0.0,0.0,0.0,0.0,0.0,0.0,0.0,0.0,0.0,10.0,,tree cover
12154,121,0.974,1.0,0.0,0.0,0.0,0.0,0.0,0.0,0.0,0.0,0.0,10.0,,tree cover
12265,121,0.974,1.0,0.0,0.0,0.0,0.0,0.0,0.0,0.0,0.0,0.0,10.0,,tree cover
12376,132,1.0,1.0,0.0,0.0,0.0,0.0,0.0,0.0,0.0,0.0,0.0,10.0,,tree cover
12487,121,0.974,1.0,0.0,0.0,0.0,0.0,0.0,0.0,0.0,0.0,0.0,10.0,,tree cover
12598,121,0.974,1.0,0.0,0.0,0.0,0.0,0.0,0.0,0.0,0.0,0.0,10.0,,tree cover
12709,121,0.974,1.0,0.0,0.0,0.0,0.0,0.0,0.0,0.0,0.0,0.0,10.0,,tree cover
12820,121,0.974,1.0,0.0,0.0,0.0,0.0,0.0,0.0,0.0,0.0,0.0,10.0,,tree cover
12931,121,0.974,1.0,0.0,0.0,0.0,0.0,0.0,0.0,0.0,0.0,0.0,10.0,,tree cover
13042,121,0.974,1.0,0.0,0.0,0.0,0.0,0.0,0.0,0.0,0.0,0.0,10.0,,tree cover
13153,128,1.0,1.0,0.0,0.0,0.0,0.0,0.0,0.0,0.0,0.0,0.0,10.0,,tree cover
13264,110,0.886,1.0,0.0,0.0,0.0,0.0,0.0,0.0,0.0,0.0,0.0,10.0,,tree cover
13375,116,0.934,1.0,0.0,0.0,0.0,0.0,0.0,0.0,0.0,0.0,0.0,10.0,,tree cover
13486,121,0.974,1.0,0.0,0.0,0.0,0.0,0.0,0.0,0.0,0.0,0.0,10.0,,tree cover
13597,121,0.974,0.719,0.0,0.281,0.0,0.0,0.0,0.0,0.0,0.0,0.0,10.0,,tree cover
13708,121,0.974,1.0,0.0,0.0,0.0,0.0,0.0,0.0,0.0,0.0,0.0,10.0,,tree cover
13819,121,0.974,1.0,0.0,0.0,0.0,0.0,0.0,0.0,0.0,0.0,0.0,10.0,,tree cover
13930,132,1.0,1.0,0.0,0.0,0.0,0.0,0.0,0.0,0.0,0.0,0.0,10.0,,tree cover
14041,121,0.974,1.0,0.0,0.0,0.0,0.0,0.0,0.0,0.0,0.0,0.0,10.0,,tree cover
14152,121,0.974,1.0,0.0,0.0,0.0,0.0,0.0,0.0,0.0,0.0,0.0,10.0,,tree cover
14263,121,0.974,0.9504,0.0,0.0496,0.0,0.0,0.0,0.0,0.0,0.0,0.0,10.0,,tree cover
14374,121,0.974,0.5455,0.0,0.4545,0.0,0.0,0.0,0.0,0.0,0.0,0.0,10.0,,tree cover
722,121,0.974,0.2727,0.0,0.7273,0.0,0.0,0.0,0.0,0.0,0.0,0.0,30.0,,grassland
833,121,0.974,0.0413,0.0,0.9587,0.0,0.0,0.0,0.0,0.0,0.0,0.0,30.0,,grassland
944,121,0.974,0.6116,0.0,0.0744,0.0661,0.2479,0.0,0.0,0.0,0.0,0.0,10.0,,tree cover
1166,124,0.998,0.3548,0.0,0.1129,0.0,0.4839,0.0484,0.0,0.0,0.0,0.0,50.0,,built-up
1277,129,1.0,0.1395,0.0,0.124,0.0,0.7364,0.0,0.0,0.0,0.0,0.0,50.0,ground_built_up,built-up
1388,121,0.974,0.8182,0.0,0.0,0.0,0.1818,0.0,0.0,0.0,0.0,0.0,10.0,,tree cover
1499,121,0.974,0.1736,0.0,0.0,0.0,0.8264,0.0,0.0,0.0,0.0,0.0,50.0,ground_built_up,built-up
1610,117,0.942,0.1368,0.0,0.0,0.0,0.8632,0.0,0.0,0.0,0.0,0.0,50.0,ground_built_up,built-up
1721,110,0.886,0.2364,0.0,0.0,0.0,0.7636,0.0,0.0,0.0,0.0,0.0,50.0,ground_built_up,built-up
1832,117,0.942,0.1624,0.0,0.0256,0.0,0.812,0.0,0.0,0.0,0.0,0.0,50.0,ground_built_up,built-up
2165,121,0.974,0.6116,0.0,0.0,0.0,0.3884,0.0,0.0,0.0,0.0,0.0,10.0,,tree cover
2387,121,0.974,0.3388,0.0,0.0,0.0,0.6612,0.0,0.0,0.0,0.0,0.0,50.0,ground_built_up,built-up
2498,121,0.974,0.2149,0.0,0.0,0.0,0.7769,0.0083,0.0,0.0,0.0,0.0,50.0,ground_built_up,built-up
2609,121,0.974,0.5372,0.0,0.0,0.0,0.4628,0.0,0.0,0.0,0.0,0.0,10.0,,tree cover
3053,116,0.934,0.3793,0.0,0.0,0.0,0.6207,0.0,0.0,0.0,0.0,0.0,50.0,ground_built_up,built-up
3164,121,0.974,0.2397,0.0,0.0,0.0,0.7603,0.0,0.0,0.0,0.0,0.0,50.0,ground_built_up,built-up
3275,121,0.974,0.8099,0.0,0.0248,0.1488,0.0165,0.0,0.0,0.0,0.0,0.0,10.0,,tree cover
3386,121,0.974,0.9587,0.0,0.0,0.0413,0.0,0.0,0.0,0.0,0.0,0.0,10.0,,tree cover
3497,121,0.974,0.7934,0.0,0.0,0.0,0.2066,0.0,0.0,0.0,0.0,0.0,10.0,,tree cover
3608,132,1.0,0.5985,0.0,0.0,0.0,0.4015,0.0,0.0,0.0,0.0,0.0,10.0,,tree cover
3719,121,0.974,0.6529,0.0,0.0,0.0413,0.3058,0.0,0.0,0.0,0.0,0.0,10.0,,tree cover
3830,121,0.974,0.8843,0.0,0.0,0.0,0.0744,0.0413,0.0,0.0,0.0,0.0,10.0,,tree cover
3941,121,0.974,1.0,0.0,0.0,0.0,0.0,0.0,0.0,0.0,0.0,0.0,10.0,,tree cover
4052,120,0.966,1.0,0.0,0.0,0.0,0.0,0.0,0.0,0.0,0.0,0.0,10.0,,tree cover
4163,110,0.886,0.8545,0.0,0.0,0.0,0.1455,0.0,0.0,0.0,0.0,0.0,10.0,,tree cover
4274,114,0.918,0.9211,0.0,0.0,0.0,0.0789,0.0,0.0,0.0,0.0,0.0,10.0,,tree cover
4385,132,1.0,0.947,0.0,0.0,0.0,0.053,0.0,0.0,0.0,0.0,0.0,10.0,,tree cover
4496,121,0.974,1.0,0.0,0.0,0.0,0.0,0.0,0.0,0.0,0.0,0.0,10.0,,tree cover
4607,121,0.974,1.0,0.0,0.0,0.0,0.0,0.0,0.0,0.0,0.0,0.0,10.0,,tree cover
4718,121,0.974,0.405,0.0,0.5207,0.0,0.0,0.0744,0.0,0.0,0.0,0.0,30.0,,grassland
4829,121,0.974,0.6942,0.0,0.2562,0.0,0.0,0.0496,0.0,0.0,0.0,0.0,10.0,,tree cover
4940,121,0.974,0.9091,0.0,0.0909,0.0,0.0,0.0,0.0,0.0,0.0,0.0,10.0,,tree cover
5051,121,0.974,0.8264,0.0,0.1736,0.0,0.0,0.0,0.0,0.0,0.0,0.0,10.0,,tree cover
5162,130,1.0,0.8462,0.0,0.1538,0.0,0.0,0.0,0.0,0.0,0.0,0.0,10.0,,tree cover
5273,123,0.99,0.9919,0.0,0.0081,0.0,0.0,0.0,0.0,0.0,0.0,0.0,10.0,,tree cover
5384,111,0.894,0.4144,0.0,0.5856,0.0,0.0,0.0,0.0,0.0,0.0,0.0,30.0,,grassland
5495,111,0.894,1.0,0.0,0.0,0.0,0.0,0.0,0.0,0.0,0.0,0.0,10.0,,tree cover
5606,121,0.974,1.0,0.0,0.0,0.0,0.0,0.0,0.0,0.0,0.0,0.0,10.0,,tree cover
5717,121,0.974,1.0,0.0,0.0,0.0,0.0,0.0,0.0,0.0,0.0,0.0,10.0,,tree cover
5828,121,0.974,0.876,0.0,0.124,0.0,0.0,0.0,0.0,0.0,0.0,0.0,10.0,,tree cover
5939,128,1.0,1.0,0.0,0.0,0.0,0.0,0.0,0.0,0.0,0.0,0.0,10.0,,tree cover
6050,125,1.0,1.0,0.0,0.0,0.0,0.0,0.0,0.0,0.0,0.0,0.0,10.0,,tree cover
6161,121,0.974,1.0,0.0,0.0,0.0,0.0,0.0,0.0,0.0,0.0,0.0,10.0,,tree cover
6272,121,0.974,1.0,0.0,0.0,0.0,0.0,0.0,0.0,0.0,0.0,0.0,10.0,,tree cover
6383,121,0.974,1.0,0.0,0.0,0.0,0.0,0.0,0.0,0.0,0.0,0.0,10.0,,tree cover
6494,121,0.974,1.0,0.0,0.0,0.0,0.0,0.0,0.0,0.0,0.0,0.0,10.0,,tree cover
6605,115,0.926,1.0,0.0,0.0,0.0,0.0,0.0,0.0,0.0,0.0,0.0,10.0,,tree cover
6716,115,0.926,1.0,0.0,0.0,0.0,0.0,0.0,0.0,0.0,0.0,0.0,10.0,,tree cover
6827,124,0.998,1.0,0.0,0.0,0.0,0.0,0.0,0.0,0.0,0.0,0.0,10.0,,tree cover
6938,121,0.974,0.6281,0.0,0.0165,0.0,0.0,0.3554,0.0,0.0,0.0,0.0,10.0,,tree cover
7160,121,0.974,0.0,0.0,0.1074,0.0,0.0,0.8926,0.0,0.0,0.0,0.0,60.0,ground_bare,bare or sparse vegetation
7271,121,0.974,0.0331,0.0,0.438,0.2645,0.0,0.2645,0.0,0.0,0.0,0.0,30.0,,grassland
7382,121,0.974,0.6281,0.0,0.0579,0.314,0.0,0.0,0.0,0.0,0.0,0.0,10.0,,tree cover
7604,129,1.0,1.0,0.0,0.0,0.0,0.0,0.0,0.0,0.0,0.0,0.0,10.0,,tree cover
7715,121,0.974,1.0,0.0,0.0,0.0,0.0,0.0,0.0,0.0,0.0,0.0,10.0,,tree cover
7826,119,0.958,1.0,0.0,0.0,0.0,0.0,0.0,0.0,0.0,0.0,0.0,10.0,,tree cover
8048,115,0.926,1.0,0.0,0.0,0.0,0.0,0.0,0.0,0.0,0.0,0.0,10.0,,tree cover
8270,122,0.982,1.0,0.0,0.0,0.0,0.0,0.0,0.0,0.0,0.0,0.0,10.0,,tree cover
8381,131,1.0,1.0,0.0,0.0,0.0,0.0,0.0,0.0,0.0,0.0,0.0,10.0,,tree cover
8492,121,0.974,1.0,0.0,0.0,0.0,0.0,0.0,0.0,0.0,0.0,0.0,10.0,,tree cover
8603,121,0.974,1.0,0.0,0.0,0.0,0.0,0.0,0.0,0.0,0.0,0.0,10.0,,tree cover
8714,121,0.974,1.0,0.0,0.0,0.0,0.0,0.0,0.0,0.0,0.0,0.0,10.0,,tree cover
8825,121,0.974,1.0,0.0,0.0,0.0,0.0,0.0,0.0,0.0,0.0,0.0,10.0,,tree cover
8936,121,0.974,0.9339,0.0,0.0661,0.0,0.0,0.0,0.0,0.0,0.0,0.0,10.0,,tree cover
9047,121,0.974,1.0,0.0,0.0,0.0,0.0,0.0,0.0,0.0,0.0,0.0,10.0,,tree cover
9158,123,0.99,1.0,0.0,0.0,0.0,0.0,0.0,0.0,0.0,0.0,0.0,10.0,,tree cover
9269,110,0.886,1.0,0.0,0.0,0.0,0.0,0.0,0.0,0.0,0.0,0.0,10.0,,tree cover
9380,121,0.974,1.0,0.0,0.0,0.0,0.0,0.0,0.0,0.0,0.0,0.0,10.0,,tree cover
9491,121,0.974,1.0,0.0,0.0,0.0,0.0,0.0,0.0,0.0,0.0,0.0,10.0,,tree cover
9602,121,0.974,1.0,0.0,0.0,0.0,0.0,0.0,0.0,0.0,0.0,0.0,10.0,,tree cover
9713,121,0.974,1.0,0.0,0.0,0.0,0.0,0.0,0.0,0.0,0.0,0.0,10.0,,tree cover
9824,121,0.974,1.0,0.0,0.0,0.0,0.0,0.0,0.0,0.0,0.0,0.0,10.0,,tree cover
9935,132,1.0,1.0,0.0,0.0,0.0,0.0,0.0,0.0,0.0,0.0,0.0,10.0,,tree cover
10046,121,0.974,1.0,0.0,0.0,0.0,0.0,0.0,0.0,0.0,0.0,0.0,10.0,,tree cover
10157,121,0.974,1.0,0.0,0.0,0.0,0.0,0.0,0.0,0.0,0.0,0.0,10.0,,tree cover
10268,121,0.974,1.0,0.0,0.0,0.0,0.0,0.0,0.0,0.0,0.0,0.0,10.0,,tree cover
10379,118,0.95,1.0,0.0,0.0,0.0,0.0,0.0,0.0,0.0,0.0,0.0,10.0,,tree cover
10490,110,0.886,1.0,0.0,0.0,0.0,0.0,0.0,0.0,0.0,0.0,0.0,10.0,,tree cover
10601,115,0.926,1.0,0.0,0.0,0.0,0.0,0.0,0.0,0.0,0.0,0.0,10.0,,tree cover
10712,132,1.0,1.0,0.0,0.0,0.0,0.0,0.0,0.0,0.0,0.0,0.0,10.0,,tree cover
10934,121,0.974,1.0,0.0,0.0,0.0,0.0,0.0,0.0,0.0,0.0,0.0,10.0,,tree cover
11045,121,0.974,1.0,0.0,0.0,0.0,0.0,0.0,0.0,0.0,0.0,0.0,10.0,,tree cover
11156,121,0.974,1.0,0.0,0.0,0.0,0.0,0.0,0.0,0.0,0.0,0.0,10.0,,tree cover
11267,121,0.974,1.0,0.0,0.0,0.0,0.0,0.0,0.0,0.0,0.0,0.0,10.0,,tree cover
11378,121,0.974,1.0,0.0,0.0,0.0,0.0,0.0,0.0,0.0,0.0,0.0,10.0,,tree cover
11489,132,1.0,1.0,0.0,0.0,0.0,0.0,0.0,0.0,0.0,0.0,0.0,10.0,,tree cover
11600,121,0.974,1.0,0.0,0.0,0.0,0.0,0.0,0.0,0.0,0.0,0.0,10.0,,tree cover
11711,113,0.91,1.0,0.0,0.0,0.0,0.0,0.0,0.0,0.0,0.0,0.0,10.0,,tree cover
11822,110,0.886,1.0,0.0,0.0,0.0,0.0,0.0,0.0,0.0,0.0,0.0,10.0,,tree cover
12044,121,0.974,1.0,0.0,0.0,0.0,0.0,0.0,0.0,0.0,0.0,0.0,10.0,,tree cover
12155,121,0.974,1.0,0.0,0.0,0.0,0.0,0.0,0.0,0.0,0.0,0.0,10.0,,tree cover
12266,129,1.0,1.0,0.0,0.0,0.0,0.0,0.0,0.0,0.0,0.0,0.0,10.0,,tree cover
12377,124,0.998,1.0,0.0,0.0,0.0,0.0,0.0,0.0,0.0,0.0,0.0,10.0,,tree cover
12488,121,0.974,1.0,0.0,0.0,0.0,0.0,0.0,0.0,0.0,0.0,0.0,10.0,,tree cover
12599,121,0.974,1.0,0.0,0.0,0.0,0.0,0.0,0.0,0.0,0.0,0.0,10.0,,tree cover
12710,121,0.974,1.0,0.0,0.0,0.0,0.0,0.0,0.0,0.0,0.0,0.0,10.0,,tree cover
12821,121,0.974,1.0,0.0,0.0,0.0,0.0,0.0,0.0,0.0,0.0,0.0,10.0,,tree cover
12932,120,0.966,0.925,0.0,0.0,0.075,0.0,0.0,0.0,0.0,0.0,0.0,10.0,,tree cover
13043,116,0.934,1.0,0.0,0.0,0.0,0.0,0.0,0.0,0.0,0.0,0.0,10.0,,tree cover
13154,118,0.95,1.0,0.0,0.0,0.0,0.0,0.0,0.0,0.0,0.0,0.0,10.0,,tree cover
13265,121,0.974,1.0,0.0,0.0,0.0,0.0,0.0,0.0,0.0,0.0,0.0,10.0,,tree cover
13376,121,0.974,1.0,0.0,0.0,0.0,0.0,0.0,0.0,0.0,0.0,0.0,10.0,,tree cover
13487,121,0.974,1.0,0.0,0.0,0.0,0.0,0.0,0.0,0.0,0.0,0.0,10.0,,tree cover
13598,121,0.974,1.0,0.0,0.0,0.0,0.0,0.0,0.0,0.0,0.0,0.0,10.0,,tree cover
13709,121,0.974,1.0,0.0,0.0,0.0,0.0,0.0,0.0,0.0,0.0,0.0,10.0,,tree cover
13820,126,1.0,1.0,0.0,0.0,0.0,0.0,0.0,0.0,0.0,0.0,0.0,10.0,,tree cover
13931,127,1.0,1.0,0.0,0.0,0.0,0.0,0.0,0.0,0.0,0.0,0.0,10.0,,tree cover
14042,121,0.974,0.9587,0.0,0.0413,0.0,0.0,0.0,0.0,0.0,0.0,0.0,10.0,,tree cover
14153,121,0.974,1.0,0.0,0.0,0.0,0.0,0.0,0.0,0.0,0.0,0.0,10.0,,tree cover
14264,116,0.934,0.9914,0.0,0.0086,0.0,0.0,0.0,0.0,0.0,0.0,0.0,10.0,,tree cover
14375,110,0.886,1.0,0.0,0.0,0.0,0.0,0.0,0.0,0.0,0.0,0.0,10.0,,tree cover
723,121,0.974,0.3388,0.0,0.5537,0.1074,0.0,0.0,0.0,0.0,0.0,0.0,30.0,,grassland
834,121,0.974,0.0,0.0,0.9504,0.0496,0.0,0.0,0.0,0.0,0.0,0.0,30.0,,grassland
945,121,0.974,0.3884,0.0,0.0248,0.5868,0.0,0.0,0.0,0.0,0.0,0.0,40.0,,cropland
1167,132,1.0,0.0076,0.0,0.0076,0.0,0.9848,0.0,0.0,0.0,0.0,0.0,50.0,ground_built_up,built-up
1278,121,0.974,0.1157,0.0,0.1074,0.0,0.7686,0.0083,0.0,0.0,0.0,0.0,50.0,ground_built_up,built-up
1389,120,0.966,0.6833,0.0,0.0,0.0,0.3167,0.0,0.0,0.0,0.0,0.0,10.0,,tree cover
1611,114,0.918,0.2632,0.0,0.0,0.0,0.7368,0.0,0.0,0.0,0.0,0.0,50.0,ground_built_up,built-up
1722,121,0.974,0.3388,0.0,0.0,0.314,0.3471,0.0,0.0,0.0,0.0,0.0,50.0,,built-up
1833,121,0.974,0.1653,0.0,0.6694,0.124,0.0413,0.0,0.0,0.0,0.0,0.0,30.0,,grassland
1944,132,1.0,0.5152,0.0,0.0227,0.0,0.4621,0.0,0.0,0.0,0.0,0.0,10.0,,tree cover
2055,121,0.974,0.3058,0.0,0.0,0.0,0.6942,0.0,0.0,0.0,0.0,0.0,50.0,ground_built_up,built-up
2277,121,0.974,0.595,0.0,0.1322,0.0,0.2727,0.0,0.0,0.0,0.0,0.0,10.0,,tree cover
2388,121,0.974,0.2397,0.0,0.0,0.0,0.7603,0.0,0.0,0.0,0.0,0.0,50.0,ground_built_up,built-up
2721,119,0.958,0.2017,0.0,0.0,0.0,0.7983,0.0,0.0,0.0,0.0,0.0,50.0,ground_built_up,built-up
2832,114,0.918,0.0877,0.0,0.0,0.0,0.9123,0.0,0.0,0.0,0.0,0.0,50.0,ground_built_up,built-up
3276,121,0.974,0.1901,0.0,0.5868,0.2231,0.0,0.0,0.0,0.0,0.0,0.0,30.0,,grassland
3387,121,0.974,0.8678,0.0,0.1074,0.0248,0.0,0.0,0.0,0.0,0.0,0.0,10.0,,tree cover
3498,129,1.0,1.0,0.0,0.0,0.0,0.0,0.0,0.0,0.0,0.0,0.0,10.0,,tree cover
3720,121,0.974,0.8182,0.0,0.0,0.0,0.1818,0.0,0.0,0.0,0.0,0.0,10.0,,tree cover
3831,121,0.974,1.0,0.0,0.0,0.0,0.0,0.0,0.0,0.0,0.0,0.0,10.0,,tree cover
3942,112,0.902,1.0,0.0,0.0,0.0,0.0,0.0,0.0,0.0,0.0,0.0,10.0,,tree cover
4053,111,0.894,0.991,0.0,0.0,0.0,0.009,0.0,0.0,0.0,0.0,0.0,10.0,,tree cover
4164,121,0.974,0.9669,0.0,0.0,0.0,0.0331,0.0,0.0,0.0,0.0,0.0,10.0,,tree cover
4275,126,1.0,0.9921,0.0,0.0,0.0,0.0079,0.0,0.0,0.0,0.0,0.0,10.0,,tree cover
4386,127,1.0,1.0,0.0,0.0,0.0,0.0,0.0,0.0,0.0,0.0,0.0,10.0,,tree cover
4497,121,0.974,1.0,0.0,0.0,0.0,0.0,0.0,0.0,0.0,0.0,0.0,10.0,,tree cover
4608,121,0.974,0.9669,0.0,0.0331,0.0,0.0,0.0,0.0,0.0,0.0,0.0,10.0,,tree cover
4719,121,0.974,0.9174,0.0,0.0826,0.0,0.0,0.0,0.0,0.0,0.0,0.0,10.0,,tree cover
4830,121,0.974,0.9256,0.0,0.0744,0.0,0.0,0.0,0.0,0.0,0.0,0.0,10.0,,tree cover
4941,121,0.974,0.7107,0.0,0.2893,0.0,0.0,0.0,0.0,0.0,0.0,0.0,10.0,,tree cover
5052,125,1.0,0.984,0.0,0.016,0.0,0.0,0.0,0.0,0.0,0.0,0.0,10.0,,tree cover
5163,121,0.974,1.0,0.0,0.0,0.0,0.0,0.0,0.0,0.0,0.0,0.0,10.0,,tree cover
5274,110,0.886,1.0,0.0,0.0,0.0,0.0,0.0,0.0,0.0,0.0,0.0,10.0,,tree cover
5385,120,0.966,0.7083,0.0,0.2917,0.0,0.0,0.0,0.0,0.0,0.0,0.0,10.0,,tree cover
5496,121,0.974,0.9917,0.0,0.0083,0.0,0.0,0.0,0.0,0.0,0.0,0.0,10.0,,tree cover
5607,121,0.974,1.0,0.0,0.0,0.0,0.0,0.0,0.0,0.0,0.0,0.0,10.0,,tree cover
5718,121,0.974,1.0,0.0,0.0,0.0,0.0,0.0,0.0,0.0,0.0,0.0,10.0,,tree cover
5829,122,0.982,0.9836,0.0,0.0164,0.0,0.0,0.0,0.0,0.0,0.0,0.0,10.0,,tree cover
5940,131,1.0,1.0,0.0,0.0,0.0,0.0,0.0,0.0,0.0,0.0,0.0,10.0,,tree cover
6051,121,0.974,1.0,0.0,0.0,0.0,0.0,0.0,0.0,0.0,0.0,0.0,10.0,,tree cover
6162,121,0.974,1.0,0.0,0.0,0.0,0.0,0.0,0.0,0.0,0.0,0.0,10.0,,tree cover
6384,117,0.942,1.0,0.0,0.0,0.0,0.0,0.0,0.0,0.0,0.0,0.0,10.0,,tree cover
6606,116,0.934,1.0,0.0,0.0,0.0,0.0,0.0,0.0,0.0,0.0,0.0,10.0,,tree cover
6717,132,1.0,1.0,0.0,0.0,0.0,0.0,0.0,0.0,0.0,0.0,0.0,10.0,,tree cover
6828,121,0.974,0.8099,0.0,0.1074,0.0,0.0,0.0826,0.0,0.0,0.0,0.0,10.0,,tree cover
6939,121,0.974,0.719,0.0,0.2066,0.0,0.0,0.0744,0.0,0.0,0.0,0.0,10.0,,tree cover
7161,121,0.974,0.5207,0.0,0.1818,0.0,0.1488,0.1488,0.0,0.0,0.0,0.0,10.0,,tree cover
7272,121,0.974,0.4463,0.0,0.4876,0.0,0.0661,0.0,0.0,0.0,0.0,0.0,30.0,,grassland
7494,132,1.0,1.0,0.0,0.0,0.0,0.0,0.0,0.0,0.0,0.0,0.0,10.0,,tree cover
7605,121,0.974,1.0,0.0,0.0,0.0,0.0,0.0,0.0,0.0,0.0,0.0,10.0,,tree cover
7716,110,0.886,1.0,0.0,0.0,0.0,0.0,0.0,0.0,0.0,0.0,0.0,10.0,,tree cover
7827,112,0.902,1.0,0.0,0.0,0.0,0.0,0.0,0.0,0.0,0.0,0.0,10.0,,tree cover
7938,121,0.974,1.0,0.0,0.0,0.0,0.0,0.0,0.0,0.0,0.0,0.0,10.0,,tree cover
8049,121,0.974,1.0,0.0,0.0,0.0,0.0,0.0,0.0,0.0,0.0,0.0,10.0,,tree cover
8160,121,0.974,1.0,0.0,0.0,0.0,0.0,0.0,0.0,0.0,0.0,0.0,10.0,,tree cover
8271,132,1.0,1.0,0.0,0.0,0.0,0.0,0.0,0.0,0.0,0.0,0.0,10.0,,tree cover
8382,121,0.974,1.0,0.0,0.0,0.0,0.0,0.0,0.0,0.0,0.0,0.0,10.0,,tree cover
8493,121,0.974,1.0,0.0,0.0,0.0,0.0,0.0,0.0,0.0,0.0,0.0,10.0,,tree cover
8604,121,0.974,1.0,0.0,0.0,0.0,0.0,0.0,0.0,0.0,0.0,0.0,10.0,,tree cover
8715,121,0.974,1.0,0.0,0.0,0.0,0.0,0.0,0.0,0.0,0.0,0.0,10.0,,tree cover
8826,121,0.974,1.0,0.0,0.0,0.0,0.0,0.0,0.0,0.0,0.0,0.0,10.0,,tree cover
9048,119,0.958,1.0,0.0,0.0,0.0,0.0,0.0,0.0,0.0,0.0,0.0,10.0,,tree cover
9159,120,0.966,1.0,0.0,0.0,0.0,0.0,0.0,0.0,0.0,0.0,0.0,10.0,,tree cover
9270,121,0.974,1.0,0.0,0.0,0.0,0.0,0.0,0.0,0.0,0.0,0.0,10.0,,tree cover
9381,121,0.974,1.0,0.0,0.0,0.0,0.0,0.0,0.0,0.0,0.0,0.0,10.0,,tree cover
9492,121,0.974,1.0,0.0,0.0,0.0,0.0,0.0,0.0,0.0,0.0,0.0,10.0,,tree cover
9603,121,0.974,1.0,0.0,0.0,0.0,0.0,0.0,0.0,0.0,0.0,0.0,10.0,,tree cover
9714,121,0.974,1.0,0.0,0.0,0.0,0.0,0.0,0.0,0.0,0.0,0.0,10.0,,tree cover
9825,129,1.0,1.0,0.0,0.0,0.0,0.0,0.0,0.0,0.0,0.0,0.0,10.0,,tree cover
9936,124,0.998,1.0,0.0,0.0,0.0,0.0,0.0,0.0,0.0,0.0,0.0,10.0,,tree cover
10047,121,0.974,1.0,0.0,0.0,0.0,0.0,0.0,0.0,0.0,0.0,0.0,10.0,,tree cover
10158,120,0.966,1.0,0.0,0.0,0.0,0.0,0.0,0.0,0.0,0.0,0.0,10.0,,tree cover
10269,110,0.886,1.0,0.0,0.0,0.0,0.0,0.0,0.0,0.0,0.0,0.0,10.0,,tree cover
10491,121,0.974,1.0,0.0,0.0,0.0,0.0,0.0,0.0,0.0,0.0,0.0,10.0,,tree cover
10602,127,1.0,1.0,0.0,0.0,0.0,0.0,0.0,0.0,0.0,0.0,0.0,10.0,,tree cover
10713,126,1.0,1.0,0.0,0.0,0.0,0.0,0.0,0.0,0.0,0.0,0.0,10.0,,tree cover
10824,121,0.974,1.0,0.0,0.0,0.0,0.0,0.0,0.0,0.0,0.0,0.0,10.0,,tree cover
10935,121,0.974,1.0,0.0,0.0,0.0,0.0,0.0,0.0,0.0,0.0,0.0,10.0,,tree cover
11046,121,0.974,1.0,0.0,0.0,0.0,0.0,0.0,0.0,0.0,0.0,0.0,10.0,,tree cover
11157,121,0.974,1.0,0.0,0.0,0.0,0.0,0.0,0.0,0.0,0.0,0.0,10.0,,tree cover
11268,121,0.974,1.0,0.0,0.0,0.0,0.0,0.0,0.0,0.0,0.0,0.0,10.0,,tree cover
11379,125,1.0,1.0,0.0,0.0,0.0,0.0,0.0,0.0,0.0,0.0,0.0,10.0,,tree cover
11490,122,0.982,0.9672,0.0,0.0328,0.0,0.0,0.0,0.0,0.0,0.0,0.0,10.0,,tree cover
11601,110,0.886,1.0,0.0,0.0,0.0,0.0,0.0,0.0,0.0,0.0,0.0,10.0,,tree cover
11712,118,0.95,1.0,0.0,0.0,0.0,0.0,0.0,0.0,0.0,0.0,0.0,10.0,,tree cover
11823,121,0.974,1.0,0.0,0.0,0.0,0.0,0.0,0.0,0.0,0.0,0.0,10.0,,tree cover
11934,121,0.974,1.0,0.0,0.0,0.0,0.0,0.0,0.0,0.0,0.0,0.0,10.0,,tree cover
12045,121,0.974,1.0,0.0,0.0,0.0,0.0,0.0,0.0,0.0,0.0,0.0,10.0,,tree cover
12156,123,0.99,1.0,0.0,0.0,0.0,0.0,0.0,0.0,0.0,0.0,0.0,10.0,,tree cover
12267,130,1.0,1.0,0.0,0.0,0.0,0.0,0.0,0.0,0.0,0.0,0.0,10.0,,tree cover
12378,121,0.974,1.0,0.0,0.0,0.0,0.0,0.0,0.0,0.0,0.0,0.0,10.0,,tree cover
12489,121,0.974,1.0,0.0,0.0,0.0,0.0,0.0,0.0,0.0,0.0,0.0,10.0,,tree cover
12600,121,0.974,1.0,0.0,0.0,0.0,0.0,0.0,0.0,0.0,0.0,0.0,10.0,,tree cover
12711,121,0.974,1.0,0.0,0.0,0.0,0.0,0.0,0.0,0.0,0.0,0.0,10.0,,tree cover
12822,111,0.894,1.0,0.0,0.0,0.0,0.0,0.0,0.0,0.0,0.0,0.0,10.0,,tree cover
13044,132,1.0,0.7576,0.0,0.0,0.2045,0.0,0.0379,0.0,0.0,0.0,0.0,10.0,,tree cover
13155,121,0.974,1.0,0.0,0.0,0.0,0.0,0.0,0.0,0.0,0.0,0.0,10.0,,tree cover
13266,121,0.974,1.0,0.0,0.0,0.0,0.0,0.0,0.0,0.0,0.0,0.0,10.0,,tree cover
13377,121,0.974,1.0,0.0,0.0,0.0,0.0,0.0,0.0,0.0,0.0,0.0,10.0,,tree cover
13488,121,0.974,1.0,0.0,0.0,0.0,0.0,0.0,0.0,0.0,0.0,0.0,10.0,,tree cover
13599,121,0.974,1.0,0.0,0.0,0.0,0.0,0.0,0.0,0.0,0.0,0.0,10.0,,tree cover
13710,121,0.974,1.0,0.0,0.0,0.0,0.0,0.0,0.0,0.0,0.0,0.0,10.0,,tree cover
13821,132,1.0,1.0,0.0,0.0,0.0,0.0,0.0,0.0,0.0,0.0,0.0,10.0,,tree cover
13932,121,0.974,1.0,0.0,0.0,0.0,0.0,0.0,0.0,0.0,0.0,0.0,10.0,,tree cover
14043,118,0.95,1.0,0.0,0.0,0.0,0.0,0.0,0.0,0.0,0.0,0.0,10.0,,tree cover
14154,110,0.886,0.9909,0.0,0.0091,0.0,0.0,0.0,0.0,0.0,0.0,0.0,10.0,,tree cover
14265,115,0.926,0.5391,0.0,0.4609,0.0,0.0,0.0,0.0,0.0,0.0,0.0,10.0,,tree cover
14376,121,0.974,1.0,0.0,0.0,0.0,0.0,0.0,0.0,0.0,0.0,0.0,10.0,,tree cover
724,121,0.974,0.3306,0.0,0.0,0.6694,0.0,0.0,0.0,0.0,0.0,0.0,40.0,,cropland
835,121,0.974,0.0,0.0,0.3306,0.6694,0.0,0.0,0.0,0.0,0.0,0.0,40.0,,cropland
946,121,0.974,0.2727,0.0,0.3967,0.3306,0.0,0.0,0.0,0.0,0.0,0.0,30.0,,grassland
1168,123,0.99,0.1707,0.0,0.0081,0.0,0.8211,0.0,0.0,0.0,0.0,0.0,50.0,ground_built_up,built-up
1501,121,0.974,0.0413,0.0,0.0,0.0,0.9587,0.0,0.0,0.0,0.0,0.0,50.0,ground_built_up,built-up
1612,121,0.974,0.4298,0.0,0.0,0.0,0.5702,0.0,0.0,0.0,0.0,0.0,50.0,ground_built_up,built-up
1834,127,1.0,0.0,0.0,0.0236,0.4488,0.5276,0.0,0.0,0.0,0.0,0.0,50.0,ground_built_up,built-up
1945,126,1.0,0.754,0.0,0.0952,0.1032,0.0476,0.0,0.0,0.0,0.0,0.0,10.0,,tree cover
2056,121,0.974,0.5372,0.0,0.438,0.0,0.0248,0.0,0.0,0.0,0.0,0.0,10.0,,tree cover
2278,121,0.974,0.3306,0.0,0.595,0.0,0.0744,0.0,0.0,0.0,0.0,0.0,30.0,,grassland
2722,128,1.0,0.4297,0.0,0.0,0.0,0.5703,0.0,0.0,0.0,0.0,0.0,50.0,ground_built_up,built-up
2833,121,0.974,0.3388,0.0,0.0,0.0,0.6612,0.0,0.0,0.0,0.0,0.0,50.0,ground_built_up,built-up
3166,121,0.974,0.5785,0.0,0.3306,0.0083,0.0826,0.0,0.0,0.0,0.0,0.0,10.0,,tree cover
3277,121,0.974,0.0909,0.0,0.8926,0.0,0.0165,0.0,0.0,0.0,0.0,0.0,30.0,,grassland
3388,123,0.99,0.6748,0.0,0.3252,0.0,0.0,0.0,0.0,0.0,0.0,0.0,10.0,,tree cover
3499,130,1.0,0.8923,0.0,0.0,0.0,0.1077,0.0,0.0,0.0,0.0,0.0,10.0,,tree cover
3610,121,0.974,0.9835,0.0,0.0,0.0,0.0165,0.0,0.0,0.0,0.0,0.0,10.0,,tree cover
3721,114,0.918,0.7456,0.0,0.0,0.0,0.2544,0.0,0.0,0.0,0.0,0.0,10.0,,tree cover
3832,110,0.886,0.8182,0.0,0.0,0.0,0.1818,0.0,0.0,0.0,0.0,0.0,10.0,,tree cover
3943,119,0.958,0.5798,0.0,0.0,0.0,0.4202,0.0,0.0,0.0,0.0,0.0,10.0,,tree cover
4054,121,0.974,0.6777,0.0,0.0,0.0,0.3223,0.0,0.0,0.0,0.0,0.0,10.0,,tree cover
4387,121,0.974,1.0,0.0,0.0,0.0,0.0,0.0,0.0,0.0,0.0,0.0,10.0,,tree cover
4498,121,0.974,1.0,0.0,0.0,0.0,0.0,0.0,0.0,0.0,0.0,0.0,10.0,,tree cover
4609,121,0.974,0.9174,0.0,0.0826,0.0,0.0,0.0,0.0,0.0,0.0,0.0,10.0,,tree cover
4720,121,0.974,0.9917,0.0,0.0083,0.0,0.0,0.0,0.0,0.0,0.0,0.0,10.0,,tree cover
4831,121,0.974,0.9917,0.0,0.0083,0.0,0.0,0.0,0.0,0.0,0.0,0.0,10.0,,tree cover
4942,117,0.942,1.0,0.0,0.0,0.0,0.0,0.0,0.0,0.0,0.0,0.0,10.0,,tree cover
5053,120,0.966,0.9917,0.0,0.0083,0.0,0.0,0.0,0.0,0.0,0.0,0.0,10.0,,tree cover
5164,117,0.942,1.0,0.0,0.0,0.0,0.0,0.0,0.0,0.0,0.0,0.0,10.0,,tree cover
5275,121,0.974,1.0,0.0,0.0,0.0,0.0,0.0,0.0,0.0,0.0,0.0,10.0,,tree cover
5386,121,0.974,0.8347,0.0,0.1653,0.0,0.0,0.0,0.0,0.0,0.0,0.0,10.0,,tree cover
5497,121,0.974,0.9752,0.0,0.0248,0.0,0.0,0.0,0.0,0.0,0.0,0.0,10.0,,tree cover
5608,121,0.974,0.9835,0.0,0.0165,0.0,0.0,0.0,0.0,0.0,0.0,0.0,10.0,,tree cover
5719,121,0.974,1.0,0.0,0.0,0.0,0.0,0.0,0.0,0.0,0.0,0.0,10.0,,tree cover
5830,132,1.0,1.0,0.0,0.0,0.0,0.0,0.0,0.0,0.0,0.0,0.0,10.0,,tree cover
5941,121,0.974,1.0,0.0,0.0,0.0,0.0,0.0,0.0,0.0,0.0,0.0,10.0,,tree cover
6052,121,0.974,1.0,0.0,0.0,0.0,0.0,0.0,0.0,0.0,0.0,0.0,10.0,,tree cover
6163,120,0.966,1.0,0.0,0.0,0.0,0.0,0.0,0.0,0.0,0.0,0.0,10.0,,tree cover
6274,110,0.886,1.0,0.0,0.0,0.0,0.0,0.0,0.0,0.0,0.0,0.0,10.0,,tree cover
6385,114,0.918,1.0,0.0,0.0,0.0,0.0,0.0,0.0,0.0,0.0,0.0,10.0,,tree cover
6496,121,0.974,1.0,0.0,0.0,0.0,0.0,0.0,0.0,0.0,0.0,0.0,10.0,,tree cover
6718,122,0.982,1.0,0.0,0.0,0.0,0.0,0.0,0.0,0.0,0.0,0.0,10.0,,tree cover
6829,121,0.974,0.9174,0.0,0.0661,0.0,0.0,0.0165,0.0,0.0,0.0,0.0,10.0,,tree cover
6940,121,0.974,0.4545,0.0,0.0413,0.3554,0.0,0.1488,0.0,0.0,0.0,0.0,10.0,,tree cover
7051,121,0.974,0.8182,0.0,0.0,0.0,0.0992,0.0826,0.0,0.0,0.0,0.0,10.0,,tree cover
7273,121,0.974,1.0,0.0,0.0,0.0,0.0,0.0,0.0,0.0,0.0,0.0,10.0,,tree cover
7384,129,1.0,1.0,0.0,0.0,0.0,0.0,0.0,0.0,0.0,0.0,0.0,10.0,,tree cover
7495,115,0.926,1.0,0.0,0.0,0.0,0.0,0.0,0.0,0.0,0.0,0.0,10.0,,tree cover
7606,110,0.886,1.0,0.0,0.0,0.0,0.0,0.0,0.0,0.0,0.0,0.0,10.0,,tree cover
7717,121,0.974,1.0,0.0,0.0,0.0,0.0,0.0,0.0,0.0,0.0,0.0,10.0,,tree cover
7828,121,0.974,1.0,0.0,0.0,0.0,0.0,0.0,0.0,0.0,0.0,0.0,10.0,,tree cover
7939,121,0.974,1.0,0.0,0.0,0.0,0.0,0.0,0.0,0.0,0.0,0.0,10.0,,tree cover
8050,121,0.974,1.0,0.0,0.0,0.0,0.0,0.0,0.0,0.0,0.0,0.0,10.0,,tree cover
8161,127,1.0,1.0,0.0,0.0,0.0,0.0,0.0,0.0,0.0,0.0,0.0,10.0,,tree cover
8272,126,1.0,1.0,0.0,0.0,0.0,0.0,0.0,0.0,0.0,0.0,0.0,10.0,,tree cover
8383,121,0.974,1.0,0.0,0.0,0.0,0.0,0.0,0.0,0.0,0.0,0.0,10.0,,tree cover
8494,121,0.974,1.0,0.0,0.0,0.0,0.0,0.0,0.0,0.0,0.0,0.0,10.0,,tree cover
8605,121,0.974,1.0,0.0,0.0,0.0,0.0,0.0,0.0,0.0,0.0,0.0,10.0,,tree cover
8716,117,0.942,1.0,0.0,0.0,0.0,0.0,0.0,0.0,0.0,0.0,0.0,10.0,,tree cover
8827,110,0.886,1.0,0.0,0.0,0.0,0.0,0.0,0.0,0.0,0.0,0.0,10.0,,tree cover
8938,119,0.958,1.0,0.0,0.0,0.0,0.0,0.0,0.0,0.0,0.0,0.0,10.0,,tree cover
9049,129,1.0,1.0,0.0,0.0,0.0,0.0,0.0,0.0,0.0,0.0,0.0,10.0,,tree cover
9160,121,0.974,1.0,0.0,0.0,0.0,0.0,0.0,0.0,0.0,0.0,0.0,10.0,,tree cover
9271,121,0.974,1.0,0.0,0.0,0.0,0.0,0.0,0.0,0.0,0.0,0.0,10.0,,tree cover
9382,121,0.974,1.0,0.0,0.0,0.0,0.0,0.0,0.0,0.0,0.0,0.0,10.0,,tree cover
9493,121,0.974,1.0,0.0,0.0,0.0,0.0,0.0,0.0,0.0,0.0,0.0,10.0,,tree cover
9604,121,0.974,1.0,0.0,0.0,0.0,0.0,0.0,0.0,0.0,0.0,0.0,10.0,,tree cover
9715,123,0.99,1.0,0.0,0.0,0.0,0.0,0.0,0.0,0.0,0.0,0.0,10.0,,tree cover
9826,130,1.0,1.0,0.0,0.0,0.0,0.0,0.0,0.0,0.0,0.0,0.0,10.0,,tree cover
9937,121,0.974,1.0,0.0,0.0,0.0,0.0,0.0,0.0,0.0,0.0,0.0,10.0,,tree cover
10048,111,0.894,1.0,0.0,0.0,0.0,0.0,0.0,0.0,0.0,0.0,0.0,10.0,,tree cover
10159,111,0.894,1.0,0.0,0.0,0.0,0.0,0.0,0.0,0.0,0.0,0.0,10.0,,tree cover
10270,121,0.974,1.0,0.0,0.0,0.0,0.0,0.0,0.0,0.0,0.0,0.0,10.0,,tree cover
10381,121,0.974,1.0,0.0,0.0,0.0,0.0,0.0,0.0,0.0,0.0,0.0,10.0,,tree cover
10492,121,0.974,1.0,0.0,0.0,0.0,0.0,0.0,0.0,0.0,0.0,0.0,10.0,,tree cover
10603,132,1.0,1.0,0.0,0.0,0.0,0.0,0.0,0.0,0.0,0.0,0.0,10.0,,tree cover
10714,121,0.974,1.0,0.0,0.0,0.0,0.0,0.0,0.0,0.0,0.0,0.0,10.0,,tree cover
10825,121,0.974,1.0,0.0,0.0,0.0,0.0,0.0,0.0,0.0,0.0,0.0,10.0,,tree cover
10936,121,0.974,1.0,0.0,0.0,0.0,0.0,0.0,0.0,0.0,0.0,0.0,10.0,,tree cover
11047,121,0.974,1.0,0.0,0.0,0.0,0.0,0.0,0.0,0.0,0.0,0.0,10.0,,tree cover
11158,121,0.974,1.0,0.0,0.0,0.0,0.0,0.0,0.0,0.0,0.0,0.0,10.0,,tree cover
11269,118,0.95,1.0,0.0,0.0,0.0,0.0,0.0,0.0,0.0,0.0,0.0,10.0,,tree cover
11380,120,0.966,1.0,0.0,0.0,0.0,0.0,0.0,0.0,0.0,0.0,0.0,10.0,,tree cover
11491,116,0.934,1.0,0.0,0.0,0.0,0.0,0.0,0.0,0.0,0.0,0.0,10.0,,tree cover
11602,121,0.974,1.0,0.0,0.0,0.0,0.0,0.0,0.0,0.0,0.0,0.0,10.0,,tree cover
11713,121,0.974,0.9917,0.0,0.0083,0.0,0.0,0.0,0.0,0.0,0.0,0.0,10.0,,tree cover
11824,121,0.974,1.0,0.0,0.0,0.0,0.0,0.0,0.0,0.0,0.0,0.0,10.0,,tree cover
11935,121,0.974,1.0,0.0,0.0,0.0,0.0,0.0,0.0,0.0,0.0,0.0,10.0,,tree cover
12046,121,0.974,1.0,0.0,0.0,0.0,0.0,0.0,0.0,0.0,0.0,0.0,10.0,,tree cover
12157,132,1.0,1.0,0.0,0.0,0.0,0.0,0.0,0.0,0.0,0.0,0.0,10.0,,tree cover
12268,121,0.974,1.0,0.0,0.0,0.0,0.0,0.0,0.0,0.0,0.0,0.0,10.0,,tree cover
12379,121,0.974,1.0,0.0,0.0,0.0,0.0,0.0,0.0,0.0,0.0,0.0,10.0,,tree cover
12490,121,0.974,1.0,0.0,0.0,0.0,0.0,0.0,0.0,0.0,0.0,0.0,10.0,,tree cover
12601,113,0.91,1.0,0.0,0.0,0.0,0.0,0.0,0.0,0.0,0.0,0.0,10.0,,tree cover
12712,110,0.886,1.0,0.0,0.0,0.0,0.0,0.0,0.0,0.0,0.0,0.0,10.0,,tree cover
12823,120,0.966,1.0,0.0,0.0,0.0,0.0,0.0,0.0,0.0,0.0,0.0,10.0,,tree cover
12934,132,1.0,0.8485,0.0,0.0227,0.1288,0.0,0.0,0.0,0.0,0.0,0.0,10.0,,tree cover
13045,121,0.974,0.7934,0.0,0.0083,0.1901,0.0,0.0,0.0083,0.0,0.0,0.0,10.0,,tree cover
13156,121,0.974,1.0,0.0,0.0,0.0,0.0,0.0,0.0,0.0,0.0,0.0,10.0,,tree cover
13267,121,0.974,1.0,0.0,0.0,0.0,0.0,0.0,0.0,0.0,0.0,0.0,10.0,,tree cover
13378,121,0.974,1.0,0.0,0.0,0.0,0.0,0.0,0.0,0.0,0.0,0.0,10.0,,tree cover
13489,121,0.974,1.0,0.0,0.0,0.0,0.0,0.0,0.0,0.0,0.0,0.0,10.0,,tree cover
13600,121,0.974,1.0,0.0,0.0,0.0,0.0,0.0,0.0,0.0,0.0,0.0,10.0,,tree cover
13711,130,1.0,1.0,0.0,0.0,0.0,0.0,0.0,0.0,0.0,0.0,0.0,10.0,,tree cover
13822,122,0.982,1.0,0.0,0.0,0.0,0.0,0.0,0.0,0.0,0.0,0.0,10.0,,tree cover
13933,110,0.886,1.0,0.0,0.0,0.0,0.0,0.0,0.0,0.0,0.0,0.0,10.0,,tree cover
14044,113,0.91,1.0,0.0,0.0,0.0,0.0,0.0,0.0,0.0,0.0,0.0,10.0,,tree cover
14155,121,0.974,0.9504,0.0,0.0496,0.0,0.0,0.0,0.0,0.0,0.0,0.0,10.0,,tree cover
14266,121,0.974,0.9752,0.0,0.0248,0.0,0.0,0.0,0.0,0.0,0.0,0.0,10.0,,tree cover
14377,121,0.974,1.0,0.0,0.0,0.0,0.0,0.0,0.0,0.0,0.0,0.0,10.0,,tree cover
725,121,0.974,0.0826,0.0,0.0,0.719,0.0,0.0413,0.157,0.0,0.0,0.0,40.0,,cropland
836,121,0.974,0.0,0.0,0.2066,0.7934,0.0,0.0,0.0,0.0,0.0,0.0,40.0,,cropland
947,125,1.0,0.344,0.0,0.112,0.544,0.0,0.0,0.0,0.0,0.0,0.0,40.0,,cropland
1058,122,0.982,0.6803,0.0,0.0,0.0,0.3197,0.0,0.0,0.0,0.0,0.0,10.0,,tree cover
1169,110,0.886,0.1545,0.0,0.0,0.0,0.8455,0.0,0.0,0.0,0.0,0.0,50.0,ground_built_up,built-up
1280,119,0.958,0.0336,0.0,0.0084,0.0,0.9496,0.0084,0.0,0.0,0.0,0.0,50.0,ground_built_up,built-up
1502,121,0.974,0.0826,0.0,0.0,0.0,0.9091,0.0083,0.0,0.0,0.0,0.0,50.0,ground_built_up,built-up
1724,122,0.982,0.0082,0.0,0.0082,0.0,0.9836,0.0,0.0,0.0,0.0,0.0,50.0,ground_built_up,built-up
1946,121,0.974,0.595,0.0,0.0,0.0,0.405,0.0,0.0,0.0,0.0,0.0,10.0,,tree cover
2057,121,0.974,0.5124,0.0,0.1488,0.0,0.3388,0.0,0.0,0.0,0.0,0.0,10.0,,tree cover
2168,121,0.974,0.2149,0.0,0.0826,0.0,0.7025,0.0,0.0,0.0,0.0,0.0,50.0,ground_built_up,built-up
2390,110,0.886,0.6727,0.0,0.0,0.0,0.3273,0.0,0.0,0.0,0.0,0.0,10.0,,tree cover
2501,118,0.95,0.5085,0.0,0.0678,0.0,0.4237,0.0,0.0,0.0,0.0,0.0,10.0,,tree cover
2834,121,0.974,0.6033,0.0,0.0,0.0,0.3967,0.0,0.0,0.0,0.0,0.0,10.0,,tree cover
2945,121,0.974,0.9835,0.0,0.0,0.0,0.0165,0.0,0.0,0.0,0.0,0.0,10.0,,tree cover
3056,121,0.974,0.9421,0.0,0.0,0.0,0.0579,0.0,0.0,0.0,0.0,0.0,10.0,,tree cover
3167,121,0.974,0.8843,0.0,0.0,0.0,0.1157,0.0,0.0,0.0,0.0,0.0,10.0,,tree cover
3278,121,0.974,0.5702,0.0,0.3967,0.0,0.0331,0.0,0.0,0.0,0.0,0.0,10.0,,tree cover
3389,132,1.0,0.9621,0.0,0.0227,0.0,0.0152,0.0,0.0,0.0,0.0,0.0,10.0,,tree cover
3500,117,0.942,1.0,0.0,0.0,0.0,0.0,0.0,0.0,0.0,0.0,0.0,10.0,,tree cover
3611,110,0.886,1.0,0.0,0.0,0.0,0.0,0.0,0.0,0.0,0.0,0.0,10.0,,tree cover
3833,121,0.974,0.9174,0.0,0.0,0.0,0.0826,0.0,0.0,0.0,0.0,0.0,10.0,,tree cover
3944,121,0.974,0.9587,0.0,0.0,0.0,0.0413,0.0,0.0,0.0,0.0,0.0,10.0,,tree cover
4055,121,0.974,0.9752,0.0,0.0,0.0,0.0248,0.0,0.0,0.0,0.0,0.0,10.0,,tree cover
4166,131,1.0,0.9618,0.0,0.0,0.0,0.0382,0.0,0.0,0.0,0.0,0.0,10.0,,tree cover
4277,122,0.982,1.0,0.0,0.0,0.0,0.0,0.0,0.0,0.0,0.0,0.0,10.0,,tree cover
4388,121,0.974,1.0,0.0,0.0,0.0,0.0,0.0,0.0,0.0,0.0,0.0,10.0,,tree cover
4499,121,0.974,1.0,0.0,0.0,0.0,0.0,0.0,0.0,0.0,0.0,0.0,10.0,,tree cover
4610,121,0.974,1.0,0.0,0.0,0.0,0.0,0.0,0.0,0.0,0.0,0.0,10.0,,tree cover
4721,120,0.966,1.0,0.0,0.0,0.0,0.0,0.0,0.0,0.0,0.0,0.0,10.0,,tree cover
4832,110,0.886,1.0,0.0,0.0,0.0,0.0,0.0,0.0,0.0,0.0,0.0,10.0,,tree cover
4943,122,0.982,0.9836,0.0,0.0,0.0,0.0,0.0164,0.0,0.0,0.0,0.0,10.0,,tree cover
5054,124,0.998,0.7339,0.0,0.0,0.0,0.0,0.2661,0.0,0.0,0.0,0.0,10.0,,tree cover
5165,121,0.974,0.9587,0.0,0.0,0.0,0.0,0.0413,0.0,0.0,0.0,0.0,10.0,,tree cover
5276,121,0.974,1.0,0.0,0.0,0.0,0.0,0.0,0.0,0.0,0.0,0.0,10.0,,tree cover
5387,121,0.974,0.5207,0.0,0.4793,0.0,0.0,0.0,0.0,0.0,0.0,0.0,10.0,,tree cover
5609,121,0.974,0.9339,0.0,0.0661,0.0,0.0,0.0,0.0,0.0,0.0,0.0,10.0,,tree cover
5720,127,1.0,1.0,0.0,0.0,0.0,0.0,0.0,0.0,0.0,0.0,0.0,10.0,,tree cover
5831,126,1.0,1.0,0.0,0.0,0.0,0.0,0.0,0.0,0.0,0.0,0.0,10.0,,tree cover
5942,121,0.974,1.0,0.0,0.0,0.0,0.0,0.0,0.0,0.0,0.0,0.0,10.0,,tree cover
6053,111,0.894,1.0,0.0,0.0,0.0,0.0,0.0,0.0,0.0,0.0,0.0,10.0,,tree cover
6164,111,0.894,1.0,0.0,0.0,0.0,0.0,0.0,0.0,0.0,0.0,0.0,10.0,,tree cover
6275,121,0.974,1.0,0.0,0.0,0.0,0.0,0.0,0.0,0.0,0.0,0.0,10.0,,tree cover
6386,121,0.974,1.0,0.0,0.0,0.0,0.0,0.0,0.0,0.0,0.0,0.0,10.0,,tree cover
6497,125,1.0,1.0,0.0,0.0,0.0,0.0,0.0,0.0,0.0,0.0,0.0,10.0,,tree cover
6608,128,1.0,1.0,0.0,0.0,0.0,0.0,0.0,0.0,0.0,0.0,0.0,10.0,,tree cover
6830,121,0.974,1.0,0.0,0.0,0.0,0.0,0.0,0.0,0.0,0.0,0.0,10.0,,tree cover
6941,121,0.974,0.9421,0.0,0.0,0.0579,0.0,0.0,0.0,0.0,0.0,0.0,10.0,,tree cover
7052,121,0.974,1.0,0.0,0.0,0.0,0.0,0.0,0.0,0.0,0.0,0.0,10.0,,tree cover
7163,121,0.974,0.7273,0.0,0.2727,0.0,0.0,0.0,0.0,0.0,0.0,0.0,10.0,,tree cover
7274,117,0.942,1.0,0.0,0.0,0.0,0.0,0.0,0.0,0.0,0.0,0.0,10.0,,tree cover
7385,119,0.958,1.0,0.0,0.0,0.0,0.0,0.0,0.0,0.0,0.0,0.0,10.0,,tree cover
7496,119,0.958,1.0,0.0,0.0,0.0,0.0,0.0,0.0,0.0,0.0,0.0,10.0,,tree cover
7607,121,0.974,1.0,0.0,0.0,0.0,0.0,0.0,0.0,0.0,0.0,0.0,10.0,,tree cover
7718,121,0.974,1.0,0.0,0.0,0.0,0.0,0.0,0.0,0.0,0.0,0.0,10.0,,tree cover
7829,121,0.974,1.0,0.0,0.0,0.0,0.0,0.0,0.0,0.0,0.0,0.0,10.0,,tree cover
7940,121,0.974,1.0,0.0,0.0,0.0,0.0,0.0,0.0,0.0,0.0,0.0,10.0,,tree cover
8051,121,0.974,1.0,0.0,0.0,0.0,0.0,0.0,0.0,0.0,0.0,0.0,10.0,,tree cover
8162,132,1.0,1.0,0.0,0.0,0.0,0.0,0.0,0.0,0.0,0.0,0.0,10.0,,tree cover
8273,121,0.974,1.0,0.0,0.0,0.0,0.0,0.0,0.0,0.0,0.0,0.0,10.0,,tree cover
8384,121,0.974,1.0,0.0,0.0,0.0,0.0,0.0,0.0,0.0,0.0,0.0,10.0,,tree cover
8495,119,0.958,1.0,0.0,0.0,0.0,0.0,0.0,0.0,0.0,0.0,0.0,10.0,,tree cover
8606,110,0.886,1.0,0.0,0.0,0.0,0.0,0.0,0.0,0.0,0.0,0.0,10.0,,tree cover
8717,114,0.918,1.0,0.0,0.0,0.0,0.0,0.0,0.0,0.0,0.0,0.0,10.0,,tree cover
8828,121,0.974,1.0,0.0,0.0,0.0,0.0,0.0,0.0,0.0,0.0,0.0,10.0,,tree cover
8939,132,1.0,1.0,0.0,0.0,0.0,0.0,0.0,0.0,0.0,0.0,0.0,10.0,,tree cover
9050,121,0.974,1.0,0.0,0.0,0.0,0.0,0.0,0.0,0.0,0.0,0.0,10.0,,tree cover
9161,121,0.974,1.0,0.0,0.0,0.0,0.0,0.0,0.0,0.0,0.0,0.0,10.0,,tree cover
9272,121,0.974,1.0,0.0,0.0,0.0,0.0,0.0,0.0,0.0,0.0,0.0,10.0,,tree cover
9383,121,0.974,1.0,0.0,0.0,0.0,0.0,0.0,0.0,0.0,0.0,0.0,10.0,,tree cover
9494,121,0.974,1.0,0.0,0.0,0.0,0.0,0.0,0.0,0.0,0.0,0.0,10.0,,tree cover
9605,121,0.974,1.0,0.0,0.0,0.0,0.0,0.0,0.0,0.0,0.0,0.0,10.0,,tree cover
9716,132,1.0,1.0,0.0,0.0,0.0,0.0,0.0,0.0,0.0,0.0,0.0,10.0,,tree cover
9827,113,0.91,1.0,0.0,0.0,0.0,0.0,0.0,0.0,0.0,0.0,0.0,10.0,,tree cover
9938,110,0.886,1.0,0.0,0.0,0.0,0.0,0.0,0.0,0.0,0.0,0.0,10.0,,tree cover
10049,120,0.966,1.0,0.0,0.0,0.0,0.0,0.0,0.0,0.0,0.0,0.0,10.0,,tree cover
10160,121,0.974,1.0,0.0,0.0,0.0,0.0,0.0,0.0,0.0,0.0,0.0,10.0,,tree cover
10271,121,0.974,1.0,0.0,0.0,0.0,0.0,0.0,0.0,0.0,0.0,0.0,10.0,,tree cover
10382,121,0.974,1.0,0.0,0.0,0.0,0.0,0.0,0.0,0.0,0.0,0.0,10.0,,tree cover
10493,131,1.0,1.0,0.0,0.0,0.0,0.0,0.0,0.0,0.0,0.0,0.0,10.0,,tree cover
10604,122,0.982,1.0,0.0,0.0,0.0,0.0,0.0,0.0,0.0,0.0,0.0,10.0,,tree cover
10715,121,0.974,1.0,0.0,0.0,0.0,0.0,0.0,0.0,0.0,0.0,0.0,10.0,,tree cover
10826,121,0.974,1.0,0.0,0.0,0.0,0.0,0.0,0.0,0.0,0.0,0.0,10.0,,tree cover
10937,121,0.974,1.0,0.0,0.0,0.0,0.0,0.0,0.0,0.0,0.0,0.0,10.0,,tree cover
11048,120,0.966,1.0,0.0,0.0,0.0,0.0,0.0,0.0,0.0,0.0,0.0,10.0,,tree cover
11159,110,0.886,1.0,0.0,0.0,0.0,0.0,0.0,0.0,0.0,0.0,0.0,10.0,,tree cover
11270,121,0.974,1.0,0.0,0.0,0.0,0.0,0.0,0.0,0.0,0.0,0.0,10.0,,tree cover
11381,124,0.998,1.0,0.0,0.0,0.0,0.0,0.0,0.0,0.0,0.0,0.0,10.0,,tree cover
11492,121,0.974,1.0,0.0,0.0,0.0,0.0,0.0,0.0,0.0,0.0,0.0,10.0,,tree cover
11603,121,0.974,1.0,0.0,0.0,0.0,0.0,0.0,0.0,0.0,0.0,0.0,10.0,,tree cover
11714,121,0.974,1.0,0.0,0.0,0.0,0.0,0.0,0.0,0.0,0.0,0.0,10.0,,tree cover
11825,121,0.974,1.0,0.0,0.0,0.0,0.0,0.0,0.0,0.0,0.0,0.0,10.0,,tree cover
11936,121,0.974,1.0,0.0,0.0,0.0,0.0,0.0,0.0,0.0,0.0,0.0,10.0,,tree cover
12047,128,1.0,1.0,0.0,0.0,0.0,0.0,0.0,0.0,0.0,0.0,0.0,10.0,,tree cover
12158,125,1.0,1.0,0.0,0.0,0.0,0.0,0.0,0.0,0.0,0.0,0.0,10.0,,tree cover
12269,121,0.974,1.0,0.0,0.0,0.0,0.0,0.0,0.0,0.0,0.0,0.0,10.0,,tree cover
12380,115,0.926,1.0,0.0,0.0,0.0,0.0,0.0,0.0,0.0,0.0,0.0,10.0,,tree cover
12491,110,0.886,1.0,0.0,0.0,0.0,0.0,0.0,0.0,0.0,0.0,0.0,10.0,,tree cover
12602,118,0.95,1.0,0.0,0.0,0.0,0.0,0.0,0.0,0.0,0.0,0.0,10.0,,tree cover
12713,121,0.974,1.0,0.0,0.0,0.0,0.0,0.0,0.0,0.0,0.0,0.0,10.0,,tree cover
12824,125,1.0,1.0,0.0,0.0,0.0,0.0,0.0,0.0,0.0,0.0,0.0,10.0,,tree cover
12935,128,1.0,1.0,0.0,0.0,0.0,0.0,0.0,0.0,0.0,0.0,0.0,10.0,,tree cover
13046,121,0.974,0.9091,0.0,0.0909,0.0,0.0,0.0,0.0,0.0,0.0,0.0,10.0,,tree cover
13157,121,0.974,0.8595,0.0,0.0,0.124,0.0,0.0,0.0165,0.0,0.0,0.0,10.0,,tree cover
13268,121,0.974,1.0,0.0,0.0,0.0,0.0,0.0,0.0,0.0,0.0,0.0,10.0,,tree cover
13379,121,0.974,1.0,0.0,0.0,0.0,0.0,0.0,0.0,0.0,0.0,0.0,10.0,,tree cover
13490,121,0.974,1.0,0.0,0.0,0.0,0.0,0.0,0.0,0.0,0.0,0.0,10.0,,tree cover
13601,124,0.998,1.0,0.0,0.0,0.0,0.0,0.0,0.0,0.0,0.0,0.0,10.0,,tree cover
13712,119,0.958,0.9748,0.0,0.0252,0.0,0.0,0.0,0.0,0.0,0.0,0.0,10.0,,tree cover
13823,111,0.894,1.0,0.0,0.0,0.0,0.0,0.0,0.0,0.0,0.0,0.0,10.0,,tree cover
13934,121,0.974,1.0,0.0,0.0,0.0,0.0,0.0,0.0,0.0,0.0,0.0,10.0,,tree cover
14045,121,0.974,1.0,0.0,0.0,0.0,0.0,0.0,0.0,0.0,0.0,0.0,10.0,,tree cover
14156,121,0.974,0.9752,0.0,0.0248,0.0,0.0,0.0,0.0,0.0,0.0,0.0,10.0,,tree cover
14267,121,0.974,1.0,0.0,0.0,0.0,0.0,0.0,0.0,0.0,0.0,0.0,10.0,,tree cover
14378,122,0.982,1.0,0.0,0.0,0.0,0.0,0.0,0.0,0.0,0.0,0.0,10.0,,tree cover
726,121,0.974,0.1488,0.0,0.0,0.5041,0.0744,0.124,0.1488,0.0,0.0,0.0,40.0,,cropland
837,118,0.95,0.161,0.0,0.5508,0.2881,0.0,0.0,0.0,0.0,0.0,0.0,30.0,,grassland
948,120,0.966,0.6167,0.0,0.0833,0.0083,0.2917,0.0,0.0,0.0,0.0,0.0,10.0,,tree cover
1281,121,0.974,0.0744,0.0,0.0,0.0,0.9174,0.0083,0.0,0.0,0.0,0.0,50.0,ground_built_up,built-up
1614,121,0.974,0.2231,0.0,0.0083,0.0,0.7686,0.0,0.0,0.0,0.0,0.0,50.0,ground_built_up,built-up
1725,132,1.0,0.1288,0.0,0.1439,0.0,0.7273,0.0,0.0,0.0,0.0,0.0,50.0,ground_built_up,built-up
1836,121,0.974,0.2479,0.0,0.0,0.0,0.7521,0.0,0.0,0.0,0.0,0.0,50.0,ground_built_up,built-up
2058,119,0.958,0.0336,0.0,0.1429,0.0,0.8067,0.0168,0.0,0.0,0.0,0.0,50.0,ground_built_up,built-up
2280,115,0.926,0.5478,0.0,0.0,0.0,0.4522,0.0,0.0,0.0,0.0,0.0,10.0,,tree cover
2502,130,1.0,0.3231,0.0,0.6692,0.0,0.0077,0.0,0.0,0.0,0.0,0.0,30.0,,grassland
2724,121,0.974,0.2149,0.0,0.0,0.0,0.7851,0.0,0.0,0.0,0.0,0.0,50.0,ground_built_up,built-up
2946,121,0.974,0.8264,0.0,0.124,0.0,0.0496,0.0,0.0,0.0,0.0,0.0,10.0,,tree cover
3057,121,0.974,0.8595,0.0,0.0,0.0,0.1405,0.0,0.0,0.0,0.0,0.0,10.0,,tree cover
3168,121,0.974,0.9008,0.0,0.0,0.0,0.0992,0.0,0.0,0.0,0.0,0.0,10.0,,tree cover
3279,128,1.0,0.8203,0.0,0.0078,0.0,0.1406,0.0312,0.0,0.0,0.0,0.0,10.0,,tree cover
3390,113,0.91,0.7788,0.0,0.0,0.0,0.2212,0.0,0.0,0.0,0.0,0.0,10.0,,tree cover
3612,121,0.974,0.9835,0.0,0.0,0.0,0.0165,0.0,0.0,0.0,0.0,0.0,10.0,,tree cover
3723,121,0.974,1.0,0.0,0.0,0.0,0.0,0.0,0.0,0.0,0.0,0.0,10.0,,tree cover
3834,121,0.974,1.0,0.0,0.0,0.0,0.0,0.0,0.0,0.0,0.0,0.0,10.0,,tree cover
3945,121,0.974,0.9174,0.0,0.0,0.0,0.0826,0.0,0.0,0.0,0.0,0.0,10.0,,tree cover
4056,126,1.0,0.9762,0.0,0.0,0.0,0.0238,0.0,0.0,0.0,0.0,0.0,10.0,,tree cover
4167,127,1.0,0.9921,0.0,0.0,0.0,0.0079,0.0,0.0,0.0,0.0,0.0,10.0,,tree cover
4278,121,0.974,1.0,0.0,0.0,0.0,0.0,0.0,0.0,0.0,0.0,0.0,10.0,,tree cover
4389,121,0.974,1.0,0.0,0.0,0.0,0.0,0.0,0.0,0.0,0.0,0.0,10.0,,tree cover
4500,121,0.974,1.0,0.0,0.0,0.0,0.0,0.0,0.0,0.0,0.0,0.0,10.0,,tree cover
4611,111,0.894,1.0,0.0,0.0,0.0,0.0,0.0,0.0,0.0,0.0,0.0,10.0,,tree cover
4722,111,0.894,1.0,0.0,0.0,0.0,0.0,0.0,0.0,0.0,0.0,0.0,10.0,,tree cover
4833,123,0.99,0.8537,0.0,0.0,0.0,0.0,0.1463,0.0,0.0,0.0,0.0,10.0,,tree cover
4944,130,1.0,0.1692,0.0,0.0462,0.0,0.0,0.7846,0.0,0.0,0.0,0.0,60.0,ground_bare,bare or sparse vegetation
5055,121,0.974,0.0248,0.0,0.0165,0.0,0.0,0.9504,0.0083,0.0,0.0,0.0,60.0,ground_bare,bare or sparse vegetation
5166,121,0.974,0.5537,0.0,0.0,0.0,0.0,0.4463,0.0,0.0,0.0,0.0,10.0,,tree cover
5277,121,0.974,1.0,0.0,0.0,0.0,0.0,0.0,0.0,0.0,0.0,0.0,10.0,,tree cover
5388,121,0.974,0.8017,0.0,0.1983,0.0,0.0,0.0,0.0,0.0,0.0,0.0,10.0,,tree cover
5499,121,0.974,0.9339,0.0,0.0661,0.0,0.0,0.0,0.0,0.0,0.0,0.0,10.0,,tree cover
5610,122,0.982,1.0,0.0,0.0,0.0,0.0,0.0,0.0,0.0,0.0,0.0,10.0,,tree cover
5721,131,1.0,0.9466,0.0,0.0534,0.0,0.0,0.0,0.0,0.0,0.0,0.0,10.0,,tree cover
5832,114,0.918,0.8772,0.0,0.1228,0.0,0.0,0.0,0.0,0.0,0.0,0.0,10.0,,tree cover
5943,110,0.886,1.0,0.0,0.0,0.0,0.0,0.0,0.0,0.0,0.0,0.0,10.0,,tree cover
6054,120,0.966,1.0,0.0,0.0,0.0,0.0,0.0,0.0,0.0,0.0,0.0,10.0,,tree cover
6165,121,0.974,1.0,0.0,0.0,0.0,0.0,0.0,0.0,0.0,0.0,0.0,10.0,,tree cover
6276,121,0.974,1.0,0.0,0.0,0.0,0.0,0.0,0.0,0.0,0.0,0.0,10.0,,tree cover
6387,121,0.974,1.0,0.0,0.0,0.0,0.0,0.0,0.0,0.0,0.0,0.0,10.0,,tree cover
6498,132,1.0,1.0,0.0,0.0,0.0,0.0,0.0,0.0,0.0,0.0,0.0,10.0,,tree cover
6609,121,0.974,0.7107,0.0,0.2893,0.0,0.0,0.0,0.0,0.0,0.0,0.0,10.0,,tree cover
6720,121,0.974,0.8347,0.0,0.1653,0.0,0.0,0.0,0.0,0.0,0.0,0.0,10.0,,tree cover
6831,121,0.974,1.0,0.0,0.0,0.0,0.0,0.0,0.0,0.0,0.0,0.0,10.0,,tree cover
6942,121,0.974,1.0,0.0,0.0,0.0,0.0,0.0,0.0,0.0,0.0,0.0,10.0,,tree cover
7053,118,0.95,1.0,0.0,0.0,0.0,0.0,0.0,0.0,0.0,0.0,0.0,10.0,,tree cover
7164,110,0.886,1.0,0.0,0.0,0.0,0.0,0.0,0.0,0.0,0.0,0.0,10.0,,tree cover
7275,126,1.0,1.0,0.0,0.0,0.0,0.0,0.0,0.0,0.0,0.0,0.0,10.0,,tree cover
7386,121,0.974,1.0,0.0,0.0,0.0,0.0,0.0,0.0,0.0,0.0,0.0,10.0,,tree cover
7497,121,0.974,1.0,0.0,0.0,0.0,0.0,0.0,0.0,0.0,0.0,0.0,10.0,,tree cover
7608,121,0.974,1.0,0.0,0.0,0.0,0.0,0.0,0.0,0.0,0.0,0.0,10.0,,tree cover
7719,121,0.974,1.0,0.0,0.0,0.0,0.0,0.0,0.0,0.0,0.0,0.0,10.0,,tree cover
7830,121,0.974,1.0,0.0,0.0,0.0,0.0,0.0,0.0,0.0,0.0,0.0,10.0,,tree cover
7941,121,0.974,1.0,0.0,0.0,0.0,0.0,0.0,0.0,0.0,0.0,0.0,10.0,,tree cover
8052,132,1.0,1.0,0.0,0.0,0.0,0.0,0.0,0.0,0.0,0.0,0.0,10.0,,tree cover
8163,121,0.974,1.0,0.0,0.0,0.0,0.0,0.0,0.0,0.0,0.0,0.0,10.0,,tree cover
8274,121,0.974,1.0,0.0,0.0,0.0,0.0,0.0,0.0,0.0,0.0,0.0,10.0,,tree cover
8385,111,0.894,1.0,0.0,0.0,0.0,0.0,0.0,0.0,0.0,0.0,0.0,10.0,,tree cover
8496,112,0.902,1.0,0.0,0.0,0.0,0.0,0.0,0.0,0.0,0.0,0.0,10.0,,tree cover
8607,121,0.974,1.0,0.0,0.0,0.0,0.0,0.0,0.0,0.0,0.0,0.0,10.0,,tree cover
8718,121,0.974,1.0,0.0,0.0,0.0,0.0,0.0,0.0,0.0,0.0,0.0,10.0,,tree cover
8829,129,1.0,1.0,0.0,0.0,0.0,0.0,0.0,0.0,0.0,0.0,0.0,10.0,,tree cover
8940,124,0.998,1.0,0.0,0.0,0.0,0.0,0.0,0.0,0.0,0.0,0.0,10.0,,tree cover
9051,121,0.974,1.0,0.0,0.0,0.0,0.0,0.0,0.0,0.0,0.0,0.0,10.0,,tree cover
9162,121,0.974,1.0,0.0,0.0,0.0,0.0,0.0,0.0,0.0,0.0,0.0,10.0,,tree cover
9273,121,0.974,1.0,0.0,0.0,0.0,0.0,0.0,0.0,0.0,0.0,0.0,10.0,,tree cover
9384,121,0.974,1.0,0.0,0.0,0.0,0.0,0.0,0.0,0.0,0.0,0.0,10.0,,tree cover
9495,121,0.974,1.0,0.0,0.0,0.0,0.0,0.0,0.0,0.0,0.0,0.0,10.0,,tree cover
9606,122,0.982,1.0,0.0,0.0,0.0,0.0,0.0,0.0,0.0,0.0,0.0,10.0,,tree cover
9717,114,0.918,1.0,0.0,0.0,0.0,0.0,0.0,0.0,0.0,0.0,0.0,10.0,,tree cover
9828,118,0.95,1.0,0.0,0.0,0.0,0.0,0.0,0.0,0.0,0.0,0.0,10.0,,tree cover
9939,121,0.974,1.0,0.0,0.0,0.0,0.0,0.0,0.0,0.0,0.0,0.0,10.0,,tree cover
10050,121,0.974,1.0,0.0,0.0,0.0,0.0,0.0,0.0,0.0,0.0,0.0,10.0,,tree cover
10161,121,0.974,1.0,0.0,0.0,0.0,0.0,0.0,0.0,0.0,0.0,0.0,10.0,,tree cover
10272,121,0.974,1.0,0.0,0.0,0.0,0.0,0.0,0.0,0.0,0.0,0.0,10.0,,tree cover
10383,125,1.0,1.0,0.0,0.0,0.0,0.0,0.0,0.0,0.0,0.0,0.0,10.0,,tree cover
10494,128,1.0,1.0,0.0,0.0,0.0,0.0,0.0,0.0,0.0,0.0,0.0,10.0,,tree cover
10605,121,0.974,1.0,0.0,0.0,0.0,0.0,0.0,0.0,0.0,0.0,0.0,10.0,,tree cover
10716,121,0.974,1.0,0.0,0.0,0.0,0.0,0.0,0.0,0.0,0.0,0.0,10.0,,tree cover
10827,121,0.974,1.0,0.0,0.0,0.0,0.0,0.0,0.0,0.0,0.0,0.0,10.0,,tree cover
10938,111,0.894,0.955,0.0,0.0,0.0,0.045,0.0,0.0,0.0,0.0,0.0,10.0,,tree cover
11049,111,0.894,1.0,0.0,0.0,0.0,0.0,0.0,0.0,0.0,0.0,0.0,10.0,,tree cover
11160,123,0.99,1.0,0.0,0.0,0.0,0.0,0.0,0.0,0.0,0.0,0.0,10.0,,tree cover
11271,130,1.0,1.0,0.0,0.0,0.0,0.0,0.0,0.0,0.0,0.0,0.0,10.0,,tree cover
11382,121,0.974,1.0,0.0,0.0,0.0,0.0,0.0,0.0,0.0,0.0,0.0,10.0,,tree cover
11493,121,0.974,1.0,0.0,0.0,0.0,0.0,0.0,0.0,0.0,0.0,0.0,10.0,,tree cover
11604,121,0.974,1.0,0.0,0.0,0.0,0.0,0.0,0.0,0.0,0.0,0.0,10.0,,tree cover
11826,121,0.974,1.0,0.0,0.0,0.0,0.0,0.0,0.0,0.0,0.0,0.0,10.0,,tree cover
11937,121,0.974,1.0,0.0,0.0,0.0,0.0,0.0,0.0,0.0,0.0,0.0,10.0,,tree cover
12048,132,1.0,1.0,0.0,0.0,0.0,0.0,0.0,0.0,0.0,0.0,0.0,10.0,,tree cover
12159,117,0.942,1.0,0.0,0.0,0.0,0.0,0.0,0.0,0.0,0.0,0.0,10.0,,tree cover
12270,110,0.886,0.9545,0.0,0.0455,0.0,0.0,0.0,0.0,0.0,0.0,0.0,10.0,,tree cover
12381,116,0.934,1.0,0.0,0.0,0.0,0.0,0.0,0.0,0.0,0.0,0.0,10.0,,tree cover
12492,121,0.974,1.0,0.0,0.0,0.0,0.0,0.0,0.0,0.0,0.0,0.0,10.0,,tree cover
12603,121,0.974,1.0,0.0,0.0,0.0,0.0,0.0,0.0,0.0,0.0,0.0,10.0,,tree cover
12714,121,0.974,1.0,0.0,0.0,0.0,0.0,0.0,0.0,0.0,0.0,0.0,10.0,,tree cover
12825,132,1.0,1.0,0.0,0.0,0.0,0.0,0.0,0.0,0.0,0.0,0.0,10.0,,tree cover
12936,121,0.974,1.0,0.0,0.0,0.0,0.0,0.0,0.0,0.0,0.0,0.0,10.0,,tree cover
13047,121,0.974,1.0,0.0,0.0,0.0,0.0,0.0,0.0,0.0,0.0,0.0,10.0,,tree cover
13158,121,0.974,0.9421,0.0,0.0496,0.0083,0.0,0.0,0.0,0.0,0.0,0.0,10.0,,tree cover
13269,121,0.974,1.0,0.0,0.0,0.0,0.0,0.0,0.0,0.0,0.0,0.0,10.0,,tree cover
13380,121,0.974,1.0,0.0,0.0,0.0,0.0,0.0,0.0,0.0,0.0,0.0,10.0,,tree cover
13491,114,0.918,1.0,0.0,0.0,0.0,0.0,0.0,0.0,0.0,0.0,0.0,10.0,,tree cover
13602,120,0.966,1.0,0.0,0.0,0.0,0.0,0.0,0.0,0.0,0.0,0.0,10.0,,tree cover
13713,120,0.966,1.0,0.0,0.0,0.0,0.0,0.0,0.0,0.0,0.0,0.0,10.0,,tree cover
13824,121,0.974,1.0,0.0,0.0,0.0,0.0,0.0,0.0,0.0,0.0,0.0,10.0,,tree cover
13935,121,0.974,1.0,0.0,0.0,0.0,0.0,0.0,0.0,0.0,0.0,0.0,10.0,,tree cover
14046,121,0.974,1.0,0.0,0.0,0.0,0.0,0.0,0.0,0.0,0.0,0.0,10.0,,tree cover
14157,121,0.974,1.0,0.0,0.0,0.0,0.0,0.0,0.0,0.0,0.0,0.0,10.0,,tree cover
14268,121,0.974,1.0,0.0,0.0,0.0,0.0,0.0,0.0,0.0,0.0,0.0,10.0,,tree cover
14379,132,1.0,1.0,0.0,0.0,0.0,0.0,0.0,0.0,0.0,0.0,0.0,10.0,,tree cover
727,110,0.886,0.3273,0.0,0.0273,0.2091,0.1727,0.0364,0.2273,0.0,0.0,0.0,10.0,,tree cover
838,121,0.974,0.5372,0.0,0.0992,0.281,0.0826,0.0,0.0,0.0,0.0,0.0,10.0,,tree cover
949,124,0.998,0.1613,0.0,0.0,0.0726,0.7661,0.0,0.0,0.0,0.0,0.0,50.0,ground_built_up,built-up
1171,121,0.974,0.0,0.0,0.0,0.0,1.0,0.0,0.0,0.0,0.0,0.0,50.0,ground_built_up,built-up
1282,121,0.974,0.3802,0.0,0.0,0.0,0.6116,0.0083,0.0,0.0,0.0,0.0,50.0,ground_built_up,built-up
2281,121,0.974,0.2066,0.0,0.124,0.0,0.6694,0.0,0.0,0.0,0.0,0.0,50.0,ground_built_up,built-up
2392,125,1.0,0.592,0.0,0.24,0.0,0.168,0.0,0.0,0.0,0.0,0.0,10.0,,tree cover
2503,128,1.0,0.5391,0.0,0.1484,0.0,0.3125,0.0,0.0,0.0,0.0,0.0,10.0,,tree cover
2725,121,0.974,0.9174,0.0,0.0,0.0,0.0826,0.0,0.0,0.0,0.0,0.0,10.0,,tree cover
2836,121,0.974,0.8017,0.0,0.0248,0.0,0.1736,0.0,0.0,0.0,0.0,0.0,10.0,,tree cover
2947,121,0.974,0.6694,0.0,0.3306,0.0,0.0,0.0,0.0,0.0,0.0,0.0,10.0,,tree cover
3058,121,0.974,0.9174,0.0,0.0,0.0,0.0826,0.0,0.0,0.0,0.0,0.0,10.0,,tree cover
3391,121,0.974,0.5455,0.0,0.0,0.0,0.4545,0.0,0.0,0.0,0.0,0.0,10.0,,tree cover
3502,121,0.974,0.8512,0.0,0.0,0.0413,0.1074,0.0,0.0,0.0,0.0,0.0,10.0,,tree cover
3613,121,0.974,0.7355,0.0,0.0,0.1322,0.1322,0.0,0.0,0.0,0.0,0.0,10.0,,tree cover
3724,121,0.974,0.9835,0.0,0.0,0.0,0.0165,0.0,0.0,0.0,0.0,0.0,10.0,,tree cover
3835,121,0.974,1.0,0.0,0.0,0.0,0.0,0.0,0.0,0.0,0.0,0.0,10.0,,tree cover
3946,121,0.974,0.9835,0.0,0.0,0.0,0.0165,0.0,0.0,0.0,0.0,0.0,10.0,,tree cover
4057,132,1.0,0.75,0.0,0.0,0.0,0.25,0.0,0.0,0.0,0.0,0.0,10.0,,tree cover
4168,121,0.974,0.9091,0.0,0.0,0.0,0.0909,0.0,0.0,0.0,0.0,0.0,10.0,,tree cover
4279,121,0.974,1.0,0.0,0.0,0.0,0.0,0.0,0.0,0.0,0.0,0.0,10.0,,tree cover
4501,110,0.886,0.6818,0.0,0.0182,0.0,0.3,0.0,0.0,0.0,0.0,0.0,10.0,,tree cover
4612,120,0.966,0.675,0.0,0.1083,0.0,0.2167,0.0,0.0,0.0,0.0,0.0,10.0,,tree cover
4723,121,0.974,0.8182,0.0,0.0165,0.0,0.1405,0.0248,0.0,0.0,0.0,0.0,10.0,,tree cover
4834,132,1.0,0.2121,0.0,0.1439,0.0,0.0606,0.5833,0.0,0.0,0.0,0.0,60.0,ground_bare,bare or sparse vegetation
4945,121,0.974,0.2562,0.0,0.2397,0.0,0.0,0.4711,0.0331,0.0,0.0,0.0,60.0,,bare or sparse vegetation
5056,121,0.974,0.2231,0.0,0.1074,0.0,0.0,0.6612,0.0083,0.0,0.0,0.0,60.0,ground_bare,bare or sparse vegetation
5167,121,0.974,0.4215,0.0,0.0248,0.0,0.0,0.5537,0.0,0.0,0.0,0.0,60.0,ground_bare,bare or sparse vegetation
5389,121,0.974,1.0,0.0,0.0,0.0,0.0,0.0,0.0,0.0,0.0,0.0,10.0,,tree cover
5500,121,0.974,1.0,0.0,0.0,0.0,0.0,0.0,0.0,0.0,0.0,0.0,10.0,,tree cover
5611,127,1.0,0.9764,0.0,0.0236,0.0,0.0,0.0,0.0,0.0,0.0,0.0,10.0,,tree cover
5722,110,0.886,0.6545,0.0,0.3455,0.0,0.0,0.0,0.0,0.0,0.0,0.0,10.0,,tree cover
5833,117,0.942,1.0,0.0,0.0,0.0,0.0,0.0,0.0,0.0,0.0,0.0,10.0,,tree cover
5944,121,0.974,1.0,0.0,0.0,0.0,0.0,0.0,0.0,0.0,0.0,0.0,10.0,,tree cover
6055,121,0.974,1.0,0.0,0.0,0.0,0.0,0.0,0.0,0.0,0.0,0.0,10.0,,tree cover
6166,121,0.974,1.0,0.0,0.0,0.0,0.0,0.0,0.0,0.0,0.0,0.0,10.0,,tree cover
6277,121,0.974,1.0,0.0,0.0,0.0,0.0,0.0,0.0,0.0,0.0,0.0,10.0,,tree cover
6388,130,1.0,1.0,0.0,0.0,0.0,0.0,0.0,0.0,0.0,0.0,0.0,10.0,,tree cover
6499,123,0.99,1.0,0.0,0.0,0.0,0.0,0.0,0.0,0.0,0.0,0.0,10.0,,tree cover
6610,121,0.974,1.0,0.0,0.0,0.0,0.0,0.0,0.0,0.0,0.0,0.0,10.0,,tree cover
6721,121,0.974,0.9835,0.0,0.0165,0.0,0.0,0.0,0.0,0.0,0.0,0.0,10.0,,tree cover
6832,120,0.966,0.9167,0.0,0.0833,0.0,0.0,0.0,0.0,0.0,0.0,0.0,10.0,,tree cover
7054,113,0.91,1.0,0.0,0.0,0.0,0.0,0.0,0.0,0.0,0.0,0.0,10.0,,tree cover
7165,127,1.0,1.0,0.0,0.0,0.0,0.0,0.0,0.0,0.0,0.0,0.0,10.0,,tree cover
7276,126,1.0,1.0,0.0,0.0,0.0,0.0,0.0,0.0,0.0,0.0,0.0,10.0,,tree cover
7387,121,0.974,1.0,0.0,0.0,0.0,0.0,0.0,0.0,0.0,0.0,0.0,10.0,,tree cover
7498,121,0.974,1.0,0.0,0.0,0.0,0.0,0.0,0.0,0.0,0.0,0.0,10.0,,tree cover
7609,121,0.974,1.0,0.0,0.0,0.0,0.0,0.0,0.0,0.0,0.0,0.0,10.0,,tree cover
7720,121,0.974,1.0,0.0,0.0,0.0,0.0,0.0,0.0,0.0,0.0,0.0,10.0,,tree cover
7831,121,0.974,1.0,0.0,0.0,0.0,0.0,0.0,0.0,0.0,0.0,0.0,10.0,,tree cover
7942,126,1.0,1.0,0.0,0.0,0.0,0.0,0.0,0.0,0.0,0.0,0.0,10.0,,tree cover
8053,127,1.0,1.0,0.0,0.0,0.0,0.0,0.0,0.0,0.0,0.0,0.0,10.0,,tree cover
8164,113,0.91,1.0,0.0,0.0,0.0,0.0,0.0,0.0,0.0,0.0,0.0,10.0,,tree cover
8275,110,0.886,1.0,0.0,0.0,0.0,0.0,0.0,0.0,0.0,0.0,0.0,10.0,,tree cover
8386,120,0.966,1.0,0.0,0.0,0.0,0.0,0.0,0.0,0.0,0.0,0.0,10.0,,tree cover
8497,121,0.974,1.0,0.0,0.0,0.0,0.0,0.0,0.0,0.0,0.0,0.0,10.0,,tree cover
8608,121,0.974,1.0,0.0,0.0,0.0,0.0,0.0,0.0,0.0,0.0,0.0,10.0,,tree cover
8719,123,0.99,1.0,0.0,0.0,0.0,0.0,0.0,0.0,0.0,0.0,0.0,10.0,,tree cover
8830,130,1.0,1.0,0.0,0.0,0.0,0.0,0.0,0.0,0.0,0.0,0.0,10.0,,tree cover
8941,121,0.974,1.0,0.0,0.0,0.0,0.0,0.0,0.0,0.0,0.0,0.0,10.0,,tree cover
9052,121,0.974,1.0,0.0,0.0,0.0,0.0,0.0,0.0,0.0,0.0,0.0,10.0,,tree cover
9163,121,0.974,1.0,0.0,0.0,0.0,0.0,0.0,0.0,0.0,0.0,0.0,10.0,,tree cover
9274,121,0.974,0.9752,0.0,0.0248,0.0,0.0,0.0,0.0,0.0,0.0,0.0,10.0,,tree cover
9385,119,0.958,0.6723,0.0,0.3277,0.0,0.0,0.0,0.0,0.0,0.0,0.0,10.0,,tree cover
9496,110,0.886,1.0,0.0,0.0,0.0,0.0,0.0,0.0,0.0,0.0,0.0,10.0,,tree cover
9718,121,0.974,1.0,0.0,0.0,0.0,0.0,0.0,0.0,0.0,0.0,0.0,10.0,,tree cover
9829,121,0.974,1.0,0.0,0.0,0.0,0.0,0.0,0.0,0.0,0.0,0.0,10.0,,tree cover
9940,121,0.974,1.0,0.0,0.0,0.0,0.0,0.0,0.0,0.0,0.0,0.0,10.0,,tree cover
10051,121,0.974,1.0,0.0,0.0,0.0,0.0,0.0,0.0,0.0,0.0,0.0,10.0,,tree cover
10162,121,0.974,1.0,0.0,0.0,0.0,0.0,0.0,0.0,0.0,0.0,0.0,10.0,,tree cover
10273,121,0.974,1.0,0.0,0.0,0.0,0.0,0.0,0.0,0.0,0.0,0.0,10.0,,tree cover
10384,132,1.0,1.0,0.0,0.0,0.0,0.0,0.0,0.0,0.0,0.0,0.0,10.0,,tree cover
10495,121,0.974,1.0,0.0,0.0,0.0,0.0,0.0,0.0,0.0,0.0,0.0,10.0,,tree cover
10606,121,0.974,1.0,0.0,0.0,0.0,0.0,0.0,0.0,0.0,0.0,0.0,10.0,,tree cover
10717,113,0.91,1.0,0.0,0.0,0.0,0.0,0.0,0.0,0.0,0.0,0.0,10.0,,tree cover
10828,110,0.886,1.0,0.0,0.0,0.0,0.0,0.0,0.0,0.0,0.0,0.0,10.0,,tree cover
10939,120,0.966,0.95,0.0,0.0,0.0,0.05,0.0,0.0,0.0,0.0,0.0,10.0,,tree cover
11050,121,0.974,1.0,0.0,0.0,0.0,0.0,0.0,0.0,0.0,0.0,0.0,10.0,,tree cover
11161,132,1.0,1.0,0.0,0.0,0.0,0.0,0.0,0.0,0.0,0.0,0.0,10.0,,tree cover
11272,121,0.974,1.0,0.0,0.0,0.0,0.0,0.0,0.0,0.0,0.0,0.0,10.0,,tree cover
11383,121,0.974,1.0,0.0,0.0,0.0,0.0,0.0,0.0,0.0,0.0,0.0,10.0,,tree cover
11494,121,0.974,1.0,0.0,0.0,0.0,0.0,0.0,0.0,0.0,0.0,0.0,10.0,,tree cover
11605,121,0.974,1.0,0.0,0.0,0.0,0.0,0.0,0.0,0.0,0.0,0.0,10.0,,tree cover
11716,121,0.974,1.0,0.0,0.0,0.0,0.0,0.0,0.0,0.0,0.0,0.0,10.0,,tree cover
11827,121,0.974,1.0,0.0,0.0,0.0,0.0,0.0,0.0,0.0,0.0,0.0,10.0,,tree cover
11938,130,1.0,1.0,0.0,0.0,0.0,0.0,0.0,0.0,0.0,0.0,0.0,10.0,,tree cover
12049,110,0.886,1.0,0.0,0.0,0.0,0.0,0.0,0.0,0.0,0.0,0.0,10.0,,tree cover
12160,114,0.918,1.0,0.0,0.0,0.0,0.0,0.0,0.0,0.0,0.0,0.0,10.0,,tree cover
12271,121,0.974,1.0,0.0,0.0,0.0,0.0,0.0,0.0,0.0,0.0,0.0,10.0,,tree cover
12382,121,0.974,1.0,0.0,0.0,0.0,0.0,0.0,0.0,0.0,0.0,0.0,10.0,,tree cover
12493,121,0.974,1.0,0.0,0.0,0.0,0.0,0.0,0.0,0.0,0.0,0.0,10.0,,tree cover
12604,121,0.974,1.0,0.0,0.0,0.0,0.0,0.0,0.0,0.0,0.0,0.0,10.0,,tree cover
12715,130,1.0,1.0,0.0,0.0,0.0,0.0,0.0,0.0,0.0,0.0,0.0,10.0,,tree cover
12826,123,0.99,1.0,0.0,0.0,0.0,0.0,0.0,0.0,0.0,0.0,0.0,10.0,,tree cover
12937,121,0.974,1.0,0.0,0.0,0.0,0.0,0.0,0.0,0.0,0.0,0.0,10.0,,tree cover
13048,121,0.974,1.0,0.0,0.0,0.0,0.0,0.0,0.0,0.0,0.0,0.0,10.0,,tree cover
13159,121,0.974,0.9669,0.0,0.0,0.0331,0.0,0.0,0.0,0.0,0.0,0.0,10.0,,tree cover
13270,115,0.926,1.0,0.0,0.0,0.0,0.0,0.0,0.0,0.0,0.0,0.0,10.0,,tree cover
13381,110,0.886,1.0,0.0,0.0,0.0,0.0,0.0,0.0,0.0,0.0,0.0,10.0,,tree cover
13492,124,0.998,1.0,0.0,0.0,0.0,0.0,0.0,0.0,0.0,0.0,0.0,10.0,,tree cover
13603,125,1.0,1.0,0.0,0.0,0.0,0.0,0.0,0.0,0.0,0.0,0.0,10.0,,tree cover
13714,121,0.974,1.0,0.0,0.0,0.0,0.0,0.0,0.0,0.0,0.0,0.0,10.0,,tree cover
13825,121,0.974,1.0,0.0,0.0,0.0,0.0,0.0,0.0,0.0,0.0,0.0,10.0,,tree cover
13936,121,0.974,1.0,0.0,0.0,0.0,0.0,0.0,0.0,0.0,0.0,0.0,10.0,,tree cover
14047,121,0.974,1.0,0.0,0.0,0.0,0.0,0.0,0.0,0.0,0.0,0.0,10.0,,tree cover
14158,121,0.974,1.0,0.0,0.0,0.0,0.0,0.0,0.0,0.0,0.0,0.0,10.0,,tree cover
14269,126,1.0,1.0,0.0,0.0,0.0,0.0,0.0,0.0,0.0,0.0,0.0,10.0,,tree cover
14380,127,1.0,1.0,0.0,0.0,0.0,0.0,0.0,0.0,0.0,0.0,0.0,10.0,,tree cover
839,129,1.0,0.4109,0.0,0.0078,0.5814,0.0,0.0,0.0,0.0,0.0,0.0,40.0,,cropland
950,121,0.974,0.5702,0.0,0.0,0.0083,0.4215,0.0,0.0,0.0,0.0,0.0,10.0,,tree cover
1061,121,0.974,0.2397,0.0,0.0,0.0,0.7603,0.0,0.0,0.0,0.0,0.0,50.0,ground_built_up,built-up
1283,121,0.974,0.6446,0.0,0.0,0.0,0.3388,0.0165,0.0,0.0,0.0,0.0,10.0,,tree cover
1394,121,0.974,0.843,0.0,0.0,0.0,0.157,0.0,0.0,0.0,0.0,0.0,10.0,,tree cover
1505,122,0.982,0.377,0.0,0.0,0.0,0.623,0.0,0.0,0.0,0.0,0.0,50.0,ground_built_up,built-up
1838,110,0.886,0.9273,0.0,0.0,0.0,0.0727,0.0,0.0,0.0,0.0,0.0,10.0,,tree cover
1949,120,0.966,0.8667,0.0,0.0,0.0,0.1333,0.0,0.0,0.0,0.0,0.0,10.0,,tree cover
2171,121,0.974,0.0496,0.0,0.0,0.0,0.9504,0.0,0.0,0.0,0.0,0.0,50.0,ground_built_up,built-up
2282,121,0.974,0.5537,0.0,0.0083,0.0,0.438,0.0,0.0,0.0,0.0,0.0,10.0,,tree cover
2948,115,0.926,0.8348,0.0,0.0,0.0,0.1652,0.0,0.0,0.0,0.0,0.0,10.0,,tree cover
3059,110,0.886,0.1273,0.0,0.0,0.0,0.8727,0.0,0.0,0.0,0.0,0.0,50.0,ground_built_up,built-up
3503,121,0.974,0.7934,0.0,0.0,0.1074,0.0992,0.0,0.0,0.0,0.0,0.0,10.0,,tree cover
3614,121,0.974,0.2975,0.0,0.0,0.405,0.2975,0.0,0.0,0.0,0.0,0.0,40.0,,cropland
3725,121,0.974,0.6529,0.0,0.0,0.0083,0.3388,0.0,0.0,0.0,0.0,0.0,10.0,,tree cover
3836,121,0.974,0.9421,0.0,0.0,0.0,0.0579,0.0,0.0,0.0,0.0,0.0,10.0,,tree cover
3947,131,1.0,0.9695,0.0,0.0,0.0,0.0305,0.0,0.0,0.0,0.0,0.0,10.0,,tree cover
4058,122,0.982,1.0,0.0,0.0,0.0,0.0,0.0,0.0,0.0,0.0,0.0,10.0,,tree cover
4169,117,0.942,1.0,0.0,0.0,0.0,0.0,0.0,0.0,0.0,0.0,0.0,10.0,,tree cover
4280,110,0.886,0.9727,0.0,0.0273,0.0,0.0,0.0,0.0,0.0,0.0,0.0,10.0,,tree cover
4391,117,0.942,1.0,0.0,0.0,0.0,0.0,0.0,0.0,0.0,0.0,0.0,10.0,,tree cover
4502,121,0.974,0.7107,0.0,0.2066,0.0,0.0826,0.0,0.0,0.0,0.0,0.0,10.0,,tree cover
4613,121,0.974,0.8512,0.0,0.0,0.0,0.1488,0.0,0.0,0.0,0.0,0.0,10.0,,tree cover
4724,128,1.0,0.7109,0.0,0.2812,0.0,0.0078,0.0,0.0,0.0,0.0,0.0,10.0,,tree cover
4835,125,1.0,0.632,0.0,0.352,0.0,0.0,0.016,0.0,0.0,0.0,0.0,10.0,,tree cover
4946,121,0.974,1.0,0.0,0.0,0.0,0.0,0.0,0.0,0.0,0.0,0.0,10.0,,tree cover
5057,121,0.974,1.0,0.0,0.0,0.0,0.0,0.0,0.0,0.0,0.0,0.0,10.0,,tree cover
5168,121,0.974,0.9669,0.0,0.0,0.0,0.0,0.0331,0.0,0.0,0.0,0.0,10.0,,tree cover
5279,121,0.974,1.0,0.0,0.0,0.0,0.0,0.0,0.0,0.0,0.0,0.0,10.0,,tree cover
5390,120,0.966,1.0,0.0,0.0,0.0,0.0,0.0,0.0,0.0,0.0,0.0,10.0,,tree cover
5501,115,0.926,0.9739,0.0,0.0261,0.0,0.0,0.0,0.0,0.0,0.0,0.0,10.0,,tree cover
5612,120,0.966,0.9417,0.0,0.0583,0.0,0.0,0.0,0.0,0.0,0.0,0.0,10.0,,tree cover
5723,121,0.974,0.876,0.0,0.124,0.0,0.0,0.0,0.0,0.0,0.0,0.0,10.0,,tree cover
5834,121,0.974,1.0,0.0,0.0,0.0,0.0,0.0,0.0,0.0,0.0,0.0,10.0,,tree cover
5945,121,0.974,1.0,0.0,0.0,0.0,0.0,0.0,0.0,0.0,0.0,0.0,10.0,,tree cover
6056,121,0.974,1.0,0.0,0.0,0.0,0.0,0.0,0.0,0.0,0.0,0.0,10.0,,tree cover
6167,121,0.974,1.0,0.0,0.0,0.0,0.0,0.0,0.0,0.0,0.0,0.0,10.0,,tree cover
6278,124,0.998,1.0,0.0,0.0,0.0,0.0,0.0,0.0,0.0,0.0,0.0,10.0,,tree cover
6389,129,1.0,1.0,0.0,0.0,0.0,0.0,0.0,0.0,0.0,0.0,0.0,10.0,,tree cover
6500,121,0.974,1.0,0.0,0.0,0.0,0.0,0.0,0.0,0.0,0.0,0.0,10.0,,tree cover
6611,121,0.974,1.0,0.0,0.0,0.0,0.0,0.0,0.0,0.0,0.0,0.0,10.0,,tree cover
6722,112,0.902,1.0,0.0,0.0,0.0,0.0,0.0,0.0,0.0,0.0,0.0,10.0,,tree cover
6833,111,0.894,1.0,0.0,0.0,0.0,0.0,0.0,0.0,0.0,0.0,0.0,10.0,,tree cover
7055,121,0.974,1.0,0.0,0.0,0.0,0.0,0.0,0.0,0.0,0.0,0.0,10.0,,tree cover
7166,132,1.0,1.0,0.0,0.0,0.0,0.0,0.0,0.0,0.0,0.0,0.0,10.0,,tree cover
7277,121,0.974,1.0,0.0,0.0,0.0,0.0,0.0,0.0,0.0,0.0,0.0,10.0,,tree cover
7388,121,0.974,1.0,0.0,0.0,0.0,0.0,0.0,0.0,0.0,0.0,0.0,10.0,,tree cover
7499,121,0.974,1.0,0.0,0.0,0.0,0.0,0.0,0.0,0.0,0.0,0.0,10.0,,tree cover
7610,121,0.974,1.0,0.0,0.0,0.0,0.0,0.0,0.0,0.0,0.0,0.0,10.0,,tree cover
7721,121,0.974,1.0,0.0,0.0,0.0,0.0,0.0,0.0,0.0,0.0,0.0,10.0,,tree cover
7832,121,0.974,1.0,0.0,0.0,0.0,0.0,0.0,0.0,0.0,0.0,0.0,10.0,,tree cover
7943,126,1.0,1.0,0.0,0.0,0.0,0.0,0.0,0.0,0.0,0.0,0.0,10.0,,tree cover
8054,110,0.886,1.0,0.0,0.0,0.0,0.0,0.0,0.0,0.0,0.0,0.0,10.0,,tree cover
8165,118,0.95,1.0,0.0,0.0,0.0,0.0,0.0,0.0,0.0,0.0,0.0,10.0,,tree cover
8276,121,0.974,1.0,0.0,0.0,0.0,0.0,0.0,0.0,0.0,0.0,0.0,10.0,,tree cover
8387,121,0.974,1.0,0.0,0.0,0.0,0.0,0.0,0.0,0.0,0.0,0.0,10.0,,tree cover
8498,121,0.974,1.0,0.0,0.0,0.0,0.0,0.0,0.0,0.0,0.0,0.0,10.0,,tree cover
8609,121,0.974,1.0,0.0,0.0,0.0,0.0,0.0,0.0,0.0,0.0,0.0,10.0,,tree cover
8720,132,1.0,1.0,0.0,0.0,0.0,0.0,0.0,0.0,0.0,0.0,0.0,10.0,,tree cover
8942,121,0.974,1.0,0.0,0.0,0.0,0.0,0.0,0.0,0.0,0.0,0.0,10.0,,tree cover
9053,121,0.974,1.0,0.0,0.0,0.0,0.0,0.0,0.0,0.0,0.0,0.0,10.0,,tree cover
9164,121,0.974,1.0,0.0,0.0,0.0,0.0,0.0,0.0,0.0,0.0,0.0,10.0,,tree cover
9275,110,0.886,1.0,0.0,0.0,0.0,0.0,0.0,0.0,0.0,0.0,0.0,10.0,,tree cover
9386,112,0.902,0.9911,0.0,0.0089,0.0,0.0,0.0,0.0,0.0,0.0,0.0,10.0,,tree cover
9497,132,1.0,0.9318,0.0,0.0682,0.0,0.0,0.0,0.0,0.0,0.0,0.0,10.0,,tree cover
9608,121,0.974,1.0,0.0,0.0,0.0,0.0,0.0,0.0,0.0,0.0,0.0,10.0,,tree cover
9719,121,0.974,1.0,0.0,0.0,0.0,0.0,0.0,0.0,0.0,0.0,0.0,10.0,,tree cover
9830,121,0.974,1.0,0.0,0.0,0.0,0.0,0.0,0.0,0.0,0.0,0.0,10.0,,tree cover
9941,121,0.974,1.0,0.0,0.0,0.0,0.0,0.0,0.0,0.0,0.0,0.0,10.0,,tree cover
10052,121,0.974,1.0,0.0,0.0,0.0,0.0,0.0,0.0,0.0,0.0,0.0,10.0,,tree cover
10163,121,0.974,1.0,0.0,0.0,0.0,0.0,0.0,0.0,0.0,0.0,0.0,10.0,,tree cover
10274,130,1.0,1.0,0.0,0.0,0.0,0.0,0.0,0.0,0.0,0.0,0.0,10.0,,tree cover
10385,123,0.99,1.0,0.0,0.0,0.0,0.0,0.0,0.0,0.0,0.0,0.0,10.0,,tree cover
10496,115,0.926,1.0,0.0,0.0,0.0,0.0,0.0,0.0,0.0,0.0,0.0,10.0,,tree cover
10607,110,0.886,1.0,0.0,0.0,0.0,0.0,0.0,0.0,0.0,0.0,0.0,10.0,,tree cover
10718,118,0.95,1.0,0.0,0.0,0.0,0.0,0.0,0.0,0.0,0.0,0.0,10.0,,tree cover
10829,121,0.974,1.0,0.0,0.0,0.0,0.0,0.0,0.0,0.0,0.0,0.0,10.0,,tree cover
10940,121,0.974,1.0,0.0,0.0,0.0,0.0,0.0,0.0,0.0,0.0,0.0,10.0,,tree cover
11051,128,1.0,1.0,0.0,0.0,0.0,0.0,0.0,0.0,0.0,0.0,0.0,10.0,,tree cover
11162,125,1.0,1.0,0.0,0.0,0.0,0.0,0.0,0.0,0.0,0.0,0.0,10.0,,tree cover
11273,121,0.974,0.9669,0.0,0.0,0.0,0.0331,0.0,0.0,0.0,0.0,0.0,10.0,,tree cover
11384,121,0.974,1.0,0.0,0.0,0.0,0.0,0.0,0.0,0.0,0.0,0.0,10.0,,tree cover
11495,121,0.974,1.0,0.0,0.0,0.0,0.0,0.0,0.0,0.0,0.0,0.0,10.0,,tree cover
11717,121,0.974,1.0,0.0,0.0,0.0,0.0,0.0,0.0,0.0,0.0,0.0,10.0,,tree cover
11828,115,0.926,1.0,0.0,0.0,0.0,0.0,0.0,0.0,0.0,0.0,0.0,10.0,,tree cover
11939,118,0.95,1.0,0.0,0.0,0.0,0.0,0.0,0.0,0.0,0.0,0.0,10.0,,tree cover
12050,121,0.974,1.0,0.0,0.0,0.0,0.0,0.0,0.0,0.0,0.0,0.0,10.0,,tree cover
12161,121,0.974,0.9835,0.0,0.0165,0.0,0.0,0.0,0.0,0.0,0.0,0.0,10.0,,tree cover
12272,121,0.974,1.0,0.0,0.0,0.0,0.0,0.0,0.0,0.0,0.0,0.0,10.0,,tree cover
12383,121,0.974,1.0,0.0,0.0,0.0,0.0,0.0,0.0,0.0,0.0,0.0,10.0,,tree cover
12494,121,0.974,1.0,0.0,0.0,0.0,0.0,0.0,0.0,0.0,0.0,0.0,10.0,,tree cover
12605,124,0.998,1.0,0.0,0.0,0.0,0.0,0.0,0.0,0.0,0.0,0.0,10.0,,tree cover
12716,129,1.0,1.0,0.0,0.0,0.0,0.0,0.0,0.0,0.0,0.0,0.0,10.0,,tree cover
12827,121,0.974,1.0,0.0,0.0,0.0,0.0,0.0,0.0,0.0,0.0,0.0,10.0,,tree cover
12938,121,0.974,1.0,0.0,0.0,0.0,0.0,0.0,0.0,0.0,0.0,0.0,10.0,,tree cover
13049,117,0.942,1.0,0.0,0.0,0.0,0.0,0.0,0.0,0.0,0.0,0.0,10.0,,tree cover
13160,110,0.886,0.9636,0.0,0.0,0.0364,0.0,0.0,0.0,0.0,0.0,0.0,10.0,,tree cover
13271,116,0.934,1.0,0.0,0.0,0.0,0.0,0.0,0.0,0.0,0.0,0.0,10.0,,tree cover
13382,121,0.974,1.0,0.0,0.0,0.0,0.0,0.0,0.0,0.0,0.0,0.0,10.0,,tree cover
13493,132,1.0,1.0,0.0,0.0,0.0,0.0,0.0,0.0,0.0,0.0,0.0,10.0,,tree cover
13604,121,0.974,1.0,0.0,0.0,0.0,0.0,0.0,0.0,0.0,0.0,0.0,10.0,,tree cover
13715,121,0.974,1.0,0.0,0.0,0.0,0.0,0.0,0.0,0.0,0.0,0.0,10.0,,tree cover
13826,121,0.974,1.0,0.0,0.0,0.0,0.0,0.0,0.0,0.0,0.0,0.0,10.0,,tree cover
13937,121,0.974,1.0,0.0,0.0,0.0,0.0,0.0,0.0,0.0,0.0,0.0,10.0,,tree cover
14048,121,0.974,1.0,0.0,0.0,0.0,0.0,0.0,0.0,0.0,0.0,0.0,10.0,,tree cover
14159,121,0.974,1.0,0.0,0.0,0.0,0.0,0.0,0.0,0.0,0.0,0.0,10.0,,tree cover
14270,132,1.0,1.0,0.0,0.0,0.0,0.0,0.0,0.0,0.0,0.0,0.0,10.0,,tree cover
14381,114,0.918,1.0,0.0,0.0,0.0,0.0,0.0,0.0,0.0,0.0,0.0,10.0,,tree cover
840,121,0.974,0.3306,0.0,0.0,0.0,0.6529,0.0,0.0165,0.0,0.0,0.0,50.0,ground_built_up,built-up
951,121,0.974,0.0661,0.0,0.0,0.0,0.9339,0.0,0.0,0.0,0.0,0.0,50.0,ground_built_up,built-up
1284,121,0.974,0.719,0.0,0.0,0.0,0.281,0.0,0.0,0.0,0.0,0.0,10.0,,tree cover
1395,121,0.974,0.314,0.0,0.0,0.0,0.686,0.0,0.0,0.0,0.0,0.0,50.0,ground_built_up,built-up
1728,118,0.95,0.6695,0.0,0.0763,0.0,0.2542,0.0,0.0,0.0,0.0,0.0,10.0,,tree cover
1839,121,0.974,0.4132,0.0,0.5868,0.0,0.0,0.0,0.0,0.0,0.0,0.0,30.0,,grassland
1950,121,0.974,0.9421,0.0,0.0579,0.0,0.0,0.0,0.0,0.0,0.0,0.0,10.0,,tree cover
2172,121,0.974,0.1074,0.0,0.0,0.0,0.8926,0.0,0.0,0.0,0.0,0.0,50.0,ground_built_up,built-up
2283,130,1.0,0.1385,0.0,0.0,0.0,0.8615,0.0,0.0,0.0,0.0,0.0,50.0,ground_built_up,built-up
2505,121,0.974,0.0,0.0,0.0,0.0,1.0,0.0,0.0,0.0,0.0,0.0,50.0,ground_built_up,built-up
2727,118,0.95,0.2966,0.0,0.0,0.0,0.7034,0.0,0.0,0.0,0.0,0.0,50.0,ground_built_up,built-up
2838,110,0.886,0.4818,0.0,0.0,0.0,0.5182,0.0,0.0,0.0,0.0,0.0,50.0,ground_built_up,built-up
2949,116,0.934,0.3103,0.0,0.0,0.0,0.6897,0.0,0.0,0.0,0.0,0.0,50.0,ground_built_up,built-up
3060,127,1.0,0.0945,0.0,0.0,0.0,0.9055,0.0,0.0,0.0,0.0,0.0,50.0,ground_built_up,built-up
3282,121,0.974,0.3636,0.0,0.0,0.0,0.6364,0.0,0.0,0.0,0.0,0.0,50.0,ground_built_up,built-up
3393,121,0.974,0.3802,0.0,0.0,0.0,0.6198,0.0,0.0,0.0,0.0,0.0,50.0,ground_built_up,built-up
3504,121,0.974,0.2893,0.0,0.0,0.0,0.7107,0.0,0.0,0.0,0.0,0.0,50.0,ground_built_up,built-up
3726,121,0.974,0.8017,0.0,0.0,0.0,0.1983,0.0,0.0,0.0,0.0,0.0,10.0,,tree cover
3837,126,1.0,0.8333,0.0,0.0,0.0,0.1667,0.0,0.0,0.0,0.0,0.0,10.0,,tree cover
3948,125,1.0,1.0,0.0,0.0,0.0,0.0,0.0,0.0,0.0,0.0,0.0,10.0,,tree cover
4059,110,0.886,1.0,0.0,0.0,0.0,0.0,0.0,0.0,0.0,0.0,0.0,10.0,,tree cover
4170,114,0.918,1.0,0.0,0.0,0.0,0.0,0.0,0.0,0.0,0.0,0.0,10.0,,tree cover
4281,121,0.974,0.8678,0.0,0.1322,0.0,0.0,0.0,0.0,0.0,0.0,0.0,10.0,,tree cover
4392,121,0.974,1.0,0.0,0.0,0.0,0.0,0.0,0.0,0.0,0.0,0.0,10.0,,tree cover
4503,121,0.974,1.0,0.0,0.0,0.0,0.0,0.0,0.0,0.0,0.0,0.0,10.0,,tree cover
4614,123,0.99,0.9512,0.0,0.0488,0.0,0.0,0.0,0.0,0.0,0.0,0.0,10.0,,tree cover
4725,130,1.0,0.8231,0.0,0.1769,0.0,0.0,0.0,0.0,0.0,0.0,0.0,10.0,,tree cover
4836,121,0.974,0.6364,0.0,0.3636,0.0,0.0,0.0,0.0,0.0,0.0,0.0,10.0,,tree cover
4947,121,0.974,0.843,0.0,0.157,0.0,0.0,0.0,0.0,0.0,0.0,0.0,10.0,,tree cover
5058,121,0.974,1.0,0.0,0.0,0.0,0.0,0.0,0.0,0.0,0.0,0.0,10.0,,tree cover
5169,121,0.974,1.0,0.0,0.0,0.0,0.0,0.0,0.0,0.0,0.0,0.0,10.0,,tree cover
5280,111,0.894,1.0,0.0,0.0,0.0,0.0,0.0,0.0,0.0,0.0,0.0,10.0,,tree cover
5391,111,0.894,1.0,0.0,0.0,0.0,0.0,0.0,0.0,0.0,0.0,0.0,10.0,,tree cover
5502,132,1.0,1.0,0.0,0.0,0.0,0.0,0.0,0.0,0.0,0.0,0.0,10.0,,tree cover
5613,121,0.974,1.0,0.0,0.0,0.0,0.0,0.0,0.0,0.0,0.0,0.0,10.0,,tree cover
5724,121,0.974,1.0,0.0,0.0,0.0,0.0,0.0,0.0,0.0,0.0,0.0,10.0,,tree cover
5835,121,0.974,1.0,0.0,0.0,0.0,0.0,0.0,0.0,0.0,0.0,0.0,10.0,,tree cover
5946,121,0.974,1.0,0.0,0.0,0.0,0.0,0.0,0.0,0.0,0.0,0.0,10.0,,tree cover
6057,121,0.974,1.0,0.0,0.0,0.0,0.0,0.0,0.0,0.0,0.0,0.0,10.0,,tree cover
6168,121,0.974,0.9504,0.0,0.0496,0.0,0.0,0.0,0.0,0.0,0.0,0.0,10.0,,tree cover
6279,132,1.0,1.0,0.0,0.0,0.0,0.0,0.0,0.0,0.0,0.0,0.0,10.0,,tree cover
6390,121,0.974,1.0,0.0,0.0,0.0,0.0,0.0,0.0,0.0,0.0,0.0,10.0,,tree cover
6501,114,0.918,1.0,0.0,0.0,0.0,0.0,0.0,0.0,0.0,0.0,0.0,10.0,,tree cover
6612,110,0.886,1.0,0.0,0.0,0.0,0.0,0.0,0.0,0.0,0.0,0.0,10.0,,tree cover
6723,119,0.958,1.0,0.0,0.0,0.0,0.0,0.0,0.0,0.0,0.0,0.0,10.0,,tree cover
6834,121,0.974,1.0,0.0,0.0,0.0,0.0,0.0,0.0,0.0,0.0,0.0,10.0,,tree cover
6945,121,0.974,1.0,0.0,0.0,0.0,0.0,0.0,0.0,0.0,0.0,0.0,10.0,,tree cover
7056,132,1.0,1.0,0.0,0.0,0.0,0.0,0.0,0.0,0.0,0.0,0.0,10.0,,tree cover
7167,121,0.974,1.0,0.0,0.0,0.0,0.0,0.0,0.0,0.0,0.0,0.0,10.0,,tree cover
7278,121,0.974,1.0,0.0,0.0,0.0,0.0,0.0,0.0,0.0,0.0,0.0,10.0,,tree cover
7611,121,0.974,1.0,0.0,0.0,0.0,0.0,0.0,0.0,0.0,0.0,0.0,10.0,,tree cover
7722,119,0.958,1.0,0.0,0.0,0.0,0.0,0.0,0.0,0.0,0.0,0.0,10.0,,tree cover
7833,119,0.958,1.0,0.0,0.0,0.0,0.0,0.0,0.0,0.0,0.0,0.0,10.0,,tree cover
7944,117,0.942,1.0,0.0,0.0,0.0,0.0,0.0,0.0,0.0,0.0,0.0,10.0,,tree cover
8055,121,0.974,1.0,0.0,0.0,0.0,0.0,0.0,0.0,0.0,0.0,0.0,10.0,,tree cover
8166,121,0.974,1.0,0.0,0.0,0.0,0.0,0.0,0.0,0.0,0.0,0.0,10.0,,tree cover
8277,121,0.974,1.0,0.0,0.0,0.0,0.0,0.0,0.0,0.0,0.0,0.0,10.0,,tree cover
8388,121,0.974,1.0,0.0,0.0,0.0,0.0,0.0,0.0,0.0,0.0,0.0,10.0,,tree cover
8499,121,0.974,1.0,0.0,0.0,0.0,0.0,0.0,0.0,0.0,0.0,0.0,10.0,,tree cover
8610,128,1.0,1.0,0.0,0.0,0.0,0.0,0.0,0.0,0.0,0.0,0.0,10.0,,tree cover
8721,125,1.0,1.0,0.0,0.0,0.0,0.0,0.0,0.0,0.0,0.0,0.0,10.0,,tree cover
8832,121,0.974,1.0,0.0,0.0,0.0,0.0,0.0,0.0,0.0,0.0,0.0,10.0,,tree cover
8943,121,0.974,1.0,0.0,0.0,0.0,0.0,0.0,0.0,0.0,0.0,0.0,10.0,,tree cover
9054,112,0.902,1.0,0.0,0.0,0.0,0.0,0.0,0.0,0.0,0.0,0.0,10.0,,tree cover
9165,110,0.886,1.0,0.0,0.0,0.0,0.0,0.0,0.0,0.0,0.0,0.0,10.0,,tree cover
9276,121,0.974,1.0,0.0,0.0,0.0,0.0,0.0,0.0,0.0,0.0,0.0,10.0,,tree cover
9387,126,1.0,1.0,0.0,0.0,0.0,0.0,0.0,0.0,0.0,0.0,0.0,10.0,,tree cover
9498,127,1.0,1.0,0.0,0.0,0.0,0.0,0.0,0.0,0.0,0.0,0.0,10.0,,tree cover
9609,121,0.974,0.9917,0.0,0.0083,0.0,0.0,0.0,0.0,0.0,0.0,0.0,10.0,,tree cover
9720,121,0.974,0.9752,0.0,0.0248,0.0,0.0,0.0,0.0,0.0,0.0,0.0,10.0,,tree cover
9831,121,0.974,1.0,0.0,0.0,0.0,0.0,0.0,0.0,0.0,0.0,0.0,10.0,,tree cover
9942,121,0.974,1.0,0.0,0.0,0.0,0.0,0.0,0.0,0.0,0.0,0.0,10.0,,tree cover
10053,121,0.974,1.0,0.0,0.0,0.0,0.0,0.0,0.0,0.0,0.0,0.0,10.0,,tree cover
10164,124,0.998,1.0,0.0,0.0,0.0,0.0,0.0,0.0,0.0,0.0,0.0,10.0,,tree cover
10386,110,0.886,1.0,0.0,0.0,0.0,0.0,0.0,0.0,0.0,0.0,0.0,10.0,,tree cover
10497,116,0.934,1.0,0.0,0.0,0.0,0.0,0.0,0.0,0.0,0.0,0.0,10.0,,tree cover
10608,121,0.974,1.0,0.0,0.0,0.0,0.0,0.0,0.0,0.0,0.0,0.0,10.0,,tree cover
10719,121,0.974,1.0,0.0,0.0,0.0,0.0,0.0,0.0,0.0,0.0,0.0,10.0,,tree cover
10830,121,0.974,1.0,0.0,0.0,0.0,0.0,0.0,0.0,0.0,0.0,0.0,10.0,,tree cover
10941,121,0.974,1.0,0.0,0.0,0.0,0.0,0.0,0.0,0.0,0.0,0.0,10.0,,tree cover
11052,132,1.0,1.0,0.0,0.0,0.0,0.0,0.0,0.0,0.0,0.0,0.0,10.0,,tree cover
11163,121,0.974,1.0,0.0,0.0,0.0,0.0,0.0,0.0,0.0,0.0,0.0,10.0,,tree cover
11274,121,0.974,1.0,0.0,0.0,0.0,0.0,0.0,0.0,0.0,0.0,0.0,10.0,,tree cover
11385,121,0.974,1.0,0.0,0.0,0.0,0.0,0.0,0.0,0.0,0.0,0.0,10.0,,tree cover
11496,121,0.974,1.0,0.0,0.0,0.0,0.0,0.0,0.0,0.0,0.0,0.0,10.0,,tree cover
11607,113,0.91,1.0,0.0,0.0,0.0,0.0,0.0,0.0,0.0,0.0,0.0,10.0,,tree cover
11718,110,0.886,1.0,0.0,0.0,0.0,0.0,0.0,0.0,0.0,0.0,0.0,10.0,,tree cover
11829,131,1.0,1.0,0.0,0.0,0.0,0.0,0.0,0.0,0.0,0.0,0.0,10.0,,tree cover
11940,121,0.974,1.0,0.0,0.0,0.0,0.0,0.0,0.0,0.0,0.0,0.0,10.0,,tree cover
12051,121,0.974,1.0,0.0,0.0,0.0,0.0,0.0,0.0,0.0,0.0,0.0,10.0,,tree cover
12162,121,0.974,1.0,0.0,0.0,0.0,0.0,0.0,0.0,0.0,0.0,0.0,10.0,,tree cover
12273,121,0.974,1.0,0.0,0.0,0.0,0.0,0.0,0.0,0.0,0.0,0.0,10.0,,tree cover
12384,121,0.974,1.0,0.0,0.0,0.0,0.0,0.0,0.0,0.0,0.0,0.0,10.0,,tree cover
12495,121,0.974,1.0,0.0,0.0,0.0,0.0,0.0,0.0,0.0,0.0,0.0,10.0,,tree cover
12606,132,1.0,1.0,0.0,0.0,0.0,0.0,0.0,0.0,0.0,0.0,0.0,10.0,,tree cover
12717,121,0.974,1.0,0.0,0.0,0.0,0.0,0.0,0.0,0.0,0.0,0.0,10.0,,tree cover
12828,119,0.958,1.0,0.0,0.0,0.0,0.0,0.0,0.0,0.0,0.0,0.0,10.0,,tree cover
12939,110,0.886,1.0,0.0,0.0,0.0,0.0,0.0,0.0,0.0,0.0,0.0,10.0,,tree cover
13050,114,0.918,0.9474,0.0,0.0,0.0,0.0,0.0,0.0526,0.0,0.0,0.0,10.0,,tree cover
13161,121,0.974,0.8843,0.0,0.0909,0.0248,0.0,0.0,0.0,0.0,0.0,0.0,10.0,,tree cover
13272,121,0.974,1.0,0.0,0.0,0.0,0.0,0.0,0.0,0.0,0.0,0.0,10.0,,tree cover
13383,132,1.0,1.0,0.0,0.0,0.0,0.0,0.0,0.0,0.0,0.0,0.0,10.0,,tree cover
13494,121,0.974,1.0,0.0,0.0,0.0,0.0,0.0,0.0,0.0,0.0,0.0,10.0,,tree cover
13605,121,0.974,1.0,0.0,0.0,0.0,0.0,0.0,0.0,0.0,0.0,0.0,10.0,,tree cover
13716,121,0.974,1.0,0.0,0.0,0.0,0.0,0.0,0.0,0.0,0.0,0.0,10.0,,tree cover
13827,121,0.974,1.0,0.0,0.0,0.0,0.0,0.0,0.0,0.0,0.0,0.0,10.0,,tree cover
13938,121,0.974,1.0,0.0,0.0,0.0,0.0,0.0,0.0,0.0,0.0,0.0,10.0,,tree cover
14049,121,0.974,1.0,0.0,0.0,0.0,0.0,0.0,0.0,0.0,0.0,0.0,10.0,,tree cover
14160,126,1.0,1.0,0.0,0.0,0.0,0.0,0.0,0.0,0.0,0.0,0.0,10.0,,tree cover
14271,111,0.894,1.0,0.0,0.0,0.0,0.0,0.0,0.0,0.0,0.0,0.0,10.0,,tree cover
14382,117,0.942,1.0,0.0,0.0,0.0,0.0,0.0,0.0,0.0,0.0,0.0,10.0,,tree cover
730,124,0.998,0.2419,0.0,0.0645,0.0,0.2823,0.0403,0.371,0.0,0.0,0.0,80.0,ground_water,permanent water
952,121,0.974,0.2397,0.0,0.0,0.0,0.7603,0.0,0.0,0.0,0.0,0.0,50.0,ground_built_up,built-up
1063,121,0.974,0.3884,0.0,0.0,0.0,0.6116,0.0,0.0,0.0,0.0,0.0,50.0,ground_built_up,built-up
1174,121,0.974,0.0,0.0,0.0,0.0,1.0,0.0,0.0,0.0,0.0,0.0,50.0,ground_built_up,built-up
1729,121,0.974,0.281,0.0,0.4711,0.0083,0.2397,0.0,0.0,0.0,0.0,0.0,30.0,,grassland
1840,121,0.974,0.0083,0.0,0.843,0.0331,0.1157,0.0,0.0,0.0,0.0,0.0,30.0,,grassland
2062,121,0.974,0.6529,0.0,0.1901,0.0,0.157,0.0,0.0,0.0,0.0,0.0,10.0,,tree cover
2173,125,1.0,0.6,0.0,0.0,0.0,0.4,0.0,0.0,0.0,0.0,0.0,10.0,,tree cover
2284,128,1.0,0.3594,0.0,0.0234,0.0,0.6172,0.0,0.0,0.0,0.0,0.0,50.0,ground_built_up,built-up
2395,121,0.974,0.0248,0.0,0.0,0.0,0.9752,0.0,0.0,0.0,0.0,0.0,50.0,ground_built_up,built-up
2506,121,0.974,0.0992,0.0,0.2727,0.0,0.6281,0.0,0.0,0.0,0.0,0.0,50.0,ground_built_up,built-up
2617,110,0.886,0.5727,0.0,0.0,0.0,0.4273,0.0,0.0,0.0,0.0,0.0,10.0,,tree cover
2728,113,0.91,0.4513,0.0,0.0088,0.0,0.5398,0.0,0.0,0.0,0.0,0.0,50.0,ground_built_up,built-up
2950,122,0.982,0.9098,0.0,0.0,0.0,0.0902,0.0,0.0,0.0,0.0,0.0,10.0,,tree cover
3061,131,1.0,0.9695,0.0,0.0,0.0,0.0305,0.0,0.0,0.0,0.0,0.0,10.0,,tree cover
3172,121,0.974,0.5124,0.0,0.1074,0.0,0.3802,0.0,0.0,0.0,0.0,0.0,10.0,,tree cover
3283,121,0.974,0.4298,0.0,0.0,0.0,0.5702,0.0,0.0,0.0,0.0,0.0,50.0,ground_built_up,built-up
3394,121,0.974,0.3636,0.0,0.0,0.0,0.6364,0.0,0.0,0.0,0.0,0.0,50.0,ground_built_up,built-up
3616,121,0.974,0.7025,0.0,0.0,0.0,0.2975,0.0,0.0,0.0,0.0,0.0,10.0,,tree cover
3727,121,0.974,1.0,0.0,0.0,0.0,0.0,0.0,0.0,0.0,0.0,0.0,10.0,,tree cover
3838,122,0.982,0.9344,0.0,0.0,0.0,0.0656,0.0,0.0,0.0,0.0,0.0,10.0,,tree cover
3949,112,0.902,1.0,0.0,0.0,0.0,0.0,0.0,0.0,0.0,0.0,0.0,10.0,,tree cover
4060,121,0.974,1.0,0.0,0.0,0.0,0.0,0.0,0.0,0.0,0.0,0.0,10.0,,tree cover
4171,121,0.974,1.0,0.0,0.0,0.0,0.0,0.0,0.0,0.0,0.0,0.0,10.0,,tree cover
4282,121,0.974,1.0,0.0,0.0,0.0,0.0,0.0,0.0,0.0,0.0,0.0,10.0,,tree cover
4393,121,0.974,1.0,0.0,0.0,0.0,0.0,0.0,0.0,0.0,0.0,0.0,10.0,,tree cover
4504,121,0.974,1.0,0.0,0.0,0.0,0.0,0.0,0.0,0.0,0.0,0.0,10.0,,tree cover
4615,132,1.0,1.0,0.0,0.0,0.0,0.0,0.0,0.0,0.0,0.0,0.0,10.0,,tree cover
4726,121,0.974,1.0,0.0,0.0,0.0,0.0,0.0,0.0,0.0,0.0,0.0,10.0,,tree cover
4837,121,0.974,0.9421,0.0,0.0579,0.0,0.0,0.0,0.0,0.0,0.0,0.0,10.0,,tree cover
4948,121,0.974,0.9917,0.0,0.0083,0.0,0.0,0.0,0.0,0.0,0.0,0.0,10.0,,tree cover
5059,114,0.918,1.0,0.0,0.0,0.0,0.0,0.0,0.0,0.0,0.0,0.0,10.0,,tree cover
5170,110,0.886,1.0,0.0,0.0,0.0,0.0,0.0,0.0,0.0,0.0,0.0,10.0,,tree cover
5281,120,0.966,1.0,0.0,0.0,0.0,0.0,0.0,0.0,0.0,0.0,0.0,10.0,,tree cover
5392,131,1.0,1.0,0.0,0.0,0.0,0.0,0.0,0.0,0.0,0.0,0.0,10.0,,tree cover
5503,122,0.982,1.0,0.0,0.0,0.0,0.0,0.0,0.0,0.0,0.0,0.0,10.0,,tree cover
5614,121,0.974,1.0,0.0,0.0,0.0,0.0,0.0,0.0,0.0,0.0,0.0,10.0,,tree cover
5725,121,0.974,1.0,0.0,0.0,0.0,0.0,0.0,0.0,0.0,0.0,0.0,10.0,,tree cover
5836,121,0.974,1.0,0.0,0.0,0.0,0.0,0.0,0.0,0.0,0.0,0.0,10.0,,tree cover
5947,121,0.974,1.0,0.0,0.0,0.0,0.0,0.0,0.0,0.0,0.0,0.0,10.0,,tree cover
6058,121,0.974,1.0,0.0,0.0,0.0,0.0,0.0,0.0,0.0,0.0,0.0,10.0,,tree cover
6169,129,1.0,1.0,0.0,0.0,0.0,0.0,0.0,0.0,0.0,0.0,0.0,10.0,,tree cover
6280,120,0.966,1.0,0.0,0.0,0.0,0.0,0.0,0.0,0.0,0.0,0.0,10.0,,tree cover
6502,117,0.942,1.0,0.0,0.0,0.0,0.0,0.0,0.0,0.0,0.0,0.0,10.0,,tree cover
6613,121,0.974,1.0,0.0,0.0,0.0,0.0,0.0,0.0,0.0,0.0,0.0,10.0,,tree cover
6724,121,0.974,1.0,0.0,0.0,0.0,0.0,0.0,0.0,0.0,0.0,0.0,10.0,,tree cover
6835,121,0.974,0.8926,0.0,0.0165,0.0,0.0909,0.0,0.0,0.0,0.0,0.0,10.0,,tree cover
6946,127,1.0,1.0,0.0,0.0,0.0,0.0,0.0,0.0,0.0,0.0,0.0,10.0,,tree cover
7057,126,1.0,1.0,0.0,0.0,0.0,0.0,0.0,0.0,0.0,0.0,0.0,10.0,,tree cover
7168,121,0.974,1.0,0.0,0.0,0.0,0.0,0.0,0.0,0.0,0.0,0.0,10.0,,tree cover
7279,121,0.974,1.0,0.0,0.0,0.0,0.0,0.0,0.0,0.0,0.0,0.0,10.0,,tree cover
7390,121,0.974,1.0,0.0,0.0,0.0,0.0,0.0,0.0,0.0,0.0,0.0,10.0,,tree cover
7501,121,0.974,1.0,0.0,0.0,0.0,0.0,0.0,0.0,0.0,0.0,0.0,10.0,,tree cover
7612,110,0.886,1.0,0.0,0.0,0.0,0.0,0.0,0.0,0.0,0.0,0.0,10.0,,tree cover
7723,115,0.926,1.0,0.0,0.0,0.0,0.0,0.0,0.0,0.0,0.0,0.0,10.0,,tree cover
7834,129,1.0,1.0,0.0,0.0,0.0,0.0,0.0,0.0,0.0,0.0,0.0,10.0,,tree cover
7945,121,0.974,1.0,0.0,0.0,0.0,0.0,0.0,0.0,0.0,0.0,0.0,10.0,,tree cover
8056,121,0.974,1.0,0.0,0.0,0.0,0.0,0.0,0.0,0.0,0.0,0.0,10.0,,tree cover
8167,121,0.974,1.0,0.0,0.0,0.0,0.0,0.0,0.0,0.0,0.0,0.0,10.0,,tree cover
8278,121,0.974,1.0,0.0,0.0,0.0,0.0,0.0,0.0,0.0,0.0,0.0,10.0,,tree cover
8389,121,0.974,1.0,0.0,0.0,0.0,0.0,0.0,0.0,0.0,0.0,0.0,10.0,,tree cover
8500,122,0.982,1.0,0.0,0.0,0.0,0.0,0.0,0.0,0.0,0.0,0.0,10.0,,tree cover
8611,131,1.0,1.0,0.0,0.0,0.0,0.0,0.0,0.0,0.0,0.0,0.0,10.0,,tree cover
8722,121,0.974,1.0,0.0,0.0,0.0,0.0,0.0,0.0,0.0,0.0,0.0,10.0,,tree cover
8833,114,0.918,1.0,0.0,0.0,0.0,0.0,0.0,0.0,0.0,0.0,0.0,10.0,,tree cover
8944,110,0.886,1.0,0.0,0.0,0.0,0.0,0.0,0.0,0.0,0.0,0.0,10.0,,tree cover
9055,119,0.958,1.0,0.0,0.0,0.0,0.0,0.0,0.0,0.0,0.0,0.0,10.0,,tree cover
9166,121,0.974,1.0,0.0,0.0,0.0,0.0,0.0,0.0,0.0,0.0,0.0,10.0,,tree cover
9277,121,0.974,1.0,0.0,0.0,0.0,0.0,0.0,0.0,0.0,0.0,0.0,10.0,,tree cover
9388,132,1.0,1.0,0.0,0.0,0.0,0.0,0.0,0.0,0.0,0.0,0.0,10.0,,tree cover
9499,121,0.974,1.0,0.0,0.0,0.0,0.0,0.0,0.0,0.0,0.0,0.0,10.0,,tree cover
9610,121,0.974,0.9587,0.0,0.0413,0.0,0.0,0.0,0.0,0.0,0.0,0.0,10.0,,tree cover
9721,121,0.974,1.0,0.0,0.0,0.0,0.0,0.0,0.0,0.0,0.0,0.0,10.0,,tree cover
9832,121,0.974,1.0,0.0,0.0,0.0,0.0,0.0,0.0,0.0,0.0,0.0,10.0,,tree cover
9943,121,0.974,1.0,0.0,0.0,0.0,0.0,0.0,0.0,0.0,0.0,0.0,10.0,,tree cover
10054,120,0.966,1.0,0.0,0.0,0.0,0.0,0.0,0.0,0.0,0.0,0.0,10.0,,tree cover
10165,120,0.966,1.0,0.0,0.0,0.0,0.0,0.0,0.0,0.0,0.0,0.0,10.0,,tree cover
10276,114,0.918,1.0,0.0,0.0,0.0,0.0,0.0,0.0,0.0,0.0,0.0,10.0,,tree cover
10387,121,0.974,1.0,0.0,0.0,0.0,0.0,0.0,0.0,0.0,0.0,0.0,10.0,,tree cover
10498,121,0.974,1.0,0.0,0.0,0.0,0.0,0.0,0.0,0.0,0.0,0.0,10.0,,tree cover
10609,121,0.974,1.0,0.0,0.0,0.0,0.0,0.0,0.0,0.0,0.0,0.0,10.0,,tree cover
10720,121,0.974,1.0,0.0,0.0,0.0,0.0,0.0,0.0,0.0,0.0,0.0,10.0,,tree cover
10831,121,0.974,1.0,0.0,0.0,0.0,0.0,0.0,0.0,0.0,0.0,0.0,10.0,,tree cover
10942,132,1.0,1.0,0.0,0.0,0.0,0.0,0.0,0.0,0.0,0.0,0.0,10.0,,tree cover
11053,121,0.974,1.0,0.0,0.0,0.0,0.0,0.0,0.0,0.0,0.0,0.0,10.0,,tree cover
11164,121,0.974,1.0,0.0,0.0,0.0,0.0,0.0,0.0,0.0,0.0,0.0,10.0,,tree cover
11386,115,0.926,1.0,0.0,0.0,0.0,0.0,0.0,0.0,0.0,0.0,0.0,10.0,,tree cover
11497,110,0.886,1.0,0.0,0.0,0.0,0.0,0.0,0.0,0.0,0.0,0.0,10.0,,tree cover
11608,118,0.95,1.0,0.0,0.0,0.0,0.0,0.0,0.0,0.0,0.0,0.0,10.0,,tree cover
11719,130,1.0,1.0,0.0,0.0,0.0,0.0,0.0,0.0,0.0,0.0,0.0,10.0,,tree cover
11830,123,0.99,1.0,0.0,0.0,0.0,0.0,0.0,0.0,0.0,0.0,0.0,10.0,,tree cover
11941,121,0.974,1.0,0.0,0.0,0.0,0.0,0.0,0.0,0.0,0.0,0.0,10.0,,tree cover
12052,121,0.974,0.9008,0.0,0.0992,0.0,0.0,0.0,0.0,0.0,0.0,0.0,10.0,,tree cover
12163,121,0.974,1.0,0.0,0.0,0.0,0.0,0.0,0.0,0.0,0.0,0.0,10.0,,tree cover
12274,121,0.974,1.0,0.0,0.0,0.0,0.0,0.0,0.0,0.0,0.0,0.0,10.0,,tree cover
12385,121,0.974,1.0,0.0,0.0,0.0,0.0,0.0,0.0,0.0,0.0,0.0,10.0,,tree cover
12496,128,1.0,1.0,0.0,0.0,0.0,0.0,0.0,0.0,0.0,0.0,0.0,10.0,,tree cover
12607,125,1.0,1.0,0.0,0.0,0.0,0.0,0.0,0.0,0.0,0.0,0.0,10.0,,tree cover
12718,110,0.886,1.0,0.0,0.0,0.0,0.0,0.0,0.0,0.0,0.0,0.0,10.0,,tree cover
12829,112,0.902,1.0,0.0,0.0,0.0,0.0,0.0,0.0,0.0,0.0,0.0,10.0,,tree cover
12940,121,0.974,1.0,0.0,0.0,0.0,0.0,0.0,0.0,0.0,0.0,0.0,10.0,,tree cover
13051,121,0.974,0.8595,0.0,0.0,0.0,0.0,0.0,0.1405,0.0,0.0,0.0,10.0,,tree cover
13162,121,0.974,1.0,0.0,0.0,0.0,0.0,0.0,0.0,0.0,0.0,0.0,10.0,,tree cover
13273,126,1.0,1.0,0.0,0.0,0.0,0.0,0.0,0.0,0.0,0.0,0.0,10.0,,tree cover
13384,127,1.0,1.0,0.0,0.0,0.0,0.0,0.0,0.0,0.0,0.0,0.0,10.0,,tree cover
13495,121,0.974,1.0,0.0,0.0,0.0,0.0,0.0,0.0,0.0,0.0,0.0,10.0,,tree cover
13606,121,0.974,1.0,0.0,0.0,0.0,0.0,0.0,0.0,0.0,0.0,0.0,10.0,,tree cover
13717,121,0.974,1.0,0.0,0.0,0.0,0.0,0.0,0.0,0.0,0.0,0.0,10.0,,tree cover
13828,121,0.974,1.0,0.0,0.0,0.0,0.0,0.0,0.0,0.0,0.0,0.0,10.0,,tree cover
13939,118,0.95,1.0,0.0,0.0,0.0,0.0,0.0,0.0,0.0,0.0,0.0,10.0,,tree cover
14050,112,0.902,1.0,0.0,0.0,0.0,0.0,0.0,0.0,0.0,0.0,0.0,10.0,,tree cover
14161,123,0.99,1.0,0.0,0.0,0.0,0.0,0.0,0.0,0.0,0.0,0.0,10.0,,tree cover
14272,121,0.974,1.0,0.0,0.0,0.0,0.0,0.0,0.0,0.0,0.0,0.0,10.0,,tree cover
14383,121,0.974,1.0,0.0,0.0,0.0,0.0,0.0,0.0,0.0,0.0,0.0,10.0,,tree cover
953,121,0.974,0.0,0.0,0.0,0.0,1.0,0.0,0.0,0.0,0.0,0.0,50.0,ground_built_up,built-up
1064,121,0.974,0.0,0.0,0.0,0.0,1.0,0.0,0.0,0.0,0.0,0.0,50.0,ground_built_up,built-up
1175,112,0.902,0.125,0.0,0.0089,0.0,0.8482,0.0179,0.0,0.0,0.0,0.0,50.0,ground_built_up,built-up
1730,121,0.974,0.2314,0.0,0.0,0.0,0.7686,0.0,0.0,0.0,0.0,0.0,50.0,ground_built_up,built-up
1841,121,0.974,0.4298,0.0,0.2562,0.0496,0.2645,0.0,0.0,0.0,0.0,0.0,10.0,,tree cover
2063,121,0.974,0.124,0.0,0.8347,0.0,0.0413,0.0,0.0,0.0,0.0,0.0,30.0,,grassland
2174,132,1.0,0.7955,0.0,0.0758,0.0,0.1288,0.0,0.0,0.0,0.0,0.0,10.0,,tree cover
2285,121,0.974,0.8017,0.0,0.1983,0.0,0.0,0.0,0.0,0.0,0.0,0.0,10.0,,tree cover
2396,112,0.902,0.8214,0.0,0.0,0.0,0.1786,0.0,0.0,0.0,0.0,0.0,10.0,,tree cover
2618,121,0.974,0.9256,0.0,0.0,0.0,0.0744,0.0,0.0,0.0,0.0,0.0,10.0,,tree cover
2729,121,0.974,0.7934,0.0,0.0,0.0,0.2066,0.0,0.0,0.0,0.0,0.0,10.0,,tree cover
2840,121,0.974,0.7934,0.0,0.0,0.0,0.2066,0.0,0.0,0.0,0.0,0.0,10.0,,tree cover
2951,132,1.0,0.8409,0.0,0.0,0.0,0.1591,0.0,0.0,0.0,0.0,0.0,10.0,,tree cover
3062,121,0.974,0.876,0.0,0.0,0.0,0.124,0.0,0.0,0.0,0.0,0.0,10.0,,tree cover
3173,121,0.974,0.6777,0.0,0.0165,0.0,0.3058,0.0,0.0,0.0,0.0,0.0,10.0,,tree cover
3617,115,0.926,0.9565,0.0,0.0,0.0,0.0435,0.0,0.0,0.0,0.0,0.0,10.0,,tree cover
3728,119,0.958,1.0,0.0,0.0,0.0,0.0,0.0,0.0,0.0,0.0,0.0,10.0,,tree cover
3839,121,0.974,0.9421,0.0,0.0,0.0,0.0579,0.0,0.0,0.0,0.0,0.0,10.0,,tree cover
3950,121,0.974,1.0,0.0,0.0,0.0,0.0,0.0,0.0,0.0,0.0,0.0,10.0,,tree cover
4061,121,0.974,1.0,0.0,0.0,0.0,0.0,0.0,0.0,0.0,0.0,0.0,10.0,,tree cover
4172,121,0.974,1.0,0.0,0.0,0.0,0.0,0.0,0.0,0.0,0.0,0.0,10.0,,tree cover
4283,121,0.974,1.0,0.0,0.0,0.0,0.0,0.0,0.0,0.0,0.0,0.0,10.0,,tree cover
4394,121,0.974,0.9421,0.0,0.0579,0.0,0.0,0.0,0.0,0.0,0.0,0.0,10.0,,tree cover
4505,128,1.0,0.9609,0.0,0.0391,0.0,0.0,0.0,0.0,0.0,0.0,0.0,10.0,,tree cover
4616,125,1.0,1.0,0.0,0.0,0.0,0.0,0.0,0.0,0.0,0.0,0.0,10.0,,tree cover
4727,121,0.974,1.0,0.0,0.0,0.0,0.0,0.0,0.0,0.0,0.0,0.0,10.0,,tree cover
4838,116,0.934,1.0,0.0,0.0,0.0,0.0,0.0,0.0,0.0,0.0,0.0,10.0,,tree cover
4949,110,0.886,1.0,0.0,0.0,0.0,0.0,0.0,0.0,0.0,0.0,0.0,10.0,,tree cover
5060,117,0.942,1.0,0.0,0.0,0.0,0.0,0.0,0.0,0.0,0.0,0.0,10.0,,tree cover
5171,121,0.974,1.0,0.0,0.0,0.0,0.0,0.0,0.0,0.0,0.0,0.0,10.0,,tree cover
5282,125,1.0,0.848,0.0,0.0,0.0,0.152,0.0,0.0,0.0,0.0,0.0,10.0,,tree cover
5504,121,0.974,1.0,0.0,0.0,0.0,0.0,0.0,0.0,0.0,0.0,0.0,10.0,,tree cover
5726,121,0.974,1.0,0.0,0.0,0.0,0.0,0.0,0.0,0.0,0.0,0.0,10.0,,tree cover
5837,121,0.974,1.0,0.0,0.0,0.0,0.0,0.0,0.0,0.0,0.0,0.0,10.0,,tree cover
5948,121,0.974,1.0,0.0,0.0,0.0,0.0,0.0,0.0,0.0,0.0,0.0,10.0,,tree cover
6059,121,0.974,1.0,0.0,0.0,0.0,0.0,0.0,0.0,0.0,0.0,0.0,10.0,,tree cover
6170,119,0.958,1.0,0.0,0.0,0.0,0.0,0.0,0.0,0.0,0.0,0.0,10.0,,tree cover
6281,114,0.918,1.0,0.0,0.0,0.0,0.0,0.0,0.0,0.0,0.0,0.0,10.0,,tree cover
6503,121,0.974,1.0,0.0,0.0,0.0,0.0,0.0,0.0,0.0,0.0,0.0,10.0,,tree cover
6614,121,0.974,0.9835,0.0,0.0165,0.0,0.0,0.0,0.0,0.0,0.0,0.0,10.0,,tree cover
6725,121,0.974,0.3223,0.0,0.6198,0.0,0.0579,0.0,0.0,0.0,0.0,0.0,30.0,,grassland
6836,121,0.974,0.0331,0.0,0.7521,0.0,0.2149,0.0,0.0,0.0,0.0,0.0,30.0,,grassland
6947,132,1.0,0.1667,0.0,0.5606,0.0,0.2727,0.0,0.0,0.0,0.0,0.0,30.0,,grassland
7058,121,0.974,0.8926,0.0,0.1074,0.0,0.0,0.0,0.0,0.0,0.0,0.0,10.0,,tree cover
7169,121,0.974,1.0,0.0,0.0,0.0,0.0,0.0,0.0,0.0,0.0,0.0,10.0,,tree cover
7280,121,0.974,1.0,0.0,0.0,0.0,0.0,0.0,0.0,0.0,0.0,0.0,10.0,,tree cover
7391,112,0.902,1.0,0.0,0.0,0.0,0.0,0.0,0.0,0.0,0.0,0.0,10.0,,tree cover
7502,110,0.886,1.0,0.0,0.0,0.0,0.0,0.0,0.0,0.0,0.0,0.0,10.0,,tree cover
7613,121,0.974,1.0,0.0,0.0,0.0,0.0,0.0,0.0,0.0,0.0,0.0,10.0,,tree cover
7724,132,1.0,1.0,0.0,0.0,0.0,0.0,0.0,0.0,0.0,0.0,0.0,10.0,,tree cover
7835,121,0.974,1.0,0.0,0.0,0.0,0.0,0.0,0.0,0.0,0.0,0.0,10.0,,tree cover
7946,121,0.974,1.0,0.0,0.0,0.0,0.0,0.0,0.0,0.0,0.0,0.0,10.0,,tree cover
8057,121,0.974,1.0,0.0,0.0,0.0,0.0,0.0,0.0,0.0,0.0,0.0,10.0,,tree cover
8168,121,0.974,1.0,0.0,0.0,0.0,0.0,0.0,0.0,0.0,0.0,0.0,10.0,,tree cover
8279,121,0.974,1.0,0.0,0.0,0.0,0.0,0.0,0.0,0.0,0.0,0.0,10.0,,tree cover
8390,121,0.974,1.0,0.0,0.0,0.0,0.0,0.0,0.0,0.0,0.0,0.0,10.0,,tree cover
8501,132,1.0,1.0,0.0,0.0,0.0,0.0,0.0,0.0,0.0,0.0,0.0,10.0,,tree cover
8612,116,0.934,1.0,0.0,0.0,0.0,0.0,0.0,0.0,0.0,0.0,0.0,10.0,,tree cover
8723,110,0.886,1.0,0.0,0.0,0.0,0.0,0.0,0.0,0.0,0.0,0.0,10.0,,tree cover
8945,121,0.974,1.0,0.0,0.0,0.0,0.0,0.0,0.0,0.0,0.0,0.0,10.0,,tree cover
9056,121,0.974,1.0,0.0,0.0,0.0,0.0,0.0,0.0,0.0,0.0,0.0,10.0,,tree cover
9167,121,0.974,1.0,0.0,0.0,0.0,0.0,0.0,0.0,0.0,0.0,0.0,10.0,,tree cover
9278,130,1.0,1.0,0.0,0.0,0.0,0.0,0.0,0.0,0.0,0.0,0.0,10.0,,tree cover
9389,123,0.99,1.0,0.0,0.0,0.0,0.0,0.0,0.0,0.0,0.0,0.0,10.0,,tree cover
9500,121,0.974,1.0,0.0,0.0,0.0,0.0,0.0,0.0,0.0,0.0,0.0,10.0,,tree cover
9611,121,0.974,1.0,0.0,0.0,0.0,0.0,0.0,0.0,0.0,0.0,0.0,10.0,,tree cover
9722,121,0.974,1.0,0.0,0.0,0.0,0.0,0.0,0.0,0.0,0.0,0.0,10.0,,tree cover
9833,121,0.974,1.0,0.0,0.0,0.0,0.0,0.0,0.0,0.0,0.0,0.0,10.0,,tree cover
9944,111,0.894,1.0,0.0,0.0,0.0,0.0,0.0,0.0,0.0,0.0,0.0,10.0,,tree cover
10055,118,0.95,1.0,0.0,0.0,0.0,0.0,0.0,0.0,0.0,0.0,0.0,10.0,,tree cover
10166,125,1.0,1.0,0.0,0.0,0.0,0.0,0.0,0.0,0.0,0.0,0.0,10.0,,tree cover
10277,121,0.974,1.0,0.0,0.0,0.0,0.0,0.0,0.0,0.0,0.0,0.0,10.0,,tree cover
10388,121,0.974,0.9835,0.0,0.0165,0.0,0.0,0.0,0.0,0.0,0.0,0.0,10.0,,tree cover
10499,121,0.974,1.0,0.0,0.0,0.0,0.0,0.0,0.0,0.0,0.0,0.0,10.0,,tree cover
10610,121,0.974,0.8678,0.0,0.1322,0.0,0.0,0.0,0.0,0.0,0.0,0.0,10.0,,tree cover
10721,121,0.974,1.0,0.0,0.0,0.0,0.0,0.0,0.0,0.0,0.0,0.0,10.0,,tree cover
10832,126,1.0,1.0,0.0,0.0,0.0,0.0,0.0,0.0,0.0,0.0,0.0,10.0,,tree cover
10943,127,1.0,1.0,0.0,0.0,0.0,0.0,0.0,0.0,0.0,0.0,0.0,10.0,,tree cover
11054,121,0.974,1.0,0.0,0.0,0.0,0.0,0.0,0.0,0.0,0.0,0.0,10.0,,tree cover
11165,117,0.942,1.0,0.0,0.0,0.0,0.0,0.0,0.0,0.0,0.0,0.0,10.0,,tree cover
11276,110,0.886,1.0,0.0,0.0,0.0,0.0,0.0,0.0,0.0,0.0,0.0,10.0,,tree cover
11387,116,0.934,1.0,0.0,0.0,0.0,0.0,0.0,0.0,0.0,0.0,0.0,10.0,,tree cover
11498,121,0.974,1.0,0.0,0.0,0.0,0.0,0.0,0.0,0.0,0.0,0.0,10.0,,tree cover
11609,124,0.998,1.0,0.0,0.0,0.0,0.0,0.0,0.0,0.0,0.0,0.0,10.0,,tree cover
11720,129,1.0,1.0,0.0,0.0,0.0,0.0,0.0,0.0,0.0,0.0,0.0,10.0,,tree cover
11831,121,0.974,1.0,0.0,0.0,0.0,0.0,0.0,0.0,0.0,0.0,0.0,10.0,,tree cover
11942,121,0.974,0.9752,0.0,0.0248,0.0,0.0,0.0,0.0,0.0,0.0,0.0,10.0,,tree cover
12053,121,0.974,1.0,0.0,0.0,0.0,0.0,0.0,0.0,0.0,0.0,0.0,10.0,,tree cover
12164,121,0.974,1.0,0.0,0.0,0.0,0.0,0.0,0.0,0.0,0.0,0.0,10.0,,tree cover
12275,121,0.974,1.0,0.0,0.0,0.0,0.0,0.0,0.0,0.0,0.0,0.0,10.0,,tree cover
12386,122,0.982,1.0,0.0,0.0,0.0,0.0,0.0,0.0,0.0,0.0,0.0,10.0,,tree cover
12608,110,0.886,1.0,0.0,0.0,0.0,0.0,0.0,0.0,0.0,0.0,0.0,10.0,,tree cover
12719,121,0.974,1.0,0.0,0.0,0.0,0.0,0.0,0.0,0.0,0.0,0.0,10.0,,tree cover
12830,121,0.974,1.0,0.0,0.0,0.0,0.0,0.0,0.0,0.0,0.0,0.0,10.0,,tree cover
12941,121,0.974,1.0,0.0,0.0,0.0,0.0,0.0,0.0,0.0,0.0,0.0,10.0,,tree cover
13052,121,0.974,0.9835,0.0,0.0,0.0,0.0,0.0,0.0165,0.0,0.0,0.0,10.0,,tree cover
13163,121,0.974,1.0,0.0,0.0,0.0,0.0,0.0,0.0,0.0,0.0,0.0,10.0,,tree cover
13274,132,1.0,1.0,0.0,0.0,0.0,0.0,0.0,0.0,0.0,0.0,0.0,10.0,,tree cover
13385,121,0.974,1.0,0.0,0.0,0.0,0.0,0.0,0.0,0.0,0.0,0.0,10.0,,tree cover
13496,121,0.974,1.0,0.0,0.0,0.0,0.0,0.0,0.0,0.0,0.0,0.0,10.0,,tree cover
13607,121,0.974,1.0,0.0,0.0,0.0,0.0,0.0,0.0,0.0,0.0,0.0,10.0,,tree cover
13718,120,0.966,1.0,0.0,0.0,0.0,0.0,0.0,0.0,0.0,0.0,0.0,10.0,,tree cover
13829,110,0.886,1.0,0.0,0.0,0.0,0.0,0.0,0.0,0.0,0.0,0.0,10.0,,tree cover
13940,113,0.91,1.0,0.0,0.0,0.0,0.0,0.0,0.0,0.0,0.0,0.0,10.0,,tree cover
14051,132,1.0,1.0,0.0,0.0,0.0,0.0,0.0,0.0,0.0,0.0,0.0,10.0,,tree cover
14162,121,0.974,1.0,0.0,0.0,0.0,0.0,0.0,0.0,0.0,0.0,0.0,10.0,,tree cover
14273,121,0.974,1.0,0.0,0.0,0.0,0.0,0.0,0.0,0.0,0.0,0.0,10.0,,tree cover
14384,121,0.974,1.0,0.0,0.0,0.0,0.0,0.0,0.0,0.0,0.0,0.0,10.0,,tree cover
621,121,0.974,0.4959,0.0,0.0,0.0,0.124,0.0909,0.2893,0.0,0.0,0.0,10.0,,tree cover
1065,110,0.886,0.0455,0.0,0.0,0.0,0.9455,0.0091,0.0,0.0,0.0,0.0,50.0,ground_built_up,built-up
1287,132,1.0,0.2348,0.0,0.0379,0.0,0.7273,0.0,0.0,0.0,0.0,0.0,50.0,ground_built_up,built-up
1731,121,0.974,0.0909,0.0,0.0,0.0,0.9091,0.0,0.0,0.0,0.0,0.0,50.0,ground_built_up,built-up
1842,121,0.974,0.0661,0.0,0.0,0.0,0.9339,0.0,0.0,0.0,0.0,0.0,50.0,ground_built_up,built-up
1953,121,0.974,0.0,0.0,0.6694,0.0,0.3306,0.0,0.0,0.0,0.0,0.0,30.0,,grassland
2064,130,1.0,0.0,0.0,1.0,0.0,0.0,0.0,0.0,0.0,0.0,0.0,30.0,,grassland
2175,117,0.942,0.0,0.0,0.1111,0.0085,0.8803,0.0,0.0,0.0,0.0,0.0,50.0,ground_built_up,built-up
2286,110,0.886,0.1364,0.0,0.5818,0.0,0.2818,0.0,0.0,0.0,0.0,0.0,30.0,,grassland
2397,119,0.958,0.8992,0.0,0.0,0.0,0.1008,0.0,0.0,0.0,0.0,0.0,10.0,,tree cover
2619,121,0.974,0.3554,0.0,0.0,0.0,0.6446,0.0,0.0,0.0,0.0,0.0,50.0,ground_built_up,built-up
2730,121,0.974,0.7438,0.0,0.0,0.0,0.2562,0.0,0.0,0.0,0.0,0.0,10.0,,tree cover
2841,127,1.0,0.9685,0.0,0.0,0.0,0.0315,0.0,0.0,0.0,0.0,0.0,10.0,,tree cover
2952,126,1.0,0.4683,0.0,0.5317,0.0,0.0,0.0,0.0,0.0,0.0,0.0,30.0,,grassland
3063,121,0.974,0.4711,0.0,0.5289,0.0,0.0,0.0,0.0,0.0,0.0,0.0,30.0,,grassland
3285,121,0.974,0.8926,0.0,0.0,0.0,0.1074,0.0,0.0,0.0,0.0,0.0,10.0,,tree cover
3396,117,0.942,0.8974,0.0,0.0,0.0,0.1026,0.0,0.0,0.0,0.0,0.0,10.0,,tree cover
3507,110,0.886,0.9818,0.0,0.0,0.0,0.0182,0.0,0.0,0.0,0.0,0.0,10.0,,tree cover
3618,119,0.958,1.0,0.0,0.0,0.0,0.0,0.0,0.0,0.0,0.0,0.0,10.0,,tree cover
3729,129,1.0,1.0,0.0,0.0,0.0,0.0,0.0,0.0,0.0,0.0,0.0,10.0,,tree cover
3840,121,0.974,1.0,0.0,0.0,0.0,0.0,0.0,0.0,0.0,0.0,0.0,10.0,,tree cover
3951,121,0.974,0.9752,0.0,0.0,0.0,0.0248,0.0,0.0,0.0,0.0,0.0,10.0,,tree cover
4062,121,0.974,0.9421,0.0,0.0,0.0,0.0579,0.0,0.0,0.0,0.0,0.0,10.0,,tree cover
4284,121,0.974,1.0,0.0,0.0,0.0,0.0,0.0,0.0,0.0,0.0,0.0,10.0,,tree cover
4395,122,0.982,1.0,0.0,0.0,0.0,0.0,0.0,0.0,0.0,0.0,0.0,10.0,,tree cover
4506,131,1.0,1.0,0.0,0.0,0.0,0.0,0.0,0.0,0.0,0.0,0.0,10.0,,tree cover
4617,119,0.958,1.0,0.0,0.0,0.0,0.0,0.0,0.0,0.0,0.0,0.0,10.0,,tree cover
4728,110,0.886,1.0,0.0,0.0,0.0,0.0,0.0,0.0,0.0,0.0,0.0,10.0,,tree cover
4839,115,0.926,1.0,0.0,0.0,0.0,0.0,0.0,0.0,0.0,0.0,0.0,10.0,,tree cover
4950,121,0.974,1.0,0.0,0.0,0.0,0.0,0.0,0.0,0.0,0.0,0.0,10.0,,tree cover
5061,121,0.974,0.9256,0.0,0.0496,0.0,0.0248,0.0,0.0,0.0,0.0,0.0,10.0,,tree cover
5172,121,0.974,1.0,0.0,0.0,0.0,0.0,0.0,0.0,0.0,0.0,0.0,10.0,,tree cover
5283,132,1.0,1.0,0.0,0.0,0.0,0.0,0.0,0.0,0.0,0.0,0.0,10.0,,tree cover
5394,121,0.974,0.9587,0.0,0.0,0.0,0.0413,0.0,0.0,0.0,0.0,0.0,10.0,,tree cover
5505,121,0.974,1.0,0.0,0.0,0.0,0.0,0.0,0.0,0.0,0.0,0.0,10.0,,tree cover
5616,121,0.974,1.0,0.0,0.0,0.0,0.0,0.0,0.0,0.0,0.0,0.0,10.0,,tree cover
5727,121,0.974,1.0,0.0,0.0,0.0,0.0,0.0,0.0,0.0,0.0,0.0,10.0,,tree cover
5838,121,0.974,1.0,0.0,0.0,0.0,0.0,0.0,0.0,0.0,0.0,0.0,10.0,,tree cover
5949,111,0.894,1.0,0.0,0.0,0.0,0.0,0.0,0.0,0.0,0.0,0.0,10.0,,tree cover
6060,122,0.982,1.0,0.0,0.0,0.0,0.0,0.0,0.0,0.0,0.0,0.0,10.0,,tree cover
6171,121,0.974,1.0,0.0,0.0,0.0,0.0,0.0,0.0,0.0,0.0,0.0,10.0,,tree cover
6282,121,0.974,1.0,0.0,0.0,0.0,0.0,0.0,0.0,0.0,0.0,0.0,10.0,,tree cover
6393,121,0.974,1.0,0.0,0.0,0.0,0.0,0.0,0.0,0.0,0.0,0.0,10.0,,tree cover
6504,121,0.974,1.0,0.0,0.0,0.0,0.0,0.0,0.0,0.0,0.0,0.0,10.0,,tree cover
6615,121,0.974,0.8595,0.0,0.0331,0.0,0.1074,0.0,0.0,0.0,0.0,0.0,10.0,,tree cover
6726,121,0.974,0.0165,0.0,0.6198,0.0,0.3636,0.0,0.0,0.0,0.0,0.0,30.0,,grassland
7059,121,0.974,0.7603,0.0,0.1074,0.0,0.1322,0.0,0.0,0.0,0.0,0.0,10.0,,tree cover
7170,115,0.926,1.0,0.0,0.0,0.0,0.0,0.0,0.0,0.0,0.0,0.0,10.0,,tree cover
7281,110,0.886,1.0,0.0,0.0,0.0,0.0,0.0,0.0,0.0,0.0,0.0,10.0,,tree cover
7392,119,0.958,1.0,0.0,0.0,0.0,0.0,0.0,0.0,0.0,0.0,0.0,10.0,,tree cover
7503,121,0.974,1.0,0.0,0.0,0.0,0.0,0.0,0.0,0.0,0.0,0.0,10.0,,tree cover
7614,129,1.0,1.0,0.0,0.0,0.0,0.0,0.0,0.0,0.0,0.0,0.0,10.0,,tree cover
7725,124,0.998,1.0,0.0,0.0,0.0,0.0,0.0,0.0,0.0,0.0,0.0,10.0,,tree cover
7836,121,0.974,1.0,0.0,0.0,0.0,0.0,0.0,0.0,0.0,0.0,0.0,10.0,,tree cover
7947,121,0.974,1.0,0.0,0.0,0.0,0.0,0.0,0.0,0.0,0.0,0.0,10.0,,tree cover
8058,121,0.974,1.0,0.0,0.0,0.0,0.0,0.0,0.0,0.0,0.0,0.0,10.0,,tree cover
8169,121,0.974,1.0,0.0,0.0,0.0,0.0,0.0,0.0,0.0,0.0,0.0,10.0,,tree cover
8280,121,0.974,1.0,0.0,0.0,0.0,0.0,0.0,0.0,0.0,0.0,0.0,10.0,,tree cover
8391,125,1.0,1.0,0.0,0.0,0.0,0.0,0.0,0.0,0.0,0.0,0.0,10.0,,tree cover
8502,115,0.926,1.0,0.0,0.0,0.0,0.0,0.0,0.0,0.0,0.0,0.0,10.0,,tree cover
8613,115,0.926,1.0,0.0,0.0,0.0,0.0,0.0,0.0,0.0,0.0,0.0,10.0,,tree cover
8724,121,0.974,1.0,0.0,0.0,0.0,0.0,0.0,0.0,0.0,0.0,0.0,10.0,,tree cover
8835,121,0.974,1.0,0.0,0.0,0.0,0.0,0.0,0.0,0.0,0.0,0.0,10.0,,tree cover
8946,121,0.974,1.0,0.0,0.0,0.0,0.0,0.0,0.0,0.0,0.0,0.0,10.0,,tree cover
9057,121,0.974,1.0,0.0,0.0,0.0,0.0,0.0,0.0,0.0,0.0,0.0,10.0,,tree cover
9168,124,0.998,1.0,0.0,0.0,0.0,0.0,0.0,0.0,0.0,0.0,0.0,10.0,,tree cover
9279,129,1.0,1.0,0.0,0.0,0.0,0.0,0.0,0.0,0.0,0.0,0.0,10.0,,tree cover
9390,121,0.974,1.0,0.0,0.0,0.0,0.0,0.0,0.0,0.0,0.0,0.0,10.0,,tree cover
9501,121,0.974,1.0,0.0,0.0,0.0,0.0,0.0,0.0,0.0,0.0,0.0,10.0,,tree cover
9612,121,0.974,1.0,0.0,0.0,0.0,0.0,0.0,0.0,0.0,0.0,0.0,10.0,,tree cover
9723,113,0.91,1.0,0.0,0.0,0.0,0.0,0.0,0.0,0.0,0.0,0.0,10.0,,tree cover
9834,110,0.886,1.0,0.0,0.0,0.0,0.0,0.0,0.0,0.0,0.0,0.0,10.0,,tree cover
9945,121,0.974,1.0,0.0,0.0,0.0,0.0,0.0,0.0,0.0,0.0,0.0,10.0,,tree cover
10056,131,1.0,1.0,0.0,0.0,0.0,0.0,0.0,0.0,0.0,0.0,0.0,10.0,,tree cover
10167,121,0.974,1.0,0.0,0.0,0.0,0.0,0.0,0.0,0.0,0.0,0.0,10.0,,tree cover
10278,121,0.974,1.0,0.0,0.0,0.0,0.0,0.0,0.0,0.0,0.0,0.0,10.0,,tree cover
10389,121,0.974,0.9504,0.0,0.0496,0.0,0.0,0.0,0.0,0.0,0.0,0.0,10.0,,tree cover
10500,121,0.974,1.0,0.0,0.0,0.0,0.0,0.0,0.0,0.0,0.0,0.0,10.0,,tree cover
10611,121,0.974,1.0,0.0,0.0,0.0,0.0,0.0,0.0,0.0,0.0,0.0,10.0,,tree cover
10722,121,0.974,1.0,0.0,0.0,0.0,0.0,0.0,0.0,0.0,0.0,0.0,10.0,,tree cover
10833,132,1.0,1.0,0.0,0.0,0.0,0.0,0.0,0.0,0.0,0.0,0.0,10.0,,tree cover
10944,119,0.958,1.0,0.0,0.0,0.0,0.0,0.0,0.0,0.0,0.0,0.0,10.0,,tree cover
11055,110,0.886,1.0,0.0,0.0,0.0,0.0,0.0,0.0,0.0,0.0,0.0,10.0,,tree cover
11166,114,0.918,0.9825,0.0,0.0175,0.0,0.0,0.0,0.0,0.0,0.0,0.0,10.0,,tree cover
11277,121,0.974,1.0,0.0,0.0,0.0,0.0,0.0,0.0,0.0,0.0,0.0,10.0,,tree cover
11388,121,0.974,1.0,0.0,0.0,0.0,0.0,0.0,0.0,0.0,0.0,0.0,10.0,,tree cover
11499,121,0.974,1.0,0.0,0.0,0.0,0.0,0.0,0.0,0.0,0.0,0.0,10.0,,tree cover
11610,132,1.0,1.0,0.0,0.0,0.0,0.0,0.0,0.0,0.0,0.0,0.0,10.0,,tree cover
11721,121,0.974,1.0,0.0,0.0,0.0,0.0,0.0,0.0,0.0,0.0,0.0,10.0,,tree cover
11832,121,0.974,1.0,0.0,0.0,0.0,0.0,0.0,0.0,0.0,0.0,0.0,10.0,,tree cover
11943,121,0.974,1.0,0.0,0.0,0.0,0.0,0.0,0.0,0.0,0.0,0.0,10.0,,tree cover
12054,121,0.974,1.0,0.0,0.0,0.0,0.0,0.0,0.0,0.0,0.0,0.0,10.0,,tree cover
12165,121,0.974,1.0,0.0,0.0,0.0,0.0,0.0,0.0,0.0,0.0,0.0,10.0,,tree cover
12276,115,0.926,1.0,0.0,0.0,0.0,0.0,0.0,0.0,0.0,0.0,0.0,10.0,,tree cover
12387,120,0.966,1.0,0.0,0.0,0.0,0.0,0.0,0.0,0.0,0.0,0.0,10.0,,tree cover
12498,119,0.958,1.0,0.0,0.0,0.0,0.0,0.0,0.0,0.0,0.0,0.0,10.0,,tree cover
12609,121,0.974,1.0,0.0,0.0,0.0,0.0,0.0,0.0,0.0,0.0,0.0,10.0,,tree cover
12720,121,0.974,1.0,0.0,0.0,0.0,0.0,0.0,0.0,0.0,0.0,0.0,10.0,,tree cover
12831,121,0.974,1.0,0.0,0.0,0.0,0.0,0.0,0.0,0.0,0.0,0.0,10.0,,tree cover
12942,121,0.974,1.0,0.0,0.0,0.0,0.0,0.0,0.0,0.0,0.0,0.0,10.0,,tree cover
13053,121,0.974,1.0,0.0,0.0,0.0,0.0,0.0,0.0,0.0,0.0,0.0,10.0,,tree cover
13164,130,1.0,1.0,0.0,0.0,0.0,0.0,0.0,0.0,0.0,0.0,0.0,10.0,,tree cover
13275,123,0.99,1.0,0.0,0.0,0.0,0.0,0.0,0.0,0.0,0.0,0.0,10.0,,tree cover
13386,121,0.974,1.0,0.0,0.0,0.0,0.0,0.0,0.0,0.0,0.0,0.0,10.0,,tree cover
13497,121,0.974,1.0,0.0,0.0,0.0,0.0,0.0,0.0,0.0,0.0,0.0,10.0,,tree cover
13608,111,0.894,1.0,0.0,0.0,0.0,0.0,0.0,0.0,0.0,0.0,0.0,10.0,,tree cover
13719,111,0.894,1.0,0.0,0.0,0.0,0.0,0.0,0.0,0.0,0.0,0.0,10.0,,tree cover
13830,121,0.974,1.0,0.0,0.0,0.0,0.0,0.0,0.0,0.0,0.0,0.0,10.0,,tree cover
13941,128,1.0,1.0,0.0,0.0,0.0,0.0,0.0,0.0,0.0,0.0,0.0,10.0,,tree cover
14052,125,1.0,1.0,0.0,0.0,0.0,0.0,0.0,0.0,0.0,0.0,0.0,10.0,,tree cover
14163,121,0.974,1.0,0.0,0.0,0.0,0.0,0.0,0.0,0.0,0.0,0.0,10.0,,tree cover
14274,121,0.974,1.0,0.0,0.0,0.0,0.0,0.0,0.0,0.0,0.0,0.0,10.0,,tree cover
14385,121,0.974,1.0,0.0,0.0,0.0,0.0,0.0,0.0,0.0,0.0,0.0,10.0,,tree cover
622,121,0.974,0.6446,0.0,0.0,0.0,0.2066,0.0826,0.0661,0.0,0.0,0.0,10.0,,tree cover
844,110,0.886,0.0,0.0,0.0,0.0,1.0,0.0,0.0,0.0,0.0,0.0,50.0,ground_built_up,built-up
955,116,0.934,0.0603,0.0,0.0,0.0,0.9397,0.0,0.0,0.0,0.0,0.0,50.0,ground_built_up,built-up
1066,121,0.974,0.0,0.0,0.0,0.0,1.0,0.0,0.0,0.0,0.0,0.0,50.0,ground_built_up,built-up
1177,127,1.0,0.1811,0.0,0.0157,0.0,0.8031,0.0,0.0,0.0,0.0,0.0,50.0,ground_built_up,built-up
1288,126,1.0,0.3016,0.0,0.0,0.0,0.6984,0.0,0.0,0.0,0.0,0.0,50.0,ground_built_up,built-up
1399,121,0.974,0.0248,0.0,0.0,0.0,0.9752,0.0,0.0,0.0,0.0,0.0,50.0,ground_built_up,built-up
1732,121,0.974,0.0744,0.0,0.0,0.0,0.9256,0.0,0.0,0.0,0.0,0.0,50.0,ground_built_up,built-up
2398,121,0.974,0.7355,0.0,0.0909,0.0,0.1736,0.0,0.0,0.0,0.0,0.0,10.0,,tree cover
2509,121,0.974,0.8595,0.0,0.0,0.0083,0.1322,0.0,0.0,0.0,0.0,0.0,10.0,,tree cover
2620,121,0.974,0.3223,0.0,0.0,0.0,0.6777,0.0,0.0,0.0,0.0,0.0,50.0,ground_built_up,built-up
2731,122,0.982,0.7213,0.0,0.0,0.0,0.2787,0.0,0.0,0.0,0.0,0.0,10.0,,tree cover
2842,131,1.0,0.8321,0.0,0.0,0.0,0.1679,0.0,0.0,0.0,0.0,0.0,10.0,,tree cover
2953,121,0.974,0.6942,0.0,0.0083,0.0,0.2975,0.0,0.0,0.0,0.0,0.0,10.0,,tree cover
3064,121,0.974,0.843,0.0,0.0,0.0,0.157,0.0,0.0,0.0,0.0,0.0,10.0,,tree cover
3175,120,0.966,1.0,0.0,0.0,0.0,0.0,0.0,0.0,0.0,0.0,0.0,10.0,,tree cover
3286,110,0.886,1.0,0.0,0.0,0.0,0.0,0.0,0.0,0.0,0.0,0.0,10.0,,tree cover
3397,114,0.918,1.0,0.0,0.0,0.0,0.0,0.0,0.0,0.0,0.0,0.0,10.0,,tree cover
3508,121,0.974,1.0,0.0,0.0,0.0,0.0,0.0,0.0,0.0,0.0,0.0,10.0,,tree cover
3619,132,1.0,1.0,0.0,0.0,0.0,0.0,0.0,0.0,0.0,0.0,0.0,10.0,,tree cover
3730,121,0.974,1.0,0.0,0.0,0.0,0.0,0.0,0.0,0.0,0.0,0.0,10.0,,tree cover
3841,121,0.974,1.0,0.0,0.0,0.0,0.0,0.0,0.0,0.0,0.0,0.0,10.0,,tree cover
3952,121,0.974,1.0,0.0,0.0,0.0,0.0,0.0,0.0,0.0,0.0,0.0,10.0,,tree cover
4063,121,0.974,1.0,0.0,0.0,0.0,0.0,0.0,0.0,0.0,0.0,0.0,10.0,,tree cover
4174,121,0.974,0.9256,0.0,0.0,0.0,0.0744,0.0,0.0,0.0,0.0,0.0,10.0,,tree cover
4285,121,0.974,1.0,0.0,0.0,0.0,0.0,0.0,0.0,0.0,0.0,0.0,10.0,,tree cover
4396,132,1.0,1.0,0.0,0.0,0.0,0.0,0.0,0.0,0.0,0.0,0.0,10.0,,tree cover
4507,111,0.894,1.0,0.0,0.0,0.0,0.0,0.0,0.0,0.0,0.0,0.0,10.0,,tree cover
4618,112,0.902,1.0,0.0,0.0,0.0,0.0,0.0,0.0,0.0,0.0,0.0,10.0,,tree cover
4729,121,0.974,1.0,0.0,0.0,0.0,0.0,0.0,0.0,0.0,0.0,0.0,10.0,,tree cover
4840,121,0.974,1.0,0.0,0.0,0.0,0.0,0.0,0.0,0.0,0.0,0.0,10.0,,tree cover
4951,121,0.974,1.0,0.0,0.0,0.0,0.0,0.0,0.0,0.0,0.0,0.0,10.0,,tree cover
5062,121,0.974,1.0,0.0,0.0,0.0,0.0,0.0,0.0,0.0,0.0,0.0,10.0,,tree cover
5284,122,0.982,0.9344,0.0,0.0,0.0,0.0656,0.0,0.0,0.0,0.0,0.0,10.0,,tree cover
5395,121,0.974,0.9752,0.0,0.0,0.0,0.0248,0.0,0.0,0.0,0.0,0.0,10.0,,tree cover
5617,121,0.974,1.0,0.0,0.0,0.0,0.0,0.0,0.0,0.0,0.0,0.0,10.0,,tree cover
5728,114,0.918,1.0,0.0,0.0,0.0,0.0,0.0,0.0,0.0,0.0,0.0,10.0,,tree cover
5839,110,0.886,1.0,0.0,0.0,0.0,0.0,0.0,0.0,0.0,0.0,0.0,10.0,,tree cover
5950,127,1.0,1.0,0.0,0.0,0.0,0.0,0.0,0.0,0.0,0.0,0.0,10.0,,tree cover
6061,125,1.0,1.0,0.0,0.0,0.0,0.0,0.0,0.0,0.0,0.0,0.0,10.0,,tree cover
6172,121,0.974,1.0,0.0,0.0,0.0,0.0,0.0,0.0,0.0,0.0,0.0,10.0,,tree cover
6283,121,0.974,1.0,0.0,0.0,0.0,0.0,0.0,0.0,0.0,0.0,0.0,10.0,,tree cover
6394,121,0.974,1.0,0.0,0.0,0.0,0.0,0.0,0.0,0.0,0.0,0.0,10.0,,tree cover
6505,121,0.974,1.0,0.0,0.0,0.0,0.0,0.0,0.0,0.0,0.0,0.0,10.0,,tree cover
6616,121,0.974,0.7686,0.0,0.0165,0.0,0.2149,0.0,0.0,0.0,0.0,0.0,10.0,,tree cover
6727,126,1.0,0.1349,0.0,0.5714,0.0,0.2937,0.0,0.0,0.0,0.0,0.0,30.0,,grassland
6838,127,1.0,0.0,0.0,0.8504,0.0,0.1496,0.0,0.0,0.0,0.0,0.0,30.0,,grassland
6949,117,0.942,0.0598,0.0,0.735,0.0,0.2051,0.0,0.0,0.0,0.0,0.0,30.0,,grassland
7060,110,0.886,0.5818,0.0,0.3,0.0,0.1182,0.0,0.0,0.0,0.0,0.0,10.0,,tree cover
7171,116,0.934,1.0,0.0,0.0,0.0,0.0,0.0,0.0,0.0,0.0,0.0,10.0,,tree cover
7393,121,0.974,1.0,0.0,0.0,0.0,0.0,0.0,0.0,0.0,0.0,0.0,10.0,,tree cover
7504,123,0.99,1.0,0.0,0.0,0.0,0.0,0.0,0.0,0.0,0.0,0.0,10.0,,tree cover
7615,130,1.0,1.0,0.0,0.0,0.0,0.0,0.0,0.0,0.0,0.0,0.0,10.0,,tree cover
7726,121,0.974,1.0,0.0,0.0,0.0,0.0,0.0,0.0,0.0,0.0,0.0,10.0,,tree cover
7837,121,0.974,1.0,0.0,0.0,0.0,0.0,0.0,0.0,0.0,0.0,0.0,10.0,,tree cover
7948,121,0.974,1.0,0.0,0.0,0.0,0.0,0.0,0.0,0.0,0.0,0.0,10.0,,tree cover
8059,121,0.974,1.0,0.0,0.0,0.0,0.0,0.0,0.0,0.0,0.0,0.0,10.0,,tree cover
8170,121,0.974,1.0,0.0,0.0,0.0,0.0,0.0,0.0,0.0,0.0,0.0,10.0,,tree cover
8281,111,0.894,1.0,0.0,0.0,0.0,0.0,0.0,0.0,0.0,0.0,0.0,10.0,,tree cover
8392,122,0.982,1.0,0.0,0.0,0.0,0.0,0.0,0.0,0.0,0.0,0.0,10.0,,tree cover
8503,121,0.974,1.0,0.0,0.0,0.0,0.0,0.0,0.0,0.0,0.0,0.0,10.0,,tree cover
8614,121,0.974,1.0,0.0,0.0,0.0,0.0,0.0,0.0,0.0,0.0,0.0,10.0,,tree cover
8725,121,0.974,1.0,0.0,0.0,0.0,0.0,0.0,0.0,0.0,0.0,0.0,10.0,,tree cover
8836,121,0.974,1.0,0.0,0.0,0.0,0.0,0.0,0.0,0.0,0.0,0.0,10.0,,tree cover
8947,121,0.974,1.0,0.0,0.0,0.0,0.0,0.0,0.0,0.0,0.0,0.0,10.0,,tree cover
9058,121,0.974,1.0,0.0,0.0,0.0,0.0,0.0,0.0,0.0,0.0,0.0,10.0,,tree cover
9169,132,1.0,1.0,0.0,0.0,0.0,0.0,0.0,0.0,0.0,0.0,0.0,10.0,,tree cover
9280,121,0.974,1.0,0.0,0.0,0.0,0.0,0.0,0.0,0.0,0.0,0.0,10.0,,tree cover
9391,121,0.974,1.0,0.0,0.0,0.0,0.0,0.0,0.0,0.0,0.0,0.0,10.0,,tree cover
9502,115,0.926,1.0,0.0,0.0,0.0,0.0,0.0,0.0,0.0,0.0,0.0,10.0,,tree cover
9613,110,0.886,1.0,0.0,0.0,0.0,0.0,0.0,0.0,0.0,0.0,0.0,10.0,,tree cover
9724,118,0.95,1.0,0.0,0.0,0.0,0.0,0.0,0.0,0.0,0.0,0.0,10.0,,tree cover
9835,121,0.974,1.0,0.0,0.0,0.0,0.0,0.0,0.0,0.0,0.0,0.0,10.0,,tree cover
9946,132,1.0,1.0,0.0,0.0,0.0,0.0,0.0,0.0,0.0,0.0,0.0,10.0,,tree cover
10057,121,0.974,1.0,0.0,0.0,0.0,0.0,0.0,0.0,0.0,0.0,0.0,10.0,,tree cover
10168,121,0.974,1.0,0.0,0.0,0.0,0.0,0.0,0.0,0.0,0.0,0.0,10.0,,tree cover
10279,121,0.974,1.0,0.0,0.0,0.0,0.0,0.0,0.0,0.0,0.0,0.0,10.0,,tree cover
10390,121,0.974,1.0,0.0,0.0,0.0,0.0,0.0,0.0,0.0,0.0,0.0,10.0,,tree cover
10501,121,0.974,1.0,0.0,0.0,0.0,0.0,0.0,0.0,0.0,0.0,0.0,10.0,,tree cover
10612,121,0.974,1.0,0.0,0.0,0.0,0.0,0.0,0.0,0.0,0.0,0.0,10.0,,tree cover
10723,131,1.0,1.0,0.0,0.0,0.0,0.0,0.0,0.0,0.0,0.0,0.0,10.0,,tree cover
10834,111,0.894,1.0,0.0,0.0,0.0,0.0,0.0,0.0,0.0,0.0,0.0,10.0,,tree cover
10945,112,0.902,1.0,0.0,0.0,0.0,0.0,0.0,0.0,0.0,0.0,0.0,10.0,,tree cover
11056,121,0.974,1.0,0.0,0.0,0.0,0.0,0.0,0.0,0.0,0.0,0.0,10.0,,tree cover
11167,121,0.974,0.8512,0.0,0.1488,0.0,0.0,0.0,0.0,0.0,0.0,0.0,10.0,,tree cover
11278,121,0.974,1.0,0.0,0.0,0.0,0.0,0.0,0.0,0.0,0.0,0.0,10.0,,tree cover
11389,121,0.974,1.0,0.0,0.0,0.0,0.0,0.0,0.0,0.0,0.0,0.0,10.0,,tree cover
11500,128,1.0,1.0,0.0,0.0,0.0,0.0,0.0,0.0,0.0,0.0,0.0,10.0,,tree cover
11611,125,1.0,1.0,0.0,0.0,0.0,0.0,0.0,0.0,0.0,0.0,0.0,10.0,,tree cover
11722,121,0.974,1.0,0.0,0.0,0.0,0.0,0.0,0.0,0.0,0.0,0.0,10.0,,tree cover
11833,121,0.974,1.0,0.0,0.0,0.0,0.0,0.0,0.0,0.0,0.0,0.0,10.0,,tree cover
11944,121,0.974,1.0,0.0,0.0,0.0,0.0,0.0,0.0,0.0,0.0,0.0,10.0,,tree cover
12055,117,0.942,1.0,0.0,0.0,0.0,0.0,0.0,0.0,0.0,0.0,0.0,10.0,,tree cover
12166,110,0.886,1.0,0.0,0.0,0.0,0.0,0.0,0.0,0.0,0.0,0.0,10.0,,tree cover
12277,121,0.974,0.9339,0.0,0.0,0.0,0.0661,0.0,0.0,0.0,0.0,0.0,10.0,,tree cover
12388,127,1.0,0.9764,0.0,0.0,0.0,0.0236,0.0,0.0,0.0,0.0,0.0,10.0,,tree cover
12499,121,0.974,1.0,0.0,0.0,0.0,0.0,0.0,0.0,0.0,0.0,0.0,10.0,,tree cover
12610,121,0.974,1.0,0.0,0.0,0.0,0.0,0.0,0.0,0.0,0.0,0.0,10.0,,tree cover
12721,121,0.974,1.0,0.0,0.0,0.0,0.0,0.0,0.0,0.0,0.0,0.0,10.0,,tree cover
12832,121,0.974,1.0,0.0,0.0,0.0,0.0,0.0,0.0,0.0,0.0,0.0,10.0,,tree cover
12943,121,0.974,1.0,0.0,0.0,0.0,0.0,0.0,0.0,0.0,0.0,0.0,10.0,,tree cover
13054,124,0.998,1.0,0.0,0.0,0.0,0.0,0.0,0.0,0.0,0.0,0.0,10.0,,tree cover
13165,129,1.0,1.0,0.0,0.0,0.0,0.0,0.0,0.0,0.0,0.0,0.0,10.0,,tree cover
13276,121,0.974,1.0,0.0,0.0,0.0,0.0,0.0,0.0,0.0,0.0,0.0,10.0,,tree cover
13387,113,0.91,1.0,0.0,0.0,0.0,0.0,0.0,0.0,0.0,0.0,0.0,10.0,,tree cover
13498,110,0.886,1.0,0.0,0.0,0.0,0.0,0.0,0.0,0.0,0.0,0.0,10.0,,tree cover
13609,120,0.966,1.0,0.0,0.0,0.0,0.0,0.0,0.0,0.0,0.0,0.0,10.0,,tree cover
13720,121,0.974,1.0,0.0,0.0,0.0,0.0,0.0,0.0,0.0,0.0,0.0,10.0,,tree cover
13831,121,0.974,1.0,0.0,0.0,0.0,0.0,0.0,0.0,0.0,0.0,0.0,10.0,,tree cover
13942,132,1.0,0.9773,0.0,0.0227,0.0,0.0,0.0,0.0,0.0,0.0,0.0,10.0,,tree cover
14053,121,0.974,1.0,0.0,0.0,0.0,0.0,0.0,0.0,0.0,0.0,0.0,10.0,,tree cover
14164,121,0.974,1.0,0.0,0.0,0.0,0.0,0.0,0.0,0.0,0.0,0.0,10.0,,tree cover
14275,121,0.974,1.0,0.0,0.0,0.0,0.0,0.0,0.0,0.0,0.0,0.0,10.0,,tree cover
14386,121,0.974,1.0,0.0,0.0,0.0,0.0,0.0,0.0,0.0,0.0,0.0,10.0,,tree cover
512,120,0.966,0.4667,0.0,0.0333,0.0,0.125,0.0833,0.2917,0.0,0.0,0.0,10.0,,tree cover
623,110,0.886,0.5818,0.0,0.0,0.0,0.4182,0.0,0.0,0.0,0.0,0.0,10.0,,tree cover
845,121,0.974,0.281,0.0,0.0,0.0165,0.7025,0.0,0.0,0.0,0.0,0.0,50.0,ground_built_up,built-up
1067,121,0.974,0.0661,0.0,0.0,0.0,0.9339,0.0,0.0,0.0,0.0,0.0,50.0,ground_built_up,built-up
1178,132,1.0,0.053,0.0,0.0,0.0,0.947,0.0,0.0,0.0,0.0,0.0,50.0,ground_built_up,built-up
1511,121,0.974,0.3636,0.0,0.2149,0.0,0.4215,0.0,0.0,0.0,0.0,0.0,50.0,,built-up
1622,121,0.974,0.4545,0.0,0.2975,0.0,0.2479,0.0,0.0,0.0,0.0,0.0,10.0,,tree cover
1844,111,0.894,0.0,0.0,0.0,0.0,1.0,0.0,0.0,0.0,0.0,0.0,50.0,ground_built_up,built-up
1955,123,0.99,0.2276,0.0,0.0,0.0,0.7317,0.0407,0.0,0.0,0.0,0.0,50.0,ground_built_up,built-up
2177,121,0.974,0.0248,0.0,0.0,0.0,0.9752,0.0,0.0,0.0,0.0,0.0,50.0,ground_built_up,built-up
2288,121,0.974,0.4298,0.0,0.2975,0.0,0.2727,0.0,0.0,0.0,0.0,0.0,10.0,,tree cover
2510,121,0.974,0.6198,0.0,0.0,0.0,0.3802,0.0,0.0,0.0,0.0,0.0,10.0,,tree cover
2732,132,1.0,0.7273,0.0,0.0,0.0,0.2727,0.0,0.0,0.0,0.0,0.0,10.0,,tree cover
2954,121,0.974,0.405,0.0,0.0,0.0,0.595,0.0,0.0,0.0,0.0,0.0,50.0,ground_built_up,built-up
3176,111,0.894,1.0,0.0,0.0,0.0,0.0,0.0,0.0,0.0,0.0,0.0,10.0,,tree cover
3287,121,0.974,1.0,0.0,0.0,0.0,0.0,0.0,0.0,0.0,0.0,0.0,10.0,,tree cover
3509,130,1.0,1.0,0.0,0.0,0.0,0.0,0.0,0.0,0.0,0.0,0.0,10.0,,tree cover
3620,123,0.99,1.0,0.0,0.0,0.0,0.0,0.0,0.0,0.0,0.0,0.0,10.0,,tree cover
3731,121,0.974,1.0,0.0,0.0,0.0,0.0,0.0,0.0,0.0,0.0,0.0,10.0,,tree cover
3842,121,0.974,1.0,0.0,0.0,0.0,0.0,0.0,0.0,0.0,0.0,0.0,10.0,,tree cover
3953,121,0.974,1.0,0.0,0.0,0.0,0.0,0.0,0.0,0.0,0.0,0.0,10.0,,tree cover
4064,121,0.974,1.0,0.0,0.0,0.0,0.0,0.0,0.0,0.0,0.0,0.0,10.0,,tree cover
4175,121,0.974,1.0,0.0,0.0,0.0,0.0,0.0,0.0,0.0,0.0,0.0,10.0,,tree cover
4286,120,0.966,0.9583,0.0,0.0,0.0,0.0417,0.0,0.0,0.0,0.0,0.0,10.0,,tree cover
4397,114,0.918,1.0,0.0,0.0,0.0,0.0,0.0,0.0,0.0,0.0,0.0,10.0,,tree cover
4508,120,0.966,0.975,0.0,0.025,0.0,0.0,0.0,0.0,0.0,0.0,0.0,10.0,,tree cover
4619,121,0.974,0.9091,0.0,0.0909,0.0,0.0,0.0,0.0,0.0,0.0,0.0,10.0,,tree cover
4730,121,0.974,1.0,0.0,0.0,0.0,0.0,0.0,0.0,0.0,0.0,0.0,10.0,,tree cover
4841,121,0.974,1.0,0.0,0.0,0.0,0.0,0.0,0.0,0.0,0.0,0.0,10.0,,tree cover
4952,121,0.974,1.0,0.0,0.0,0.0,0.0,0.0,0.0,0.0,0.0,0.0,10.0,,tree cover
5285,121,0.974,1.0,0.0,0.0,0.0,0.0,0.0,0.0,0.0,0.0,0.0,10.0,,tree cover
5396,121,0.974,0.876,0.0,0.0,0.0,0.124,0.0,0.0,0.0,0.0,0.0,10.0,,tree cover
5507,116,0.934,0.9914,0.0,0.0,0.0,0.0086,0.0,0.0,0.0,0.0,0.0,10.0,,tree cover
5618,110,0.886,1.0,0.0,0.0,0.0,0.0,0.0,0.0,0.0,0.0,0.0,10.0,,tree cover
5729,117,0.942,0.9915,0.0,0.0,0.0,0.0085,0.0,0.0,0.0,0.0,0.0,10.0,,tree cover
5840,122,0.982,1.0,0.0,0.0,0.0,0.0,0.0,0.0,0.0,0.0,0.0,10.0,,tree cover
5951,131,1.0,1.0,0.0,0.0,0.0,0.0,0.0,0.0,0.0,0.0,0.0,10.0,,tree cover
6062,121,0.974,1.0,0.0,0.0,0.0,0.0,0.0,0.0,0.0,0.0,0.0,10.0,,tree cover
6173,121,0.974,1.0,0.0,0.0,0.0,0.0,0.0,0.0,0.0,0.0,0.0,10.0,,tree cover
6284,121,0.974,1.0,0.0,0.0,0.0,0.0,0.0,0.0,0.0,0.0,0.0,10.0,,tree cover
6395,121,0.974,1.0,0.0,0.0,0.0,0.0,0.0,0.0,0.0,0.0,0.0,10.0,,tree cover
6506,121,0.974,1.0,0.0,0.0,0.0,0.0,0.0,0.0,0.0,0.0,0.0,10.0,,tree cover
6617,121,0.974,1.0,0.0,0.0,0.0,0.0,0.0,0.0,0.0,0.0,0.0,10.0,,tree cover
6728,130,1.0,0.6692,0.0,0.0769,0.0,0.2538,0.0,0.0,0.0,0.0,0.0,10.0,,tree cover
6839,110,0.886,0.5636,0.0,0.1091,0.0,0.3273,0.0,0.0,0.0,0.0,0.0,10.0,,tree cover
6950,114,0.918,0.7632,0.0,0.0614,0.0,0.1754,0.0,0.0,0.0,0.0,0.0,10.0,,tree cover
7061,121,0.974,0.9504,0.0,0.0,0.0,0.0496,0.0,0.0,0.0,0.0,0.0,10.0,,tree cover
7172,121,0.974,1.0,0.0,0.0,0.0,0.0,0.0,0.0,0.0,0.0,0.0,10.0,,tree cover
7283,121,0.974,1.0,0.0,0.0,0.0,0.0,0.0,0.0,0.0,0.0,0.0,10.0,,tree cover
7394,121,0.974,1.0,0.0,0.0,0.0,0.0,0.0,0.0,0.0,0.0,0.0,10.0,,tree cover
7505,132,1.0,1.0,0.0,0.0,0.0,0.0,0.0,0.0,0.0,0.0,0.0,10.0,,tree cover
7616,121,0.974,1.0,0.0,0.0,0.0,0.0,0.0,0.0,0.0,0.0,0.0,10.0,,tree cover
7727,121,0.974,1.0,0.0,0.0,0.0,0.0,0.0,0.0,0.0,0.0,0.0,10.0,,tree cover
7838,121,0.974,1.0,0.0,0.0,0.0,0.0,0.0,0.0,0.0,0.0,0.0,10.0,,tree cover
7949,121,0.974,1.0,0.0,0.0,0.0,0.0,0.0,0.0,0.0,0.0,0.0,10.0,,tree cover
8060,113,0.91,1.0,0.0,0.0,0.0,0.0,0.0,0.0,0.0,0.0,0.0,10.0,,tree cover
8171,110,0.886,1.0,0.0,0.0,0.0,0.0,0.0,0.0,0.0,0.0,0.0,10.0,,tree cover
8282,130,1.0,1.0,0.0,0.0,0.0,0.0,0.0,0.0,0.0,0.0,0.0,10.0,,tree cover
8393,122,0.982,1.0,0.0,0.0,0.0,0.0,0.0,0.0,0.0,0.0,0.0,10.0,,tree cover
8504,121,0.974,1.0,0.0,0.0,0.0,0.0,0.0,0.0,0.0,0.0,0.0,10.0,,tree cover
8615,121,0.974,1.0,0.0,0.0,0.0,0.0,0.0,0.0,0.0,0.0,0.0,10.0,,tree cover
8726,121,0.974,1.0,0.0,0.0,0.0,0.0,0.0,0.0,0.0,0.0,0.0,10.0,,tree cover
8837,121,0.974,1.0,0.0,0.0,0.0,0.0,0.0,0.0,0.0,0.0,0.0,10.0,,tree cover
8948,121,0.974,1.0,0.0,0.0,0.0,0.0,0.0,0.0,0.0,0.0,0.0,10.0,,tree cover
9059,129,1.0,1.0,0.0,0.0,0.0,0.0,0.0,0.0,0.0,0.0,0.0,10.0,,tree cover
9170,124,0.998,1.0,0.0,0.0,0.0,0.0,0.0,0.0,0.0,0.0,0.0,10.0,,tree cover
9281,118,0.95,1.0,0.0,0.0,0.0,0.0,0.0,0.0,0.0,0.0,0.0,10.0,,tree cover
9392,110,0.886,0.9545,0.0,0.0455,0.0,0.0,0.0,0.0,0.0,0.0,0.0,10.0,,tree cover
9503,116,0.934,0.9655,0.0,0.0345,0.0,0.0,0.0,0.0,0.0,0.0,0.0,10.0,,tree cover
9725,121,0.974,1.0,0.0,0.0,0.0,0.0,0.0,0.0,0.0,0.0,0.0,10.0,,tree cover
9836,127,1.0,1.0,0.0,0.0,0.0,0.0,0.0,0.0,0.0,0.0,0.0,10.0,,tree cover
9947,126,1.0,1.0,0.0,0.0,0.0,0.0,0.0,0.0,0.0,0.0,0.0,10.0,,tree cover
10058,121,0.974,1.0,0.0,0.0,0.0,0.0,0.0,0.0,0.0,0.0,0.0,10.0,,tree cover
10169,121,0.974,1.0,0.0,0.0,0.0,0.0,0.0,0.0,0.0,0.0,0.0,10.0,,tree cover
10280,121,0.974,1.0,0.0,0.0,0.0,0.0,0.0,0.0,0.0,0.0,0.0,10.0,,tree cover
10391,121,0.974,0.9587,0.0,0.0413,0.0,0.0,0.0,0.0,0.0,0.0,0.0,10.0,,tree cover
10502,121,0.974,1.0,0.0,0.0,0.0,0.0,0.0,0.0,0.0,0.0,0.0,10.0,,tree cover
10613,116,0.934,1.0,0.0,0.0,0.0,0.0,0.0,0.0,0.0,0.0,0.0,10.0,,tree cover
10724,117,0.942,1.0,0.0,0.0,0.0,0.0,0.0,0.0,0.0,0.0,0.0,10.0,,tree cover
10835,121,0.974,1.0,0.0,0.0,0.0,0.0,0.0,0.0,0.0,0.0,0.0,10.0,,tree cover
10946,121,0.974,1.0,0.0,0.0,0.0,0.0,0.0,0.0,0.0,0.0,0.0,10.0,,tree cover
11057,121,0.974,1.0,0.0,0.0,0.0,0.0,0.0,0.0,0.0,0.0,0.0,10.0,,tree cover
11168,121,0.974,1.0,0.0,0.0,0.0,0.0,0.0,0.0,0.0,0.0,0.0,10.0,,tree cover
11279,121,0.974,1.0,0.0,0.0,0.0,0.0,0.0,0.0,0.0,0.0,0.0,10.0,,tree cover
11390,122,0.982,0.959,0.0,0.0082,0.0328,0.0,0.0,0.0,0.0,0.0,0.0,10.0,,tree cover
11501,131,1.0,1.0,0.0,0.0,0.0,0.0,0.0,0.0,0.0,0.0,0.0,10.0,,tree cover
11612,121,0.974,1.0,0.0,0.0,0.0,0.0,0.0,0.0,0.0,0.0,0.0,10.0,,tree cover
11723,121,0.974,1.0,0.0,0.0,0.0,0.0,0.0,0.0,0.0,0.0,0.0,10.0,,tree cover
11834,119,0.958,1.0,0.0,0.0,0.0,0.0,0.0,0.0,0.0,0.0,0.0,10.0,,tree cover
11945,110,0.886,1.0,0.0,0.0,0.0,0.0,0.0,0.0,0.0,0.0,0.0,10.0,,tree cover
12056,114,0.918,1.0,0.0,0.0,0.0,0.0,0.0,0.0,0.0,0.0,0.0,10.0,,tree cover
12167,121,0.974,1.0,0.0,0.0,0.0,0.0,0.0,0.0,0.0,0.0,0.0,10.0,,tree cover
12278,132,1.0,0.8106,0.0,0.0,0.0,0.1894,0.0,0.0,0.0,0.0,0.0,10.0,,tree cover
12389,121,0.974,1.0,0.0,0.0,0.0,0.0,0.0,0.0,0.0,0.0,0.0,10.0,,tree cover
12500,121,0.974,1.0,0.0,0.0,0.0,0.0,0.0,0.0,0.0,0.0,0.0,10.0,,tree cover
12611,121,0.974,1.0,0.0,0.0,0.0,0.0,0.0,0.0,0.0,0.0,0.0,10.0,,tree cover
12722,121,0.974,1.0,0.0,0.0,0.0,0.0,0.0,0.0,0.0,0.0,0.0,10.0,,tree cover
12833,121,0.974,1.0,0.0,0.0,0.0,0.0,0.0,0.0,0.0,0.0,0.0,10.0,,tree cover
12944,121,0.974,1.0,0.0,0.0,0.0,0.0,0.0,0.0,0.0,0.0,0.0,10.0,,tree cover
13055,132,1.0,0.9621,0.0,0.0379,0.0,0.0,0.0,0.0,0.0,0.0,0.0,10.0,,tree cover
13166,115,0.926,1.0,0.0,0.0,0.0,0.0,0.0,0.0,0.0,0.0,0.0,10.0,,tree cover
13277,110,0.886,1.0,0.0,0.0,0.0,0.0,0.0,0.0,0.0,0.0,0.0,10.0,,tree cover
13388,118,0.95,1.0,0.0,0.0,0.0,0.0,0.0,0.0,0.0,0.0,0.0,10.0,,tree cover
13499,121,0.974,1.0,0.0,0.0,0.0,0.0,0.0,0.0,0.0,0.0,0.0,10.0,,tree cover
13610,121,0.974,1.0,0.0,0.0,0.0,0.0,0.0,0.0,0.0,0.0,0.0,10.0,,tree cover
13721,121,0.974,1.0,0.0,0.0,0.0,0.0,0.0,0.0,0.0,0.0,0.0,10.0,,tree cover
13832,132,1.0,1.0,0.0,0.0,0.0,0.0,0.0,0.0,0.0,0.0,0.0,10.0,,tree cover
13943,121,0.974,0.6694,0.0,0.3306,0.0,0.0,0.0,0.0,0.0,0.0,0.0,10.0,,tree cover
14054,121,0.974,1.0,0.0,0.0,0.0,0.0,0.0,0.0,0.0,0.0,0.0,10.0,,tree cover
14165,121,0.974,1.0,0.0,0.0,0.0,0.0,0.0,0.0,0.0,0.0,0.0,10.0,,tree cover
14276,121,0.974,1.0,0.0,0.0,0.0,0.0,0.0,0.0,0.0,0.0,0.0,10.0,,tree cover
14387,121,0.974,1.0,0.0,0.0,0.0,0.0,0.0,0.0,0.0,0.0,0.0,10.0,,tree cover
513,111,0.894,0.3153,0.0,0.0,0.0,0.6847,0.0,0.0,0.0,0.0,0.0,50.0,ground_built_up,built-up
735,121,0.974,0.0744,0.0,0.0,0.0,0.9256,0.0,0.0,0.0,0.0,0.0,50.0,ground_built_up,built-up
846,121,0.974,0.0331,0.0,0.0,0.0,0.9669,0.0,0.0,0.0,0.0,0.0,50.0,ground_built_up,built-up
1290,121,0.974,0.405,0.0,0.0331,0.0,0.562,0.0,0.0,0.0,0.0,0.0,50.0,ground_built_up,built-up
1401,121,0.974,0.0165,0.0,0.0,0.0,0.9835,0.0,0.0,0.0,0.0,0.0,50.0,ground_built_up,built-up
2067,121,0.974,0.5785,0.0,0.0,0.0,0.4215,0.0,0.0,0.0,0.0,0.0,10.0,,tree cover
2289,121,0.974,0.2314,0.0,0.0,0.0,0.7686,0.0,0.0,0.0,0.0,0.0,50.0,ground_built_up,built-up
2400,121,0.974,0.4959,0.0,0.0,0.0,0.5041,0.0,0.0,0.0,0.0,0.0,50.0,ground_built_up,built-up
2511,121,0.974,0.5455,0.0,0.0,0.0,0.4545,0.0,0.0,0.0,0.0,0.0,10.0,,tree cover
2622,127,1.0,0.7717,0.0,0.0,0.0,0.2283,0.0,0.0,0.0,0.0,0.0,10.0,,tree cover
2955,110,0.886,0.2545,0.0,0.0,0.0,0.7455,0.0,0.0,0.0,0.0,0.0,50.0,ground_built_up,built-up
3066,119,0.958,0.4958,0.0,0.0,0.0,0.5042,0.0,0.0,0.0,0.0,0.0,50.0,ground_built_up,built-up
3288,121,0.974,0.9752,0.0,0.0,0.0,0.0248,0.0,0.0,0.0,0.0,0.0,10.0,,tree cover
3399,124,0.998,1.0,0.0,0.0,0.0,0.0,0.0,0.0,0.0,0.0,0.0,10.0,,tree cover
3510,129,1.0,0.9922,0.0,0.0,0.0078,0.0,0.0,0.0,0.0,0.0,0.0,10.0,,tree cover
3621,121,0.974,0.9339,0.0,0.0413,0.0248,0.0,0.0,0.0,0.0,0.0,0.0,10.0,,tree cover
3732,121,0.974,0.3967,0.0,0.6033,0.0,0.0,0.0,0.0,0.0,0.0,0.0,30.0,,grassland
3843,121,0.974,0.8843,0.0,0.1157,0.0,0.0,0.0,0.0,0.0,0.0,0.0,10.0,,tree cover
3954,121,0.974,1.0,0.0,0.0,0.0,0.0,0.0,0.0,0.0,0.0,0.0,10.0,,tree cover
4065,117,0.942,1.0,0.0,0.0,0.0,0.0,0.0,0.0,0.0,0.0,0.0,10.0,,tree cover
4176,110,0.886,1.0,0.0,0.0,0.0,0.0,0.0,0.0,0.0,0.0,0.0,10.0,,tree cover
4287,128,1.0,1.0,0.0,0.0,0.0,0.0,0.0,0.0,0.0,0.0,0.0,10.0,,tree cover
4398,121,0.974,1.0,0.0,0.0,0.0,0.0,0.0,0.0,0.0,0.0,0.0,10.0,,tree cover
4509,121,0.974,1.0,0.0,0.0,0.0,0.0,0.0,0.0,0.0,0.0,0.0,10.0,,tree cover
4620,121,0.974,0.9504,0.0,0.0496,0.0,0.0,0.0,0.0,0.0,0.0,0.0,10.0,,tree cover
4731,121,0.974,1.0,0.0,0.0,0.0,0.0,0.0,0.0,0.0,0.0,0.0,10.0,,tree cover
4842,121,0.974,1.0,0.0,0.0,0.0,0.0,0.0,0.0,0.0,0.0,0.0,10.0,,tree cover
4953,121,0.974,1.0,0.0,0.0,0.0,0.0,0.0,0.0,0.0,0.0,0.0,10.0,,tree cover
5064,132,1.0,0.803,0.0,0.0,0.0,0.197,0.0,0.0,0.0,0.0,0.0,10.0,,tree cover
5175,121,0.974,0.6364,0.0,0.0,0.0,0.3636,0.0,0.0,0.0,0.0,0.0,10.0,,tree cover
5286,119,0.958,0.7311,0.0,0.0,0.0,0.2689,0.0,0.0,0.0,0.0,0.0,10.0,,tree cover
5397,110,0.886,0.9818,0.0,0.0,0.0,0.0182,0.0,0.0,0.0,0.0,0.0,10.0,,tree cover
5508,115,0.926,0.9739,0.0,0.0,0.0,0.0261,0.0,0.0,0.0,0.0,0.0,10.0,,tree cover
5841,132,1.0,1.0,0.0,0.0,0.0,0.0,0.0,0.0,0.0,0.0,0.0,10.0,,tree cover
5952,121,0.974,1.0,0.0,0.0,0.0,0.0,0.0,0.0,0.0,0.0,0.0,10.0,,tree cover
6063,121,0.974,1.0,0.0,0.0,0.0,0.0,0.0,0.0,0.0,0.0,0.0,10.0,,tree cover
6174,121,0.974,1.0,0.0,0.0,0.0,0.0,0.0,0.0,0.0,0.0,0.0,10.0,,tree cover
6285,121,0.974,1.0,0.0,0.0,0.0,0.0,0.0,0.0,0.0,0.0,0.0,10.0,,tree cover
6396,121,0.974,1.0,0.0,0.0,0.0,0.0,0.0,0.0,0.0,0.0,0.0,10.0,,tree cover
6507,121,0.974,0.9835,0.0,0.0,0.0,0.0165,0.0,0.0,0.0,0.0,0.0,10.0,,tree cover
6618,121,0.974,0.8347,0.0,0.0,0.0,0.1653,0.0,0.0,0.0,0.0,0.0,10.0,,tree cover
6729,113,0.91,0.5575,0.0,0.0531,0.0,0.3894,0.0,0.0,0.0,0.0,0.0,10.0,,tree cover
6840,121,0.974,0.6446,0.0,0.0,0.0,0.3554,0.0,0.0,0.0,0.0,0.0,10.0,,tree cover
6951,121,0.974,0.7603,0.0,0.0,0.0,0.2397,0.0,0.0,0.0,0.0,0.0,10.0,,tree cover
7062,121,0.974,0.8843,0.0,0.0,0.0,0.1157,0.0,0.0,0.0,0.0,0.0,10.0,,tree cover
7173,121,0.974,1.0,0.0,0.0,0.0,0.0,0.0,0.0,0.0,0.0,0.0,10.0,,tree cover
7284,121,0.974,1.0,0.0,0.0,0.0,0.0,0.0,0.0,0.0,0.0,0.0,10.0,,tree cover
7395,128,1.0,1.0,0.0,0.0,0.0,0.0,0.0,0.0,0.0,0.0,0.0,10.0,,tree cover
7506,125,1.0,1.0,0.0,0.0,0.0,0.0,0.0,0.0,0.0,0.0,0.0,10.0,,tree cover
7617,121,0.974,1.0,0.0,0.0,0.0,0.0,0.0,0.0,0.0,0.0,0.0,10.0,,tree cover
7728,121,0.974,1.0,0.0,0.0,0.0,0.0,0.0,0.0,0.0,0.0,0.0,10.0,,tree cover
7839,115,0.926,1.0,0.0,0.0,0.0,0.0,0.0,0.0,0.0,0.0,0.0,10.0,,tree cover
7950,110,0.886,1.0,0.0,0.0,0.0,0.0,0.0,0.0,0.0,0.0,0.0,10.0,,tree cover
8061,118,0.95,1.0,0.0,0.0,0.0,0.0,0.0,0.0,0.0,0.0,0.0,10.0,,tree cover
8172,125,1.0,1.0,0.0,0.0,0.0,0.0,0.0,0.0,0.0,0.0,0.0,10.0,,tree cover
8283,128,1.0,1.0,0.0,0.0,0.0,0.0,0.0,0.0,0.0,0.0,0.0,10.0,,tree cover
8394,121,0.974,1.0,0.0,0.0,0.0,0.0,0.0,0.0,0.0,0.0,0.0,10.0,,tree cover
8505,121,0.974,1.0,0.0,0.0,0.0,0.0,0.0,0.0,0.0,0.0,0.0,10.0,,tree cover
8727,121,0.974,1.0,0.0,0.0,0.0,0.0,0.0,0.0,0.0,0.0,0.0,10.0,,tree cover
8838,121,0.974,1.0,0.0,0.0,0.0,0.0,0.0,0.0,0.0,0.0,0.0,10.0,,tree cover
8949,123,0.99,1.0,0.0,0.0,0.0,0.0,0.0,0.0,0.0,0.0,0.0,10.0,,tree cover
9060,129,1.0,1.0,0.0,0.0,0.0,0.0,0.0,0.0,0.0,0.0,0.0,10.0,,tree cover
9171,110,0.886,1.0,0.0,0.0,0.0,0.0,0.0,0.0,0.0,0.0,0.0,10.0,,tree cover
9282,113,0.91,1.0,0.0,0.0,0.0,0.0,0.0,0.0,0.0,0.0,0.0,10.0,,tree cover
9393,121,0.974,0.9339,0.0,0.0661,0.0,0.0,0.0,0.0,0.0,0.0,0.0,10.0,,tree cover
9504,121,0.974,0.9587,0.0,0.0413,0.0,0.0,0.0,0.0,0.0,0.0,0.0,10.0,,tree cover
9615,121,0.974,1.0,0.0,0.0,0.0,0.0,0.0,0.0,0.0,0.0,0.0,10.0,,tree cover
9726,121,0.974,1.0,0.0,0.0,0.0,0.0,0.0,0.0,0.0,0.0,0.0,10.0,,tree cover
9837,132,1.0,1.0,0.0,0.0,0.0,0.0,0.0,0.0,0.0,0.0,0.0,10.0,,tree cover
9948,121,0.974,1.0,0.0,0.0,0.0,0.0,0.0,0.0,0.0,0.0,0.0,10.0,,tree cover
10059,121,0.974,1.0,0.0,0.0,0.0,0.0,0.0,0.0,0.0,0.0,0.0,10.0,,tree cover
10170,121,0.974,1.0,0.0,0.0,0.0,0.0,0.0,0.0,0.0,0.0,0.0,10.0,,tree cover
10281,121,0.974,1.0,0.0,0.0,0.0,0.0,0.0,0.0,0.0,0.0,0.0,10.0,,tree cover
10392,115,0.926,1.0,0.0,0.0,0.0,0.0,0.0,0.0,0.0,0.0,0.0,10.0,,tree cover
10503,110,0.886,1.0,0.0,0.0,0.0,0.0,0.0,0.0,0.0,0.0,0.0,10.0,,tree cover
10614,129,1.0,1.0,0.0,0.0,0.0,0.0,0.0,0.0,0.0,0.0,0.0,10.0,,tree cover
10725,121,0.974,1.0,0.0,0.0,0.0,0.0,0.0,0.0,0.0,0.0,0.0,10.0,,tree cover
10836,121,0.974,1.0,0.0,0.0,0.0,0.0,0.0,0.0,0.0,0.0,0.0,10.0,,tree cover
10947,121,0.974,1.0,0.0,0.0,0.0,0.0,0.0,0.0,0.0,0.0,0.0,10.0,,tree cover
11058,121,0.974,1.0,0.0,0.0,0.0,0.0,0.0,0.0,0.0,0.0,0.0,10.0,,tree cover
11169,121,0.974,1.0,0.0,0.0,0.0,0.0,0.0,0.0,0.0,0.0,0.0,10.0,,tree cover
11280,121,0.974,1.0,0.0,0.0,0.0,0.0,0.0,0.0,0.0,0.0,0.0,10.0,,tree cover
11391,132,1.0,0.7652,0.0,0.0,0.2348,0.0,0.0,0.0,0.0,0.0,0.0,10.0,,tree cover
11502,121,0.974,1.0,0.0,0.0,0.0,0.0,0.0,0.0,0.0,0.0,0.0,10.0,,tree cover
11613,121,0.974,0.9752,0.0,0.0248,0.0,0.0,0.0,0.0,0.0,0.0,0.0,10.0,,tree cover
11724,110,0.886,1.0,0.0,0.0,0.0,0.0,0.0,0.0,0.0,0.0,0.0,10.0,,tree cover
11835,112,0.902,1.0,0.0,0.0,0.0,0.0,0.0,0.0,0.0,0.0,0.0,10.0,,tree cover
11946,121,0.974,1.0,0.0,0.0,0.0,0.0,0.0,0.0,0.0,0.0,0.0,10.0,,tree cover
12057,121,0.974,1.0,0.0,0.0,0.0,0.0,0.0,0.0,0.0,0.0,0.0,10.0,,tree cover
12168,130,1.0,0.9615,0.0,0.0,0.0,0.0385,0.0,0.0,0.0,0.0,0.0,10.0,,tree cover
12279,123,0.99,1.0,0.0,0.0,0.0,0.0,0.0,0.0,0.0,0.0,0.0,10.0,,tree cover
12390,121,0.974,1.0,0.0,0.0,0.0,0.0,0.0,0.0,0.0,0.0,0.0,10.0,,tree cover
12501,121,0.974,1.0,0.0,0.0,0.0,0.0,0.0,0.0,0.0,0.0,0.0,10.0,,tree cover
12612,121,0.974,1.0,0.0,0.0,0.0,0.0,0.0,0.0,0.0,0.0,0.0,10.0,,tree cover
12723,121,0.974,1.0,0.0,0.0,0.0,0.0,0.0,0.0,0.0,0.0,0.0,10.0,,tree cover
12834,121,0.974,1.0,0.0,0.0,0.0,0.0,0.0,0.0,0.0,0.0,0.0,10.0,,tree cover
12945,124,0.998,1.0,0.0,0.0,0.0,0.0,0.0,0.0,0.0,0.0,0.0,10.0,,tree cover
13056,113,0.91,0.7788,0.0,0.2124,0.0,0.0,0.0,0.0088,0.0,0.0,0.0,10.0,,tree cover
13167,116,0.934,1.0,0.0,0.0,0.0,0.0,0.0,0.0,0.0,0.0,0.0,10.0,,tree cover
13278,121,0.974,1.0,0.0,0.0,0.0,0.0,0.0,0.0,0.0,0.0,0.0,10.0,,tree cover
13389,121,0.974,1.0,0.0,0.0,0.0,0.0,0.0,0.0,0.0,0.0,0.0,10.0,,tree cover
13500,121,0.974,1.0,0.0,0.0,0.0,0.0,0.0,0.0,0.0,0.0,0.0,10.0,,tree cover
13611,121,0.974,1.0,0.0,0.0,0.0,0.0,0.0,0.0,0.0,0.0,0.0,10.0,,tree cover
13722,126,1.0,1.0,0.0,0.0,0.0,0.0,0.0,0.0,0.0,0.0,0.0,10.0,,tree cover
13833,127,1.0,1.0,0.0,0.0,0.0,0.0,0.0,0.0,0.0,0.0,0.0,10.0,,tree cover
13944,121,0.974,0.9174,0.0,0.0826,0.0,0.0,0.0,0.0,0.0,0.0,0.0,10.0,,tree cover
14055,121,0.974,1.0,0.0,0.0,0.0,0.0,0.0,0.0,0.0,0.0,0.0,10.0,,tree cover
14166,121,0.974,1.0,0.0,0.0,0.0,0.0,0.0,0.0,0.0,0.0,0.0,10.0,,tree cover
14277,114,0.918,1.0,0.0,0.0,0.0,0.0,0.0,0.0,0.0,0.0,0.0,10.0,,tree cover
14388,110,0.886,1.0,0.0,0.0,0.0,0.0,0.0,0.0,0.0,0.0,0.0,10.0,,tree cover
403,119,0.958,0.4958,0.0,0.0,0.0,0.3697,0.0,0.1345,0.0,0.0,0.0,10.0,,tree cover
847,121,0.974,0.0083,0.0,0.0083,0.0,0.9835,0.0,0.0,0.0,0.0,0.0,50.0,ground_built_up,built-up
1402,116,0.934,0.0,0.0,0.0,0.0,1.0,0.0,0.0,0.0,0.0,0.0,50.0,ground_built_up,built-up
1957,121,0.974,0.2149,0.0,0.0,0.4793,0.3058,0.0,0.0,0.0,0.0,0.0,40.0,,cropland
2179,121,0.974,0.686,0.0,0.1818,0.0,0.1322,0.0,0.0,0.0,0.0,0.0,10.0,,tree cover
2290,121,0.974,0.3884,0.0,0.0,0.0,0.6116,0.0,0.0,0.0,0.0,0.0,50.0,ground_built_up,built-up
2401,121,0.974,0.5207,0.0,0.0,0.0,0.4793,0.0,0.0,0.0,0.0,0.0,10.0,,tree cover
2512,122,0.982,0.6803,0.0,0.0,0.0,0.3197,0.0,0.0,0.0,0.0,0.0,10.0,,tree cover
2623,127,1.0,0.4331,0.0,0.0,0.0,0.5669,0.0,0.0,0.0,0.0,0.0,50.0,ground_built_up,built-up
2845,117,0.942,0.1111,0.0,0.0,0.0,0.8889,0.0,0.0,0.0,0.0,0.0,50.0,ground_built_up,built-up
3067,121,0.974,0.3719,0.0,0.0,0.0,0.6281,0.0,0.0,0.0,0.0,0.0,50.0,ground_built_up,built-up
3178,121,0.974,0.0992,0.0,0.0,0.0,0.9008,0.0,0.0,0.0,0.0,0.0,50.0,ground_built_up,built-up
3289,121,0.974,0.6033,0.0,0.0,0.0,0.3967,0.0,0.0,0.0,0.0,0.0,10.0,,tree cover
3400,132,1.0,0.9848,0.0,0.0,0.0,0.0152,0.0,0.0,0.0,0.0,0.0,10.0,,tree cover
3511,121,0.974,1.0,0.0,0.0,0.0,0.0,0.0,0.0,0.0,0.0,0.0,10.0,,tree cover
3622,121,0.974,1.0,0.0,0.0,0.0,0.0,0.0,0.0,0.0,0.0,0.0,10.0,,tree cover
3733,121,0.974,0.8926,0.0,0.1074,0.0,0.0,0.0,0.0,0.0,0.0,0.0,10.0,,tree cover
3844,119,0.958,0.9496,0.0,0.0504,0.0,0.0,0.0,0.0,0.0,0.0,0.0,10.0,,tree cover
3955,110,0.886,1.0,0.0,0.0,0.0,0.0,0.0,0.0,0.0,0.0,0.0,10.0,,tree cover
4066,114,0.918,1.0,0.0,0.0,0.0,0.0,0.0,0.0,0.0,0.0,0.0,10.0,,tree cover
4177,132,1.0,1.0,0.0,0.0,0.0,0.0,0.0,0.0,0.0,0.0,0.0,10.0,,tree cover
4288,121,0.974,1.0,0.0,0.0,0.0,0.0,0.0,0.0,0.0,0.0,0.0,10.0,,tree cover
4399,121,0.974,1.0,0.0,0.0,0.0,0.0,0.0,0.0,0.0,0.0,0.0,10.0,,tree cover
4510,121,0.974,1.0,0.0,0.0,0.0,0.0,0.0,0.0,0.0,0.0,0.0,10.0,,tree cover
4621,121,0.974,1.0,0.0,0.0,0.0,0.0,0.0,0.0,0.0,0.0,0.0,10.0,,tree cover
4732,121,0.974,1.0,0.0,0.0,0.0,0.0,0.0,0.0,0.0,0.0,0.0,10.0,,tree cover
4843,121,0.974,1.0,0.0,0.0,0.0,0.0,0.0,0.0,0.0,0.0,0.0,10.0,,tree cover
4954,130,1.0,0.9615,0.0,0.0,0.0,0.0385,0.0,0.0,0.0,0.0,0.0,10.0,,tree cover
5065,123,0.99,0.7561,0.0,0.0,0.0,0.2439,0.0,0.0,0.0,0.0,0.0,10.0,,tree cover
5176,111,0.894,1.0,0.0,0.0,0.0,0.0,0.0,0.0,0.0,0.0,0.0,10.0,,tree cover
5287,112,0.902,0.9732,0.0,0.0,0.0,0.0268,0.0,0.0,0.0,0.0,0.0,10.0,,tree cover
5509,121,0.974,0.9091,0.0,0.0,0.0,0.0909,0.0,0.0,0.0,0.0,0.0,10.0,,tree cover
5620,121,0.974,0.8678,0.0,0.0,0.0,0.1322,0.0,0.0,0.0,0.0,0.0,10.0,,tree cover
5731,127,1.0,0.9921,0.0,0.0,0.0,0.0079,0.0,0.0,0.0,0.0,0.0,10.0,,tree cover
5953,121,0.974,0.8264,0.0,0.0,0.0,0.1736,0.0,0.0,0.0,0.0,0.0,10.0,,tree cover
6064,121,0.974,0.8595,0.0,0.0165,0.0,0.124,0.0,0.0,0.0,0.0,0.0,10.0,,tree cover
6175,121,0.974,1.0,0.0,0.0,0.0,0.0,0.0,0.0,0.0,0.0,0.0,10.0,,tree cover
6286,121,0.974,1.0,0.0,0.0,0.0,0.0,0.0,0.0,0.0,0.0,0.0,10.0,,tree cover
6397,114,0.918,0.7018,0.0,0.1053,0.0,0.193,0.0,0.0,0.0,0.0,0.0,10.0,,tree cover
6619,127,1.0,0.9291,0.0,0.0079,0.0,0.063,0.0,0.0,0.0,0.0,0.0,10.0,,tree cover
6730,121,0.974,1.0,0.0,0.0,0.0,0.0,0.0,0.0,0.0,0.0,0.0,10.0,,tree cover
6841,121,0.974,1.0,0.0,0.0,0.0,0.0,0.0,0.0,0.0,0.0,0.0,10.0,,tree cover
6952,121,0.974,1.0,0.0,0.0,0.0,0.0,0.0,0.0,0.0,0.0,0.0,10.0,,tree cover
7063,121,0.974,1.0,0.0,0.0,0.0,0.0,0.0,0.0,0.0,0.0,0.0,10.0,,tree cover
7174,121,0.974,1.0,0.0,0.0,0.0,0.0,0.0,0.0,0.0,0.0,0.0,10.0,,tree cover
7285,122,0.982,1.0,0.0,0.0,0.0,0.0,0.0,0.0,0.0,0.0,0.0,10.0,,tree cover
7396,131,1.0,1.0,0.0,0.0,0.0,0.0,0.0,0.0,0.0,0.0,0.0,10.0,,tree cover
7507,121,0.974,1.0,0.0,0.0,0.0,0.0,0.0,0.0,0.0,0.0,0.0,10.0,,tree cover
7618,118,0.95,1.0,0.0,0.0,0.0,0.0,0.0,0.0,0.0,0.0,0.0,10.0,,tree cover
7729,110,0.886,1.0,0.0,0.0,0.0,0.0,0.0,0.0,0.0,0.0,0.0,10.0,,tree cover
7840,116,0.934,1.0,0.0,0.0,0.0,0.0,0.0,0.0,0.0,0.0,0.0,10.0,,tree cover
7951,121,0.974,1.0,0.0,0.0,0.0,0.0,0.0,0.0,0.0,0.0,0.0,10.0,,tree cover
8062,121,0.974,1.0,0.0,0.0,0.0,0.0,0.0,0.0,0.0,0.0,0.0,10.0,,tree cover
8173,132,1.0,1.0,0.0,0.0,0.0,0.0,0.0,0.0,0.0,0.0,0.0,10.0,,tree cover
8284,121,0.974,1.0,0.0,0.0,0.0,0.0,0.0,0.0,0.0,0.0,0.0,10.0,,tree cover
8395,121,0.974,1.0,0.0,0.0,0.0,0.0,0.0,0.0,0.0,0.0,0.0,10.0,,tree cover
8506,121,0.974,1.0,0.0,0.0,0.0,0.0,0.0,0.0,0.0,0.0,0.0,10.0,,tree cover
8617,121,0.974,1.0,0.0,0.0,0.0,0.0,0.0,0.0,0.0,0.0,0.0,10.0,,tree cover
8728,121,0.974,1.0,0.0,0.0,0.0,0.0,0.0,0.0,0.0,0.0,0.0,10.0,,tree cover
8839,121,0.974,1.0,0.0,0.0,0.0,0.0,0.0,0.0,0.0,0.0,0.0,10.0,,tree cover
8950,122,0.982,1.0,0.0,0.0,0.0,0.0,0.0,0.0,0.0,0.0,0.0,10.0,,tree cover
9061,111,0.894,1.0,0.0,0.0,0.0,0.0,0.0,0.0,0.0,0.0,0.0,10.0,,tree cover
9283,121,0.974,1.0,0.0,0.0,0.0,0.0,0.0,0.0,0.0,0.0,0.0,10.0,,tree cover
9394,121,0.974,1.0,0.0,0.0,0.0,0.0,0.0,0.0,0.0,0.0,0.0,10.0,,tree cover
9505,121,0.974,1.0,0.0,0.0,0.0,0.0,0.0,0.0,0.0,0.0,0.0,10.0,,tree cover
9616,121,0.974,1.0,0.0,0.0,0.0,0.0,0.0,0.0,0.0,0.0,0.0,10.0,,tree cover
9727,131,1.0,1.0,0.0,0.0,0.0,0.0,0.0,0.0,0.0,0.0,0.0,10.0,,tree cover
9838,122,0.982,1.0,0.0,0.0,0.0,0.0,0.0,0.0,0.0,0.0,0.0,10.0,,tree cover
9949,121,0.974,1.0,0.0,0.0,0.0,0.0,0.0,0.0,0.0,0.0,0.0,10.0,,tree cover
10060,121,0.974,1.0,0.0,0.0,0.0,0.0,0.0,0.0,0.0,0.0,0.0,10.0,,tree cover
10171,117,0.942,1.0,0.0,0.0,0.0,0.0,0.0,0.0,0.0,0.0,0.0,10.0,,tree cover
10282,110,0.886,1.0,0.0,0.0,0.0,0.0,0.0,0.0,0.0,0.0,0.0,10.0,,tree cover
10393,116,0.934,1.0,0.0,0.0,0.0,0.0,0.0,0.0,0.0,0.0,0.0,10.0,,tree cover
10615,124,0.998,1.0,0.0,0.0,0.0,0.0,0.0,0.0,0.0,0.0,0.0,10.0,,tree cover
10726,121,0.974,1.0,0.0,0.0,0.0,0.0,0.0,0.0,0.0,0.0,0.0,10.0,,tree cover
10837,121,0.974,1.0,0.0,0.0,0.0,0.0,0.0,0.0,0.0,0.0,0.0,10.0,,tree cover
10948,121,0.974,1.0,0.0,0.0,0.0,0.0,0.0,0.0,0.0,0.0,0.0,10.0,,tree cover
11059,121,0.974,1.0,0.0,0.0,0.0,0.0,0.0,0.0,0.0,0.0,0.0,10.0,,tree cover
11170,121,0.974,1.0,0.0,0.0,0.0,0.0,0.0,0.0,0.0,0.0,0.0,10.0,,tree cover
11281,127,1.0,1.0,0.0,0.0,0.0,0.0,0.0,0.0,0.0,0.0,0.0,10.0,,tree cover
11392,126,1.0,0.9683,0.0,0.0,0.0317,0.0,0.0,0.0,0.0,0.0,0.0,10.0,,tree cover
11503,112,0.902,1.0,0.0,0.0,0.0,0.0,0.0,0.0,0.0,0.0,0.0,10.0,,tree cover
11614,110,0.886,1.0,0.0,0.0,0.0,0.0,0.0,0.0,0.0,0.0,0.0,10.0,,tree cover
11725,121,0.974,0.9421,0.0,0.0,0.0,0.0579,0.0,0.0,0.0,0.0,0.0,10.0,,tree cover
11836,121,0.974,1.0,0.0,0.0,0.0,0.0,0.0,0.0,0.0,0.0,0.0,10.0,,tree cover
11947,121,0.974,1.0,0.0,0.0,0.0,0.0,0.0,0.0,0.0,0.0,0.0,10.0,,tree cover
12058,124,0.998,1.0,0.0,0.0,0.0,0.0,0.0,0.0,0.0,0.0,0.0,10.0,,tree cover
12169,129,1.0,0.5504,0.0,0.0,0.0,0.4496,0.0,0.0,0.0,0.0,0.0,10.0,,tree cover
12391,121,0.974,1.0,0.0,0.0,0.0,0.0,0.0,0.0,0.0,0.0,0.0,10.0,,tree cover
12502,121,0.974,1.0,0.0,0.0,0.0,0.0,0.0,0.0,0.0,0.0,0.0,10.0,,tree cover
12613,121,0.974,1.0,0.0,0.0,0.0,0.0,0.0,0.0,0.0,0.0,0.0,10.0,,tree cover
12724,119,0.958,1.0,0.0,0.0,0.0,0.0,0.0,0.0,0.0,0.0,0.0,10.0,,tree cover
12835,110,0.886,1.0,0.0,0.0,0.0,0.0,0.0,0.0,0.0,0.0,0.0,10.0,,tree cover
12946,125,1.0,1.0,0.0,0.0,0.0,0.0,0.0,0.0,0.0,0.0,0.0,10.0,,tree cover
13057,121,0.974,0.9752,0.0,0.0165,0.0,0.0,0.0,0.0083,0.0,0.0,0.0,10.0,,tree cover
13168,121,0.974,1.0,0.0,0.0,0.0,0.0,0.0,0.0,0.0,0.0,0.0,10.0,,tree cover
13279,121,0.974,1.0,0.0,0.0,0.0,0.0,0.0,0.0,0.0,0.0,0.0,10.0,,tree cover
13390,121,0.974,1.0,0.0,0.0,0.0,0.0,0.0,0.0,0.0,0.0,0.0,10.0,,tree cover
13501,121,0.974,1.0,0.0,0.0,0.0,0.0,0.0,0.0,0.0,0.0,0.0,10.0,,tree cover
13612,121,0.974,0.9752,0.0,0.0,0.0,0.0,0.0,0.0248,0.0,0.0,0.0,10.0,,tree cover
13723,132,1.0,1.0,0.0,0.0,0.0,0.0,0.0,0.0,0.0,0.0,0.0,10.0,,tree cover
13834,121,0.974,1.0,0.0,0.0,0.0,0.0,0.0,0.0,0.0,0.0,0.0,10.0,,tree cover
13945,121,0.974,1.0,0.0,0.0,0.0,0.0,0.0,0.0,0.0,0.0,0.0,10.0,,tree cover
14056,116,0.934,1.0,0.0,0.0,0.0,0.0,0.0,0.0,0.0,0.0,0.0,10.0,,tree cover
14167,110,0.886,1.0,0.0,0.0,0.0,0.0,0.0,0.0,0.0,0.0,0.0,10.0,,tree cover
14278,117,0.942,1.0,0.0,0.0,0.0,0.0,0.0,0.0,0.0,0.0,0.0,10.0,,tree cover
14389,121,0.974,1.0,0.0,0.0,0.0,0.0,0.0,0.0,0.0,0.0,0.0,10.0,,tree cover
404,121,0.974,0.1322,0.0,0.0,0.0,0.8678,0.0,0.0,0.0,0.0,0.0,50.0,ground_built_up,built-up
737,121,0.974,0.0248,0.0,0.0,0.0,0.9504,0.0248,0.0,0.0,0.0,0.0,50.0,ground_built_up,built-up
848,122,0.982,0.2787,0.0,0.0656,0.0,0.6557,0.0,0.0,0.0,0.0,0.0,50.0,ground_built_up,built-up
1181,119,0.958,0.042,0.0,0.0,0.0,0.958,0.0,0.0,0.0,0.0,0.0,50.0,ground_built_up,built-up
1292,110,0.886,0.0636,0.0,0.0,0.0,0.9364,0.0,0.0,0.0,0.0,0.0,50.0,ground_built_up,built-up
1403,115,0.926,0.1391,0.0,0.0,0.0,0.8609,0.0,0.0,0.0,0.0,0.0,50.0,ground_built_up,built-up
1514,121,0.974,0.0,0.0,0.0,0.0,1.0,0.0,0.0,0.0,0.0,0.0,50.0,ground_built_up,built-up
1736,132,1.0,0.2652,0.0,0.0303,0.0,0.7045,0.0,0.0,0.0,0.0,0.0,50.0,ground_built_up,built-up
1847,121,0.974,0.1653,0.0,0.0083,0.1488,0.6777,0.0,0.0,0.0,0.0,0.0,50.0,ground_built_up,built-up
1958,121,0.974,0.0909,0.0,0.0,0.4959,0.4132,0.0,0.0,0.0,0.0,0.0,40.0,,cropland
2180,121,0.974,0.7603,0.0,0.124,0.0,0.1157,0.0,0.0,0.0,0.0,0.0,10.0,,tree cover
2291,121,0.974,0.9174,0.0,0.0,0.0,0.0826,0.0,0.0,0.0,0.0,0.0,10.0,,tree cover
2624,114,0.918,0.6228,0.0,0.0,0.0,0.3772,0.0,0.0,0.0,0.0,0.0,10.0,,tree cover
2846,121,0.974,0.8017,0.0,0.0,0.0,0.1983,0.0,0.0,0.0,0.0,0.0,10.0,,tree cover
2957,121,0.974,0.595,0.0,0.0,0.0,0.405,0.0,0.0,0.0,0.0,0.0,10.0,,tree cover
3068,121,0.974,0.2231,0.0,0.0,0.0,0.7769,0.0,0.0,0.0,0.0,0.0,50.0,ground_built_up,built-up
3179,121,0.974,0.1818,0.0,0.0,0.0,0.8182,0.0,0.0,0.0,0.0,0.0,50.0,ground_built_up,built-up
3290,130,1.0,0.5231,0.0,0.0,0.0,0.4692,0.0077,0.0,0.0,0.0,0.0,10.0,,tree cover
3401,123,0.99,0.9919,0.0,0.0,0.0,0.0081,0.0,0.0,0.0,0.0,0.0,10.0,,tree cover
3512,121,0.974,1.0,0.0,0.0,0.0,0.0,0.0,0.0,0.0,0.0,0.0,10.0,,tree cover
3623,121,0.974,1.0,0.0,0.0,0.0,0.0,0.0,0.0,0.0,0.0,0.0,10.0,,tree cover
3734,111,0.894,0.991,0.0,0.009,0.0,0.0,0.0,0.0,0.0,0.0,0.0,10.0,,tree cover
3845,112,0.902,1.0,0.0,0.0,0.0,0.0,0.0,0.0,0.0,0.0,0.0,10.0,,tree cover
3956,121,0.974,1.0,0.0,0.0,0.0,0.0,0.0,0.0,0.0,0.0,0.0,10.0,,tree cover
4067,127,1.0,1.0,0.0,0.0,0.0,0.0,0.0,0.0,0.0,0.0,0.0,10.0,,tree cover
4178,126,1.0,1.0,0.0,0.0,0.0,0.0,0.0,0.0,0.0,0.0,0.0,10.0,,tree cover
4289,121,0.974,1.0,0.0,0.0,0.0,0.0,0.0,0.0,0.0,0.0,0.0,10.0,,tree cover
4400,121,0.974,1.0,0.0,0.0,0.0,0.0,0.0,0.0,0.0,0.0,0.0,10.0,,tree cover
4511,121,0.974,1.0,0.0,0.0,0.0,0.0,0.0,0.0,0.0,0.0,0.0,10.0,,tree cover
4622,121,0.974,0.6612,0.0,0.0,0.281,0.0579,0.0,0.0,0.0,0.0,0.0,10.0,,tree cover
4733,121,0.974,0.3967,0.0,0.1405,0.2975,0.1653,0.0,0.0,0.0,0.0,0.0,10.0,,tree cover
4844,124,0.998,0.879,0.0,0.0242,0.0,0.0968,0.0,0.0,0.0,0.0,0.0,10.0,,tree cover
4955,121,0.974,1.0,0.0,0.0,0.0,0.0,0.0,0.0,0.0,0.0,0.0,10.0,,tree cover
5066,110,0.886,1.0,0.0,0.0,0.0,0.0,0.0,0.0,0.0,0.0,0.0,10.0,,tree cover
5177,120,0.966,1.0,0.0,0.0,0.0,0.0,0.0,0.0,0.0,0.0,0.0,10.0,,tree cover
5288,121,0.974,1.0,0.0,0.0,0.0,0.0,0.0,0.0,0.0,0.0,0.0,10.0,,tree cover
5510,121,0.974,0.9008,0.0,0.0,0.0,0.0992,0.0,0.0,0.0,0.0,0.0,10.0,,tree cover
5621,121,0.974,0.9917,0.0,0.0,0.0,0.0083,0.0,0.0,0.0,0.0,0.0,10.0,,tree cover
5732,132,1.0,1.0,0.0,0.0,0.0,0.0,0.0,0.0,0.0,0.0,0.0,10.0,,tree cover
5843,121,0.974,0.8678,0.0,0.124,0.0,0.0083,0.0,0.0,0.0,0.0,0.0,10.0,,tree cover
6065,121,0.974,0.6116,0.0,0.0,0.0248,0.3636,0.0,0.0,0.0,0.0,0.0,10.0,,tree cover
6176,117,0.942,1.0,0.0,0.0,0.0,0.0,0.0,0.0,0.0,0.0,0.0,10.0,,tree cover
6287,110,0.886,0.6182,0.0,0.0,0.0,0.3818,0.0,0.0,0.0,0.0,0.0,10.0,,tree cover
6398,117,0.942,0.8547,0.0,0.0,0.0,0.1453,0.0,0.0,0.0,0.0,0.0,10.0,,tree cover
6509,132,1.0,1.0,0.0,0.0,0.0,0.0,0.0,0.0,0.0,0.0,0.0,10.0,,tree cover
6620,121,0.974,1.0,0.0,0.0,0.0,0.0,0.0,0.0,0.0,0.0,0.0,10.0,,tree cover
6731,121,0.974,0.9917,0.0,0.0083,0.0,0.0,0.0,0.0,0.0,0.0,0.0,10.0,,tree cover
6842,121,0.974,1.0,0.0,0.0,0.0,0.0,0.0,0.0,0.0,0.0,0.0,10.0,,tree cover
6953,121,0.974,1.0,0.0,0.0,0.0,0.0,0.0,0.0,0.0,0.0,0.0,10.0,,tree cover
7064,121,0.974,1.0,0.0,0.0,0.0,0.0,0.0,0.0,0.0,0.0,0.0,10.0,,tree cover
7175,121,0.974,0.843,0.0,0.157,0.0,0.0,0.0,0.0,0.0,0.0,0.0,10.0,,tree cover
7286,132,1.0,1.0,0.0,0.0,0.0,0.0,0.0,0.0,0.0,0.0,0.0,10.0,,tree cover
7397,120,0.966,1.0,0.0,0.0,0.0,0.0,0.0,0.0,0.0,0.0,0.0,10.0,,tree cover
7508,110,0.886,1.0,0.0,0.0,0.0,0.0,0.0,0.0,0.0,0.0,0.0,10.0,,tree cover
7619,113,0.91,1.0,0.0,0.0,0.0,0.0,0.0,0.0,0.0,0.0,0.0,10.0,,tree cover
7730,121,0.974,1.0,0.0,0.0,0.0,0.0,0.0,0.0,0.0,0.0,0.0,10.0,,tree cover
7841,121,0.974,1.0,0.0,0.0,0.0,0.0,0.0,0.0,0.0,0.0,0.0,10.0,,tree cover
7952,121,0.974,1.0,0.0,0.0,0.0,0.0,0.0,0.0,0.0,0.0,0.0,10.0,,tree cover
8063,130,1.0,1.0,0.0,0.0,0.0,0.0,0.0,0.0,0.0,0.0,0.0,10.0,,tree cover
8174,123,0.99,1.0,0.0,0.0,0.0,0.0,0.0,0.0,0.0,0.0,0.0,10.0,,tree cover
8285,121,0.974,1.0,0.0,0.0,0.0,0.0,0.0,0.0,0.0,0.0,0.0,10.0,,tree cover
8396,121,0.974,1.0,0.0,0.0,0.0,0.0,0.0,0.0,0.0,0.0,0.0,10.0,,tree cover
8507,121,0.974,1.0,0.0,0.0,0.0,0.0,0.0,0.0,0.0,0.0,0.0,10.0,,tree cover
8618,121,0.974,1.0,0.0,0.0,0.0,0.0,0.0,0.0,0.0,0.0,0.0,10.0,,tree cover
8729,114,0.918,1.0,0.0,0.0,0.0,0.0,0.0,0.0,0.0,0.0,0.0,10.0,,tree cover
8840,116,0.934,1.0,0.0,0.0,0.0,0.0,0.0,0.0,0.0,0.0,0.0,10.0,,tree cover
8951,124,0.998,1.0,0.0,0.0,0.0,0.0,0.0,0.0,0.0,0.0,0.0,10.0,,tree cover
9062,121,0.974,1.0,0.0,0.0,0.0,0.0,0.0,0.0,0.0,0.0,0.0,10.0,,tree cover
9173,121,0.974,1.0,0.0,0.0,0.0,0.0,0.0,0.0,0.0,0.0,0.0,10.0,,tree cover
9284,121,0.974,1.0,0.0,0.0,0.0,0.0,0.0,0.0,0.0,0.0,0.0,10.0,,tree cover
9395,121,0.974,1.0,0.0,0.0,0.0,0.0,0.0,0.0,0.0,0.0,0.0,10.0,,tree cover
9506,121,0.974,1.0,0.0,0.0,0.0,0.0,0.0,0.0,0.0,0.0,0.0,10.0,,tree cover
9617,125,1.0,1.0,0.0,0.0,0.0,0.0,0.0,0.0,0.0,0.0,0.0,10.0,,tree cover
9728,128,1.0,1.0,0.0,0.0,0.0,0.0,0.0,0.0,0.0,0.0,0.0,10.0,,tree cover
9839,121,0.974,1.0,0.0,0.0,0.0,0.0,0.0,0.0,0.0,0.0,0.0,10.0,,tree cover
9950,119,0.958,1.0,0.0,0.0,0.0,0.0,0.0,0.0,0.0,0.0,0.0,10.0,,tree cover
10061,110,0.886,1.0,0.0,0.0,0.0,0.0,0.0,0.0,0.0,0.0,0.0,10.0,,tree cover
10172,114,0.918,1.0,0.0,0.0,0.0,0.0,0.0,0.0,0.0,0.0,0.0,10.0,,tree cover
10283,121,0.974,1.0,0.0,0.0,0.0,0.0,0.0,0.0,0.0,0.0,0.0,10.0,,tree cover
10394,122,0.982,1.0,0.0,0.0,0.0,0.0,0.0,0.0,0.0,0.0,0.0,10.0,,tree cover
10505,131,1.0,1.0,0.0,0.0,0.0,0.0,0.0,0.0,0.0,0.0,0.0,10.0,,tree cover
10616,121,0.974,1.0,0.0,0.0,0.0,0.0,0.0,0.0,0.0,0.0,0.0,10.0,,tree cover
10727,121,0.974,1.0,0.0,0.0,0.0,0.0,0.0,0.0,0.0,0.0,0.0,10.0,,tree cover
10838,121,0.974,1.0,0.0,0.0,0.0,0.0,0.0,0.0,0.0,0.0,0.0,10.0,,tree cover
10949,121,0.974,1.0,0.0,0.0,0.0,0.0,0.0,0.0,0.0,0.0,0.0,10.0,,tree cover
11060,121,0.974,1.0,0.0,0.0,0.0,0.0,0.0,0.0,0.0,0.0,0.0,10.0,,tree cover
11171,121,0.974,1.0,0.0,0.0,0.0,0.0,0.0,0.0,0.0,0.0,0.0,10.0,,tree cover
11393,110,0.886,1.0,0.0,0.0,0.0,0.0,0.0,0.0,0.0,0.0,0.0,10.0,,tree cover
11504,119,0.958,1.0,0.0,0.0,0.0,0.0,0.0,0.0,0.0,0.0,0.0,10.0,,tree cover
11615,121,0.974,1.0,0.0,0.0,0.0,0.0,0.0,0.0,0.0,0.0,0.0,10.0,,tree cover
11726,121,0.974,1.0,0.0,0.0,0.0,0.0,0.0,0.0,0.0,0.0,0.0,10.0,,tree cover
11837,121,0.974,1.0,0.0,0.0,0.0,0.0,0.0,0.0,0.0,0.0,0.0,10.0,,tree cover
11948,121,0.974,1.0,0.0,0.0,0.0,0.0,0.0,0.0,0.0,0.0,0.0,10.0,,tree cover
12059,132,1.0,1.0,0.0,0.0,0.0,0.0,0.0,0.0,0.0,0.0,0.0,10.0,,tree cover
12392,121,0.974,1.0,0.0,0.0,0.0,0.0,0.0,0.0,0.0,0.0,0.0,10.0,,tree cover
12503,121,0.974,1.0,0.0,0.0,0.0,0.0,0.0,0.0,0.0,0.0,0.0,10.0,,tree cover
12614,110,0.886,1.0,0.0,0.0,0.0,0.0,0.0,0.0,0.0,0.0,0.0,10.0,,tree cover
12725,112,0.902,1.0,0.0,0.0,0.0,0.0,0.0,0.0,0.0,0.0,0.0,10.0,,tree cover
12836,132,1.0,1.0,0.0,0.0,0.0,0.0,0.0,0.0,0.0,0.0,0.0,10.0,,tree cover
12947,121,0.974,1.0,0.0,0.0,0.0,0.0,0.0,0.0,0.0,0.0,0.0,10.0,,tree cover
13058,121,0.974,1.0,0.0,0.0,0.0,0.0,0.0,0.0,0.0,0.0,0.0,10.0,,tree cover
13169,121,0.974,1.0,0.0,0.0,0.0,0.0,0.0,0.0,0.0,0.0,0.0,10.0,,tree cover
13280,121,0.974,1.0,0.0,0.0,0.0,0.0,0.0,0.0,0.0,0.0,0.0,10.0,,tree cover
13391,121,0.974,1.0,0.0,0.0,0.0,0.0,0.0,0.0,0.0,0.0,0.0,10.0,,tree cover
13502,121,0.974,1.0,0.0,0.0,0.0,0.0,0.0,0.0,0.0,0.0,0.0,10.0,,tree cover
13613,130,1.0,1.0,0.0,0.0,0.0,0.0,0.0,0.0,0.0,0.0,0.0,10.0,,tree cover
13724,123,0.99,1.0,0.0,0.0,0.0,0.0,0.0,0.0,0.0,0.0,0.0,10.0,,tree cover
13835,117,0.942,1.0,0.0,0.0,0.0,0.0,0.0,0.0,0.0,0.0,0.0,10.0,,tree cover
13946,110,0.886,1.0,0.0,0.0,0.0,0.0,0.0,0.0,0.0,0.0,0.0,10.0,,tree cover
14057,115,0.926,1.0,0.0,0.0,0.0,0.0,0.0,0.0,0.0,0.0,0.0,10.0,,tree cover
14168,121,0.974,1.0,0.0,0.0,0.0,0.0,0.0,0.0,0.0,0.0,0.0,10.0,,tree cover
14279,121,0.974,1.0,0.0,0.0,0.0,0.0,0.0,0.0,0.0,0.0,0.0,10.0,,tree cover
14390,128,1.0,1.0,0.0,0.0,0.0,0.0,0.0,0.0,0.0,0.0,0.0,10.0,,tree cover
14501,125,1.0,0.944,0.0,0.0,0.056,0.0,0.0,0.0,0.0,0.0,0.0,10.0,,tree cover
294,121,0.974,0.9256,0.0,0.0,0.0,0.0331,0.0,0.0413,0.0,0.0,0.0,10.0,,tree cover
627,121,0.974,0.1488,0.0,0.0,0.0,0.8182,0.0331,0.0,0.0,0.0,0.0,50.0,ground_built_up,built-up
738,121,0.974,0.5124,0.0,0.0,0.0,0.4876,0.0,0.0,0.0,0.0,0.0,10.0,,tree cover
960,121,0.974,0.595,0.0,0.1818,0.124,0.0744,0.0248,0.0,0.0,0.0,0.0,10.0,,tree cover
1071,111,0.894,0.5225,0.0,0.036,0.0,0.4414,0.0,0.0,0.0,0.0,0.0,10.0,,tree cover
1293,121,0.974,0.0909,0.0,0.0,0.0,0.9091,0.0,0.0,0.0,0.0,0.0,50.0,ground_built_up,built-up
1404,121,0.974,0.686,0.0,0.0083,0.0,0.3058,0.0,0.0,0.0,0.0,0.0,10.0,,tree cover
1515,121,0.974,0.2975,0.0,0.0413,0.0,0.6612,0.0,0.0,0.0,0.0,0.0,50.0,ground_built_up,built-up
1626,129,1.0,0.0465,0.0,0.0155,0.0,0.9302,0.0078,0.0,0.0,0.0,0.0,50.0,ground_built_up,built-up
1737,124,0.998,0.4355,0.0,0.0,0.0,0.5645,0.0,0.0,0.0,0.0,0.0,50.0,ground_built_up,built-up
1848,121,0.974,0.1818,0.0,0.0,0.0413,0.7686,0.0083,0.0,0.0,0.0,0.0,50.0,ground_built_up,built-up
2070,121,0.974,0.4545,0.0,0.1322,0.0,0.4132,0.0,0.0,0.0,0.0,0.0,10.0,,tree cover
2292,113,0.91,0.9646,0.0,0.0088,0.0,0.0265,0.0,0.0,0.0,0.0,0.0,10.0,,tree cover
2403,115,0.926,0.9826,0.0,0.0,0.0,0.0174,0.0,0.0,0.0,0.0,0.0,10.0,,tree cover
2514,127,1.0,0.874,0.0,0.0,0.0,0.126,0.0,0.0,0.0,0.0,0.0,10.0,,tree cover
2625,121,0.974,0.7934,0.0,0.0,0.0,0.2066,0.0,0.0,0.0,0.0,0.0,10.0,,tree cover
2736,121,0.974,0.2893,0.0,0.0,0.0,0.7107,0.0,0.0,0.0,0.0,0.0,50.0,ground_built_up,built-up
2847,121,0.974,0.4876,0.0,0.0,0.0,0.5124,0.0,0.0,0.0,0.0,0.0,50.0,ground_built_up,built-up
2958,121,0.974,0.843,0.0,0.0,0.0,0.157,0.0,0.0,0.0,0.0,0.0,10.0,,tree cover
3180,124,0.998,0.3065,0.0,0.0,0.0,0.6935,0.0,0.0,0.0,0.0,0.0,50.0,ground_built_up,built-up
3291,129,1.0,0.6202,0.0,0.0,0.0,0.3256,0.0543,0.0,0.0,0.0,0.0,10.0,,tree cover
3513,114,0.918,0.8684,0.0,0.0,0.0,0.1316,0.0,0.0,0.0,0.0,0.0,10.0,,tree cover
3624,110,0.886,0.7727,0.0,0.0,0.0,0.2273,0.0,0.0,0.0,0.0,0.0,10.0,,tree cover
3735,120,0.966,1.0,0.0,0.0,0.0,0.0,0.0,0.0,0.0,0.0,0.0,10.0,,tree cover
3846,121,0.974,1.0,0.0,0.0,0.0,0.0,0.0,0.0,0.0,0.0,0.0,10.0,,tree cover
3957,121,0.974,1.0,0.0,0.0,0.0,0.0,0.0,0.0,0.0,0.0,0.0,10.0,,tree cover
4068,132,1.0,1.0,0.0,0.0,0.0,0.0,0.0,0.0,0.0,0.0,0.0,10.0,,tree cover
4179,121,0.974,1.0,0.0,0.0,0.0,0.0,0.0,0.0,0.0,0.0,0.0,10.0,,tree cover
4290,121,0.974,1.0,0.0,0.0,0.0,0.0,0.0,0.0,0.0,0.0,0.0,10.0,,tree cover
4401,121,0.974,1.0,0.0,0.0,0.0,0.0,0.0,0.0,0.0,0.0,0.0,10.0,,tree cover
4512,121,0.974,0.9752,0.0,0.0,0.0,0.0248,0.0,0.0,0.0,0.0,0.0,10.0,,tree cover
4623,121,0.974,0.1157,0.0,0.5785,0.0331,0.2727,0.0,0.0,0.0,0.0,0.0,30.0,,grassland
4734,117,0.942,0.0171,0.0,0.8974,0.0,0.0855,0.0,0.0,0.0,0.0,0.0,30.0,,grassland
4845,120,0.966,0.95,0.0,0.0167,0.0,0.0333,0.0,0.0,0.0,0.0,0.0,10.0,,tree cover
4956,118,0.95,0.6949,0.0,0.3051,0.0,0.0,0.0,0.0,0.0,0.0,0.0,10.0,,tree cover
5067,121,0.974,0.6198,0.0,0.3802,0.0,0.0,0.0,0.0,0.0,0.0,0.0,10.0,,tree cover
5178,121,0.974,1.0,0.0,0.0,0.0,0.0,0.0,0.0,0.0,0.0,0.0,10.0,,tree cover
5289,121,0.974,1.0,0.0,0.0,0.0,0.0,0.0,0.0,0.0,0.0,0.0,10.0,,tree cover
5400,121,0.974,0.876,0.0,0.0,0.0,0.124,0.0,0.0,0.0,0.0,0.0,10.0,,tree cover
5511,121,0.974,0.7025,0.0,0.0,0.0,0.2975,0.0,0.0,0.0,0.0,0.0,10.0,,tree cover
5622,132,1.0,0.9848,0.0,0.0,0.0,0.0152,0.0,0.0,0.0,0.0,0.0,10.0,,tree cover
5733,121,0.974,0.9669,0.0,0.0,0.0,0.0331,0.0,0.0,0.0,0.0,0.0,10.0,,tree cover
5844,121,0.974,0.719,0.0,0.0,0.0,0.281,0.0,0.0,0.0,0.0,0.0,10.0,,tree cover
5955,119,0.958,0.2689,0.0,0.0504,0.0,0.6807,0.0,0.0,0.0,0.0,0.0,50.0,ground_built_up,built-up
6066,110,0.886,0.6182,0.0,0.0818,0.0,0.3,0.0,0.0,0.0,0.0,0.0,10.0,,tree cover
6177,114,0.918,0.6491,0.0,0.0,0.0,0.3509,0.0,0.0,0.0,0.0,0.0,10.0,,tree cover
6288,121,0.974,0.6942,0.0,0.0,0.0,0.3058,0.0,0.0,0.0,0.0,0.0,10.0,,tree cover
6399,129,1.0,0.7984,0.0,0.0,0.0,0.2016,0.0,0.0,0.0,0.0,0.0,10.0,,tree cover
6510,124,0.998,1.0,0.0,0.0,0.0,0.0,0.0,0.0,0.0,0.0,0.0,10.0,,tree cover
6621,121,0.974,1.0,0.0,0.0,0.0,0.0,0.0,0.0,0.0,0.0,0.0,10.0,,tree cover
6732,121,0.974,0.9917,0.0,0.0083,0.0,0.0,0.0,0.0,0.0,0.0,0.0,10.0,,tree cover
6843,121,0.974,1.0,0.0,0.0,0.0,0.0,0.0,0.0,0.0,0.0,0.0,10.0,,tree cover
6954,121,0.974,1.0,0.0,0.0,0.0,0.0,0.0,0.0,0.0,0.0,0.0,10.0,,tree cover
7065,121,0.974,1.0,0.0,0.0,0.0,0.0,0.0,0.0,0.0,0.0,0.0,10.0,,tree cover
7176,127,1.0,1.0,0.0,0.0,0.0,0.0,0.0,0.0,0.0,0.0,0.0,10.0,,tree cover
7287,116,0.934,1.0,0.0,0.0,0.0,0.0,0.0,0.0,0.0,0.0,0.0,10.0,,tree cover
7509,121,0.974,1.0,0.0,0.0,0.0,0.0,0.0,0.0,0.0,0.0,0.0,10.0,,tree cover
7620,121,0.974,1.0,0.0,0.0,0.0,0.0,0.0,0.0,0.0,0.0,0.0,10.0,,tree cover
7731,121,0.974,1.0,0.0,0.0,0.0,0.0,0.0,0.0,0.0,0.0,0.0,10.0,,tree cover
7842,121,0.974,0.9917,0.0,0.0083,0.0,0.0,0.0,0.0,0.0,0.0,0.0,10.0,,tree cover
7953,124,0.998,1.0,0.0,0.0,0.0,0.0,0.0,0.0,0.0,0.0,0.0,10.0,,tree cover
8064,129,1.0,1.0,0.0,0.0,0.0,0.0,0.0,0.0,0.0,0.0,0.0,10.0,,tree cover
8175,121,0.974,1.0,0.0,0.0,0.0,0.0,0.0,0.0,0.0,0.0,0.0,10.0,,tree cover
8286,121,0.974,1.0,0.0,0.0,0.0,0.0,0.0,0.0,0.0,0.0,0.0,10.0,,tree cover
8397,121,0.974,1.0,0.0,0.0,0.0,0.0,0.0,0.0,0.0,0.0,0.0,10.0,,tree cover
8508,117,0.942,1.0,0.0,0.0,0.0,0.0,0.0,0.0,0.0,0.0,0.0,10.0,,tree cover
8619,110,0.886,1.0,0.0,0.0,0.0,0.0,0.0,0.0,0.0,0.0,0.0,10.0,,tree cover
8730,117,0.942,1.0,0.0,0.0,0.0,0.0,0.0,0.0,0.0,0.0,0.0,10.0,,tree cover
8841,132,1.0,1.0,0.0,0.0,0.0,0.0,0.0,0.0,0.0,0.0,0.0,10.0,,tree cover
8952,121,0.974,1.0,0.0,0.0,0.0,0.0,0.0,0.0,0.0,0.0,0.0,10.0,,tree cover
9063,121,0.974,1.0,0.0,0.0,0.0,0.0,0.0,0.0,0.0,0.0,0.0,10.0,,tree cover
9174,121,0.974,1.0,0.0,0.0,0.0,0.0,0.0,0.0,0.0,0.0,0.0,10.0,,tree cover
9285,121,0.974,1.0,0.0,0.0,0.0,0.0,0.0,0.0,0.0,0.0,0.0,10.0,,tree cover
9396,121,0.974,1.0,0.0,0.0,0.0,0.0,0.0,0.0,0.0,0.0,0.0,10.0,,tree cover
9507,121,0.974,1.0,0.0,0.0,0.0,0.0,0.0,0.0,0.0,0.0,0.0,10.0,,tree cover
9618,132,1.0,1.0,0.0,0.0,0.0,0.0,0.0,0.0,0.0,0.0,0.0,10.0,,tree cover
9729,121,0.974,1.0,0.0,0.0,0.0,0.0,0.0,0.0,0.0,0.0,0.0,10.0,,tree cover
9840,110,0.886,1.0,0.0,0.0,0.0,0.0,0.0,0.0,0.0,0.0,0.0,10.0,,tree cover
9951,112,0.902,0.9643,0.0,0.0357,0.0,0.0,0.0,0.0,0.0,0.0,0.0,10.0,,tree cover
10062,121,0.974,1.0,0.0,0.0,0.0,0.0,0.0,0.0,0.0,0.0,0.0,10.0,,tree cover
10173,121,0.974,1.0,0.0,0.0,0.0,0.0,0.0,0.0,0.0,0.0,0.0,10.0,,tree cover
10284,121,0.974,1.0,0.0,0.0,0.0,0.0,0.0,0.0,0.0,0.0,0.0,10.0,,tree cover
10395,132,1.0,1.0,0.0,0.0,0.0,0.0,0.0,0.0,0.0,0.0,0.0,10.0,,tree cover
10506,121,0.974,1.0,0.0,0.0,0.0,0.0,0.0,0.0,0.0,0.0,0.0,10.0,,tree cover
10617,121,0.974,1.0,0.0,0.0,0.0,0.0,0.0,0.0,0.0,0.0,0.0,10.0,,tree cover
10728,121,0.974,1.0,0.0,0.0,0.0,0.0,0.0,0.0,0.0,0.0,0.0,10.0,,tree cover
10839,121,0.974,1.0,0.0,0.0,0.0,0.0,0.0,0.0,0.0,0.0,0.0,10.0,,tree cover
10950,121,0.974,1.0,0.0,0.0,0.0,0.0,0.0,0.0,0.0,0.0,0.0,10.0,,tree cover
11061,117,0.942,1.0,0.0,0.0,0.0,0.0,0.0,0.0,0.0,0.0,0.0,10.0,,tree cover
11172,120,0.966,1.0,0.0,0.0,0.0,0.0,0.0,0.0,0.0,0.0,0.0,10.0,,tree cover
11283,117,0.942,1.0,0.0,0.0,0.0,0.0,0.0,0.0,0.0,0.0,0.0,10.0,,tree cover
11394,121,0.974,1.0,0.0,0.0,0.0,0.0,0.0,0.0,0.0,0.0,0.0,10.0,,tree cover
11505,121,0.974,0.9917,0.0,0.0083,0.0,0.0,0.0,0.0,0.0,0.0,0.0,10.0,,tree cover
11616,121,0.974,0.9091,0.0,0.0909,0.0,0.0,0.0,0.0,0.0,0.0,0.0,10.0,,tree cover
11727,121,0.974,1.0,0.0,0.0,0.0,0.0,0.0,0.0,0.0,0.0,0.0,10.0,,tree cover
11838,121,0.974,1.0,0.0,0.0,0.0,0.0,0.0,0.0,0.0,0.0,0.0,10.0,,tree cover
11949,129,1.0,1.0,0.0,0.0,0.0,0.0,0.0,0.0,0.0,0.0,0.0,10.0,,tree cover
12060,124,0.998,1.0,0.0,0.0,0.0,0.0,0.0,0.0,0.0,0.0,0.0,10.0,,tree cover
12171,121,0.974,0.9504,0.0,0.0,0.0,0.0496,0.0,0.0,0.0,0.0,0.0,10.0,,tree cover
12282,121,0.974,0.9917,0.0,0.0,0.0,0.0083,0.0,0.0,0.0,0.0,0.0,10.0,,tree cover
12393,112,0.902,0.9732,0.0,0.0,0.0,0.0268,0.0,0.0,0.0,0.0,0.0,10.0,,tree cover
12504,110,0.886,1.0,0.0,0.0,0.0,0.0,0.0,0.0,0.0,0.0,0.0,10.0,,tree cover
12615,121,0.974,1.0,0.0,0.0,0.0,0.0,0.0,0.0,0.0,0.0,0.0,10.0,,tree cover
12726,126,1.0,1.0,0.0,0.0,0.0,0.0,0.0,0.0,0.0,0.0,0.0,10.0,,tree cover
12837,127,1.0,1.0,0.0,0.0,0.0,0.0,0.0,0.0,0.0,0.0,0.0,10.0,,tree cover
12948,121,0.974,1.0,0.0,0.0,0.0,0.0,0.0,0.0,0.0,0.0,0.0,10.0,,tree cover
13059,121,0.974,1.0,0.0,0.0,0.0,0.0,0.0,0.0,0.0,0.0,0.0,10.0,,tree cover
13170,121,0.974,1.0,0.0,0.0,0.0,0.0,0.0,0.0,0.0,0.0,0.0,10.0,,tree cover
13281,121,0.974,1.0,0.0,0.0,0.0,0.0,0.0,0.0,0.0,0.0,0.0,10.0,,tree cover
13392,121,0.974,1.0,0.0,0.0,0.0,0.0,0.0,0.0,0.0,0.0,0.0,10.0,,tree cover
13503,124,0.998,1.0,0.0,0.0,0.0,0.0,0.0,0.0,0.0,0.0,0.0,10.0,,tree cover
13614,127,1.0,1.0,0.0,0.0,0.0,0.0,0.0,0.0,0.0,0.0,0.0,10.0,,tree cover
13725,110,0.886,1.0,0.0,0.0,0.0,0.0,0.0,0.0,0.0,0.0,0.0,10.0,,tree cover
13836,114,0.918,1.0,0.0,0.0,0.0,0.0,0.0,0.0,0.0,0.0,0.0,10.0,,tree cover
13947,121,0.974,1.0,0.0,0.0,0.0,0.0,0.0,0.0,0.0,0.0,0.0,10.0,,tree cover
14058,121,0.974,1.0,0.0,0.0,0.0,0.0,0.0,0.0,0.0,0.0,0.0,10.0,,tree cover
14169,121,0.974,1.0,0.0,0.0,0.0,0.0,0.0,0.0,0.0,0.0,0.0,10.0,,tree cover
14280,121,0.974,1.0,0.0,0.0,0.0,0.0,0.0,0.0,0.0,0.0,0.0,10.0,,tree cover
14391,132,1.0,1.0,0.0,0.0,0.0,0.0,0.0,0.0,0.0,0.0,0.0,10.0,,tree cover
14502,121,0.974,0.9752,0.0,0.0,0.0248,0.0,0.0,0.0,0.0,0.0,0.0,10.0,,tree cover
295,121,0.974,0.4793,0.0,0.0,0.0,0.5207,0.0,0.0,0.0,0.0,0.0,50.0,ground_built_up,built-up
517,121,0.974,0.0083,0.0,0.0,0.0,0.9917,0.0,0.0,0.0,0.0,0.0,50.0,ground_built_up,built-up
739,127,1.0,0.6535,0.0,0.0,0.0,0.3465,0.0,0.0,0.0,0.0,0.0,10.0,,tree cover
961,110,0.886,0.3727,0.0,0.0,0.0,0.6273,0.0,0.0,0.0,0.0,0.0,50.0,ground_built_up,built-up
1405,121,0.974,0.5207,0.0,0.0,0.0,0.4793,0.0,0.0,0.0,0.0,0.0,10.0,,tree cover
1516,124,0.998,0.379,0.0,0.129,0.0,0.4919,0.0,0.0,0.0,0.0,0.0,50.0,,built-up
1627,129,1.0,0.1938,0.0,0.0,0.0,0.8062,0.0,0.0,0.0,0.0,0.0,50.0,ground_built_up,built-up
1849,121,0.974,0.3058,0.0,0.0083,0.0,0.686,0.0,0.0,0.0,0.0,0.0,50.0,ground_built_up,built-up
1960,121,0.974,0.3884,0.0,0.1074,0.0,0.5041,0.0,0.0,0.0,0.0,0.0,50.0,ground_built_up,built-up
2071,115,0.926,0.5826,0.0,0.0261,0.0,0.3913,0.0,0.0,0.0,0.0,0.0,10.0,,tree cover
2182,110,0.886,0.2091,0.0,0.0545,0.0,0.7364,0.0,0.0,0.0,0.0,0.0,50.0,ground_built_up,built-up
2293,118,0.95,0.8729,0.0,0.0,0.0,0.1271,0.0,0.0,0.0,0.0,0.0,10.0,,tree cover
2404,132,1.0,0.9091,0.0,0.0,0.0,0.0909,0.0,0.0,0.0,0.0,0.0,10.0,,tree cover
2515,121,0.974,0.9091,0.0,0.0,0.0,0.0909,0.0,0.0,0.0,0.0,0.0,10.0,,tree cover
2737,121,0.974,0.7025,0.0,0.0,0.0,0.2975,0.0,0.0,0.0,0.0,0.0,10.0,,tree cover
3181,132,1.0,0.4545,0.0,0.0,0.0,0.5455,0.0,0.0,0.0,0.0,0.0,50.0,ground_built_up,built-up
3403,110,0.886,0.5636,0.0,0.0,0.0,0.4364,0.0,0.0,0.0,0.0,0.0,10.0,,tree cover
3514,117,0.942,0.8889,0.0,0.0,0.0,0.1111,0.0,0.0,0.0,0.0,0.0,10.0,,tree cover
3625,121,0.974,1.0,0.0,0.0,0.0,0.0,0.0,0.0,0.0,0.0,0.0,10.0,,tree cover
3847,121,0.974,0.9917,0.0,0.0,0.0,0.0083,0.0,0.0,0.0,0.0,0.0,10.0,,tree cover
3958,132,1.0,1.0,0.0,0.0,0.0,0.0,0.0,0.0,0.0,0.0,0.0,10.0,,tree cover
4069,121,0.974,1.0,0.0,0.0,0.0,0.0,0.0,0.0,0.0,0.0,0.0,10.0,,tree cover
4180,121,0.974,0.4876,0.0,0.2975,0.0,0.1983,0.0165,0.0,0.0,0.0,0.0,10.0,,tree cover
4291,121,0.974,0.7355,0.0,0.1405,0.0,0.0165,0.1074,0.0,0.0,0.0,0.0,10.0,,tree cover
4402,121,0.974,0.7769,0.0,0.0,0.0,0.1736,0.0496,0.0,0.0,0.0,0.0,10.0,,tree cover
4513,119,0.958,0.4958,0.0,0.1765,0.0,0.3277,0.0,0.0,0.0,0.0,0.0,10.0,,tree cover
4624,110,0.886,0.0,0.0,0.9818,0.0,0.0182,0.0,0.0,0.0,0.0,0.0,30.0,,grassland
4735,122,0.982,0.418,0.0,0.5738,0.0,0.0082,0.0,0.0,0.0,0.0,0.0,30.0,,grassland
4846,124,0.998,0.9677,0.0,0.0323,0.0,0.0,0.0,0.0,0.0,0.0,0.0,10.0,,tree cover
4957,121,0.974,0.1322,0.0,0.8678,0.0,0.0,0.0,0.0,0.0,0.0,0.0,30.0,,grassland
5068,121,0.974,0.1901,0.0,0.8099,0.0,0.0,0.0,0.0,0.0,0.0,0.0,30.0,,grassland
5179,121,0.974,0.9752,0.0,0.0248,0.0,0.0,0.0,0.0,0.0,0.0,0.0,10.0,,tree cover
5290,121,0.974,0.9339,0.0,0.0,0.0,0.0661,0.0,0.0,0.0,0.0,0.0,10.0,,tree cover
5401,121,0.974,0.6446,0.0,0.0,0.0,0.3554,0.0,0.0,0.0,0.0,0.0,10.0,,tree cover
5623,126,1.0,0.7222,0.0,0.0,0.0,0.2778,0.0,0.0,0.0,0.0,0.0,10.0,,tree cover
5734,121,0.974,0.6942,0.0,0.0,0.0,0.3058,0.0,0.0,0.0,0.0,0.0,10.0,,tree cover
5845,111,0.894,0.8378,0.0,0.0,0.0,0.1622,0.0,0.0,0.0,0.0,0.0,10.0,,tree cover
5956,112,0.902,0.375,0.0,0.0179,0.0,0.6071,0.0,0.0,0.0,0.0,0.0,50.0,ground_built_up,built-up
6178,121,0.974,0.9504,0.0,0.0,0.0,0.0496,0.0,0.0,0.0,0.0,0.0,10.0,,tree cover
6289,124,0.998,1.0,0.0,0.0,0.0,0.0,0.0,0.0,0.0,0.0,0.0,10.0,,tree cover
6400,129,1.0,0.7984,0.0,0.0,0.0,0.2016,0.0,0.0,0.0,0.0,0.0,10.0,,tree cover
6511,121,0.974,1.0,0.0,0.0,0.0,0.0,0.0,0.0,0.0,0.0,0.0,10.0,,tree cover
6622,121,0.974,0.9835,0.0,0.0165,0.0,0.0,0.0,0.0,0.0,0.0,0.0,10.0,,tree cover
6733,121,0.974,1.0,0.0,0.0,0.0,0.0,0.0,0.0,0.0,0.0,0.0,10.0,,tree cover
6844,121,0.974,1.0,0.0,0.0,0.0,0.0,0.0,0.0,0.0,0.0,0.0,10.0,,tree cover
6955,121,0.974,1.0,0.0,0.0,0.0,0.0,0.0,0.0,0.0,0.0,0.0,10.0,,tree cover
7177,120,0.966,1.0,0.0,0.0,0.0,0.0,0.0,0.0,0.0,0.0,0.0,10.0,,tree cover
7288,120,0.966,1.0,0.0,0.0,0.0,0.0,0.0,0.0,0.0,0.0,0.0,10.0,,tree cover
7399,121,0.974,1.0,0.0,0.0,0.0,0.0,0.0,0.0,0.0,0.0,0.0,10.0,,tree cover
7510,121,0.974,1.0,0.0,0.0,0.0,0.0,0.0,0.0,0.0,0.0,0.0,10.0,,tree cover
7621,121,0.974,1.0,0.0,0.0,0.0,0.0,0.0,0.0,0.0,0.0,0.0,10.0,,tree cover
7732,121,0.974,1.0,0.0,0.0,0.0,0.0,0.0,0.0,0.0,0.0,0.0,10.0,,tree cover
7843,121,0.974,0.6612,0.0,0.3388,0.0,0.0,0.0,0.0,0.0,0.0,0.0,10.0,,tree cover
7954,132,1.0,0.4924,0.0,0.5076,0.0,0.0,0.0,0.0,0.0,0.0,0.0,30.0,,grassland
8065,121,0.974,0.9174,0.0,0.0826,0.0,0.0,0.0,0.0,0.0,0.0,0.0,10.0,,tree cover
8176,121,0.974,1.0,0.0,0.0,0.0,0.0,0.0,0.0,0.0,0.0,0.0,10.0,,tree cover
8287,119,0.958,1.0,0.0,0.0,0.0,0.0,0.0,0.0,0.0,0.0,0.0,10.0,,tree cover
8509,114,0.918,1.0,0.0,0.0,0.0,0.0,0.0,0.0,0.0,0.0,0.0,10.0,,tree cover
8620,121,0.974,1.0,0.0,0.0,0.0,0.0,0.0,0.0,0.0,0.0,0.0,10.0,,tree cover
8731,132,1.0,1.0,0.0,0.0,0.0,0.0,0.0,0.0,0.0,0.0,0.0,10.0,,tree cover
8842,121,0.974,1.0,0.0,0.0,0.0,0.0,0.0,0.0,0.0,0.0,0.0,10.0,,tree cover
8953,121,0.974,1.0,0.0,0.0,0.0,0.0,0.0,0.0,0.0,0.0,0.0,10.0,,tree cover
9064,121,0.974,1.0,0.0,0.0,0.0,0.0,0.0,0.0,0.0,0.0,0.0,10.0,,tree cover
9175,121,0.974,1.0,0.0,0.0,0.0,0.0,0.0,0.0,0.0,0.0,0.0,10.0,,tree cover
9286,121,0.974,1.0,0.0,0.0,0.0,0.0,0.0,0.0,0.0,0.0,0.0,10.0,,tree cover
9397,121,0.974,1.0,0.0,0.0,0.0,0.0,0.0,0.0,0.0,0.0,0.0,10.0,,tree cover
9508,130,1.0,1.0,0.0,0.0,0.0,0.0,0.0,0.0,0.0,0.0,0.0,10.0,,tree cover
9619,114,0.918,1.0,0.0,0.0,0.0,0.0,0.0,0.0,0.0,0.0,0.0,10.0,,tree cover
9730,110,0.886,1.0,0.0,0.0,0.0,0.0,0.0,0.0,0.0,0.0,0.0,10.0,,tree cover
9841,121,0.974,1.0,0.0,0.0,0.0,0.0,0.0,0.0,0.0,0.0,0.0,10.0,,tree cover
9952,121,0.974,0.9835,0.0,0.0165,0.0,0.0,0.0,0.0,0.0,0.0,0.0,10.0,,tree cover
10063,121,0.974,1.0,0.0,0.0,0.0,0.0,0.0,0.0,0.0,0.0,0.0,10.0,,tree cover
10174,121,0.974,1.0,0.0,0.0,0.0,0.0,0.0,0.0,0.0,0.0,0.0,10.0,,tree cover
10285,127,1.0,1.0,0.0,0.0,0.0,0.0,0.0,0.0,0.0,0.0,0.0,10.0,,tree cover
10396,126,1.0,1.0,0.0,0.0,0.0,0.0,0.0,0.0,0.0,0.0,0.0,10.0,,tree cover
10507,121,0.974,1.0,0.0,0.0,0.0,0.0,0.0,0.0,0.0,0.0,0.0,10.0,,tree cover
10618,121,0.974,1.0,0.0,0.0,0.0,0.0,0.0,0.0,0.0,0.0,0.0,10.0,,tree cover
10729,121,0.974,1.0,0.0,0.0,0.0,0.0,0.0,0.0,0.0,0.0,0.0,10.0,,tree cover
10840,119,0.958,1.0,0.0,0.0,0.0,0.0,0.0,0.0,0.0,0.0,0.0,10.0,,tree cover
10951,110,0.886,1.0,0.0,0.0,0.0,0.0,0.0,0.0,0.0,0.0,0.0,10.0,,tree cover
11062,117,0.942,1.0,0.0,0.0,0.0,0.0,0.0,0.0,0.0,0.0,0.0,10.0,,tree cover
11173,129,1.0,1.0,0.0,0.0,0.0,0.0,0.0,0.0,0.0,0.0,0.0,10.0,,tree cover
11284,121,0.974,1.0,0.0,0.0,0.0,0.0,0.0,0.0,0.0,0.0,0.0,10.0,,tree cover
11395,121,0.974,1.0,0.0,0.0,0.0,0.0,0.0,0.0,0.0,0.0,0.0,10.0,,tree cover
11506,121,0.974,1.0,0.0,0.0,0.0,0.0,0.0,0.0,0.0,0.0,0.0,10.0,,tree cover
11617,121,0.974,0.9669,0.0,0.0331,0.0,0.0,0.0,0.0,0.0,0.0,0.0,10.0,,tree cover
11728,121,0.974,0.9587,0.0,0.0413,0.0,0.0,0.0,0.0,0.0,0.0,0.0,10.0,,tree cover
11839,122,0.982,1.0,0.0,0.0,0.0,0.0,0.0,0.0,0.0,0.0,0.0,10.0,,tree cover
11950,131,1.0,0.9847,0.0,0.0,0.0,0.0153,0.0,0.0,0.0,0.0,0.0,10.0,,tree cover
12061,121,0.974,1.0,0.0,0.0,0.0,0.0,0.0,0.0,0.0,0.0,0.0,10.0,,tree cover
12283,110,0.886,0.9455,0.0,0.0,0.0,0.0545,0.0,0.0,0.0,0.0,0.0,10.0,,tree cover
12505,121,0.974,1.0,0.0,0.0,0.0,0.0,0.0,0.0,0.0,0.0,0.0,10.0,,tree cover
12616,121,0.974,1.0,0.0,0.0,0.0,0.0,0.0,0.0,0.0,0.0,0.0,10.0,,tree cover
12727,132,1.0,1.0,0.0,0.0,0.0,0.0,0.0,0.0,0.0,0.0,0.0,10.0,,tree cover
12838,121,0.974,1.0,0.0,0.0,0.0,0.0,0.0,0.0,0.0,0.0,0.0,10.0,,tree cover
12949,121,0.974,1.0,0.0,0.0,0.0,0.0,0.0,0.0,0.0,0.0,0.0,10.0,,tree cover
13060,121,0.974,1.0,0.0,0.0,0.0,0.0,0.0,0.0,0.0,0.0,0.0,10.0,,tree cover
13171,121,0.974,1.0,0.0,0.0,0.0,0.0,0.0,0.0,0.0,0.0,0.0,10.0,,tree cover
13282,121,0.974,1.0,0.0,0.0,0.0,0.0,0.0,0.0,0.0,0.0,0.0,10.0,,tree cover
13393,121,0.974,1.0,0.0,0.0,0.0,0.0,0.0,0.0,0.0,0.0,0.0,10.0,,tree cover
13504,121,0.974,1.0,0.0,0.0,0.0,0.0,0.0,0.0,0.0,0.0,0.0,10.0,,tree cover
13615,112,0.902,1.0,0.0,0.0,0.0,0.0,0.0,0.0,0.0,0.0,0.0,10.0,,tree cover
13726,121,0.974,1.0,0.0,0.0,0.0,0.0,0.0,0.0,0.0,0.0,0.0,10.0,,tree cover
13837,121,0.974,1.0,0.0,0.0,0.0,0.0,0.0,0.0,0.0,0.0,0.0,10.0,,tree cover
13948,121,0.974,1.0,0.0,0.0,0.0,0.0,0.0,0.0,0.0,0.0,0.0,10.0,,tree cover
14059,121,0.974,1.0,0.0,0.0,0.0,0.0,0.0,0.0,0.0,0.0,0.0,10.0,,tree cover
14170,121,0.974,1.0,0.0,0.0,0.0,0.0,0.0,0.0,0.0,0.0,0.0,10.0,,tree cover
14281,132,1.0,1.0,0.0,0.0,0.0,0.0,0.0,0.0,0.0,0.0,0.0,10.0,,tree cover
14392,121,0.974,1.0,0.0,0.0,0.0,0.0,0.0,0.0,0.0,0.0,0.0,10.0,,tree cover
14503,121,0.974,1.0,0.0,0.0,0.0,0.0,0.0,0.0,0.0,0.0,0.0,10.0,,tree cover
296,121,0.974,0.2397,0.0,0.0,0.0,0.7273,0.0,0.0331,0.0,0.0,0.0,50.0,ground_built_up,built-up
518,121,0.974,0.0909,0.0,0.0,0.0,0.8843,0.0248,0.0,0.0,0.0,0.0,50.0,ground_built_up,built-up
629,118,0.95,0.5678,0.0,0.0,0.0,0.4322,0.0,0.0,0.0,0.0,0.0,10.0,,tree cover
1628,121,0.974,0.2562,0.0,0.0,0.0,0.7438,0.0,0.0,0.0,0.0,0.0,50.0,ground_built_up,built-up
1739,121,0.974,0.6694,0.0,0.1322,0.1488,0.0496,0.0,0.0,0.0,0.0,0.0,10.0,,tree cover
1850,118,0.95,0.4915,0.0,0.0,0.0,0.5085,0.0,0.0,0.0,0.0,0.0,50.0,ground_built_up,built-up
1961,110,0.886,0.4909,0.0,0.0,0.0,0.5091,0.0,0.0,0.0,0.0,0.0,50.0,ground_built_up,built-up
2183,121,0.974,0.562,0.0,0.0,0.0,0.438,0.0,0.0,0.0,0.0,0.0,10.0,,tree cover
2405,121,0.974,0.7851,0.0,0.0165,0.0,0.1983,0.0,0.0,0.0,0.0,0.0,10.0,,tree cover
2516,121,0.974,0.9174,0.0,0.0,0.0,0.0826,0.0,0.0,0.0,0.0,0.0,10.0,,tree cover
2627,121,0.974,1.0,0.0,0.0,0.0,0.0,0.0,0.0,0.0,0.0,0.0,10.0,,tree cover
2738,121,0.974,0.843,0.0,0.0,0.0,0.157,0.0,0.0,0.0,0.0,0.0,10.0,,tree cover
2849,121,0.974,0.7273,0.0,0.0,0.0,0.2727,0.0,0.0,0.0,0.0,0.0,10.0,,tree cover
2960,121,0.974,0.0826,0.0,0.0,0.0,0.9174,0.0,0.0,0.0,0.0,0.0,50.0,ground_built_up,built-up
3071,128,1.0,0.3984,0.0,0.0,0.0,0.6016,0.0,0.0,0.0,0.0,0.0,50.0,ground_built_up,built-up
3293,115,0.926,0.6435,0.0,0.0,0.0,0.3565,0.0,0.0,0.0,0.0,0.0,10.0,,tree cover
3515,121,0.974,0.686,0.0,0.0,0.0,0.314,0.0,0.0,0.0,0.0,0.0,10.0,,tree cover
3737,121,0.974,0.6364,0.0,0.0,0.0,0.3636,0.0,0.0,0.0,0.0,0.0,10.0,,tree cover
3848,126,1.0,0.627,0.0,0.0,0.0,0.373,0.0,0.0,0.0,0.0,0.0,10.0,,tree cover
3959,127,1.0,1.0,0.0,0.0,0.0,0.0,0.0,0.0,0.0,0.0,0.0,10.0,,tree cover
4070,121,0.974,0.9504,0.0,0.0496,0.0,0.0,0.0,0.0,0.0,0.0,0.0,10.0,,tree cover
4181,121,0.974,0.3884,0.0,0.281,0.0,0.3306,0.0,0.0,0.0,0.0,0.0,10.0,,tree cover
4292,121,0.974,0.0661,0.0,0.4793,0.0,0.3306,0.124,0.0,0.0,0.0,0.0,30.0,,grassland
4403,111,0.894,0.036,0.0,0.4144,0.0,0.3784,0.1712,0.0,0.0,0.0,0.0,30.0,,grassland
4514,112,0.902,0.0179,0.0,0.8214,0.0,0.1607,0.0,0.0,0.0,0.0,0.0,30.0,,grassland
4625,123,0.99,0.4553,0.0,0.3496,0.0,0.0732,0.122,0.0,0.0,0.0,0.0,10.0,,tree cover
4736,130,1.0,0.7154,0.0,0.2308,0.0231,0.0,0.0308,0.0,0.0,0.0,0.0,10.0,,tree cover
4847,121,0.974,0.4959,0.0,0.5041,0.0,0.0,0.0,0.0,0.0,0.0,0.0,30.0,,grassland
4958,121,0.974,0.405,0.0,0.595,0.0,0.0,0.0,0.0,0.0,0.0,0.0,30.0,,grassland
5069,121,0.974,0.6446,0.0,0.3554,0.0,0.0,0.0,0.0,0.0,0.0,0.0,10.0,,tree cover
5180,121,0.974,0.9835,0.0,0.0165,0.0,0.0,0.0,0.0,0.0,0.0,0.0,10.0,,tree cover
5291,121,0.974,1.0,0.0,0.0,0.0,0.0,0.0,0.0,0.0,0.0,0.0,10.0,,tree cover
5402,121,0.974,0.8843,0.0,0.0,0.0,0.1157,0.0,0.0,0.0,0.0,0.0,10.0,,tree cover
5735,110,0.886,0.6182,0.0,0.0,0.0,0.3818,0.0,0.0,0.0,0.0,0.0,10.0,,tree cover
5846,120,0.966,0.85,0.0,0.0,0.0,0.15,0.0,0.0,0.0,0.0,0.0,10.0,,tree cover
6068,121,0.974,0.9587,0.0,0.0,0.0,0.0413,0.0,0.0,0.0,0.0,0.0,10.0,,tree cover
6179,121,0.974,0.9091,0.0,0.0,0.0,0.0909,0.0,0.0,0.0,0.0,0.0,10.0,,tree cover
6290,132,1.0,1.0,0.0,0.0,0.0,0.0,0.0,0.0,0.0,0.0,0.0,10.0,,tree cover
6401,121,0.974,1.0,0.0,0.0,0.0,0.0,0.0,0.0,0.0,0.0,0.0,10.0,,tree cover
6512,121,0.974,1.0,0.0,0.0,0.0,0.0,0.0,0.0,0.0,0.0,0.0,10.0,,tree cover
6623,121,0.974,0.9587,0.0,0.0413,0.0,0.0,0.0,0.0,0.0,0.0,0.0,10.0,,tree cover
6734,121,0.974,1.0,0.0,0.0,0.0,0.0,0.0,0.0,0.0,0.0,0.0,10.0,,tree cover
6845,117,0.942,1.0,0.0,0.0,0.0,0.0,0.0,0.0,0.0,0.0,0.0,10.0,,tree cover
6956,110,0.886,1.0,0.0,0.0,0.0,0.0,0.0,0.0,0.0,0.0,0.0,10.0,,tree cover
7067,126,1.0,1.0,0.0,0.0,0.0,0.0,0.0,0.0,0.0,0.0,0.0,10.0,,tree cover
7178,122,0.982,1.0,0.0,0.0,0.0,0.0,0.0,0.0,0.0,0.0,0.0,10.0,,tree cover
7289,121,0.974,1.0,0.0,0.0,0.0,0.0,0.0,0.0,0.0,0.0,0.0,10.0,,tree cover
7400,121,0.974,1.0,0.0,0.0,0.0,0.0,0.0,0.0,0.0,0.0,0.0,10.0,,tree cover
7511,121,0.974,1.0,0.0,0.0,0.0,0.0,0.0,0.0,0.0,0.0,0.0,10.0,,tree cover
7622,121,0.974,1.0,0.0,0.0,0.0,0.0,0.0,0.0,0.0,0.0,0.0,10.0,,tree cover
7733,121,0.974,0.9835,0.0,0.0165,0.0,0.0,0.0,0.0,0.0,0.0,0.0,10.0,,tree cover
7844,129,1.0,0.5426,0.0,0.4574,0.0,0.0,0.0,0.0,0.0,0.0,0.0,10.0,,tree cover
7955,124,0.998,0.379,0.0,0.621,0.0,0.0,0.0,0.0,0.0,0.0,0.0,30.0,,grassland
8066,121,0.974,0.6446,0.0,0.3554,0.0,0.0,0.0,0.0,0.0,0.0,0.0,10.0,,tree cover
8177,110,0.886,0.7455,0.0,0.2545,0.0,0.0,0.0,0.0,0.0,0.0,0.0,10.0,,tree cover
8288,112,0.902,1.0,0.0,0.0,0.0,0.0,0.0,0.0,0.0,0.0,0.0,10.0,,tree cover
8399,121,0.974,1.0,0.0,0.0,0.0,0.0,0.0,0.0,0.0,0.0,0.0,10.0,,tree cover
8510,121,0.974,1.0,0.0,0.0,0.0,0.0,0.0,0.0,0.0,0.0,0.0,10.0,,tree cover
8621,126,1.0,1.0,0.0,0.0,0.0,0.0,0.0,0.0,0.0,0.0,0.0,10.0,,tree cover
8732,127,1.0,1.0,0.0,0.0,0.0,0.0,0.0,0.0,0.0,0.0,0.0,10.0,,tree cover
8843,121,0.974,1.0,0.0,0.0,0.0,0.0,0.0,0.0,0.0,0.0,0.0,10.0,,tree cover
8954,121,0.974,1.0,0.0,0.0,0.0,0.0,0.0,0.0,0.0,0.0,0.0,10.0,,tree cover
9065,121,0.974,1.0,0.0,0.0,0.0,0.0,0.0,0.0,0.0,0.0,0.0,10.0,,tree cover
9176,121,0.974,1.0,0.0,0.0,0.0,0.0,0.0,0.0,0.0,0.0,0.0,10.0,,tree cover
9287,121,0.974,1.0,0.0,0.0,0.0,0.0,0.0,0.0,0.0,0.0,0.0,10.0,,tree cover
9398,118,0.95,1.0,0.0,0.0,0.0,0.0,0.0,0.0,0.0,0.0,0.0,10.0,,tree cover
9509,118,0.95,1.0,0.0,0.0,0.0,0.0,0.0,0.0,0.0,0.0,0.0,10.0,,tree cover
9620,119,0.958,1.0,0.0,0.0,0.0,0.0,0.0,0.0,0.0,0.0,0.0,10.0,,tree cover
9731,121,0.974,1.0,0.0,0.0,0.0,0.0,0.0,0.0,0.0,0.0,0.0,10.0,,tree cover
9842,121,0.974,1.0,0.0,0.0,0.0,0.0,0.0,0.0,0.0,0.0,0.0,10.0,,tree cover
9953,121,0.974,1.0,0.0,0.0,0.0,0.0,0.0,0.0,0.0,0.0,0.0,10.0,,tree cover
10064,121,0.974,1.0,0.0,0.0,0.0,0.0,0.0,0.0,0.0,0.0,0.0,10.0,,tree cover
10175,121,0.974,1.0,0.0,0.0,0.0,0.0,0.0,0.0,0.0,0.0,0.0,10.0,,tree cover
10286,132,1.0,1.0,0.0,0.0,0.0,0.0,0.0,0.0,0.0,0.0,0.0,10.0,,tree cover
10397,121,0.974,1.0,0.0,0.0,0.0,0.0,0.0,0.0,0.0,0.0,0.0,10.0,,tree cover
10508,121,0.974,1.0,0.0,0.0,0.0,0.0,0.0,0.0,0.0,0.0,0.0,10.0,,tree cover
10619,121,0.974,1.0,0.0,0.0,0.0,0.0,0.0,0.0,0.0,0.0,0.0,10.0,,tree cover
10730,110,0.886,1.0,0.0,0.0,0.0,0.0,0.0,0.0,0.0,0.0,0.0,10.0,,tree cover
10841,112,0.902,1.0,0.0,0.0,0.0,0.0,0.0,0.0,0.0,0.0,0.0,10.0,,tree cover
10952,121,0.974,1.0,0.0,0.0,0.0,0.0,0.0,0.0,0.0,0.0,0.0,10.0,,tree cover
11063,132,1.0,1.0,0.0,0.0,0.0,0.0,0.0,0.0,0.0,0.0,0.0,10.0,,tree cover
11174,121,0.974,1.0,0.0,0.0,0.0,0.0,0.0,0.0,0.0,0.0,0.0,10.0,,tree cover
11285,121,0.974,1.0,0.0,0.0,0.0,0.0,0.0,0.0,0.0,0.0,0.0,10.0,,tree cover
11396,121,0.974,1.0,0.0,0.0,0.0,0.0,0.0,0.0,0.0,0.0,0.0,10.0,,tree cover
11507,121,0.974,1.0,0.0,0.0,0.0,0.0,0.0,0.0,0.0,0.0,0.0,10.0,,tree cover
11618,121,0.974,0.9835,0.0,0.0165,0.0,0.0,0.0,0.0,0.0,0.0,0.0,10.0,,tree cover
11729,121,0.974,0.8843,0.0,0.1157,0.0,0.0,0.0,0.0,0.0,0.0,0.0,10.0,,tree cover
11840,132,1.0,0.6894,0.0,0.0,0.0,0.3106,0.0,0.0,0.0,0.0,0.0,10.0,,tree cover
11951,116,0.934,0.7931,0.0,0.0,0.0,0.2069,0.0,0.0,0.0,0.0,0.0,10.0,,tree cover
12284,121,0.974,0.8678,0.0,0.0,0.0,0.1322,0.0,0.0,0.0,0.0,0.0,10.0,,tree cover
12395,121,0.974,1.0,0.0,0.0,0.0,0.0,0.0,0.0,0.0,0.0,0.0,10.0,,tree cover
12506,121,0.974,1.0,0.0,0.0,0.0,0.0,0.0,0.0,0.0,0.0,0.0,10.0,,tree cover
12728,122,0.982,1.0,0.0,0.0,0.0,0.0,0.0,0.0,0.0,0.0,0.0,10.0,,tree cover
12839,121,0.974,1.0,0.0,0.0,0.0,0.0,0.0,0.0,0.0,0.0,0.0,10.0,,tree cover
12950,121,0.974,1.0,0.0,0.0,0.0,0.0,0.0,0.0,0.0,0.0,0.0,10.0,,tree cover
13061,121,0.974,1.0,0.0,0.0,0.0,0.0,0.0,0.0,0.0,0.0,0.0,10.0,,tree cover
13172,121,0.974,1.0,0.0,0.0,0.0,0.0,0.0,0.0,0.0,0.0,0.0,10.0,,tree cover
13283,113,0.91,1.0,0.0,0.0,0.0,0.0,0.0,0.0,0.0,0.0,0.0,10.0,,tree cover
13394,117,0.942,1.0,0.0,0.0,0.0,0.0,0.0,0.0,0.0,0.0,0.0,10.0,,tree cover
13505,124,0.998,1.0,0.0,0.0,0.0,0.0,0.0,0.0,0.0,0.0,0.0,10.0,,tree cover
13616,121,0.974,1.0,0.0,0.0,0.0,0.0,0.0,0.0,0.0,0.0,0.0,10.0,,tree cover
13727,121,0.974,1.0,0.0,0.0,0.0,0.0,0.0,0.0,0.0,0.0,0.0,10.0,,tree cover
13838,121,0.974,0.9669,0.0,0.0331,0.0,0.0,0.0,0.0,0.0,0.0,0.0,10.0,,tree cover
13949,121,0.974,1.0,0.0,0.0,0.0,0.0,0.0,0.0,0.0,0.0,0.0,10.0,,tree cover
14060,121,0.974,1.0,0.0,0.0,0.0,0.0,0.0,0.0,0.0,0.0,0.0,10.0,,tree cover
14171,126,1.0,1.0,0.0,0.0,0.0,0.0,0.0,0.0,0.0,0.0,0.0,10.0,,tree cover
14282,127,1.0,1.0,0.0,0.0,0.0,0.0,0.0,0.0,0.0,0.0,0.0,10.0,,tree cover
14393,121,0.974,0.9917,0.0,0.0,0.0,0.0,0.0,0.0083,0.0,0.0,0.0,10.0,,tree cover
741,121,0.974,0.1818,0.0,0.0,0.0,0.8182,0.0,0.0,0.0,0.0,0.0,50.0,ground_built_up,built-up
852,121,0.974,0.0,0.0,0.0,0.0,1.0,0.0,0.0,0.0,0.0,0.0,50.0,ground_built_up,built-up
1074,121,0.974,0.4876,0.0,0.0,0.0,0.5124,0.0,0.0,0.0,0.0,0.0,50.0,ground_built_up,built-up
1296,121,0.974,0.4545,0.0,0.0,0.0,0.5455,0.0,0.0,0.0,0.0,0.0,50.0,ground_built_up,built-up
1407,130,1.0,0.2154,0.0,0.0,0.0,0.7846,0.0,0.0,0.0,0.0,0.0,50.0,ground_built_up,built-up
1518,123,0.99,0.5447,0.0,0.0894,0.0976,0.2683,0.0,0.0,0.0,0.0,0.0,10.0,,tree cover
1629,121,0.974,0.2314,0.0,0.4959,0.0331,0.2397,0.0,0.0,0.0,0.0,0.0,30.0,,grassland
1740,110,0.886,0.0818,0.0,0.8273,0.0,0.0909,0.0,0.0,0.0,0.0,0.0,30.0,,grassland
1851,113,0.91,0.2212,0.0,0.6195,0.0,0.1593,0.0,0.0,0.0,0.0,0.0,30.0,,grassland
2073,121,0.974,0.3058,0.0,0.6529,0.0083,0.0331,0.0,0.0,0.0,0.0,0.0,30.0,,grassland
2184,126,1.0,0.9683,0.0,0.0159,0.0,0.0159,0.0,0.0,0.0,0.0,0.0,10.0,,tree cover
2295,127,1.0,0.874,0.0,0.0,0.0,0.126,0.0,0.0,0.0,0.0,0.0,10.0,,tree cover
2406,121,0.974,0.876,0.0,0.124,0.0,0.0,0.0,0.0,0.0,0.0,0.0,10.0,,tree cover
2517,121,0.974,0.9669,0.0,0.0,0.0,0.0331,0.0,0.0,0.0,0.0,0.0,10.0,,tree cover
2850,121,0.974,0.8678,0.0,0.0,0.0,0.1322,0.0,0.0,0.0,0.0,0.0,10.0,,tree cover
2961,114,0.918,0.3158,0.0,0.0,0.0,0.6842,0.0,0.0,0.0,0.0,0.0,50.0,ground_built_up,built-up
3072,120,0.966,0.7917,0.0,0.0,0.0,0.2083,0.0,0.0,0.0,0.0,0.0,10.0,,tree cover
3183,121,0.974,0.843,0.0,0.0,0.0,0.157,0.0,0.0,0.0,0.0,0.0,10.0,,tree cover
3627,121,0.974,0.9504,0.0,0.0,0.0,0.0496,0.0,0.0,0.0,0.0,0.0,10.0,,tree cover
3738,121,0.974,0.9339,0.0,0.0,0.0,0.0661,0.0,0.0,0.0,0.0,0.0,10.0,,tree cover
3849,132,1.0,0.9318,0.0,0.0,0.0,0.0682,0.0,0.0,0.0,0.0,0.0,10.0,,tree cover
3960,121,0.974,1.0,0.0,0.0,0.0,0.0,0.0,0.0,0.0,0.0,0.0,10.0,,tree cover
4071,121,0.974,0.5372,0.0,0.4628,0.0,0.0,0.0,0.0,0.0,0.0,0.0,10.0,,tree cover
4182,113,0.91,0.4159,0.0,0.3628,0.0,0.2212,0.0,0.0,0.0,0.0,0.0,10.0,,tree cover
4293,110,0.886,0.1909,0.0,0.3818,0.0182,0.4091,0.0,0.0,0.0,0.0,0.0,50.0,,built-up
4404,120,0.966,0.2167,0.0,0.5083,0.0,0.275,0.0,0.0,0.0,0.0,0.0,30.0,,grassland
4515,121,0.974,0.1157,0.0,0.7934,0.0,0.0909,0.0,0.0,0.0,0.0,0.0,30.0,,grassland
4626,132,1.0,0.5758,0.0,0.2576,0.0303,0.1061,0.0303,0.0,0.0,0.0,0.0,10.0,,tree cover
4737,121,0.974,0.8595,0.0,0.0331,0.0083,0.0,0.0992,0.0,0.0,0.0,0.0,10.0,,tree cover
4848,121,0.974,0.8843,0.0,0.1157,0.0,0.0,0.0,0.0,0.0,0.0,0.0,10.0,,tree cover
4959,121,0.974,1.0,0.0,0.0,0.0,0.0,0.0,0.0,0.0,0.0,0.0,10.0,,tree cover
5070,121,0.974,1.0,0.0,0.0,0.0,0.0,0.0,0.0,0.0,0.0,0.0,10.0,,tree cover
5181,121,0.974,1.0,0.0,0.0,0.0,0.0,0.0,0.0,0.0,0.0,0.0,10.0,,tree cover
5292,121,0.974,1.0,0.0,0.0,0.0,0.0,0.0,0.0,0.0,0.0,0.0,10.0,,tree cover
5403,127,1.0,1.0,0.0,0.0,0.0,0.0,0.0,0.0,0.0,0.0,0.0,10.0,,tree cover
5514,110,0.886,1.0,0.0,0.0,0.0,0.0,0.0,0.0,0.0,0.0,0.0,10.0,,tree cover
5625,118,0.95,0.9492,0.0,0.0,0.0,0.0508,0.0,0.0,0.0,0.0,0.0,10.0,,tree cover
5736,121,0.974,0.843,0.0,0.0,0.0,0.157,0.0,0.0,0.0,0.0,0.0,10.0,,tree cover
5847,121,0.974,0.8843,0.0,0.0,0.0,0.1157,0.0,0.0,0.0,0.0,0.0,10.0,,tree cover
5958,121,0.974,0.5702,0.0,0.0,0.0,0.4298,0.0,0.0,0.0,0.0,0.0,10.0,,tree cover
6069,121,0.974,0.9421,0.0,0.0,0.0,0.0579,0.0,0.0,0.0,0.0,0.0,10.0,,tree cover
6180,129,1.0,0.9922,0.0,0.0,0.0,0.0078,0.0,0.0,0.0,0.0,0.0,10.0,,tree cover
6291,124,0.998,1.0,0.0,0.0,0.0,0.0,0.0,0.0,0.0,0.0,0.0,10.0,,tree cover
6402,121,0.974,1.0,0.0,0.0,0.0,0.0,0.0,0.0,0.0,0.0,0.0,10.0,,tree cover
6513,121,0.974,1.0,0.0,0.0,0.0,0.0,0.0,0.0,0.0,0.0,0.0,10.0,,tree cover
6624,120,0.966,0.9667,0.0,0.0333,0.0,0.0,0.0,0.0,0.0,0.0,0.0,10.0,,tree cover
6735,110,0.886,0.5273,0.0,0.4545,0.0182,0.0,0.0,0.0,0.0,0.0,0.0,10.0,,tree cover
6846,114,0.918,0.8684,0.0,0.1316,0.0,0.0,0.0,0.0,0.0,0.0,0.0,10.0,,tree cover
6957,126,1.0,1.0,0.0,0.0,0.0,0.0,0.0,0.0,0.0,0.0,0.0,10.0,,tree cover
7068,127,1.0,1.0,0.0,0.0,0.0,0.0,0.0,0.0,0.0,0.0,0.0,10.0,,tree cover
7179,121,0.974,1.0,0.0,0.0,0.0,0.0,0.0,0.0,0.0,0.0,0.0,10.0,,tree cover
7290,121,0.974,1.0,0.0,0.0,0.0,0.0,0.0,0.0,0.0,0.0,0.0,10.0,,tree cover
7401,121,0.974,1.0,0.0,0.0,0.0,0.0,0.0,0.0,0.0,0.0,0.0,10.0,,tree cover
7512,121,0.974,1.0,0.0,0.0,0.0,0.0,0.0,0.0,0.0,0.0,0.0,10.0,,tree cover
7623,121,0.974,1.0,0.0,0.0,0.0,0.0,0.0,0.0,0.0,0.0,0.0,10.0,,tree cover
7845,129,1.0,1.0,0.0,0.0,0.0,0.0,0.0,0.0,0.0,0.0,0.0,10.0,,tree cover
7956,112,0.902,0.8661,0.0,0.1339,0.0,0.0,0.0,0.0,0.0,0.0,0.0,10.0,,tree cover
8067,110,0.886,0.8545,0.0,0.1455,0.0,0.0,0.0,0.0,0.0,0.0,0.0,10.0,,tree cover
8178,121,0.974,0.5455,0.0,0.4545,0.0,0.0,0.0,0.0,0.0,0.0,0.0,10.0,,tree cover
8289,121,0.974,0.4793,0.0,0.5207,0.0,0.0,0.0,0.0,0.0,0.0,0.0,30.0,,grassland
8400,121,0.974,0.8926,0.0,0.1074,0.0,0.0,0.0,0.0,0.0,0.0,0.0,10.0,,tree cover
8511,121,0.974,1.0,0.0,0.0,0.0,0.0,0.0,0.0,0.0,0.0,0.0,10.0,,tree cover
8622,132,1.0,1.0,0.0,0.0,0.0,0.0,0.0,0.0,0.0,0.0,0.0,10.0,,tree cover
8733,121,0.974,1.0,0.0,0.0,0.0,0.0,0.0,0.0,0.0,0.0,0.0,10.0,,tree cover
8844,121,0.974,1.0,0.0,0.0,0.0,0.0,0.0,0.0,0.0,0.0,0.0,10.0,,tree cover
8955,121,0.974,1.0,0.0,0.0,0.0,0.0,0.0,0.0,0.0,0.0,0.0,10.0,,tree cover
9066,121,0.974,1.0,0.0,0.0,0.0,0.0,0.0,0.0,0.0,0.0,0.0,10.0,,tree cover
9288,110,0.886,1.0,0.0,0.0,0.0,0.0,0.0,0.0,0.0,0.0,0.0,10.0,,tree cover
9399,126,1.0,1.0,0.0,0.0,0.0,0.0,0.0,0.0,0.0,0.0,0.0,10.0,,tree cover
9510,121,0.974,1.0,0.0,0.0,0.0,0.0,0.0,0.0,0.0,0.0,0.0,10.0,,tree cover
9621,121,0.974,1.0,0.0,0.0,0.0,0.0,0.0,0.0,0.0,0.0,0.0,10.0,,tree cover
9732,121,0.974,1.0,0.0,0.0,0.0,0.0,0.0,0.0,0.0,0.0,0.0,10.0,,tree cover
9954,121,0.974,1.0,0.0,0.0,0.0,0.0,0.0,0.0,0.0,0.0,0.0,10.0,,tree cover
10065,121,0.974,1.0,0.0,0.0,0.0,0.0,0.0,0.0,0.0,0.0,0.0,10.0,,tree cover
10176,132,1.0,1.0,0.0,0.0,0.0,0.0,0.0,0.0,0.0,0.0,0.0,10.0,,tree cover
10287,121,0.974,1.0,0.0,0.0,0.0,0.0,0.0,0.0,0.0,0.0,0.0,10.0,,tree cover
10398,121,0.974,1.0,0.0,0.0,0.0,0.0,0.0,0.0,0.0,0.0,0.0,10.0,,tree cover
10509,112,0.902,1.0,0.0,0.0,0.0,0.0,0.0,0.0,0.0,0.0,0.0,10.0,,tree cover
10620,110,0.886,1.0,0.0,0.0,0.0,0.0,0.0,0.0,0.0,0.0,0.0,10.0,,tree cover
10731,121,0.974,1.0,0.0,0.0,0.0,0.0,0.0,0.0,0.0,0.0,0.0,10.0,,tree cover
10842,121,0.974,1.0,0.0,0.0,0.0,0.0,0.0,0.0,0.0,0.0,0.0,10.0,,tree cover
10953,129,1.0,1.0,0.0,0.0,0.0,0.0,0.0,0.0,0.0,0.0,0.0,10.0,,tree cover
11064,124,0.998,1.0,0.0,0.0,0.0,0.0,0.0,0.0,0.0,0.0,0.0,10.0,,tree cover
11175,121,0.974,1.0,0.0,0.0,0.0,0.0,0.0,0.0,0.0,0.0,0.0,10.0,,tree cover
11286,121,0.974,1.0,0.0,0.0,0.0,0.0,0.0,0.0,0.0,0.0,0.0,10.0,,tree cover
11397,121,0.974,1.0,0.0,0.0,0.0,0.0,0.0,0.0,0.0,0.0,0.0,10.0,,tree cover
11508,121,0.974,1.0,0.0,0.0,0.0,0.0,0.0,0.0,0.0,0.0,0.0,10.0,,tree cover
11619,121,0.974,1.0,0.0,0.0,0.0,0.0,0.0,0.0,0.0,0.0,0.0,10.0,,tree cover
11730,124,0.998,0.9516,0.0,0.0484,0.0,0.0,0.0,0.0,0.0,0.0,0.0,10.0,,tree cover
11841,115,0.926,1.0,0.0,0.0,0.0,0.0,0.0,0.0,0.0,0.0,0.0,10.0,,tree cover
11952,115,0.926,1.0,0.0,0.0,0.0,0.0,0.0,0.0,0.0,0.0,0.0,10.0,,tree cover
12063,121,0.974,1.0,0.0,0.0,0.0,0.0,0.0,0.0,0.0,0.0,0.0,10.0,,tree cover
12174,121,0.974,1.0,0.0,0.0,0.0,0.0,0.0,0.0,0.0,0.0,0.0,10.0,,tree cover
12507,124,0.998,1.0,0.0,0.0,0.0,0.0,0.0,0.0,0.0,0.0,0.0,10.0,,tree cover
12618,129,1.0,1.0,0.0,0.0,0.0,0.0,0.0,0.0,0.0,0.0,0.0,10.0,,tree cover
12729,121,0.974,1.0,0.0,0.0,0.0,0.0,0.0,0.0,0.0,0.0,0.0,10.0,,tree cover
12840,121,0.974,1.0,0.0,0.0,0.0,0.0,0.0,0.0,0.0,0.0,0.0,10.0,,tree cover
12951,121,0.974,1.0,0.0,0.0,0.0,0.0,0.0,0.0,0.0,0.0,0.0,10.0,,tree cover
13062,115,0.926,1.0,0.0,0.0,0.0,0.0,0.0,0.0,0.0,0.0,0.0,10.0,,tree cover
13173,110,0.886,1.0,0.0,0.0,0.0,0.0,0.0,0.0,0.0,0.0,0.0,10.0,,tree cover
13284,118,0.95,1.0,0.0,0.0,0.0,0.0,0.0,0.0,0.0,0.0,0.0,10.0,,tree cover
13395,132,1.0,1.0,0.0,0.0,0.0,0.0,0.0,0.0,0.0,0.0,0.0,10.0,,tree cover
13506,121,0.974,1.0,0.0,0.0,0.0,0.0,0.0,0.0,0.0,0.0,0.0,10.0,,tree cover
13617,121,0.974,1.0,0.0,0.0,0.0,0.0,0.0,0.0,0.0,0.0,0.0,10.0,,tree cover
13728,121,0.974,1.0,0.0,0.0,0.0,0.0,0.0,0.0,0.0,0.0,0.0,10.0,,tree cover
13839,121,0.974,1.0,0.0,0.0,0.0,0.0,0.0,0.0,0.0,0.0,0.0,10.0,,tree cover
13950,121,0.974,1.0,0.0,0.0,0.0,0.0,0.0,0.0,0.0,0.0,0.0,10.0,,tree cover
14061,121,0.974,1.0,0.0,0.0,0.0,0.0,0.0,0.0,0.0,0.0,0.0,10.0,,tree cover
14172,132,1.0,0.803,0.0,0.197,0.0,0.0,0.0,0.0,0.0,0.0,0.0,10.0,,tree cover
14283,121,0.974,1.0,0.0,0.0,0.0,0.0,0.0,0.0,0.0,0.0,0.0,10.0,,tree cover
14394,111,0.894,0.9459,0.0,0.0,0.0,0.0,0.0,0.0541,0.0,0.0,0.0,10.0,,tree cover
853,121,0.974,0.0083,0.0,0.0,0.0,0.9917,0.0,0.0,0.0,0.0,0.0,50.0,ground_built_up,built-up
964,121,0.974,0.0,0.0,0.0,0.0,1.0,0.0,0.0,0.0,0.0,0.0,50.0,ground_built_up,built-up
1075,121,0.974,0.4463,0.0,0.0,0.0,0.5537,0.0,0.0,0.0,0.0,0.0,50.0,ground_built_up,built-up
1297,124,0.998,0.5161,0.0,0.0,0.0,0.4839,0.0,0.0,0.0,0.0,0.0,10.0,,tree cover
1519,113,0.91,0.5841,0.0,0.0265,0.0,0.3894,0.0,0.0,0.0,0.0,0.0,10.0,,tree cover
1630,110,0.886,0.5727,0.0,0.0727,0.0,0.3545,0.0,0.0,0.0,0.0,0.0,10.0,,tree cover
1741,121,0.974,0.0,0.0,0.9587,0.0331,0.0083,0.0,0.0,0.0,0.0,0.0,30.0,,grassland
1852,121,0.974,0.0744,0.0,0.7355,0.1901,0.0,0.0,0.0,0.0,0.0,0.0,30.0,,grassland
1963,121,0.974,0.2314,0.0,0.7438,0.0248,0.0,0.0,0.0,0.0,0.0,0.0,30.0,,grassland
2074,121,0.974,0.2479,0.0,0.5124,0.0,0.2397,0.0,0.0,0.0,0.0,0.0,30.0,,grassland
2296,121,0.974,1.0,0.0,0.0,0.0,0.0,0.0,0.0,0.0,0.0,0.0,10.0,,tree cover
2407,121,0.974,1.0,0.0,0.0,0.0,0.0,0.0,0.0,0.0,0.0,0.0,10.0,,tree cover
2518,121,0.974,0.9091,0.0,0.0909,0.0,0.0,0.0,0.0,0.0,0.0,0.0,10.0,,tree cover
2629,121,0.974,0.9835,0.0,0.0,0.0,0.0165,0.0,0.0,0.0,0.0,0.0,10.0,,tree cover
2740,115,0.926,1.0,0.0,0.0,0.0,0.0,0.0,0.0,0.0,0.0,0.0,10.0,,tree cover
2962,130,1.0,0.8385,0.0,0.0077,0.0,0.1538,0.0,0.0,0.0,0.0,0.0,10.0,,tree cover
3073,121,0.974,0.8347,0.0,0.0496,0.0,0.1157,0.0,0.0,0.0,0.0,0.0,10.0,,tree cover
3184,121,0.974,0.2893,0.0,0.0,0.0,0.7107,0.0,0.0,0.0,0.0,0.0,50.0,ground_built_up,built-up
3295,121,0.974,0.562,0.0,0.0,0.0,0.438,0.0,0.0,0.0,0.0,0.0,10.0,,tree cover
3406,121,0.974,0.8017,0.0,0.0,0.0,0.1983,0.0,0.0,0.0,0.0,0.0,10.0,,tree cover
3517,121,0.974,0.6446,0.0,0.0,0.0,0.3554,0.0,0.0,0.0,0.0,0.0,10.0,,tree cover
3628,121,0.974,0.7025,0.0,0.0,0.0,0.2975,0.0,0.0,0.0,0.0,0.0,10.0,,tree cover
3850,121,0.974,1.0,0.0,0.0,0.0,0.0,0.0,0.0,0.0,0.0,0.0,10.0,,tree cover
3961,116,0.934,1.0,0.0,0.0,0.0,0.0,0.0,0.0,0.0,0.0,0.0,10.0,,tree cover
4072,110,0.886,1.0,0.0,0.0,0.0,0.0,0.0,0.0,0.0,0.0,0.0,10.0,,tree cover
4183,118,0.95,1.0,0.0,0.0,0.0,0.0,0.0,0.0,0.0,0.0,0.0,10.0,,tree cover
4294,121,0.974,1.0,0.0,0.0,0.0,0.0,0.0,0.0,0.0,0.0,0.0,10.0,,tree cover
4405,121,0.974,1.0,0.0,0.0,0.0,0.0,0.0,0.0,0.0,0.0,0.0,10.0,,tree cover
4516,129,1.0,0.7829,0.0,0.2171,0.0,0.0,0.0,0.0,0.0,0.0,0.0,10.0,,tree cover
4627,124,0.998,0.9355,0.0,0.0645,0.0,0.0,0.0,0.0,0.0,0.0,0.0,10.0,,tree cover
4738,121,0.974,1.0,0.0,0.0,0.0,0.0,0.0,0.0,0.0,0.0,0.0,10.0,,tree cover
4849,121,0.974,1.0,0.0,0.0,0.0,0.0,0.0,0.0,0.0,0.0,0.0,10.0,,tree cover
4960,121,0.974,1.0,0.0,0.0,0.0,0.0,0.0,0.0,0.0,0.0,0.0,10.0,,tree cover
5071,121,0.974,1.0,0.0,0.0,0.0,0.0,0.0,0.0,0.0,0.0,0.0,10.0,,tree cover
5182,119,0.958,1.0,0.0,0.0,0.0,0.0,0.0,0.0,0.0,0.0,0.0,10.0,,tree cover
5293,114,0.918,1.0,0.0,0.0,0.0,0.0,0.0,0.0,0.0,0.0,0.0,10.0,,tree cover
5404,121,0.974,1.0,0.0,0.0,0.0,0.0,0.0,0.0,0.0,0.0,0.0,10.0,,tree cover
5515,121,0.974,1.0,0.0,0.0,0.0,0.0,0.0,0.0,0.0,0.0,0.0,10.0,,tree cover
5626,121,0.974,0.8843,0.0,0.0,0.0,0.1157,0.0,0.0,0.0,0.0,0.0,10.0,,tree cover
5737,121,0.974,0.9917,0.0,0.0,0.0,0.0083,0.0,0.0,0.0,0.0,0.0,10.0,,tree cover
5848,121,0.974,1.0,0.0,0.0,0.0,0.0,0.0,0.0,0.0,0.0,0.0,10.0,,tree cover
5959,121,0.974,0.8512,0.0,0.0,0.0,0.1488,0.0,0.0,0.0,0.0,0.0,10.0,,tree cover
6070,123,0.99,1.0,0.0,0.0,0.0,0.0,0.0,0.0,0.0,0.0,0.0,10.0,,tree cover
6181,130,1.0,1.0,0.0,0.0,0.0,0.0,0.0,0.0,0.0,0.0,0.0,10.0,,tree cover
6292,121,0.974,1.0,0.0,0.0,0.0,0.0,0.0,0.0,0.0,0.0,0.0,10.0,,tree cover
6403,121,0.974,1.0,0.0,0.0,0.0,0.0,0.0,0.0,0.0,0.0,0.0,10.0,,tree cover
6514,111,0.894,1.0,0.0,0.0,0.0,0.0,0.0,0.0,0.0,0.0,0.0,10.0,,tree cover
6625,111,0.894,0.9459,0.0,0.0541,0.0,0.0,0.0,0.0,0.0,0.0,0.0,10.0,,tree cover
6736,121,0.974,0.124,0.0,0.7934,0.0826,0.0,0.0,0.0,0.0,0.0,0.0,30.0,,grassland
6847,121,0.974,0.7603,0.0,0.2397,0.0,0.0,0.0,0.0,0.0,0.0,0.0,10.0,,tree cover
6958,132,1.0,0.8712,0.0,0.1288,0.0,0.0,0.0,0.0,0.0,0.0,0.0,10.0,,tree cover
7069,121,0.974,1.0,0.0,0.0,0.0,0.0,0.0,0.0,0.0,0.0,0.0,10.0,,tree cover
7180,121,0.974,1.0,0.0,0.0,0.0,0.0,0.0,0.0,0.0,0.0,0.0,10.0,,tree cover
7291,121,0.974,1.0,0.0,0.0,0.0,0.0,0.0,0.0,0.0,0.0,0.0,10.0,,tree cover
7402,121,0.974,1.0,0.0,0.0,0.0,0.0,0.0,0.0,0.0,0.0,0.0,10.0,,tree cover
7513,121,0.974,1.0,0.0,0.0,0.0,0.0,0.0,0.0,0.0,0.0,0.0,10.0,,tree cover
7735,126,1.0,1.0,0.0,0.0,0.0,0.0,0.0,0.0,0.0,0.0,0.0,10.0,,tree cover
7846,110,0.886,1.0,0.0,0.0,0.0,0.0,0.0,0.0,0.0,0.0,0.0,10.0,,tree cover
7957,119,0.958,0.9328,0.0,0.0672,0.0,0.0,0.0,0.0,0.0,0.0,0.0,10.0,,tree cover
8068,121,0.974,0.8926,0.0,0.1074,0.0,0.0,0.0,0.0,0.0,0.0,0.0,10.0,,tree cover
8179,121,0.974,0.0413,0.0,0.9587,0.0,0.0,0.0,0.0,0.0,0.0,0.0,30.0,,grassland
8290,121,0.974,0.3802,0.0,0.6198,0.0,0.0,0.0,0.0,0.0,0.0,0.0,30.0,,grassland
8401,121,0.974,0.8512,0.0,0.1488,0.0,0.0,0.0,0.0,0.0,0.0,0.0,10.0,,tree cover
8512,131,1.0,1.0,0.0,0.0,0.0,0.0,0.0,0.0,0.0,0.0,0.0,10.0,,tree cover
8623,122,0.982,1.0,0.0,0.0,0.0,0.0,0.0,0.0,0.0,0.0,0.0,10.0,,tree cover
8734,121,0.974,1.0,0.0,0.0,0.0,0.0,0.0,0.0,0.0,0.0,0.0,10.0,,tree cover
8845,121,0.974,0.9174,0.0,0.0,0.0,0.0826,0.0,0.0,0.0,0.0,0.0,10.0,,tree cover
8956,120,0.966,0.7583,0.0,0.0,0.0,0.2417,0.0,0.0,0.0,0.0,0.0,10.0,,tree cover
9067,110,0.886,1.0,0.0,0.0,0.0,0.0,0.0,0.0,0.0,0.0,0.0,10.0,,tree cover
9178,113,0.91,1.0,0.0,0.0,0.0,0.0,0.0,0.0,0.0,0.0,0.0,10.0,,tree cover
9289,128,1.0,1.0,0.0,0.0,0.0,0.0,0.0,0.0,0.0,0.0,0.0,10.0,,tree cover
9400,125,1.0,1.0,0.0,0.0,0.0,0.0,0.0,0.0,0.0,0.0,0.0,10.0,,tree cover
9511,121,0.974,1.0,0.0,0.0,0.0,0.0,0.0,0.0,0.0,0.0,0.0,10.0,,tree cover
9622,121,0.974,1.0,0.0,0.0,0.0,0.0,0.0,0.0,0.0,0.0,0.0,10.0,,tree cover
9733,121,0.974,1.0,0.0,0.0,0.0,0.0,0.0,0.0,0.0,0.0,0.0,10.0,,tree cover
9844,121,0.974,1.0,0.0,0.0,0.0,0.0,0.0,0.0,0.0,0.0,0.0,10.0,,tree cover
9955,121,0.974,1.0,0.0,0.0,0.0,0.0,0.0,0.0,0.0,0.0,0.0,10.0,,tree cover
10066,126,1.0,1.0,0.0,0.0,0.0,0.0,0.0,0.0,0.0,0.0,0.0,10.0,,tree cover
10177,127,1.0,1.0,0.0,0.0,0.0,0.0,0.0,0.0,0.0,0.0,0.0,10.0,,tree cover
10288,114,0.918,1.0,0.0,0.0,0.0,0.0,0.0,0.0,0.0,0.0,0.0,10.0,,tree cover
10399,110,0.886,1.0,0.0,0.0,0.0,0.0,0.0,0.0,0.0,0.0,0.0,10.0,,tree cover
10510,119,0.958,1.0,0.0,0.0,0.0,0.0,0.0,0.0,0.0,0.0,0.0,10.0,,tree cover
10621,121,0.974,1.0,0.0,0.0,0.0,0.0,0.0,0.0,0.0,0.0,0.0,10.0,,tree cover
10732,121,0.974,1.0,0.0,0.0,0.0,0.0,0.0,0.0,0.0,0.0,0.0,10.0,,tree cover
10843,123,0.99,1.0,0.0,0.0,0.0,0.0,0.0,0.0,0.0,0.0,0.0,10.0,,tree cover
10954,130,1.0,1.0,0.0,0.0,0.0,0.0,0.0,0.0,0.0,0.0,0.0,10.0,,tree cover
11065,121,0.974,1.0,0.0,0.0,0.0,0.0,0.0,0.0,0.0,0.0,0.0,10.0,,tree cover
11176,121,0.974,1.0,0.0,0.0,0.0,0.0,0.0,0.0,0.0,0.0,0.0,10.0,,tree cover
11287,121,0.974,1.0,0.0,0.0,0.0,0.0,0.0,0.0,0.0,0.0,0.0,10.0,,tree cover
11398,121,0.974,1.0,0.0,0.0,0.0,0.0,0.0,0.0,0.0,0.0,0.0,10.0,,tree cover
11509,121,0.974,1.0,0.0,0.0,0.0,0.0,0.0,0.0,0.0,0.0,0.0,10.0,,tree cover
11620,110,0.886,1.0,0.0,0.0,0.0,0.0,0.0,0.0,0.0,0.0,0.0,10.0,,tree cover
11731,123,0.99,0.9675,0.0,0.0325,0.0,0.0,0.0,0.0,0.0,0.0,0.0,10.0,,tree cover
11842,121,0.974,1.0,0.0,0.0,0.0,0.0,0.0,0.0,0.0,0.0,0.0,10.0,,tree cover
11953,121,0.974,1.0,0.0,0.0,0.0,0.0,0.0,0.0,0.0,0.0,0.0,10.0,,tree cover
12064,121,0.974,1.0,0.0,0.0,0.0,0.0,0.0,0.0,0.0,0.0,0.0,10.0,,tree cover
12286,121,0.974,0.686,0.0,0.0,0.0,0.314,0.0,0.0,0.0,0.0,0.0,10.0,,tree cover
12397,121,0.974,0.9752,0.0,0.0,0.0,0.0248,0.0,0.0,0.0,0.0,0.0,10.0,,tree cover
12508,132,1.0,1.0,0.0,0.0,0.0,0.0,0.0,0.0,0.0,0.0,0.0,10.0,,tree cover
12619,121,0.974,1.0,0.0,0.0,0.0,0.0,0.0,0.0,0.0,0.0,0.0,10.0,,tree cover
12730,121,0.974,0.9917,0.0,0.0083,0.0,0.0,0.0,0.0,0.0,0.0,0.0,10.0,,tree cover
12841,117,0.942,1.0,0.0,0.0,0.0,0.0,0.0,0.0,0.0,0.0,0.0,10.0,,tree cover
12952,110,0.886,1.0,0.0,0.0,0.0,0.0,0.0,0.0,0.0,0.0,0.0,10.0,,tree cover
13063,116,0.934,1.0,0.0,0.0,0.0,0.0,0.0,0.0,0.0,0.0,0.0,10.0,,tree cover
13174,121,0.974,1.0,0.0,0.0,0.0,0.0,0.0,0.0,0.0,0.0,0.0,10.0,,tree cover
13285,132,1.0,1.0,0.0,0.0,0.0,0.0,0.0,0.0,0.0,0.0,0.0,10.0,,tree cover
13396,121,0.974,1.0,0.0,0.0,0.0,0.0,0.0,0.0,0.0,0.0,0.0,10.0,,tree cover
13507,121,0.974,1.0,0.0,0.0,0.0,0.0,0.0,0.0,0.0,0.0,0.0,10.0,,tree cover
13618,121,0.974,1.0,0.0,0.0,0.0,0.0,0.0,0.0,0.0,0.0,0.0,10.0,,tree cover
13729,121,0.974,1.0,0.0,0.0,0.0,0.0,0.0,0.0,0.0,0.0,0.0,10.0,,tree cover
13840,121,0.974,1.0,0.0,0.0,0.0,0.0,0.0,0.0,0.0,0.0,0.0,10.0,,tree cover
13951,121,0.974,1.0,0.0,0.0,0.0,0.0,0.0,0.0,0.0,0.0,0.0,10.0,,tree cover
14062,130,1.0,1.0,0.0,0.0,0.0,0.0,0.0,0.0,0.0,0.0,0.0,10.0,,tree cover
14173,115,0.926,1.0,0.0,0.0,0.0,0.0,0.0,0.0,0.0,0.0,0.0,10.0,,tree cover
14284,110,0.886,1.0,0.0,0.0,0.0,0.0,0.0,0.0,0.0,0.0,0.0,10.0,,tree cover
14395,120,0.966,1.0,0.0,0.0,0.0,0.0,0.0,0.0,0.0,0.0,0.0,10.0,,tree cover
854,121,0.974,0.1901,0.0,0.0,0.0,0.8099,0.0,0.0,0.0,0.0,0.0,50.0,ground_built_up,built-up
965,121,0.974,0.405,0.0,0.0,0.0,0.595,0.0,0.0,0.0,0.0,0.0,50.0,ground_built_up,built-up
1409,110,0.886,1.0,0.0,0.0,0.0,0.0,0.0,0.0,0.0,0.0,0.0,10.0,,tree cover
1631,121,0.974,0.7934,0.0,0.0,0.0,0.2066,0.0,0.0,0.0,0.0,0.0,10.0,,tree cover
1853,121,0.974,0.7521,0.0,0.0826,0.0,0.1653,0.0,0.0,0.0,0.0,0.0,10.0,,tree cover
2408,121,0.974,1.0,0.0,0.0,0.0,0.0,0.0,0.0,0.0,0.0,0.0,10.0,,tree cover
2519,117,0.942,0.9402,0.0,0.0598,0.0,0.0,0.0,0.0,0.0,0.0,0.0,10.0,,tree cover
2630,110,0.886,0.9273,0.0,0.0727,0.0,0.0,0.0,0.0,0.0,0.0,0.0,10.0,,tree cover
2741,116,0.934,0.7241,0.0,0.0,0.0,0.2759,0.0,0.0,0.0,0.0,0.0,10.0,,tree cover
2852,129,1.0,0.4496,0.0,0.0,0.0,0.5504,0.0,0.0,0.0,0.0,0.0,50.0,ground_built_up,built-up
2963,124,0.998,0.7016,0.0,0.0,0.0,0.2984,0.0,0.0,0.0,0.0,0.0,10.0,,tree cover
3185,121,0.974,0.9339,0.0,0.0248,0.0,0.0413,0.0,0.0,0.0,0.0,0.0,10.0,,tree cover
3296,121,0.974,0.876,0.0,0.0,0.0,0.124,0.0,0.0,0.0,0.0,0.0,10.0,,tree cover
3407,121,0.974,0.6694,0.0,0.0,0.0,0.3306,0.0,0.0,0.0,0.0,0.0,10.0,,tree cover
3629,126,1.0,0.754,0.0,0.0,0.0,0.246,0.0,0.0,0.0,0.0,0.0,10.0,,tree cover
3740,125,1.0,0.864,0.0,0.0,0.0,0.136,0.0,0.0,0.0,0.0,0.0,10.0,,tree cover
3851,110,0.886,1.0,0.0,0.0,0.0,0.0,0.0,0.0,0.0,0.0,0.0,10.0,,tree cover
3962,115,0.926,1.0,0.0,0.0,0.0,0.0,0.0,0.0,0.0,0.0,0.0,10.0,,tree cover
4073,121,0.974,1.0,0.0,0.0,0.0,0.0,0.0,0.0,0.0,0.0,0.0,10.0,,tree cover
4184,121,0.974,1.0,0.0,0.0,0.0,0.0,0.0,0.0,0.0,0.0,0.0,10.0,,tree cover
4295,121,0.974,1.0,0.0,0.0,0.0,0.0,0.0,0.0,0.0,0.0,0.0,10.0,,tree cover
4406,123,0.99,1.0,0.0,0.0,0.0,0.0,0.0,0.0,0.0,0.0,0.0,10.0,,tree cover
4517,130,1.0,0.5308,0.0,0.4692,0.0,0.0,0.0,0.0,0.0,0.0,0.0,10.0,,tree cover
4628,121,0.974,0.8347,0.0,0.1653,0.0,0.0,0.0,0.0,0.0,0.0,0.0,10.0,,tree cover
4739,121,0.974,1.0,0.0,0.0,0.0,0.0,0.0,0.0,0.0,0.0,0.0,10.0,,tree cover
4850,121,0.974,1.0,0.0,0.0,0.0,0.0,0.0,0.0,0.0,0.0,0.0,10.0,,tree cover
4961,121,0.974,1.0,0.0,0.0,0.0,0.0,0.0,0.0,0.0,0.0,0.0,10.0,,tree cover
5072,111,0.894,0.6396,0.0,0.0,0.0,0.3604,0.0,0.0,0.0,0.0,0.0,10.0,,tree cover
5294,132,1.0,0.9091,0.0,0.0,0.0,0.0909,0.0,0.0,0.0,0.0,0.0,10.0,,tree cover
5405,121,0.974,1.0,0.0,0.0,0.0,0.0,0.0,0.0,0.0,0.0,0.0,10.0,,tree cover
5849,121,0.974,1.0,0.0,0.0,0.0,0.0,0.0,0.0,0.0,0.0,0.0,10.0,,tree cover
5960,121,0.974,0.6942,0.0,0.0,0.0,0.3058,0.0,0.0,0.0,0.0,0.0,10.0,,tree cover
6071,132,1.0,0.9773,0.0,0.0,0.0,0.0227,0.0,0.0,0.0,0.0,0.0,10.0,,tree cover
6182,121,0.974,1.0,0.0,0.0,0.0,0.0,0.0,0.0,0.0,0.0,0.0,10.0,,tree cover
6293,113,0.91,1.0,0.0,0.0,0.0,0.0,0.0,0.0,0.0,0.0,0.0,10.0,,tree cover
6404,110,0.886,1.0,0.0,0.0,0.0,0.0,0.0,0.0,0.0,0.0,0.0,10.0,,tree cover
6515,120,0.966,0.9667,0.0,0.0333,0.0,0.0,0.0,0.0,0.0,0.0,0.0,10.0,,tree cover
6626,121,0.974,0.7025,0.0,0.2975,0.0,0.0,0.0,0.0,0.0,0.0,0.0,10.0,,tree cover
6737,121,0.974,0.719,0.0,0.1488,0.1322,0.0,0.0,0.0,0.0,0.0,0.0,10.0,,tree cover
6848,131,1.0,0.9924,0.0,0.0076,0.0,0.0,0.0,0.0,0.0,0.0,0.0,10.0,,tree cover
6959,122,0.982,0.4508,0.0,0.5492,0.0,0.0,0.0,0.0,0.0,0.0,0.0,30.0,,grassland
7181,121,0.974,0.9256,0.0,0.0744,0.0,0.0,0.0,0.0,0.0,0.0,0.0,10.0,,tree cover
7292,121,0.974,1.0,0.0,0.0,0.0,0.0,0.0,0.0,0.0,0.0,0.0,10.0,,tree cover
7403,121,0.974,1.0,0.0,0.0,0.0,0.0,0.0,0.0,0.0,0.0,0.0,10.0,,tree cover
7625,117,0.942,1.0,0.0,0.0,0.0,0.0,0.0,0.0,0.0,0.0,0.0,10.0,,tree cover
7736,119,0.958,1.0,0.0,0.0,0.0,0.0,0.0,0.0,0.0,0.0,0.0,10.0,,tree cover
7847,121,0.974,1.0,0.0,0.0,0.0,0.0,0.0,0.0,0.0,0.0,0.0,10.0,,tree cover
7958,121,0.974,0.876,0.0,0.124,0.0,0.0,0.0,0.0,0.0,0.0,0.0,10.0,,tree cover
8069,121,0.974,1.0,0.0,0.0,0.0,0.0,0.0,0.0,0.0,0.0,0.0,10.0,,tree cover
8180,121,0.974,0.7438,0.0,0.2562,0.0,0.0,0.0,0.0,0.0,0.0,0.0,10.0,,tree cover
8291,121,0.974,0.9752,0.0,0.0248,0.0,0.0,0.0,0.0,0.0,0.0,0.0,10.0,,tree cover
8402,125,1.0,0.856,0.0,0.144,0.0,0.0,0.0,0.0,0.0,0.0,0.0,10.0,,tree cover
8513,128,1.0,1.0,0.0,0.0,0.0,0.0,0.0,0.0,0.0,0.0,0.0,10.0,,tree cover
8624,121,0.974,1.0,0.0,0.0,0.0,0.0,0.0,0.0,0.0,0.0,0.0,10.0,,tree cover
8735,121,0.974,1.0,0.0,0.0,0.0,0.0,0.0,0.0,0.0,0.0,0.0,10.0,,tree cover
8846,111,0.894,0.973,0.0,0.0,0.0,0.027,0.0,0.0,0.0,0.0,0.0,10.0,,tree cover
9068,121,0.974,0.9752,0.0,0.0,0.0,0.0248,0.0,0.0,0.0,0.0,0.0,10.0,,tree cover
9179,122,0.982,1.0,0.0,0.0,0.0,0.0,0.0,0.0,0.0,0.0,0.0,10.0,,tree cover
9290,131,1.0,1.0,0.0,0.0,0.0,0.0,0.0,0.0,0.0,0.0,0.0,10.0,,tree cover
9401,121,0.974,0.9504,0.0,0.0,0.0,0.0496,0.0,0.0,0.0,0.0,0.0,10.0,,tree cover
9512,121,0.974,1.0,0.0,0.0,0.0,0.0,0.0,0.0,0.0,0.0,0.0,10.0,,tree cover
9623,121,0.974,1.0,0.0,0.0,0.0,0.0,0.0,0.0,0.0,0.0,0.0,10.0,,tree cover
9734,121,0.974,1.0,0.0,0.0,0.0,0.0,0.0,0.0,0.0,0.0,0.0,10.0,,tree cover
9845,121,0.974,1.0,0.0,0.0,0.0,0.0,0.0,0.0,0.0,0.0,0.0,10.0,,tree cover
9956,121,0.974,1.0,0.0,0.0,0.0,0.0,0.0,0.0,0.0,0.0,0.0,10.0,,tree cover
10067,127,1.0,1.0,0.0,0.0,0.0,0.0,0.0,0.0,0.0,0.0,0.0,10.0,,tree cover
10178,110,0.886,1.0,0.0,0.0,0.0,0.0,0.0,0.0,0.0,0.0,0.0,10.0,,tree cover
10289,117,0.942,1.0,0.0,0.0,0.0,0.0,0.0,0.0,0.0,0.0,0.0,10.0,,tree cover
10400,121,0.974,1.0,0.0,0.0,0.0,0.0,0.0,0.0,0.0,0.0,0.0,10.0,,tree cover
10511,121,0.974,1.0,0.0,0.0,0.0,0.0,0.0,0.0,0.0,0.0,0.0,10.0,,tree cover
10622,121,0.974,1.0,0.0,0.0,0.0,0.0,0.0,0.0,0.0,0.0,0.0,10.0,,tree cover
10733,121,0.974,1.0,0.0,0.0,0.0,0.0,0.0,0.0,0.0,0.0,0.0,10.0,,tree cover
10844,132,1.0,1.0,0.0,0.0,0.0,0.0,0.0,0.0,0.0,0.0,0.0,10.0,,tree cover
10955,121,0.974,1.0,0.0,0.0,0.0,0.0,0.0,0.0,0.0,0.0,0.0,10.0,,tree cover
11066,121,0.974,1.0,0.0,0.0,0.0,0.0,0.0,0.0,0.0,0.0,0.0,10.0,,tree cover
11177,121,0.974,1.0,0.0,0.0,0.0,0.0,0.0,0.0,0.0,0.0,0.0,10.0,,tree cover
11288,121,0.974,1.0,0.0,0.0,0.0,0.0,0.0,0.0,0.0,0.0,0.0,10.0,,tree cover
11399,112,0.902,1.0,0.0,0.0,0.0,0.0,0.0,0.0,0.0,0.0,0.0,10.0,,tree cover
11510,110,0.886,1.0,0.0,0.0,0.0,0.0,0.0,0.0,0.0,0.0,0.0,10.0,,tree cover
11621,131,1.0,1.0,0.0,0.0,0.0,0.0,0.0,0.0,0.0,0.0,0.0,10.0,,tree cover
11732,122,0.982,1.0,0.0,0.0,0.0,0.0,0.0,0.0,0.0,0.0,0.0,10.0,,tree cover
11843,121,0.974,1.0,0.0,0.0,0.0,0.0,0.0,0.0,0.0,0.0,0.0,10.0,,tree cover
11954,121,0.974,1.0,0.0,0.0,0.0,0.0,0.0,0.0,0.0,0.0,0.0,10.0,,tree cover
12176,121,0.974,1.0,0.0,0.0,0.0,0.0,0.0,0.0,0.0,0.0,0.0,10.0,,tree cover
12398,129,1.0,0.9922,0.0,0.0,0.0,0.0078,0.0,0.0,0.0,0.0,0.0,10.0,,tree cover
12509,124,0.998,1.0,0.0,0.0,0.0,0.0,0.0,0.0,0.0,0.0,0.0,10.0,,tree cover
12620,118,0.95,1.0,0.0,0.0,0.0,0.0,0.0,0.0,0.0,0.0,0.0,10.0,,tree cover
12731,110,0.886,0.9091,0.0,0.0909,0.0,0.0,0.0,0.0,0.0,0.0,0.0,10.0,,tree cover
12842,114,0.918,1.0,0.0,0.0,0.0,0.0,0.0,0.0,0.0,0.0,0.0,10.0,,tree cover
12953,121,0.974,1.0,0.0,0.0,0.0,0.0,0.0,0.0,0.0,0.0,0.0,10.0,,tree cover
13064,121,0.974,1.0,0.0,0.0,0.0,0.0,0.0,0.0,0.0,0.0,0.0,10.0,,tree cover
13175,126,1.0,1.0,0.0,0.0,0.0,0.0,0.0,0.0,0.0,0.0,0.0,10.0,,tree cover
13286,127,1.0,1.0,0.0,0.0,0.0,0.0,0.0,0.0,0.0,0.0,0.0,10.0,,tree cover
13397,121,0.974,1.0,0.0,0.0,0.0,0.0,0.0,0.0,0.0,0.0,0.0,10.0,,tree cover
13508,121,0.974,1.0,0.0,0.0,0.0,0.0,0.0,0.0,0.0,0.0,0.0,10.0,,tree cover
13619,121,0.974,1.0,0.0,0.0,0.0,0.0,0.0,0.0,0.0,0.0,0.0,10.0,,tree cover
13730,121,0.974,1.0,0.0,0.0,0.0,0.0,0.0,0.0,0.0,0.0,0.0,10.0,,tree cover
13841,121,0.974,1.0,0.0,0.0,0.0,0.0,0.0,0.0,0.0,0.0,0.0,10.0,,tree cover
13952,118,0.95,1.0,0.0,0.0,0.0,0.0,0.0,0.0,0.0,0.0,0.0,10.0,,tree cover
14063,118,0.95,1.0,0.0,0.0,0.0,0.0,0.0,0.0,0.0,0.0,0.0,10.0,,tree cover
14174,118,0.95,1.0,0.0,0.0,0.0,0.0,0.0,0.0,0.0,0.0,0.0,10.0,,tree cover
14285,121,0.974,1.0,0.0,0.0,0.0,0.0,0.0,0.0,0.0,0.0,0.0,10.0,,tree cover
14396,121,0.974,0.9339,0.0,0.0661,0.0,0.0,0.0,0.0,0.0,0.0,0.0,10.0,,tree cover
522,121,0.974,0.2066,0.0,0.0,0.0,0.7934,0.0,0.0,0.0,0.0,0.0,50.0,ground_built_up,built-up
1743,121,0.974,0.2562,0.0,0.0,0.281,0.4628,0.0,0.0,0.0,0.0,0.0,50.0,,built-up
1854,121,0.974,0.4959,0.0,0.0,0.0,0.5041,0.0,0.0,0.0,0.0,0.0,50.0,ground_built_up,built-up
2076,126,1.0,0.4206,0.0,0.0,0.1032,0.4762,0.0,0.0,0.0,0.0,0.0,50.0,,built-up
2187,121,0.974,0.2727,0.0,0.0826,0.0992,0.5455,0.0,0.0,0.0,0.0,0.0,50.0,ground_built_up,built-up
2409,110,0.886,0.9545,0.0,0.0364,0.0,0.0091,0.0,0.0,0.0,0.0,0.0,10.0,,tree cover
2520,114,0.918,0.9211,0.0,0.0614,0.0088,0.0088,0.0,0.0,0.0,0.0,0.0,10.0,,tree cover
2631,121,0.974,1.0,0.0,0.0,0.0,0.0,0.0,0.0,0.0,0.0,0.0,10.0,,tree cover
2964,121,0.974,0.0909,0.0,0.0,0.0,0.9091,0.0,0.0,0.0,0.0,0.0,50.0,ground_built_up,built-up
3075,121,0.974,0.6446,0.0,0.0,0.0,0.3554,0.0,0.0,0.0,0.0,0.0,10.0,,tree cover
3186,121,0.974,0.6777,0.0,0.0083,0.0,0.314,0.0,0.0,0.0,0.0,0.0,10.0,,tree cover
3519,121,0.974,0.2231,0.0,0.0,0.0,0.7769,0.0,0.0,0.0,0.0,0.0,50.0,ground_built_up,built-up
3630,121,0.974,0.4463,0.0,0.0,0.0,0.5537,0.0,0.0,0.0,0.0,0.0,50.0,ground_built_up,built-up
3741,112,0.902,0.8214,0.0,0.0,0.0,0.1786,0.0,0.0,0.0,0.0,0.0,10.0,,tree cover
3852,121,0.974,1.0,0.0,0.0,0.0,0.0,0.0,0.0,0.0,0.0,0.0,10.0,,tree cover
3963,121,0.974,1.0,0.0,0.0,0.0,0.0,0.0,0.0,0.0,0.0,0.0,10.0,,tree cover
4074,121,0.974,1.0,0.0,0.0,0.0,0.0,0.0,0.0,0.0,0.0,0.0,10.0,,tree cover
4296,121,0.974,1.0,0.0,0.0,0.0,0.0,0.0,0.0,0.0,0.0,0.0,10.0,,tree cover
4407,132,1.0,0.9697,0.0,0.0303,0.0,0.0,0.0,0.0,0.0,0.0,0.0,10.0,,tree cover
4629,121,0.974,1.0,0.0,0.0,0.0,0.0,0.0,0.0,0.0,0.0,0.0,10.0,,tree cover
4851,113,0.91,1.0,0.0,0.0,0.0,0.0,0.0,0.0,0.0,0.0,0.0,10.0,,tree cover
4962,110,0.886,1.0,0.0,0.0,0.0,0.0,0.0,0.0,0.0,0.0,0.0,10.0,,tree cover
5073,120,0.966,0.8917,0.0,0.0,0.0,0.1083,0.0,0.0,0.0,0.0,0.0,10.0,,tree cover
5184,131,1.0,0.3893,0.0,0.0,0.0,0.6107,0.0,0.0,0.0,0.0,0.0,50.0,ground_built_up,built-up
5295,122,0.982,0.9672,0.0,0.0,0.0,0.0328,0.0,0.0,0.0,0.0,0.0,10.0,,tree cover
5406,121,0.974,1.0,0.0,0.0,0.0,0.0,0.0,0.0,0.0,0.0,0.0,10.0,,tree cover
5517,121,0.974,1.0,0.0,0.0,0.0,0.0,0.0,0.0,0.0,0.0,0.0,10.0,,tree cover
5628,121,0.974,0.9587,0.0,0.0,0.0,0.0413,0.0,0.0,0.0,0.0,0.0,10.0,,tree cover
5739,121,0.974,1.0,0.0,0.0,0.0,0.0,0.0,0.0,0.0,0.0,0.0,10.0,,tree cover
5850,121,0.974,1.0,0.0,0.0,0.0,0.0,0.0,0.0,0.0,0.0,0.0,10.0,,tree cover
5961,128,1.0,1.0,0.0,0.0,0.0,0.0,0.0,0.0,0.0,0.0,0.0,10.0,,tree cover
6072,120,0.966,1.0,0.0,0.0,0.0,0.0,0.0,0.0,0.0,0.0,0.0,10.0,,tree cover
6183,110,0.886,1.0,0.0,0.0,0.0,0.0,0.0,0.0,0.0,0.0,0.0,10.0,,tree cover
6294,118,0.95,1.0,0.0,0.0,0.0,0.0,0.0,0.0,0.0,0.0,0.0,10.0,,tree cover
6405,121,0.974,1.0,0.0,0.0,0.0,0.0,0.0,0.0,0.0,0.0,0.0,10.0,,tree cover
6516,121,0.974,0.9917,0.0,0.0083,0.0,0.0,0.0,0.0,0.0,0.0,0.0,10.0,,tree cover
6627,121,0.974,1.0,0.0,0.0,0.0,0.0,0.0,0.0,0.0,0.0,0.0,10.0,,tree cover
6738,125,1.0,0.744,0.0,0.064,0.192,0.0,0.0,0.0,0.0,0.0,0.0,10.0,,tree cover
6849,128,1.0,0.8828,0.0,0.1172,0.0,0.0,0.0,0.0,0.0,0.0,0.0,10.0,,tree cover
6960,121,0.974,1.0,0.0,0.0,0.0,0.0,0.0,0.0,0.0,0.0,0.0,10.0,,tree cover
7071,121,0.974,0.9835,0.0,0.0165,0.0,0.0,0.0,0.0,0.0,0.0,0.0,10.0,,tree cover
7182,121,0.974,0.8595,0.0,0.1405,0.0,0.0,0.0,0.0,0.0,0.0,0.0,10.0,,tree cover
7293,120,0.966,1.0,0.0,0.0,0.0,0.0,0.0,0.0,0.0,0.0,0.0,10.0,,tree cover
7404,110,0.886,1.0,0.0,0.0,0.0,0.0,0.0,0.0,0.0,0.0,0.0,10.0,,tree cover
7515,114,0.918,1.0,0.0,0.0,0.0,0.0,0.0,0.0,0.0,0.0,0.0,10.0,,tree cover
7626,131,1.0,1.0,0.0,0.0,0.0,0.0,0.0,0.0,0.0,0.0,0.0,10.0,,tree cover
7737,121,0.974,1.0,0.0,0.0,0.0,0.0,0.0,0.0,0.0,0.0,0.0,10.0,,tree cover
7848,121,0.974,1.0,0.0,0.0,0.0,0.0,0.0,0.0,0.0,0.0,0.0,10.0,,tree cover
7959,121,0.974,1.0,0.0,0.0,0.0,0.0,0.0,0.0,0.0,0.0,0.0,10.0,,tree cover
8070,121,0.974,1.0,0.0,0.0,0.0,0.0,0.0,0.0,0.0,0.0,0.0,10.0,,tree cover
8181,121,0.974,1.0,0.0,0.0,0.0,0.0,0.0,0.0,0.0,0.0,0.0,10.0,,tree cover
8292,121,0.974,1.0,0.0,0.0,0.0,0.0,0.0,0.0,0.0,0.0,0.0,10.0,,tree cover
8403,132,1.0,1.0,0.0,0.0,0.0,0.0,0.0,0.0,0.0,0.0,0.0,10.0,,tree cover
8514,121,0.974,1.0,0.0,0.0,0.0,0.0,0.0,0.0,0.0,0.0,0.0,10.0,,tree cover
8625,113,0.91,1.0,0.0,0.0,0.0,0.0,0.0,0.0,0.0,0.0,0.0,10.0,,tree cover
8736,110,0.886,1.0,0.0,0.0,0.0,0.0,0.0,0.0,0.0,0.0,0.0,10.0,,tree cover
8847,120,0.966,0.9417,0.0,0.0,0.0,0.0583,0.0,0.0,0.0,0.0,0.0,10.0,,tree cover
8958,121,0.974,0.9339,0.0,0.0,0.0,0.0661,0.0,0.0,0.0,0.0,0.0,10.0,,tree cover
9069,121,0.974,0.9917,0.0,0.0,0.0,0.0083,0.0,0.0,0.0,0.0,0.0,10.0,,tree cover
9180,132,1.0,1.0,0.0,0.0,0.0,0.0,0.0,0.0,0.0,0.0,0.0,10.0,,tree cover
9291,121,0.974,1.0,0.0,0.0,0.0,0.0,0.0,0.0,0.0,0.0,0.0,10.0,,tree cover
9402,121,0.974,0.9752,0.0,0.0,0.0,0.0248,0.0,0.0,0.0,0.0,0.0,10.0,,tree cover
9624,121,0.974,1.0,0.0,0.0,0.0,0.0,0.0,0.0,0.0,0.0,0.0,10.0,,tree cover
9735,121,0.974,1.0,0.0,0.0,0.0,0.0,0.0,0.0,0.0,0.0,0.0,10.0,,tree cover
9846,119,0.958,1.0,0.0,0.0,0.0,0.0,0.0,0.0,0.0,0.0,0.0,10.0,,tree cover
9957,119,0.958,1.0,0.0,0.0,0.0,0.0,0.0,0.0,0.0,0.0,0.0,10.0,,tree cover
10068,116,0.934,1.0,0.0,0.0,0.0,0.0,0.0,0.0,0.0,0.0,0.0,10.0,,tree cover
10179,121,0.974,1.0,0.0,0.0,0.0,0.0,0.0,0.0,0.0,0.0,0.0,10.0,,tree cover
10290,121,0.974,1.0,0.0,0.0,0.0,0.0,0.0,0.0,0.0,0.0,0.0,10.0,,tree cover
10401,121,0.974,1.0,0.0,0.0,0.0,0.0,0.0,0.0,0.0,0.0,0.0,10.0,,tree cover
10512,121,0.974,1.0,0.0,0.0,0.0,0.0,0.0,0.0,0.0,0.0,0.0,10.0,,tree cover
10623,121,0.974,1.0,0.0,0.0,0.0,0.0,0.0,0.0,0.0,0.0,0.0,10.0,,tree cover
10734,128,1.0,1.0,0.0,0.0,0.0,0.0,0.0,0.0,0.0,0.0,0.0,10.0,,tree cover
10845,125,1.0,1.0,0.0,0.0,0.0,0.0,0.0,0.0,0.0,0.0,0.0,10.0,,tree cover
10956,121,0.974,1.0,0.0,0.0,0.0,0.0,0.0,0.0,0.0,0.0,0.0,10.0,,tree cover
11067,121,0.974,1.0,0.0,0.0,0.0,0.0,0.0,0.0,0.0,0.0,0.0,10.0,,tree cover
11178,114,0.918,1.0,0.0,0.0,0.0,0.0,0.0,0.0,0.0,0.0,0.0,10.0,,tree cover
11289,110,0.886,1.0,0.0,0.0,0.0,0.0,0.0,0.0,0.0,0.0,0.0,10.0,,tree cover
11400,119,0.958,1.0,0.0,0.0,0.0,0.0,0.0,0.0,0.0,0.0,0.0,10.0,,tree cover
11511,125,1.0,0.92,0.0,0.08,0.0,0.0,0.0,0.0,0.0,0.0,0.0,10.0,,tree cover
11622,128,1.0,0.7969,0.0,0.2031,0.0,0.0,0.0,0.0,0.0,0.0,0.0,10.0,,tree cover
11733,121,0.974,0.8017,0.0,0.1983,0.0,0.0,0.0,0.0,0.0,0.0,0.0,10.0,,tree cover
11844,121,0.974,1.0,0.0,0.0,0.0,0.0,0.0,0.0,0.0,0.0,0.0,10.0,,tree cover
11955,121,0.974,1.0,0.0,0.0,0.0,0.0,0.0,0.0,0.0,0.0,0.0,10.0,,tree cover
12066,121,0.974,1.0,0.0,0.0,0.0,0.0,0.0,0.0,0.0,0.0,0.0,10.0,,tree cover
12177,121,0.974,0.8017,0.0,0.1322,0.0,0.0661,0.0,0.0,0.0,0.0,0.0,10.0,,tree cover
12288,123,0.99,0.2114,0.0,0.5854,0.0,0.2033,0.0,0.0,0.0,0.0,0.0,30.0,,grassland
12510,110,0.886,1.0,0.0,0.0,0.0,0.0,0.0,0.0,0.0,0.0,0.0,10.0,,tree cover
12621,113,0.91,1.0,0.0,0.0,0.0,0.0,0.0,0.0,0.0,0.0,0.0,10.0,,tree cover
12732,121,0.974,1.0,0.0,0.0,0.0,0.0,0.0,0.0,0.0,0.0,0.0,10.0,,tree cover
12843,121,0.974,1.0,0.0,0.0,0.0,0.0,0.0,0.0,0.0,0.0,0.0,10.0,,tree cover
12954,121,0.974,1.0,0.0,0.0,0.0,0.0,0.0,0.0,0.0,0.0,0.0,10.0,,tree cover
13065,121,0.974,1.0,0.0,0.0,0.0,0.0,0.0,0.0,0.0,0.0,0.0,10.0,,tree cover
13176,132,1.0,1.0,0.0,0.0,0.0,0.0,0.0,0.0,0.0,0.0,0.0,10.0,,tree cover
13287,121,0.974,1.0,0.0,0.0,0.0,0.0,0.0,0.0,0.0,0.0,0.0,10.0,,tree cover
13398,121,0.974,1.0,0.0,0.0,0.0,0.0,0.0,0.0,0.0,0.0,0.0,10.0,,tree cover
13509,121,0.974,1.0,0.0,0.0,0.0,0.0,0.0,0.0,0.0,0.0,0.0,10.0,,tree cover
13620,121,0.974,1.0,0.0,0.0,0.0,0.0,0.0,0.0,0.0,0.0,0.0,10.0,,tree cover
13731,117,0.942,1.0,0.0,0.0,0.0,0.0,0.0,0.0,0.0,0.0,0.0,10.0,,tree cover
13842,110,0.886,1.0,0.0,0.0,0.0,0.0,0.0,0.0,0.0,0.0,0.0,10.0,,tree cover
13953,126,1.0,1.0,0.0,0.0,0.0,0.0,0.0,0.0,0.0,0.0,0.0,10.0,,tree cover
14064,121,0.974,0.9917,0.0,0.0,0.0083,0.0,0.0,0.0,0.0,0.0,0.0,10.0,,tree cover
523,121,0.974,0.1322,0.0,0.0,0.0,0.8678,0.0,0.0,0.0,0.0,0.0,50.0,ground_built_up,built-up
634,121,0.974,0.2975,0.0,0.0,0.0,0.7025,0.0,0.0,0.0,0.0,0.0,50.0,ground_built_up,built-up
1744,121,0.974,0.7107,0.0,0.0,0.0083,0.281,0.0,0.0,0.0,0.0,0.0,10.0,,tree cover
2077,121,0.974,0.719,0.0,0.0,0.0,0.281,0.0,0.0,0.0,0.0,0.0,10.0,,tree cover
2188,112,0.902,0.25,0.0,0.0,0.0,0.75,0.0,0.0,0.0,0.0,0.0,50.0,ground_built_up,built-up
2299,111,0.894,0.7838,0.0,0.1712,0.018,0.027,0.0,0.0,0.0,0.0,0.0,10.0,,tree cover
2521,121,0.974,0.2975,0.0,0.0413,0.0,0.6612,0.0,0.0,0.0,0.0,0.0,50.0,ground_built_up,built-up
2632,121,0.974,0.4298,0.0,0.0,0.0,0.5702,0.0,0.0,0.0,0.0,0.0,50.0,ground_built_up,built-up
2743,132,1.0,0.4167,0.0,0.0,0.0,0.5833,0.0,0.0,0.0,0.0,0.0,50.0,ground_built_up,built-up
2854,121,0.974,0.0083,0.0,0.0,0.0,0.9917,0.0,0.0,0.0,0.0,0.0,50.0,ground_built_up,built-up
3076,121,0.974,0.2645,0.0,0.0,0.0,0.7355,0.0,0.0,0.0,0.0,0.0,50.0,ground_built_up,built-up
3187,121,0.974,0.1736,0.0,0.0,0.0,0.8264,0.0,0.0,0.0,0.0,0.0,50.0,ground_built_up,built-up
3520,120,0.966,0.0333,0.0,0.0,0.0,0.9667,0.0,0.0,0.0,0.0,0.0,50.0,ground_built_up,built-up
3631,121,0.974,0.0579,0.0,0.0,0.0,0.9421,0.0,0.0,0.0,0.0,0.0,50.0,ground_built_up,built-up
3742,121,0.974,0.3802,0.0,0.0,0.0,0.6198,0.0,0.0,0.0,0.0,0.0,50.0,ground_built_up,built-up
3964,121,0.974,1.0,0.0,0.0,0.0,0.0,0.0,0.0,0.0,0.0,0.0,10.0,,tree cover
4075,121,0.974,1.0,0.0,0.0,0.0,0.0,0.0,0.0,0.0,0.0,0.0,10.0,,tree cover
4186,121,0.974,1.0,0.0,0.0,0.0,0.0,0.0,0.0,0.0,0.0,0.0,10.0,,tree cover
4297,128,1.0,1.0,0.0,0.0,0.0,0.0,0.0,0.0,0.0,0.0,0.0,10.0,,tree cover
4408,125,1.0,1.0,0.0,0.0,0.0,0.0,0.0,0.0,0.0,0.0,0.0,10.0,,tree cover
4630,116,0.934,1.0,0.0,0.0,0.0,0.0,0.0,0.0,0.0,0.0,0.0,10.0,,tree cover
4741,110,0.886,0.9545,0.0,0.0,0.0,0.0455,0.0,0.0,0.0,0.0,0.0,10.0,,tree cover
4852,118,0.95,1.0,0.0,0.0,0.0,0.0,0.0,0.0,0.0,0.0,0.0,10.0,,tree cover
4963,121,0.974,1.0,0.0,0.0,0.0,0.0,0.0,0.0,0.0,0.0,0.0,10.0,,tree cover
5074,125,1.0,1.0,0.0,0.0,0.0,0.0,0.0,0.0,0.0,0.0,0.0,10.0,,tree cover
5185,128,1.0,0.5391,0.0,0.0,0.0,0.4609,0.0,0.0,0.0,0.0,0.0,10.0,,tree cover
5296,121,0.974,0.9669,0.0,0.0,0.0,0.0331,0.0,0.0,0.0,0.0,0.0,10.0,,tree cover
5407,121,0.974,1.0,0.0,0.0,0.0,0.0,0.0,0.0,0.0,0.0,0.0,10.0,,tree cover
5518,121,0.974,1.0,0.0,0.0,0.0,0.0,0.0,0.0,0.0,0.0,0.0,10.0,,tree cover
5629,121,0.974,0.8926,0.0,0.0,0.0,0.1074,0.0,0.0,0.0,0.0,0.0,10.0,,tree cover
5740,121,0.974,0.9587,0.0,0.0,0.0,0.0413,0.0,0.0,0.0,0.0,0.0,10.0,,tree cover
5851,120,0.966,0.85,0.0,0.0,0.0,0.15,0.0,0.0,0.0,0.0,0.0,10.0,,tree cover
5962,119,0.958,1.0,0.0,0.0,0.0,0.0,0.0,0.0,0.0,0.0,0.0,10.0,,tree cover
6073,115,0.926,1.0,0.0,0.0,0.0,0.0,0.0,0.0,0.0,0.0,0.0,10.0,,tree cover
6184,121,0.974,1.0,0.0,0.0,0.0,0.0,0.0,0.0,0.0,0.0,0.0,10.0,,tree cover
6295,121,0.974,1.0,0.0,0.0,0.0,0.0,0.0,0.0,0.0,0.0,0.0,10.0,,tree cover
6406,121,0.974,1.0,0.0,0.0,0.0,0.0,0.0,0.0,0.0,0.0,0.0,10.0,,tree cover
6517,121,0.974,0.9504,0.0,0.0496,0.0,0.0,0.0,0.0,0.0,0.0,0.0,10.0,,tree cover
6628,121,0.974,0.4463,0.0,0.5537,0.0,0.0,0.0,0.0,0.0,0.0,0.0,30.0,,grassland
6739,132,1.0,0.5758,0.0,0.303,0.1212,0.0,0.0,0.0,0.0,0.0,0.0,10.0,,tree cover
6850,121,0.974,0.5207,0.0,0.4793,0.0,0.0,0.0,0.0,0.0,0.0,0.0,10.0,,tree cover
6961,121,0.974,0.4959,0.0,0.5041,0.0,0.0,0.0,0.0,0.0,0.0,0.0,30.0,,grassland
7072,121,0.974,0.8512,0.0,0.1488,0.0,0.0,0.0,0.0,0.0,0.0,0.0,10.0,,tree cover
7183,112,0.902,1.0,0.0,0.0,0.0,0.0,0.0,0.0,0.0,0.0,0.0,10.0,,tree cover
7294,111,0.894,1.0,0.0,0.0,0.0,0.0,0.0,0.0,0.0,0.0,0.0,10.0,,tree cover
7405,121,0.974,1.0,0.0,0.0,0.0,0.0,0.0,0.0,0.0,0.0,0.0,10.0,,tree cover
7516,132,1.0,1.0,0.0,0.0,0.0,0.0,0.0,0.0,0.0,0.0,0.0,10.0,,tree cover
7627,121,0.974,1.0,0.0,0.0,0.0,0.0,0.0,0.0,0.0,0.0,0.0,10.0,,tree cover
7738,121,0.974,1.0,0.0,0.0,0.0,0.0,0.0,0.0,0.0,0.0,0.0,10.0,,tree cover
7849,121,0.974,1.0,0.0,0.0,0.0,0.0,0.0,0.0,0.0,0.0,0.0,10.0,,tree cover
7960,121,0.974,1.0,0.0,0.0,0.0,0.0,0.0,0.0,0.0,0.0,0.0,10.0,,tree cover
8071,121,0.974,1.0,0.0,0.0,0.0,0.0,0.0,0.0,0.0,0.0,0.0,10.0,,tree cover
8182,121,0.974,1.0,0.0,0.0,0.0,0.0,0.0,0.0,0.0,0.0,0.0,10.0,,tree cover
8293,131,1.0,0.8855,0.0,0.1145,0.0,0.0,0.0,0.0,0.0,0.0,0.0,10.0,,tree cover
8404,117,0.942,1.0,0.0,0.0,0.0,0.0,0.0,0.0,0.0,0.0,0.0,10.0,,tree cover
8515,110,0.886,1.0,0.0,0.0,0.0,0.0,0.0,0.0,0.0,0.0,0.0,10.0,,tree cover
8626,118,0.95,1.0,0.0,0.0,0.0,0.0,0.0,0.0,0.0,0.0,0.0,10.0,,tree cover
8737,121,0.974,1.0,0.0,0.0,0.0,0.0,0.0,0.0,0.0,0.0,0.0,10.0,,tree cover
8848,121,0.974,0.9091,0.0,0.0,0.0,0.0,0.0,0.0909,0.0,0.0,0.0,10.0,,tree cover
8959,121,0.974,1.0,0.0,0.0,0.0,0.0,0.0,0.0,0.0,0.0,0.0,10.0,,tree cover
9070,127,1.0,1.0,0.0,0.0,0.0,0.0,0.0,0.0,0.0,0.0,0.0,10.0,,tree cover
9181,126,1.0,1.0,0.0,0.0,0.0,0.0,0.0,0.0,0.0,0.0,0.0,10.0,,tree cover
9292,121,0.974,1.0,0.0,0.0,0.0,0.0,0.0,0.0,0.0,0.0,0.0,10.0,,tree cover
9403,121,0.974,1.0,0.0,0.0,0.0,0.0,0.0,0.0,0.0,0.0,0.0,10.0,,tree cover
9514,121,0.974,1.0,0.0,0.0,0.0,0.0,0.0,0.0,0.0,0.0,0.0,10.0,,tree cover
9736,110,0.886,1.0,0.0,0.0,0.0,0.0,0.0,0.0,0.0,0.0,0.0,10.0,,tree cover
9847,115,0.926,1.0,0.0,0.0,0.0,0.0,0.0,0.0,0.0,0.0,0.0,10.0,,tree cover
9958,129,1.0,1.0,0.0,0.0,0.0,0.0,0.0,0.0,0.0,0.0,0.0,10.0,,tree cover
10069,121,0.974,1.0,0.0,0.0,0.0,0.0,0.0,0.0,0.0,0.0,0.0,10.0,,tree cover
10180,121,0.974,1.0,0.0,0.0,0.0,0.0,0.0,0.0,0.0,0.0,0.0,10.0,,tree cover
10291,121,0.974,1.0,0.0,0.0,0.0,0.0,0.0,0.0,0.0,0.0,0.0,10.0,,tree cover
10402,121,0.974,1.0,0.0,0.0,0.0,0.0,0.0,0.0,0.0,0.0,0.0,10.0,,tree cover
10513,121,0.974,1.0,0.0,0.0,0.0,0.0,0.0,0.0,0.0,0.0,0.0,10.0,,tree cover
10624,122,0.982,1.0,0.0,0.0,0.0,0.0,0.0,0.0,0.0,0.0,0.0,10.0,,tree cover
10735,131,1.0,1.0,0.0,0.0,0.0,0.0,0.0,0.0,0.0,0.0,0.0,10.0,,tree cover
10846,121,0.974,1.0,0.0,0.0,0.0,0.0,0.0,0.0,0.0,0.0,0.0,10.0,,tree cover
10957,116,0.934,1.0,0.0,0.0,0.0,0.0,0.0,0.0,0.0,0.0,0.0,10.0,,tree cover
11068,110,0.886,1.0,0.0,0.0,0.0,0.0,0.0,0.0,0.0,0.0,0.0,10.0,,tree cover
11179,117,0.942,1.0,0.0,0.0,0.0,0.0,0.0,0.0,0.0,0.0,0.0,10.0,,tree cover
11290,121,0.974,1.0,0.0,0.0,0.0,0.0,0.0,0.0,0.0,0.0,0.0,10.0,,tree cover
11401,121,0.974,0.9091,0.0,0.0909,0.0,0.0,0.0,0.0,0.0,0.0,0.0,10.0,,tree cover
11512,132,1.0,0.7121,0.0,0.2879,0.0,0.0,0.0,0.0,0.0,0.0,0.0,10.0,,tree cover
11623,121,0.974,0.9008,0.0,0.0992,0.0,0.0,0.0,0.0,0.0,0.0,0.0,10.0,,tree cover
11734,121,0.974,0.2066,0.0,0.7934,0.0,0.0,0.0,0.0,0.0,0.0,0.0,30.0,,grassland
11845,121,0.974,0.2727,0.0,0.7273,0.0,0.0,0.0,0.0,0.0,0.0,0.0,30.0,,grassland
11956,121,0.974,0.9752,0.0,0.0248,0.0,0.0,0.0,0.0,0.0,0.0,0.0,10.0,,tree cover
12067,121,0.974,0.9669,0.0,0.0248,0.0,0.0083,0.0,0.0,0.0,0.0,0.0,10.0,,tree cover
12178,121,0.974,0.1405,0.0,0.8512,0.0,0.0083,0.0,0.0,0.0,0.0,0.0,30.0,,grassland
12289,122,0.982,0.0,0.0,1.0,0.0,0.0,0.0,0.0,0.0,0.0,0.0,30.0,,grassland
12400,111,0.894,0.2252,0.0,0.7748,0.0,0.0,0.0,0.0,0.0,0.0,0.0,30.0,,grassland
12511,121,0.974,0.9752,0.0,0.0248,0.0,0.0,0.0,0.0,0.0,0.0,0.0,10.0,,tree cover
12622,121,0.974,1.0,0.0,0.0,0.0,0.0,0.0,0.0,0.0,0.0,0.0,10.0,,tree cover
12733,121,0.974,1.0,0.0,0.0,0.0,0.0,0.0,0.0,0.0,0.0,0.0,10.0,,tree cover
12844,121,0.974,1.0,0.0,0.0,0.0,0.0,0.0,0.0,0.0,0.0,0.0,10.0,,tree cover
12955,121,0.974,1.0,0.0,0.0,0.0,0.0,0.0,0.0,0.0,0.0,0.0,10.0,,tree cover
13066,131,1.0,1.0,0.0,0.0,0.0,0.0,0.0,0.0,0.0,0.0,0.0,10.0,,tree cover
13177,122,0.982,1.0,0.0,0.0,0.0,0.0,0.0,0.0,0.0,0.0,0.0,10.0,,tree cover
13288,121,0.974,1.0,0.0,0.0,0.0,0.0,0.0,0.0,0.0,0.0,0.0,10.0,,tree cover
13399,121,0.974,1.0,0.0,0.0,0.0,0.0,0.0,0.0,0.0,0.0,0.0,10.0,,tree cover
13510,119,0.958,1.0,0.0,0.0,0.0,0.0,0.0,0.0,0.0,0.0,0.0,10.0,,tree cover
13621,110,0.886,1.0,0.0,0.0,0.0,0.0,0.0,0.0,0.0,0.0,0.0,10.0,,tree cover
13732,114,0.918,1.0,0.0,0.0,0.0,0.0,0.0,0.0,0.0,0.0,0.0,10.0,,tree cover
13843,128,1.0,1.0,0.0,0.0,0.0,0.0,0.0,0.0,0.0,0.0,0.0,10.0,,tree cover
13954,125,1.0,1.0,0.0,0.0,0.0,0.0,0.0,0.0,0.0,0.0,0.0,10.0,,tree cover
14065,121,0.974,1.0,0.0,0.0,0.0,0.0,0.0,0.0,0.0,0.0,0.0,10.0,,tree cover
1745,121,0.974,0.8017,0.0,0.0,0.0,0.1983,0.0,0.0,0.0,0.0,0.0,10.0,,tree cover
2300,121,0.974,0.4876,0.0,0.0,0.2727,0.2397,0.0,0.0,0.0,0.0,0.0,10.0,,tree cover
2522,121,0.974,0.1818,0.0,0.0,0.0,0.8099,0.0,0.0083,0.0,0.0,0.0,50.0,ground_built_up,built-up
2744,124,0.998,0.0403,0.0,0.0,0.0,0.9597,0.0,0.0,0.0,0.0,0.0,50.0,ground_built_up,built-up
2966,121,0.974,0.0248,0.0,0.0,0.0,0.9752,0.0,0.0,0.0,0.0,0.0,50.0,ground_built_up,built-up
3299,110,0.886,0.0,0.0,0.0,0.0,1.0,0.0,0.0,0.0,0.0,0.0,50.0,ground_built_up,built-up
3410,121,0.974,0.0,0.0,0.0,0.0,1.0,0.0,0.0,0.0,0.0,0.0,50.0,ground_built_up,built-up
3521,128,1.0,0.3047,0.0,0.0,0.0,0.6953,0.0,0.0,0.0,0.0,0.0,50.0,ground_built_up,built-up
3632,121,0.974,0.0248,0.0,0.0,0.0,0.9752,0.0,0.0,0.0,0.0,0.0,50.0,ground_built_up,built-up
3743,121,0.974,0.2066,0.0,0.0,0.0,0.7934,0.0,0.0,0.0,0.0,0.0,50.0,ground_built_up,built-up
3854,121,0.974,0.3967,0.0,0.0,0.0,0.6033,0.0,0.0,0.0,0.0,0.0,50.0,ground_built_up,built-up
3965,121,0.974,0.8017,0.0,0.0,0.0,0.1983,0.0,0.0,0.0,0.0,0.0,10.0,,tree cover
4076,121,0.974,1.0,0.0,0.0,0.0,0.0,0.0,0.0,0.0,0.0,0.0,10.0,,tree cover
4187,123,0.99,1.0,0.0,0.0,0.0,0.0,0.0,0.0,0.0,0.0,0.0,10.0,,tree cover
4298,130,1.0,1.0,0.0,0.0,0.0,0.0,0.0,0.0,0.0,0.0,0.0,10.0,,tree cover
4409,118,0.95,1.0,0.0,0.0,0.0,0.0,0.0,0.0,0.0,0.0,0.0,10.0,,tree cover
4520,110,0.886,1.0,0.0,0.0,0.0,0.0,0.0,0.0,0.0,0.0,0.0,10.0,,tree cover
4631,115,0.926,0.3652,0.0,0.0,0.0,0.6348,0.0,0.0,0.0,0.0,0.0,50.0,ground_built_up,built-up
4853,121,0.974,0.7851,0.0,0.0,0.0,0.2149,0.0,0.0,0.0,0.0,0.0,10.0,,tree cover
4964,121,0.974,0.4463,0.0,0.0,0.0,0.5537,0.0,0.0,0.0,0.0,0.0,50.0,ground_built_up,built-up
5186,121,0.974,0.9835,0.0,0.0,0.0,0.0165,0.0,0.0,0.0,0.0,0.0,10.0,,tree cover
5297,121,0.974,1.0,0.0,0.0,0.0,0.0,0.0,0.0,0.0,0.0,0.0,10.0,,tree cover
5408,121,0.974,1.0,0.0,0.0,0.0,0.0,0.0,0.0,0.0,0.0,0.0,10.0,,tree cover
5519,121,0.974,1.0,0.0,0.0,0.0,0.0,0.0,0.0,0.0,0.0,0.0,10.0,,tree cover
5630,121,0.974,1.0,0.0,0.0,0.0,0.0,0.0,0.0,0.0,0.0,0.0,10.0,,tree cover
5741,111,0.894,1.0,0.0,0.0,0.0,0.0,0.0,0.0,0.0,0.0,0.0,10.0,,tree cover
5852,123,0.99,1.0,0.0,0.0,0.0,0.0,0.0,0.0,0.0,0.0,0.0,10.0,,tree cover
5963,121,0.974,1.0,0.0,0.0,0.0,0.0,0.0,0.0,0.0,0.0,0.0,10.0,,tree cover
6074,121,0.974,1.0,0.0,0.0,0.0,0.0,0.0,0.0,0.0,0.0,0.0,10.0,,tree cover
6185,121,0.974,1.0,0.0,0.0,0.0,0.0,0.0,0.0,0.0,0.0,0.0,10.0,,tree cover
6296,121,0.974,1.0,0.0,0.0,0.0,0.0,0.0,0.0,0.0,0.0,0.0,10.0,,tree cover
6407,121,0.974,1.0,0.0,0.0,0.0,0.0,0.0,0.0,0.0,0.0,0.0,10.0,,tree cover
6518,121,0.974,0.4215,0.0,0.5785,0.0,0.0,0.0,0.0,0.0,0.0,0.0,30.0,,grassland
6629,130,1.0,0.2769,0.0,0.7231,0.0,0.0,0.0,0.0,0.0,0.0,0.0,30.0,,grassland
6740,123,0.99,0.748,0.0,0.0732,0.1789,0.0,0.0,0.0,0.0,0.0,0.0,10.0,,tree cover
6851,121,0.974,0.7851,0.0,0.2149,0.0,0.0,0.0,0.0,0.0,0.0,0.0,10.0,,tree cover
6962,114,0.918,0.7632,0.0,0.2368,0.0,0.0,0.0,0.0,0.0,0.0,0.0,10.0,,tree cover
7073,110,0.886,0.6818,0.0,0.3182,0.0,0.0,0.0,0.0,0.0,0.0,0.0,10.0,,tree cover
7295,121,0.974,0.7438,0.0,0.2562,0.0,0.0,0.0,0.0,0.0,0.0,0.0,10.0,,tree cover
7406,127,1.0,1.0,0.0,0.0,0.0,0.0,0.0,0.0,0.0,0.0,0.0,10.0,,tree cover
7517,126,1.0,0.9603,0.0,0.0397,0.0,0.0,0.0,0.0,0.0,0.0,0.0,10.0,,tree cover
7628,121,0.974,0.9174,0.0,0.0826,0.0,0.0,0.0,0.0,0.0,0.0,0.0,10.0,,tree cover
7739,121,0.974,1.0,0.0,0.0,0.0,0.0,0.0,0.0,0.0,0.0,0.0,10.0,,tree cover
7850,121,0.974,0.8264,0.0,0.1736,0.0,0.0,0.0,0.0,0.0,0.0,0.0,10.0,,tree cover
7961,121,0.974,1.0,0.0,0.0,0.0,0.0,0.0,0.0,0.0,0.0,0.0,10.0,,tree cover
8072,121,0.974,1.0,0.0,0.0,0.0,0.0,0.0,0.0,0.0,0.0,0.0,10.0,,tree cover
8183,122,0.982,0.9016,0.0,0.0984,0.0,0.0,0.0,0.0,0.0,0.0,0.0,10.0,,tree cover
8294,117,0.942,0.5385,0.0,0.4615,0.0,0.0,0.0,0.0,0.0,0.0,0.0,10.0,,tree cover
8405,115,0.926,0.9652,0.0,0.0348,0.0,0.0,0.0,0.0,0.0,0.0,0.0,10.0,,tree cover
8516,121,0.974,1.0,0.0,0.0,0.0,0.0,0.0,0.0,0.0,0.0,0.0,10.0,,tree cover
8627,121,0.974,0.7355,0.0,0.0,0.0,0.0,0.0,0.2645,0.0,0.0,0.0,10.0,,tree cover
8738,121,0.974,1.0,0.0,0.0,0.0,0.0,0.0,0.0,0.0,0.0,0.0,10.0,,tree cover
8849,121,0.974,1.0,0.0,0.0,0.0,0.0,0.0,0.0,0.0,0.0,0.0,10.0,,tree cover
8960,121,0.974,1.0,0.0,0.0,0.0,0.0,0.0,0.0,0.0,0.0,0.0,10.0,,tree cover
9071,132,1.0,1.0,0.0,0.0,0.0,0.0,0.0,0.0,0.0,0.0,0.0,10.0,,tree cover
9182,121,0.974,1.0,0.0,0.0,0.0,0.0,0.0,0.0,0.0,0.0,0.0,10.0,,tree cover
9293,121,0.974,1.0,0.0,0.0,0.0,0.0,0.0,0.0,0.0,0.0,0.0,10.0,,tree cover
9404,121,0.974,1.0,0.0,0.0,0.0,0.0,0.0,0.0,0.0,0.0,0.0,10.0,,tree cover
9515,113,0.91,1.0,0.0,0.0,0.0,0.0,0.0,0.0,0.0,0.0,0.0,10.0,,tree cover
9626,110,0.886,1.0,0.0,0.0,0.0,0.0,0.0,0.0,0.0,0.0,0.0,10.0,,tree cover
9737,121,0.974,1.0,0.0,0.0,0.0,0.0,0.0,0.0,0.0,0.0,0.0,10.0,,tree cover
9848,132,1.0,1.0,0.0,0.0,0.0,0.0,0.0,0.0,0.0,0.0,0.0,10.0,,tree cover
9959,121,0.974,1.0,0.0,0.0,0.0,0.0,0.0,0.0,0.0,0.0,0.0,10.0,,tree cover
10070,121,0.974,1.0,0.0,0.0,0.0,0.0,0.0,0.0,0.0,0.0,0.0,10.0,,tree cover
10181,121,0.974,1.0,0.0,0.0,0.0,0.0,0.0,0.0,0.0,0.0,0.0,10.0,,tree cover
10292,121,0.974,1.0,0.0,0.0,0.0,0.0,0.0,0.0,0.0,0.0,0.0,10.0,,tree cover
10403,121,0.974,1.0,0.0,0.0,0.0,0.0,0.0,0.0,0.0,0.0,0.0,10.0,,tree cover
10514,121,0.974,1.0,0.0,0.0,0.0,0.0,0.0,0.0,0.0,0.0,0.0,10.0,,tree cover
10625,132,1.0,1.0,0.0,0.0,0.0,0.0,0.0,0.0,0.0,0.0,0.0,10.0,,tree cover
10736,118,0.95,1.0,0.0,0.0,0.0,0.0,0.0,0.0,0.0,0.0,0.0,10.0,,tree cover
10847,110,0.886,1.0,0.0,0.0,0.0,0.0,0.0,0.0,0.0,0.0,0.0,10.0,,tree cover
10958,115,0.926,1.0,0.0,0.0,0.0,0.0,0.0,0.0,0.0,0.0,0.0,10.0,,tree cover
11069,121,0.974,1.0,0.0,0.0,0.0,0.0,0.0,0.0,0.0,0.0,0.0,10.0,,tree cover
11180,121,0.974,1.0,0.0,0.0,0.0,0.0,0.0,0.0,0.0,0.0,0.0,10.0,,tree cover
11291,121,0.974,1.0,0.0,0.0,0.0,0.0,0.0,0.0,0.0,0.0,0.0,10.0,,tree cover
11402,130,1.0,0.7462,0.0,0.2538,0.0,0.0,0.0,0.0,0.0,0.0,0.0,10.0,,tree cover
11513,123,0.99,0.4228,0.0,0.5772,0.0,0.0,0.0,0.0,0.0,0.0,0.0,30.0,,grassland
11624,121,0.974,0.6033,0.0,0.3967,0.0,0.0,0.0,0.0,0.0,0.0,0.0,10.0,,tree cover
11735,121,0.974,0.5041,0.0,0.4959,0.0,0.0,0.0,0.0,0.0,0.0,0.0,10.0,,tree cover
11846,121,0.974,0.719,0.0,0.281,0.0,0.0,0.0,0.0,0.0,0.0,0.0,10.0,,tree cover
11957,121,0.974,1.0,0.0,0.0,0.0,0.0,0.0,0.0,0.0,0.0,0.0,10.0,,tree cover
12068,114,0.918,0.6316,0.0,0.3684,0.0,0.0,0.0,0.0,0.0,0.0,0.0,10.0,,tree cover
12179,115,0.926,0.2087,0.0,0.7913,0.0,0.0,0.0,0.0,0.0,0.0,0.0,30.0,,grassland
12290,125,1.0,0.408,0.0,0.592,0.0,0.0,0.0,0.0,0.0,0.0,0.0,30.0,,grassland
12401,121,0.974,0.4298,0.0,0.5702,0.0,0.0,0.0,0.0,0.0,0.0,0.0,30.0,,grassland
12512,121,0.974,0.2314,0.0,0.7686,0.0,0.0,0.0,0.0,0.0,0.0,0.0,30.0,,grassland
12623,121,0.974,0.9917,0.0,0.0083,0.0,0.0,0.0,0.0,0.0,0.0,0.0,10.0,,tree cover
12734,121,0.974,0.9752,0.0,0.0248,0.0,0.0,0.0,0.0,0.0,0.0,0.0,10.0,,tree cover
12845,121,0.974,0.9835,0.0,0.0165,0.0,0.0,0.0,0.0,0.0,0.0,0.0,10.0,,tree cover
12956,124,0.998,1.0,0.0,0.0,0.0,0.0,0.0,0.0,0.0,0.0,0.0,10.0,,tree cover
13067,129,1.0,1.0,0.0,0.0,0.0,0.0,0.0,0.0,0.0,0.0,0.0,10.0,,tree cover
13178,121,0.974,1.0,0.0,0.0,0.0,0.0,0.0,0.0,0.0,0.0,0.0,10.0,,tree cover
13289,121,0.974,1.0,0.0,0.0,0.0,0.0,0.0,0.0,0.0,0.0,0.0,10.0,,tree cover
13400,110,0.886,1.0,0.0,0.0,0.0,0.0,0.0,0.0,0.0,0.0,0.0,10.0,,tree cover
13511,112,0.902,1.0,0.0,0.0,0.0,0.0,0.0,0.0,0.0,0.0,0.0,10.0,,tree cover
13622,121,0.974,1.0,0.0,0.0,0.0,0.0,0.0,0.0,0.0,0.0,0.0,10.0,,tree cover
13733,121,0.974,1.0,0.0,0.0,0.0,0.0,0.0,0.0,0.0,0.0,0.0,10.0,,tree cover
13844,132,1.0,1.0,0.0,0.0,0.0,0.0,0.0,0.0,0.0,0.0,0.0,10.0,,tree cover
13955,121,0.974,0.9835,0.0,0.0,0.0165,0.0,0.0,0.0,0.0,0.0,0.0,10.0,,tree cover
1746,123,0.99,0.935,0.0,0.0,0.0,0.065,0.0,0.0,0.0,0.0,0.0,10.0,,tree cover
1857,115,0.926,0.487,0.0,0.0,0.0,0.513,0.0,0.0,0.0,0.0,0.0,50.0,ground_built_up,built-up
1968,116,0.934,0.3448,0.0,0.1466,0.0345,0.4741,0.0,0.0,0.0,0.0,0.0,50.0,,built-up
2079,121,0.974,0.2562,0.0,0.6942,0.0,0.0496,0.0,0.0,0.0,0.0,0.0,30.0,,grassland
2856,121,0.974,0.3554,0.0,0.0,0.0,0.5537,0.0,0.0909,0.0,0.0,0.0,50.0,ground_built_up,built-up
2967,119,0.958,0.2689,0.0,0.0,0.0,0.6471,0.0,0.084,0.0,0.0,0.0,50.0,ground_built_up,built-up
3522,121,0.974,0.281,0.0,0.0,0.0,0.719,0.0,0.0,0.0,0.0,0.0,50.0,ground_built_up,built-up
3633,121,0.974,0.0083,0.0,0.0,0.0,0.9917,0.0,0.0,0.0,0.0,0.0,50.0,ground_built_up,built-up
3744,121,0.974,0.1322,0.0,0.0,0.0,0.8678,0.0,0.0,0.0,0.0,0.0,50.0,ground_built_up,built-up
3855,121,0.974,0.0248,0.0,0.0,0.0,0.9752,0.0,0.0,0.0,0.0,0.0,50.0,ground_built_up,built-up
3966,121,0.974,0.5372,0.0,0.0,0.0,0.4628,0.0,0.0,0.0,0.0,0.0,10.0,,tree cover
4077,121,0.974,0.5289,0.0,0.0,0.0,0.4711,0.0,0.0,0.0,0.0,0.0,10.0,,tree cover
4188,132,1.0,0.7652,0.0,0.0,0.0,0.2348,0.0,0.0,0.0,0.0,0.0,10.0,,tree cover
4299,110,0.886,1.0,0.0,0.0,0.0,0.0,0.0,0.0,0.0,0.0,0.0,10.0,,tree cover
4521,121,0.974,0.7934,0.0,0.0,0.0,0.2066,0.0,0.0,0.0,0.0,0.0,10.0,,tree cover
4632,121,0.974,0.0248,0.0,0.0,0.0,0.9752,0.0,0.0,0.0,0.0,0.0,50.0,ground_built_up,built-up
4854,121,0.974,0.8678,0.0,0.0,0.0,0.1322,0.0,0.0,0.0,0.0,0.0,10.0,,tree cover
4965,130,1.0,1.0,0.0,0.0,0.0,0.0,0.0,0.0,0.0,0.0,0.0,10.0,,tree cover
5076,123,0.99,1.0,0.0,0.0,0.0,0.0,0.0,0.0,0.0,0.0,0.0,10.0,,tree cover
5187,121,0.974,1.0,0.0,0.0,0.0,0.0,0.0,0.0,0.0,0.0,0.0,10.0,,tree cover
5298,121,0.974,1.0,0.0,0.0,0.0,0.0,0.0,0.0,0.0,0.0,0.0,10.0,,tree cover
5409,121,0.974,1.0,0.0,0.0,0.0,0.0,0.0,0.0,0.0,0.0,0.0,10.0,,tree cover
5520,113,0.91,1.0,0.0,0.0,0.0,0.0,0.0,0.0,0.0,0.0,0.0,10.0,,tree cover
5631,110,0.886,1.0,0.0,0.0,0.0,0.0,0.0,0.0,0.0,0.0,0.0,10.0,,tree cover
5742,126,1.0,1.0,0.0,0.0,0.0,0.0,0.0,0.0,0.0,0.0,0.0,10.0,,tree cover
5853,126,1.0,1.0,0.0,0.0,0.0,0.0,0.0,0.0,0.0,0.0,0.0,10.0,,tree cover
5964,121,0.974,1.0,0.0,0.0,0.0,0.0,0.0,0.0,0.0,0.0,0.0,10.0,,tree cover
6075,121,0.974,1.0,0.0,0.0,0.0,0.0,0.0,0.0,0.0,0.0,0.0,10.0,,tree cover
6186,121,0.974,1.0,0.0,0.0,0.0,0.0,0.0,0.0,0.0,0.0,0.0,10.0,,tree cover
6297,121,0.974,1.0,0.0,0.0,0.0,0.0,0.0,0.0,0.0,0.0,0.0,10.0,,tree cover
6408,121,0.974,1.0,0.0,0.0,0.0,0.0,0.0,0.0,0.0,0.0,0.0,10.0,,tree cover
6519,124,0.998,0.9919,0.0,0.0081,0.0,0.0,0.0,0.0,0.0,0.0,0.0,10.0,,tree cover
6630,129,1.0,0.7209,0.0,0.2791,0.0,0.0,0.0,0.0,0.0,0.0,0.0,10.0,,tree cover
6741,116,0.934,0.3362,0.0,0.6638,0.0,0.0,0.0,0.0,0.0,0.0,0.0,30.0,,grassland
6963,117,0.942,0.7094,0.0,0.2906,0.0,0.0,0.0,0.0,0.0,0.0,0.0,10.0,,tree cover
7074,121,0.974,0.9504,0.0,0.0496,0.0,0.0,0.0,0.0,0.0,0.0,0.0,10.0,,tree cover
7296,121,0.974,0.7521,0.0,0.2479,0.0,0.0,0.0,0.0,0.0,0.0,0.0,10.0,,tree cover
7407,132,1.0,0.8939,0.0,0.1061,0.0,0.0,0.0,0.0,0.0,0.0,0.0,10.0,,tree cover
7518,121,0.974,0.4132,0.0,0.5868,0.0,0.0,0.0,0.0,0.0,0.0,0.0,30.0,,grassland
7629,121,0.974,0.7025,0.0,0.2975,0.0,0.0,0.0,0.0,0.0,0.0,0.0,10.0,,tree cover
7740,121,0.974,1.0,0.0,0.0,0.0,0.0,0.0,0.0,0.0,0.0,0.0,10.0,,tree cover
7962,121,0.974,1.0,0.0,0.0,0.0,0.0,0.0,0.0,0.0,0.0,0.0,10.0,,tree cover
8073,110,0.886,0.8,0.0,0.2,0.0,0.0,0.0,0.0,0.0,0.0,0.0,10.0,,tree cover
8184,123,0.99,0.7967,0.0,0.2033,0.0,0.0,0.0,0.0,0.0,0.0,0.0,10.0,,tree cover
8295,121,0.974,0.876,0.0,0.124,0.0,0.0,0.0,0.0,0.0,0.0,0.0,10.0,,tree cover
8406,121,0.974,0.9504,0.0,0.0496,0.0,0.0,0.0,0.0,0.0,0.0,0.0,10.0,,tree cover
8517,121,0.974,1.0,0.0,0.0,0.0,0.0,0.0,0.0,0.0,0.0,0.0,10.0,,tree cover
8739,121,0.974,1.0,0.0,0.0,0.0,0.0,0.0,0.0,0.0,0.0,0.0,10.0,,tree cover
8850,121,0.974,1.0,0.0,0.0,0.0,0.0,0.0,0.0,0.0,0.0,0.0,10.0,,tree cover
8961,132,1.0,1.0,0.0,0.0,0.0,0.0,0.0,0.0,0.0,0.0,0.0,10.0,,tree cover
9072,121,0.974,1.0,0.0,0.0,0.0,0.0,0.0,0.0,0.0,0.0,0.0,10.0,,tree cover
9183,121,0.974,1.0,0.0,0.0,0.0,0.0,0.0,0.0,0.0,0.0,0.0,10.0,,tree cover
9294,115,0.926,1.0,0.0,0.0,0.0,0.0,0.0,0.0,0.0,0.0,0.0,10.0,,tree cover
9405,110,0.886,1.0,0.0,0.0,0.0,0.0,0.0,0.0,0.0,0.0,0.0,10.0,,tree cover
9516,118,0.95,1.0,0.0,0.0,0.0,0.0,0.0,0.0,0.0,0.0,0.0,10.0,,tree cover
9627,121,0.974,1.0,0.0,0.0,0.0,0.0,0.0,0.0,0.0,0.0,0.0,10.0,,tree cover
9738,129,1.0,0.9845,0.0,0.0155,0.0,0.0,0.0,0.0,0.0,0.0,0.0,10.0,,tree cover
9849,124,0.998,0.8548,0.0,0.1452,0.0,0.0,0.0,0.0,0.0,0.0,0.0,10.0,,tree cover
9960,121,0.974,0.8595,0.0,0.124,0.0,0.0165,0.0,0.0,0.0,0.0,0.0,10.0,,tree cover
10071,121,0.974,0.9587,0.0,0.0083,0.0,0.0331,0.0,0.0,0.0,0.0,0.0,10.0,,tree cover
10182,121,0.974,1.0,0.0,0.0,0.0,0.0,0.0,0.0,0.0,0.0,0.0,10.0,,tree cover
10293,121,0.974,1.0,0.0,0.0,0.0,0.0,0.0,0.0,0.0,0.0,0.0,10.0,,tree cover
10404,121,0.974,1.0,0.0,0.0,0.0,0.0,0.0,0.0,0.0,0.0,0.0,10.0,,tree cover
10515,126,1.0,1.0,0.0,0.0,0.0,0.0,0.0,0.0,0.0,0.0,0.0,10.0,,tree cover
10626,115,0.926,1.0,0.0,0.0,0.0,0.0,0.0,0.0,0.0,0.0,0.0,10.0,,tree cover
10737,113,0.91,1.0,0.0,0.0,0.0,0.0,0.0,0.0,0.0,0.0,0.0,10.0,,tree cover
10848,121,0.974,1.0,0.0,0.0,0.0,0.0,0.0,0.0,0.0,0.0,0.0,10.0,,tree cover
10959,121,0.974,1.0,0.0,0.0,0.0,0.0,0.0,0.0,0.0,0.0,0.0,10.0,,tree cover
11070,121,0.974,1.0,0.0,0.0,0.0,0.0,0.0,0.0,0.0,0.0,0.0,10.0,,tree cover
11181,121,0.974,1.0,0.0,0.0,0.0,0.0,0.0,0.0,0.0,0.0,0.0,10.0,,tree cover
11292,123,0.99,1.0,0.0,0.0,0.0,0.0,0.0,0.0,0.0,0.0,0.0,10.0,,tree cover
11403,130,1.0,0.8692,0.0,0.1308,0.0,0.0,0.0,0.0,0.0,0.0,0.0,10.0,,tree cover
11514,121,0.974,0.4711,0.0,0.5289,0.0,0.0,0.0,0.0,0.0,0.0,0.0,30.0,,grassland
11625,121,0.974,0.843,0.0,0.157,0.0,0.0,0.0,0.0,0.0,0.0,0.0,10.0,,tree cover
11736,121,0.974,0.7603,0.0,0.2397,0.0,0.0,0.0,0.0,0.0,0.0,0.0,10.0,,tree cover
11847,116,0.934,0.931,0.0,0.0086,0.0,0.0603,0.0,0.0,0.0,0.0,0.0,10.0,,tree cover
11958,110,0.886,0.9273,0.0,0.0455,0.0,0.0273,0.0,0.0,0.0,0.0,0.0,10.0,,tree cover
12069,117,0.942,0.4615,0.0,0.5299,0.0,0.0085,0.0,0.0,0.0,0.0,0.0,30.0,,grassland
12180,132,1.0,1.0,0.0,0.0,0.0,0.0,0.0,0.0,0.0,0.0,0.0,10.0,,tree cover
12291,121,0.974,1.0,0.0,0.0,0.0,0.0,0.0,0.0,0.0,0.0,0.0,10.0,,tree cover
12402,121,0.974,0.9091,0.0,0.0909,0.0,0.0,0.0,0.0,0.0,0.0,0.0,10.0,,tree cover
12513,121,0.974,0.6033,0.0,0.3967,0.0,0.0,0.0,0.0,0.0,0.0,0.0,10.0,,tree cover
12624,121,0.974,0.9256,0.0,0.0744,0.0,0.0,0.0,0.0,0.0,0.0,0.0,10.0,,tree cover
12735,121,0.974,0.7769,0.0,0.2231,0.0,0.0,0.0,0.0,0.0,0.0,0.0,10.0,,tree cover
12846,121,0.974,0.8182,0.0,0.1818,0.0,0.0,0.0,0.0,0.0,0.0,0.0,10.0,,tree cover
12957,132,1.0,1.0,0.0,0.0,0.0,0.0,0.0,0.0,0.0,0.0,0.0,10.0,,tree cover
13068,121,0.974,1.0,0.0,0.0,0.0,0.0,0.0,0.0,0.0,0.0,0.0,10.0,,tree cover
13179,112,0.902,1.0,0.0,0.0,0.0,0.0,0.0,0.0,0.0,0.0,0.0,10.0,,tree cover
13290,110,0.886,1.0,0.0,0.0,0.0,0.0,0.0,0.0,0.0,0.0,0.0,10.0,,tree cover
13401,121,0.974,1.0,0.0,0.0,0.0,0.0,0.0,0.0,0.0,0.0,0.0,10.0,,tree cover
13512,121,0.974,1.0,0.0,0.0,0.0,0.0,0.0,0.0,0.0,0.0,0.0,10.0,,tree cover
13623,121,0.974,1.0,0.0,0.0,0.0,0.0,0.0,0.0,0.0,0.0,0.0,10.0,,tree cover
13734,132,1.0,1.0,0.0,0.0,0.0,0.0,0.0,0.0,0.0,0.0,0.0,10.0,,tree cover
13845,121,0.974,1.0,0.0,0.0,0.0,0.0,0.0,0.0,0.0,0.0,0.0,10.0,,tree cover
1969,121,0.974,0.3306,0.0,0.5455,0.0,0.124,0.0,0.0,0.0,0.0,0.0,30.0,,grassland
2080,121,0.974,0.2231,0.0,0.7769,0.0,0.0,0.0,0.0,0.0,0.0,0.0,30.0,,grassland
2191,121,0.974,1.0,0.0,0.0,0.0,0.0,0.0,0.0,0.0,0.0,0.0,10.0,,tree cover
3079,121,0.974,0.7603,0.0,0.0,0.0,0.2314,0.0,0.0083,0.0,0.0,0.0,10.0,,tree cover
3301,131,1.0,0.3664,0.0,0.0,0.0,0.6336,0.0,0.0,0.0,0.0,0.0,50.0,ground_built_up,built-up
3523,121,0.974,0.0083,0.0,0.0,0.0,0.9917,0.0,0.0,0.0,0.0,0.0,50.0,ground_built_up,built-up
3634,121,0.974,0.2479,0.0,0.0,0.0,0.7521,0.0,0.0,0.0,0.0,0.0,50.0,ground_built_up,built-up
3745,121,0.974,0.3388,0.0,0.0,0.0,0.6612,0.0,0.0,0.0,0.0,0.0,50.0,ground_built_up,built-up
4189,114,0.918,0.3947,0.0,0.0,0.0,0.6053,0.0,0.0,0.0,0.0,0.0,50.0,ground_built_up,built-up
4300,121,0.974,1.0,0.0,0.0,0.0,0.0,0.0,0.0,0.0,0.0,0.0,10.0,,tree cover
4411,121,0.974,0.9752,0.0,0.0248,0.0,0.0,0.0,0.0,0.0,0.0,0.0,10.0,,tree cover
4744,121,0.974,0.0,0.0,0.0,0.0,1.0,0.0,0.0,0.0,0.0,0.0,50.0,ground_built_up,built-up
4855,125,1.0,0.864,0.0,0.0,0.0,0.136,0.0,0.0,0.0,0.0,0.0,10.0,,tree cover
4966,128,1.0,1.0,0.0,0.0,0.0,0.0,0.0,0.0,0.0,0.0,0.0,10.0,,tree cover
5077,121,0.974,1.0,0.0,0.0,0.0,0.0,0.0,0.0,0.0,0.0,0.0,10.0,,tree cover
5188,121,0.974,1.0,0.0,0.0,0.0,0.0,0.0,0.0,0.0,0.0,0.0,10.0,,tree cover
5299,116,0.934,1.0,0.0,0.0,0.0,0.0,0.0,0.0,0.0,0.0,0.0,10.0,,tree cover
5410,110,0.886,1.0,0.0,0.0,0.0,0.0,0.0,0.0,0.0,0.0,0.0,10.0,,tree cover
5521,118,0.95,1.0,0.0,0.0,0.0,0.0,0.0,0.0,0.0,0.0,0.0,10.0,,tree cover
5632,121,0.974,0.9917,0.0,0.0,0.0,0.0083,0.0,0.0,0.0,0.0,0.0,10.0,,tree cover
5743,132,1.0,0.9697,0.0,0.0,0.0,0.0303,0.0,0.0,0.0,0.0,0.0,10.0,,tree cover
5854,121,0.974,1.0,0.0,0.0,0.0,0.0,0.0,0.0,0.0,0.0,0.0,10.0,,tree cover
5965,121,0.974,1.0,0.0,0.0,0.0,0.0,0.0,0.0,0.0,0.0,0.0,10.0,,tree cover
6076,121,0.974,1.0,0.0,0.0,0.0,0.0,0.0,0.0,0.0,0.0,0.0,10.0,,tree cover
6187,121,0.974,1.0,0.0,0.0,0.0,0.0,0.0,0.0,0.0,0.0,0.0,10.0,,tree cover
6298,121,0.974,1.0,0.0,0.0,0.0,0.0,0.0,0.0,0.0,0.0,0.0,10.0,,tree cover
6409,121,0.974,1.0,0.0,0.0,0.0,0.0,0.0,0.0,0.0,0.0,0.0,10.0,,tree cover
6520,130,1.0,0.9769,0.0,0.0231,0.0,0.0,0.0,0.0,0.0,0.0,0.0,10.0,,tree cover
6631,110,0.886,0.9273,0.0,0.0727,0.0,0.0,0.0,0.0,0.0,0.0,0.0,10.0,,tree cover
6742,115,0.926,0.9739,0.0,0.0261,0.0,0.0,0.0,0.0,0.0,0.0,0.0,10.0,,tree cover
6853,121,0.974,1.0,0.0,0.0,0.0,0.0,0.0,0.0,0.0,0.0,0.0,10.0,,tree cover
6964,121,0.974,1.0,0.0,0.0,0.0,0.0,0.0,0.0,0.0,0.0,0.0,10.0,,tree cover
7075,121,0.974,1.0,0.0,0.0,0.0,0.0,0.0,0.0,0.0,0.0,0.0,10.0,,tree cover
7186,121,0.974,0.8512,0.0,0.1488,0.0,0.0,0.0,0.0,0.0,0.0,0.0,10.0,,tree cover
7519,121,0.974,0.6777,0.0,0.3223,0.0,0.0,0.0,0.0,0.0,0.0,0.0,10.0,,tree cover
7630,121,0.974,1.0,0.0,0.0,0.0,0.0,0.0,0.0,0.0,0.0,0.0,10.0,,tree cover
7852,112,0.902,0.9821,0.0,0.0179,0.0,0.0,0.0,0.0,0.0,0.0,0.0,10.0,,tree cover
7963,110,0.886,0.8364,0.0,0.1636,0.0,0.0,0.0,0.0,0.0,0.0,0.0,10.0,,tree cover
8074,129,1.0,0.1628,0.0,0.8372,0.0,0.0,0.0,0.0,0.0,0.0,0.0,30.0,,grassland
8185,124,0.998,0.7419,0.0,0.2581,0.0,0.0,0.0,0.0,0.0,0.0,0.0,10.0,,tree cover
8407,121,0.974,1.0,0.0,0.0,0.0,0.0,0.0,0.0,0.0,0.0,0.0,10.0,,tree cover
8629,121,0.974,1.0,0.0,0.0,0.0,0.0,0.0,0.0,0.0,0.0,0.0,10.0,,tree cover
8740,121,0.974,1.0,0.0,0.0,0.0,0.0,0.0,0.0,0.0,0.0,0.0,10.0,,tree cover
8851,126,1.0,1.0,0.0,0.0,0.0,0.0,0.0,0.0,0.0,0.0,0.0,10.0,,tree cover
8962,127,1.0,1.0,0.0,0.0,0.0,0.0,0.0,0.0,0.0,0.0,0.0,10.0,,tree cover
9073,117,0.942,1.0,0.0,0.0,0.0,0.0,0.0,0.0,0.0,0.0,0.0,10.0,,tree cover
9184,110,0.886,1.0,0.0,0.0,0.0,0.0,0.0,0.0,0.0,0.0,0.0,10.0,,tree cover
9295,116,0.934,1.0,0.0,0.0,0.0,0.0,0.0,0.0,0.0,0.0,0.0,10.0,,tree cover
9406,121,0.974,1.0,0.0,0.0,0.0,0.0,0.0,0.0,0.0,0.0,0.0,10.0,,tree cover
9517,121,0.974,1.0,0.0,0.0,0.0,0.0,0.0,0.0,0.0,0.0,0.0,10.0,,tree cover
9628,123,0.99,0.9919,0.0,0.0081,0.0,0.0,0.0,0.0,0.0,0.0,0.0,10.0,,tree cover
9739,130,1.0,0.9923,0.0,0.0077,0.0,0.0,0.0,0.0,0.0,0.0,0.0,10.0,,tree cover
9850,121,0.974,1.0,0.0,0.0,0.0,0.0,0.0,0.0,0.0,0.0,0.0,10.0,,tree cover
9961,121,0.974,1.0,0.0,0.0,0.0,0.0,0.0,0.0,0.0,0.0,0.0,10.0,,tree cover
10072,121,0.974,0.9752,0.0,0.0,0.0,0.0248,0.0,0.0,0.0,0.0,0.0,10.0,,tree cover
10183,121,0.974,1.0,0.0,0.0,0.0,0.0,0.0,0.0,0.0,0.0,0.0,10.0,,tree cover
10294,121,0.974,1.0,0.0,0.0,0.0,0.0,0.0,0.0,0.0,0.0,0.0,10.0,,tree cover
10405,112,0.902,1.0,0.0,0.0,0.0,0.0,0.0,0.0,0.0,0.0,0.0,10.0,,tree cover
10516,121,0.974,1.0,0.0,0.0,0.0,0.0,0.0,0.0,0.0,0.0,0.0,10.0,,tree cover
10627,121,0.974,1.0,0.0,0.0,0.0,0.0,0.0,0.0,0.0,0.0,0.0,10.0,,tree cover
10738,121,0.974,1.0,0.0,0.0,0.0,0.0,0.0,0.0,0.0,0.0,0.0,10.0,,tree cover
10960,121,0.974,1.0,0.0,0.0,0.0,0.0,0.0,0.0,0.0,0.0,0.0,10.0,,tree cover
11071,121,0.974,1.0,0.0,0.0,0.0,0.0,0.0,0.0,0.0,0.0,0.0,10.0,,tree cover
11182,121,0.974,1.0,0.0,0.0,0.0,0.0,0.0,0.0,0.0,0.0,0.0,10.0,,tree cover
11293,132,1.0,0.9924,0.0,0.0076,0.0,0.0,0.0,0.0,0.0,0.0,0.0,10.0,,tree cover
11404,121,0.974,0.2397,0.0,0.7603,0.0,0.0,0.0,0.0,0.0,0.0,0.0,30.0,,grassland
11515,121,0.974,0.4628,0.0,0.5372,0.0,0.0,0.0,0.0,0.0,0.0,0.0,30.0,,grassland
11626,118,0.95,0.3729,0.0,0.6271,0.0,0.0,0.0,0.0,0.0,0.0,0.0,30.0,,grassland
11737,110,0.886,0.5727,0.0,0.4273,0.0,0.0,0.0,0.0,0.0,0.0,0.0,10.0,,tree cover
11959,121,0.974,0.5702,0.0,0.3719,0.0,0.0579,0.0,0.0,0.0,0.0,0.0,10.0,,tree cover
12070,131,1.0,0.3664,0.0,0.6336,0.0,0.0,0.0,0.0,0.0,0.0,0.0,30.0,,grassland
12181,122,0.982,1.0,0.0,0.0,0.0,0.0,0.0,0.0,0.0,0.0,0.0,10.0,,tree cover
12292,121,0.974,1.0,0.0,0.0,0.0,0.0,0.0,0.0,0.0,0.0,0.0,10.0,,tree cover
12403,121,0.974,1.0,0.0,0.0,0.0,0.0,0.0,0.0,0.0,0.0,0.0,10.0,,tree cover
12514,121,0.974,1.0,0.0,0.0,0.0,0.0,0.0,0.0,0.0,0.0,0.0,10.0,,tree cover
12625,121,0.974,1.0,0.0,0.0,0.0,0.0,0.0,0.0,0.0,0.0,0.0,10.0,,tree cover
12736,121,0.974,1.0,0.0,0.0,0.0,0.0,0.0,0.0,0.0,0.0,0.0,10.0,,tree cover
12847,129,1.0,0.9147,0.0,0.0853,0.0,0.0,0.0,0.0,0.0,0.0,0.0,10.0,,tree cover
12958,117,0.942,1.0,0.0,0.0,0.0,0.0,0.0,0.0,0.0,0.0,0.0,10.0,,tree cover
13069,110,0.886,1.0,0.0,0.0,0.0,0.0,0.0,0.0,0.0,0.0,0.0,10.0,,tree cover
13180,119,0.958,1.0,0.0,0.0,0.0,0.0,0.0,0.0,0.0,0.0,0.0,10.0,,tree cover
13291,121,0.974,1.0,0.0,0.0,0.0,0.0,0.0,0.0,0.0,0.0,0.0,10.0,,tree cover
13402,121,0.974,1.0,0.0,0.0,0.0,0.0,0.0,0.0,0.0,0.0,0.0,10.0,,tree cover
13513,121,0.974,1.0,0.0,0.0,0.0,0.0,0.0,0.0,0.0,0.0,0.0,10.0,,tree cover
13624,126,1.0,1.0,0.0,0.0,0.0,0.0,0.0,0.0,0.0,0.0,0.0,10.0,,tree cover
13735,127,1.0,1.0,0.0,0.0,0.0,0.0,0.0,0.0,0.0,0.0,0.0,10.0,,tree cover
13846,121,0.974,1.0,0.0,0.0,0.0,0.0,0.0,0.0,0.0,0.0,0.0,10.0,,tree cover
1970,121,0.974,0.9256,0.0,0.0,0.0744,0.0,0.0,0.0,0.0,0.0,0.0,10.0,,tree cover
2081,121,0.974,0.9421,0.0,0.0,0.0579,0.0,0.0,0.0,0.0,0.0,0.0,10.0,,tree cover
2192,121,0.974,0.9835,0.0,0.0,0.0,0.0165,0.0,0.0,0.0,0.0,0.0,10.0,,tree cover
3080,121,0.974,0.9008,0.0,0.0,0.0,0.0992,0.0,0.0,0.0,0.0,0.0,10.0,,tree cover
3191,125,1.0,0.656,0.0,0.0,0.0,0.344,0.0,0.0,0.0,0.0,0.0,10.0,,tree cover
3302,128,1.0,0.4609,0.0,0.0,0.0,0.5391,0.0,0.0,0.0,0.0,0.0,50.0,ground_built_up,built-up
3413,121,0.974,0.0992,0.0,0.0,0.0,0.9008,0.0,0.0,0.0,0.0,0.0,50.0,ground_built_up,built-up
3635,121,0.974,0.719,0.0,0.0,0.0,0.281,0.0,0.0,0.0,0.0,0.0,10.0,,tree cover
3746,121,0.974,0.5785,0.0,0.0,0.0,0.4215,0.0,0.0,0.0,0.0,0.0,10.0,,tree cover
3968,111,0.894,0.1441,0.0,0.0,0.0,0.8559,0.0,0.0,0.0,0.0,0.0,50.0,ground_built_up,built-up
4079,127,1.0,0.2441,0.0,0.0,0.0,0.7559,0.0,0.0,0.0,0.0,0.0,50.0,ground_built_up,built-up
4190,121,0.974,0.4463,0.0,0.0,0.0,0.5537,0.0,0.0,0.0,0.0,0.0,50.0,ground_built_up,built-up
4301,121,0.974,0.7273,0.0,0.0,0.0,0.2727,0.0,0.0,0.0,0.0,0.0,10.0,,tree cover
4412,121,0.974,0.9752,0.0,0.0,0.0,0.0248,0.0,0.0,0.0,0.0,0.0,10.0,,tree cover
4523,121,0.974,0.9835,0.0,0.0,0.0,0.0165,0.0,0.0,0.0,0.0,0.0,10.0,,tree cover
4634,121,0.974,0.7851,0.0,0.0,0.0,0.2149,0.0,0.0,0.0,0.0,0.0,10.0,,tree cover
4745,121,0.974,0.7686,0.0,0.0,0.0,0.2314,0.0,0.0,0.0,0.0,0.0,10.0,,tree cover
4856,132,1.0,0.9621,0.0,0.0,0.0,0.0379,0.0,0.0,0.0,0.0,0.0,10.0,,tree cover
4967,121,0.974,1.0,0.0,0.0,0.0,0.0,0.0,0.0,0.0,0.0,0.0,10.0,,tree cover
5078,118,0.95,1.0,0.0,0.0,0.0,0.0,0.0,0.0,0.0,0.0,0.0,10.0,,tree cover
5189,110,0.886,1.0,0.0,0.0,0.0,0.0,0.0,0.0,0.0,0.0,0.0,10.0,,tree cover
5300,115,0.926,1.0,0.0,0.0,0.0,0.0,0.0,0.0,0.0,0.0,0.0,10.0,,tree cover
5411,121,0.974,1.0,0.0,0.0,0.0,0.0,0.0,0.0,0.0,0.0,0.0,10.0,,tree cover
5522,121,0.974,1.0,0.0,0.0,0.0,0.0,0.0,0.0,0.0,0.0,0.0,10.0,,tree cover
5633,132,1.0,1.0,0.0,0.0,0.0,0.0,0.0,0.0,0.0,0.0,0.0,10.0,,tree cover
5744,121,0.974,1.0,0.0,0.0,0.0,0.0,0.0,0.0,0.0,0.0,0.0,10.0,,tree cover
5855,121,0.974,1.0,0.0,0.0,0.0,0.0,0.0,0.0,0.0,0.0,0.0,10.0,,tree cover
5966,121,0.974,0.9256,0.0,0.0744,0.0,0.0,0.0,0.0,0.0,0.0,0.0,10.0,,tree cover
6077,121,0.974,1.0,0.0,0.0,0.0,0.0,0.0,0.0,0.0,0.0,0.0,10.0,,tree cover
6188,121,0.974,0.9669,0.0,0.0,0.0331,0.0,0.0,0.0,0.0,0.0,0.0,10.0,,tree cover
6299,121,0.974,1.0,0.0,0.0,0.0,0.0,0.0,0.0,0.0,0.0,0.0,10.0,,tree cover
6410,119,0.958,1.0,0.0,0.0,0.0,0.0,0.0,0.0,0.0,0.0,0.0,10.0,,tree cover
6521,114,0.918,0.7719,0.0,0.2281,0.0,0.0,0.0,0.0,0.0,0.0,0.0,10.0,,tree cover
6632,121,0.974,0.4545,0.0,0.5455,0.0,0.0,0.0,0.0,0.0,0.0,0.0,30.0,,grassland
6743,121,0.974,0.8843,0.0,0.0909,0.0248,0.0,0.0,0.0,0.0,0.0,0.0,10.0,,tree cover
6854,121,0.974,0.9917,0.0,0.0083,0.0,0.0,0.0,0.0,0.0,0.0,0.0,10.0,,tree cover
6965,121,0.974,1.0,0.0,0.0,0.0,0.0,0.0,0.0,0.0,0.0,0.0,10.0,,tree cover
7076,121,0.974,0.9917,0.0,0.0083,0.0,0.0,0.0,0.0,0.0,0.0,0.0,10.0,,tree cover
7187,126,1.0,0.7778,0.0,0.2222,0.0,0.0,0.0,0.0,0.0,0.0,0.0,10.0,,tree cover
7298,127,1.0,0.9134,0.0,0.0709,0.0157,0.0,0.0,0.0,0.0,0.0,0.0,10.0,,tree cover
7409,121,0.974,1.0,0.0,0.0,0.0,0.0,0.0,0.0,0.0,0.0,0.0,10.0,,tree cover
7520,121,0.974,1.0,0.0,0.0,0.0,0.0,0.0,0.0,0.0,0.0,0.0,10.0,,tree cover
7631,115,0.926,0.9565,0.0,0.0435,0.0,0.0,0.0,0.0,0.0,0.0,0.0,10.0,,tree cover
7742,110,0.886,0.3727,0.0,0.6273,0.0,0.0,0.0,0.0,0.0,0.0,0.0,30.0,,grassland
7853,119,0.958,1.0,0.0,0.0,0.0,0.0,0.0,0.0,0.0,0.0,0.0,10.0,,tree cover
7964,123,0.99,0.8699,0.0,0.1301,0.0,0.0,0.0,0.0,0.0,0.0,0.0,10.0,,tree cover
8186,121,0.974,1.0,0.0,0.0,0.0,0.0,0.0,0.0,0.0,0.0,0.0,10.0,,tree cover
8297,121,0.974,1.0,0.0,0.0,0.0,0.0,0.0,0.0,0.0,0.0,0.0,10.0,,tree cover
8408,121,0.974,1.0,0.0,0.0,0.0,0.0,0.0,0.0,0.0,0.0,0.0,10.0,,tree cover
8519,121,0.974,1.0,0.0,0.0,0.0,0.0,0.0,0.0,0.0,0.0,0.0,10.0,,tree cover
8630,121,0.974,1.0,0.0,0.0,0.0,0.0,0.0,0.0,0.0,0.0,0.0,10.0,,tree cover
8741,121,0.974,1.0,0.0,0.0,0.0,0.0,0.0,0.0,0.0,0.0,0.0,10.0,,tree cover
8852,130,1.0,1.0,0.0,0.0,0.0,0.0,0.0,0.0,0.0,0.0,0.0,10.0,,tree cover
8963,110,0.886,1.0,0.0,0.0,0.0,0.0,0.0,0.0,0.0,0.0,0.0,10.0,,tree cover
9074,114,0.918,1.0,0.0,0.0,0.0,0.0,0.0,0.0,0.0,0.0,0.0,10.0,,tree cover
9185,121,0.974,1.0,0.0,0.0,0.0,0.0,0.0,0.0,0.0,0.0,0.0,10.0,,tree cover
9296,121,0.974,1.0,0.0,0.0,0.0,0.0,0.0,0.0,0.0,0.0,0.0,10.0,,tree cover
9407,121,0.974,1.0,0.0,0.0,0.0,0.0,0.0,0.0,0.0,0.0,0.0,10.0,,tree cover
9518,121,0.974,1.0,0.0,0.0,0.0,0.0,0.0,0.0,0.0,0.0,0.0,10.0,,tree cover
9629,132,1.0,0.9697,0.0,0.0303,0.0,0.0,0.0,0.0,0.0,0.0,0.0,10.0,,tree cover
9740,121,0.974,0.9917,0.0,0.0083,0.0,0.0,0.0,0.0,0.0,0.0,0.0,10.0,,tree cover
9851,121,0.974,0.8347,0.0,0.1653,0.0,0.0,0.0,0.0,0.0,0.0,0.0,10.0,,tree cover
9962,121,0.974,1.0,0.0,0.0,0.0,0.0,0.0,0.0,0.0,0.0,0.0,10.0,,tree cover
10073,121,0.974,0.9835,0.0,0.0,0.0,0.0165,0.0,0.0,0.0,0.0,0.0,10.0,,tree cover
10184,114,0.918,1.0,0.0,0.0,0.0,0.0,0.0,0.0,0.0,0.0,0.0,10.0,,tree cover
10295,110,0.886,1.0,0.0,0.0,0.0,0.0,0.0,0.0,0.0,0.0,0.0,10.0,,tree cover
10406,129,1.0,1.0,0.0,0.0,0.0,0.0,0.0,0.0,0.0,0.0,0.0,10.0,,tree cover
10517,122,0.982,1.0,0.0,0.0,0.0,0.0,0.0,0.0,0.0,0.0,0.0,10.0,,tree cover
10628,121,0.974,1.0,0.0,0.0,0.0,0.0,0.0,0.0,0.0,0.0,0.0,10.0,,tree cover
10739,121,0.974,1.0,0.0,0.0,0.0,0.0,0.0,0.0,0.0,0.0,0.0,10.0,,tree cover
10850,121,0.974,1.0,0.0,0.0,0.0,0.0,0.0,0.0,0.0,0.0,0.0,10.0,,tree cover
10961,121,0.974,1.0,0.0,0.0,0.0,0.0,0.0,0.0,0.0,0.0,0.0,10.0,,tree cover
11072,121,0.974,1.0,0.0,0.0,0.0,0.0,0.0,0.0,0.0,0.0,0.0,10.0,,tree cover
11183,128,1.0,1.0,0.0,0.0,0.0,0.0,0.0,0.0,0.0,0.0,0.0,10.0,,tree cover
11294,125,1.0,0.96,0.0,0.04,0.0,0.0,0.0,0.0,0.0,0.0,0.0,10.0,,tree cover
11405,120,0.966,0.325,0.0,0.675,0.0,0.0,0.0,0.0,0.0,0.0,0.0,30.0,,grassland
11516,110,0.886,0.9455,0.0,0.0545,0.0,0.0,0.0,0.0,0.0,0.0,0.0,10.0,,tree cover
11627,113,0.91,0.5752,0.0,0.4248,0.0,0.0,0.0,0.0,0.0,0.0,0.0,10.0,,tree cover
11738,121,0.974,0.6942,0.0,0.3058,0.0,0.0,0.0,0.0,0.0,0.0,0.0,10.0,,tree cover
11849,121,0.974,0.9587,0.0,0.0,0.0,0.0413,0.0,0.0,0.0,0.0,0.0,10.0,,tree cover
11960,125,1.0,0.488,0.0,0.36,0.0,0.152,0.0,0.0,0.0,0.0,0.0,10.0,,tree cover
12071,128,1.0,0.6172,0.0,0.3828,0.0,0.0,0.0,0.0,0.0,0.0,0.0,10.0,,tree cover
12182,121,0.974,1.0,0.0,0.0,0.0,0.0,0.0,0.0,0.0,0.0,0.0,10.0,,tree cover
12293,121,0.974,1.0,0.0,0.0,0.0,0.0,0.0,0.0,0.0,0.0,0.0,10.0,,tree cover
12404,121,0.974,1.0,0.0,0.0,0.0,0.0,0.0,0.0,0.0,0.0,0.0,10.0,,tree cover
12515,121,0.974,1.0,0.0,0.0,0.0,0.0,0.0,0.0,0.0,0.0,0.0,10.0,,tree cover
12626,121,0.974,1.0,0.0,0.0,0.0,0.0,0.0,0.0,0.0,0.0,0.0,10.0,,tree cover
12737,118,0.95,0.9492,0.0,0.0508,0.0,0.0,0.0,0.0,0.0,0.0,0.0,10.0,,tree cover
12848,119,0.958,1.0,0.0,0.0,0.0,0.0,0.0,0.0,0.0,0.0,0.0,10.0,,tree cover
12959,117,0.942,1.0,0.0,0.0,0.0,0.0,0.0,0.0,0.0,0.0,0.0,10.0,,tree cover
13070,121,0.974,1.0,0.0,0.0,0.0,0.0,0.0,0.0,0.0,0.0,0.0,10.0,,tree cover
13181,121,0.974,1.0,0.0,0.0,0.0,0.0,0.0,0.0,0.0,0.0,0.0,10.0,,tree cover
13292,121,0.974,1.0,0.0,0.0,0.0,0.0,0.0,0.0,0.0,0.0,0.0,10.0,,tree cover
13403,121,0.974,1.0,0.0,0.0,0.0,0.0,0.0,0.0,0.0,0.0,0.0,10.0,,tree cover
13514,121,0.974,1.0,0.0,0.0,0.0,0.0,0.0,0.0,0.0,0.0,0.0,10.0,,tree cover
2970,121,0.974,0.7769,0.0,0.0,0.0,0.2231,0.0,0.0,0.0,0.0,0.0,10.0,,tree cover
3192,132,1.0,0.2879,0.0,0.0,0.0,0.7121,0.0,0.0,0.0,0.0,0.0,50.0,ground_built_up,built-up
3414,121,0.974,0.7686,0.0,0.0,0.0,0.2314,0.0,0.0,0.0,0.0,0.0,10.0,,tree cover
3636,119,0.958,0.605,0.0,0.0,0.0,0.395,0.0,0.0,0.0,0.0,0.0,10.0,,tree cover
3747,110,0.886,0.4909,0.0,0.0,0.0,0.5091,0.0,0.0,0.0,0.0,0.0,50.0,ground_built_up,built-up
3969,132,1.0,0.1894,0.0,0.0,0.0,0.8106,0.0,0.0,0.0,0.0,0.0,50.0,ground_built_up,built-up
4080,121,0.974,0.8926,0.0,0.0,0.0,0.1074,0.0,0.0,0.0,0.0,0.0,10.0,,tree cover
4191,121,0.974,0.2893,0.0,0.0,0.0,0.7107,0.0,0.0,0.0,0.0,0.0,50.0,ground_built_up,built-up
4635,121,0.974,1.0,0.0,0.0,0.0,0.0,0.0,0.0,0.0,0.0,0.0,10.0,,tree cover
4746,130,1.0,1.0,0.0,0.0,0.0,0.0,0.0,0.0,0.0,0.0,0.0,10.0,,tree cover
4857,123,0.99,1.0,0.0,0.0,0.0,0.0,0.0,0.0,0.0,0.0,0.0,10.0,,tree cover
4968,110,0.886,0.9727,0.0,0.0,0.0,0.0273,0.0,0.0,0.0,0.0,0.0,10.0,,tree cover
5079,113,0.91,1.0,0.0,0.0,0.0,0.0,0.0,0.0,0.0,0.0,0.0,10.0,,tree cover
5190,121,0.974,1.0,0.0,0.0,0.0,0.0,0.0,0.0,0.0,0.0,0.0,10.0,,tree cover
5301,121,0.974,1.0,0.0,0.0,0.0,0.0,0.0,0.0,0.0,0.0,0.0,10.0,,tree cover
5412,121,0.974,1.0,0.0,0.0,0.0,0.0,0.0,0.0,0.0,0.0,0.0,10.0,,tree cover
5523,127,1.0,0.874,0.0,0.126,0.0,0.0,0.0,0.0,0.0,0.0,0.0,10.0,,tree cover
5634,126,1.0,0.9921,0.0,0.0079,0.0,0.0,0.0,0.0,0.0,0.0,0.0,10.0,,tree cover
5745,121,0.974,0.9091,0.0,0.0909,0.0,0.0,0.0,0.0,0.0,0.0,0.0,10.0,,tree cover
5856,121,0.974,0.9504,0.0,0.0496,0.0,0.0,0.0,0.0,0.0,0.0,0.0,10.0,,tree cover
5967,121,0.974,0.9587,0.0,0.0413,0.0,0.0,0.0,0.0,0.0,0.0,0.0,10.0,,tree cover
6189,114,0.918,0.9825,0.0,0.0175,0.0,0.0,0.0,0.0,0.0,0.0,0.0,10.0,,tree cover
6300,112,0.902,1.0,0.0,0.0,0.0,0.0,0.0,0.0,0.0,0.0,0.0,10.0,,tree cover
6411,129,1.0,1.0,0.0,0.0,0.0,0.0,0.0,0.0,0.0,0.0,0.0,10.0,,tree cover
6522,121,0.974,1.0,0.0,0.0,0.0,0.0,0.0,0.0,0.0,0.0,0.0,10.0,,tree cover
6633,121,0.974,1.0,0.0,0.0,0.0,0.0,0.0,0.0,0.0,0.0,0.0,10.0,,tree cover
6744,121,0.974,0.9504,0.0,0.0496,0.0,0.0,0.0,0.0,0.0,0.0,0.0,10.0,,tree cover
6855,121,0.974,1.0,0.0,0.0,0.0,0.0,0.0,0.0,0.0,0.0,0.0,10.0,,tree cover
6966,121,0.974,1.0,0.0,0.0,0.0,0.0,0.0,0.0,0.0,0.0,0.0,10.0,,tree cover
7077,121,0.974,1.0,0.0,0.0,0.0,0.0,0.0,0.0,0.0,0.0,0.0,10.0,,tree cover
7299,121,0.974,1.0,0.0,0.0,0.0,0.0,0.0,0.0,0.0,0.0,0.0,10.0,,tree cover
7410,117,0.942,1.0,0.0,0.0,0.0,0.0,0.0,0.0,0.0,0.0,0.0,10.0,,tree cover
7521,110,0.886,1.0,0.0,0.0,0.0,0.0,0.0,0.0,0.0,0.0,0.0,10.0,,tree cover
7632,116,0.934,1.0,0.0,0.0,0.0,0.0,0.0,0.0,0.0,0.0,0.0,10.0,,tree cover
7743,121,0.974,0.8926,0.0,0.1074,0.0,0.0,0.0,0.0,0.0,0.0,0.0,10.0,,tree cover
7854,121,0.974,0.876,0.0,0.124,0.0,0.0,0.0,0.0,0.0,0.0,0.0,10.0,,tree cover
8076,121,0.974,1.0,0.0,0.0,0.0,0.0,0.0,0.0,0.0,0.0,0.0,10.0,,tree cover
8187,121,0.974,1.0,0.0,0.0,0.0,0.0,0.0,0.0,0.0,0.0,0.0,10.0,,tree cover
8298,121,0.974,1.0,0.0,0.0,0.0,0.0,0.0,0.0,0.0,0.0,0.0,10.0,,tree cover
8409,121,0.974,1.0,0.0,0.0,0.0,0.0,0.0,0.0,0.0,0.0,0.0,10.0,,tree cover
8520,121,0.974,1.0,0.0,0.0,0.0,0.0,0.0,0.0,0.0,0.0,0.0,10.0,,tree cover
8631,121,0.974,1.0,0.0,0.0,0.0,0.0,0.0,0.0,0.0,0.0,0.0,10.0,,tree cover
8742,120,0.966,1.0,0.0,0.0,0.0,0.0,0.0,0.0,0.0,0.0,0.0,10.0,,tree cover
8853,113,0.91,1.0,0.0,0.0,0.0,0.0,0.0,0.0,0.0,0.0,0.0,10.0,,tree cover
8964,121,0.974,1.0,0.0,0.0,0.0,0.0,0.0,0.0,0.0,0.0,0.0,10.0,,tree cover
9075,121,0.974,1.0,0.0,0.0,0.0,0.0,0.0,0.0,0.0,0.0,0.0,10.0,,tree cover
9186,121,0.974,1.0,0.0,0.0,0.0,0.0,0.0,0.0,0.0,0.0,0.0,10.0,,tree cover
9297,121,0.974,1.0,0.0,0.0,0.0,0.0,0.0,0.0,0.0,0.0,0.0,10.0,,tree cover
9408,121,0.974,1.0,0.0,0.0,0.0,0.0,0.0,0.0,0.0,0.0,0.0,10.0,,tree cover
9519,128,1.0,1.0,0.0,0.0,0.0,0.0,0.0,0.0,0.0,0.0,0.0,10.0,,tree cover
9630,125,1.0,1.0,0.0,0.0,0.0,0.0,0.0,0.0,0.0,0.0,0.0,10.0,,tree cover
9741,121,0.974,1.0,0.0,0.0,0.0,0.0,0.0,0.0,0.0,0.0,0.0,10.0,,tree cover
9852,121,0.974,1.0,0.0,0.0,0.0,0.0,0.0,0.0,0.0,0.0,0.0,10.0,,tree cover
9963,116,0.934,1.0,0.0,0.0,0.0,0.0,0.0,0.0,0.0,0.0,0.0,10.0,,tree cover
10074,110,0.886,1.0,0.0,0.0,0.0,0.0,0.0,0.0,0.0,0.0,0.0,10.0,,tree cover
10185,117,0.942,1.0,0.0,0.0,0.0,0.0,0.0,0.0,0.0,0.0,0.0,10.0,,tree cover
10296,125,1.0,1.0,0.0,0.0,0.0,0.0,0.0,0.0,0.0,0.0,0.0,10.0,,tree cover
10407,128,1.0,1.0,0.0,0.0,0.0,0.0,0.0,0.0,0.0,0.0,0.0,10.0,,tree cover
10518,121,0.974,1.0,0.0,0.0,0.0,0.0,0.0,0.0,0.0,0.0,0.0,10.0,,tree cover
10629,121,0.974,1.0,0.0,0.0,0.0,0.0,0.0,0.0,0.0,0.0,0.0,10.0,,tree cover
10740,121,0.974,1.0,0.0,0.0,0.0,0.0,0.0,0.0,0.0,0.0,0.0,10.0,,tree cover
10851,121,0.974,1.0,0.0,0.0,0.0,0.0,0.0,0.0,0.0,0.0,0.0,10.0,,tree cover
10962,121,0.974,1.0,0.0,0.0,0.0,0.0,0.0,0.0,0.0,0.0,0.0,10.0,,tree cover
11073,122,0.982,1.0,0.0,0.0,0.0,0.0,0.0,0.0,0.0,0.0,0.0,10.0,,tree cover
11184,131,1.0,1.0,0.0,0.0,0.0,0.0,0.0,0.0,0.0,0.0,0.0,10.0,,tree cover
11295,111,0.894,0.9279,0.0,0.036,0.036,0.0,0.0,0.0,0.0,0.0,0.0,10.0,,tree cover
11406,111,0.894,0.045,0.0,0.955,0.0,0.0,0.0,0.0,0.0,0.0,0.0,30.0,,grassland
11517,121,0.974,0.9256,0.0,0.0744,0.0,0.0,0.0,0.0,0.0,0.0,0.0,10.0,,tree cover
11628,121,0.974,0.7273,0.0,0.2727,0.0,0.0,0.0,0.0,0.0,0.0,0.0,10.0,,tree cover
11739,121,0.974,0.7107,0.0,0.2893,0.0,0.0,0.0,0.0,0.0,0.0,0.0,10.0,,tree cover
11850,121,0.974,0.9917,0.0,0.0,0.0,0.0083,0.0,0.0,0.0,0.0,0.0,10.0,,tree cover
11961,132,1.0,0.6894,0.0,0.1742,0.0,0.1364,0.0,0.0,0.0,0.0,0.0,10.0,,tree cover
12072,121,0.974,0.7934,0.0,0.2066,0.0,0.0,0.0,0.0,0.0,0.0,0.0,10.0,,tree cover
12183,121,0.974,0.9917,0.0,0.0083,0.0,0.0,0.0,0.0,0.0,0.0,0.0,10.0,,tree cover
12294,121,0.974,1.0,0.0,0.0,0.0,0.0,0.0,0.0,0.0,0.0,0.0,10.0,,tree cover
12405,121,0.974,1.0,0.0,0.0,0.0,0.0,0.0,0.0,0.0,0.0,0.0,10.0,,tree cover
12516,118,0.95,1.0,0.0,0.0,0.0,0.0,0.0,0.0,0.0,0.0,0.0,10.0,,tree cover
12627,110,0.886,1.0,0.0,0.0,0.0,0.0,0.0,0.0,0.0,0.0,0.0,10.0,,tree cover
12738,125,1.0,1.0,0.0,0.0,0.0,0.0,0.0,0.0,0.0,0.0,0.0,10.0,,tree cover
12849,121,0.974,1.0,0.0,0.0,0.0,0.0,0.0,0.0,0.0,0.0,0.0,10.0,,tree cover
12960,121,0.974,1.0,0.0,0.0,0.0,0.0,0.0,0.0,0.0,0.0,0.0,10.0,,tree cover
13071,121,0.974,1.0,0.0,0.0,0.0,0.0,0.0,0.0,0.0,0.0,0.0,10.0,,tree cover
13182,121,0.974,1.0,0.0,0.0,0.0,0.0,0.0,0.0,0.0,0.0,0.0,10.0,,tree cover
13293,121,0.974,1.0,0.0,0.0,0.0,0.0,0.0,0.0,0.0,0.0,0.0,10.0,,tree cover
13404,121,0.974,1.0,0.0,0.0,0.0,0.0,0.0,0.0,0.0,0.0,0.0,10.0,,tree cover
3082,131,1.0,0.4198,0.0,0.0,0.0,0.5802,0.0,0.0,0.0,0.0,0.0,50.0,ground_built_up,built-up
3304,121,0.974,0.281,0.0,0.0,0.0,0.719,0.0,0.0,0.0,0.0,0.0,50.0,ground_built_up,built-up
3415,121,0.974,0.1983,0.0,0.0,0.0,0.8017,0.0,0.0,0.0,0.0,0.0,50.0,ground_built_up,built-up
3526,110,0.886,0.6727,0.0,0.0,0.0,0.3273,0.0,0.0,0.0,0.0,0.0,10.0,,tree cover
3637,112,0.902,0.8482,0.0,0.0,0.0,0.1518,0.0,0.0,0.0,0.0,0.0,10.0,,tree cover
3748,121,0.974,0.9587,0.0,0.0,0.0,0.0413,0.0,0.0,0.0,0.0,0.0,10.0,,tree cover
3859,127,1.0,0.8268,0.0,0.0,0.0,0.1732,0.0,0.0,0.0,0.0,0.0,10.0,,tree cover
4081,121,0.974,0.8017,0.0,0.0,0.0248,0.1736,0.0,0.0,0.0,0.0,0.0,10.0,,tree cover
4414,121,0.974,0.7686,0.0,0.0,0.0,0.2314,0.0,0.0,0.0,0.0,0.0,10.0,,tree cover
4525,121,0.974,1.0,0.0,0.0,0.0,0.0,0.0,0.0,0.0,0.0,0.0,10.0,,tree cover
4636,124,0.998,1.0,0.0,0.0,0.0,0.0,0.0,0.0,0.0,0.0,0.0,10.0,,tree cover
4747,120,0.966,1.0,0.0,0.0,0.0,0.0,0.0,0.0,0.0,0.0,0.0,10.0,,tree cover
4969,121,0.974,0.1983,0.0,0.0,0.0,0.8017,0.0,0.0,0.0,0.0,0.0,50.0,ground_built_up,built-up
5080,121,0.974,0.9256,0.0,0.0,0.0,0.0744,0.0,0.0,0.0,0.0,0.0,10.0,,tree cover
5191,121,0.974,1.0,0.0,0.0,0.0,0.0,0.0,0.0,0.0,0.0,0.0,10.0,,tree cover
5302,121,0.974,1.0,0.0,0.0,0.0,0.0,0.0,0.0,0.0,0.0,0.0,10.0,,tree cover
5413,121,0.974,1.0,0.0,0.0,0.0,0.0,0.0,0.0,0.0,0.0,0.0,10.0,,tree cover
5524,132,1.0,0.8409,0.0,0.1288,0.0,0.0303,0.0,0.0,0.0,0.0,0.0,10.0,,tree cover
5635,121,0.974,0.6116,0.0,0.0744,0.1157,0.1983,0.0,0.0,0.0,0.0,0.0,10.0,,tree cover
5746,121,0.974,0.4711,0.0,0.0,0.2479,0.281,0.0,0.0,0.0,0.0,0.0,10.0,,tree cover
5857,121,0.974,0.5041,0.0,0.0,0.0,0.4959,0.0,0.0,0.0,0.0,0.0,10.0,,tree cover
5968,116,0.934,0.6466,0.0,0.0,0.0,0.3534,0.0,0.0,0.0,0.0,0.0,10.0,,tree cover
6079,110,0.886,0.6273,0.0,0.3727,0.0,0.0,0.0,0.0,0.0,0.0,0.0,10.0,,tree cover
6190,117,0.942,1.0,0.0,0.0,0.0,0.0,0.0,0.0,0.0,0.0,0.0,10.0,,tree cover
6301,132,1.0,1.0,0.0,0.0,0.0,0.0,0.0,0.0,0.0,0.0,0.0,10.0,,tree cover
6412,121,0.974,1.0,0.0,0.0,0.0,0.0,0.0,0.0,0.0,0.0,0.0,10.0,,tree cover
6523,121,0.974,1.0,0.0,0.0,0.0,0.0,0.0,0.0,0.0,0.0,0.0,10.0,,tree cover
6634,121,0.974,1.0,0.0,0.0,0.0,0.0,0.0,0.0,0.0,0.0,0.0,10.0,,tree cover
6745,121,0.974,1.0,0.0,0.0,0.0,0.0,0.0,0.0,0.0,0.0,0.0,10.0,,tree cover
6856,121,0.974,1.0,0.0,0.0,0.0,0.0,0.0,0.0,0.0,0.0,0.0,10.0,,tree cover
6967,121,0.974,1.0,0.0,0.0,0.0,0.0,0.0,0.0,0.0,0.0,0.0,10.0,,tree cover
7078,131,1.0,1.0,0.0,0.0,0.0,0.0,0.0,0.0,0.0,0.0,0.0,10.0,,tree cover
7189,120,0.966,1.0,0.0,0.0,0.0,0.0,0.0,0.0,0.0,0.0,0.0,10.0,,tree cover
7300,110,0.886,1.0,0.0,0.0,0.0,0.0,0.0,0.0,0.0,0.0,0.0,10.0,,tree cover
7411,114,0.918,1.0,0.0,0.0,0.0,0.0,0.0,0.0,0.0,0.0,0.0,10.0,,tree cover
7522,121,0.974,1.0,0.0,0.0,0.0,0.0,0.0,0.0,0.0,0.0,0.0,10.0,,tree cover
7633,121,0.974,1.0,0.0,0.0,0.0,0.0,0.0,0.0,0.0,0.0,0.0,10.0,,tree cover
7744,121,0.974,1.0,0.0,0.0,0.0,0.0,0.0,0.0,0.0,0.0,0.0,10.0,,tree cover
7855,128,1.0,0.8516,0.0,0.1484,0.0,0.0,0.0,0.0,0.0,0.0,0.0,10.0,,tree cover
7966,125,1.0,0.648,0.0,0.352,0.0,0.0,0.0,0.0,0.0,0.0,0.0,10.0,,tree cover
8077,121,0.974,1.0,0.0,0.0,0.0,0.0,0.0,0.0,0.0,0.0,0.0,10.0,,tree cover
8188,121,0.974,1.0,0.0,0.0,0.0,0.0,0.0,0.0,0.0,0.0,0.0,10.0,,tree cover
8299,121,0.974,1.0,0.0,0.0,0.0,0.0,0.0,0.0,0.0,0.0,0.0,10.0,,tree cover
8410,121,0.974,1.0,0.0,0.0,0.0,0.0,0.0,0.0,0.0,0.0,0.0,10.0,,tree cover
8521,114,0.918,1.0,0.0,0.0,0.0,0.0,0.0,0.0,0.0,0.0,0.0,10.0,,tree cover
8632,113,0.91,1.0,0.0,0.0,0.0,0.0,0.0,0.0,0.0,0.0,0.0,10.0,,tree cover
8743,128,1.0,0.9844,0.0,0.0156,0.0,0.0,0.0,0.0,0.0,0.0,0.0,10.0,,tree cover
8854,121,0.974,1.0,0.0,0.0,0.0,0.0,0.0,0.0,0.0,0.0,0.0,10.0,,tree cover
8965,121,0.974,1.0,0.0,0.0,0.0,0.0,0.0,0.0,0.0,0.0,0.0,10.0,,tree cover
9076,121,0.974,1.0,0.0,0.0,0.0,0.0,0.0,0.0,0.0,0.0,0.0,10.0,,tree cover
9187,121,0.974,1.0,0.0,0.0,0.0,0.0,0.0,0.0,0.0,0.0,0.0,10.0,,tree cover
9298,121,0.974,1.0,0.0,0.0,0.0,0.0,0.0,0.0,0.0,0.0,0.0,10.0,,tree cover
9409,122,0.982,1.0,0.0,0.0,0.0,0.0,0.0,0.0,0.0,0.0,0.0,10.0,,tree cover
9520,131,1.0,1.0,0.0,0.0,0.0,0.0,0.0,0.0,0.0,0.0,0.0,10.0,,tree cover
9631,121,0.974,1.0,0.0,0.0,0.0,0.0,0.0,0.0,0.0,0.0,0.0,10.0,,tree cover
9742,118,0.95,1.0,0.0,0.0,0.0,0.0,0.0,0.0,0.0,0.0,0.0,10.0,,tree cover
9853,110,0.886,1.0,0.0,0.0,0.0,0.0,0.0,0.0,0.0,0.0,0.0,10.0,,tree cover
9964,115,0.926,1.0,0.0,0.0,0.0,0.0,0.0,0.0,0.0,0.0,0.0,10.0,,tree cover
10075,121,0.974,1.0,0.0,0.0,0.0,0.0,0.0,0.0,0.0,0.0,0.0,10.0,,tree cover
10186,121,0.974,1.0,0.0,0.0,0.0,0.0,0.0,0.0,0.0,0.0,0.0,10.0,,tree cover
10297,132,1.0,1.0,0.0,0.0,0.0,0.0,0.0,0.0,0.0,0.0,0.0,10.0,,tree cover
10408,121,0.974,1.0,0.0,0.0,0.0,0.0,0.0,0.0,0.0,0.0,0.0,10.0,,tree cover
10519,121,0.974,1.0,0.0,0.0,0.0,0.0,0.0,0.0,0.0,0.0,0.0,10.0,,tree cover
10630,121,0.974,1.0,0.0,0.0,0.0,0.0,0.0,0.0,0.0,0.0,0.0,10.0,,tree cover
10741,121,0.974,0.7934,0.0,0.2066,0.0,0.0,0.0,0.0,0.0,0.0,0.0,10.0,,tree cover
10852,121,0.974,0.876,0.0,0.124,0.0,0.0,0.0,0.0,0.0,0.0,0.0,10.0,,tree cover
10963,121,0.974,1.0,0.0,0.0,0.0,0.0,0.0,0.0,0.0,0.0,0.0,10.0,,tree cover
11074,124,0.998,1.0,0.0,0.0,0.0,0.0,0.0,0.0,0.0,0.0,0.0,10.0,,tree cover
11185,110,0.886,1.0,0.0,0.0,0.0,0.0,0.0,0.0,0.0,0.0,0.0,10.0,,tree cover
11296,120,0.966,0.7917,0.0,0.2083,0.0,0.0,0.0,0.0,0.0,0.0,0.0,10.0,,tree cover
11407,121,0.974,0.4793,0.0,0.5207,0.0,0.0,0.0,0.0,0.0,0.0,0.0,30.0,,grassland
11518,121,0.974,0.9174,0.0,0.0826,0.0,0.0,0.0,0.0,0.0,0.0,0.0,10.0,,tree cover
11629,121,0.974,0.6529,0.0,0.3471,0.0,0.0,0.0,0.0,0.0,0.0,0.0,10.0,,tree cover
11740,121,0.974,0.9174,0.0,0.0826,0.0,0.0,0.0,0.0,0.0,0.0,0.0,10.0,,tree cover
11851,130,1.0,1.0,0.0,0.0,0.0,0.0,0.0,0.0,0.0,0.0,0.0,10.0,,tree cover
11962,123,0.99,0.9106,0.0,0.0732,0.0163,0.0,0.0,0.0,0.0,0.0,0.0,10.0,,tree cover
12073,121,0.974,0.9174,0.0,0.0826,0.0,0.0,0.0,0.0,0.0,0.0,0.0,10.0,,tree cover
12184,121,0.974,0.9752,0.0,0.0248,0.0,0.0,0.0,0.0,0.0,0.0,0.0,10.0,,tree cover
12295,120,0.966,0.9667,0.0,0.0333,0.0,0.0,0.0,0.0,0.0,0.0,0.0,10.0,,tree cover
12406,110,0.886,1.0,0.0,0.0,0.0,0.0,0.0,0.0,0.0,0.0,0.0,10.0,,tree cover
12517,113,0.91,1.0,0.0,0.0,0.0,0.0,0.0,0.0,0.0,0.0,0.0,10.0,,tree cover
12628,126,1.0,1.0,0.0,0.0,0.0,0.0,0.0,0.0,0.0,0.0,0.0,10.0,,tree cover
12739,127,1.0,1.0,0.0,0.0,0.0,0.0,0.0,0.0,0.0,0.0,0.0,10.0,,tree cover
12850,121,0.974,1.0,0.0,0.0,0.0,0.0,0.0,0.0,0.0,0.0,0.0,10.0,,tree cover
12961,121,0.974,1.0,0.0,0.0,0.0,0.0,0.0,0.0,0.0,0.0,0.0,10.0,,tree cover
13072,121,0.974,1.0,0.0,0.0,0.0,0.0,0.0,0.0,0.0,0.0,0.0,10.0,,tree cover
13183,121,0.974,1.0,0.0,0.0,0.0,0.0,0.0,0.0,0.0,0.0,0.0,10.0,,tree cover
13294,121,0.974,1.0,0.0,0.0,0.0,0.0,0.0,0.0,0.0,0.0,0.0,10.0,,tree cover
3083,128,1.0,0.6016,0.0,0.0,0.0,0.3984,0.0,0.0,0.0,0.0,0.0,10.0,,tree cover
3194,121,0.974,0.5289,0.0,0.0,0.0,0.4711,0.0,0.0,0.0,0.0,0.0,10.0,,tree cover
3305,113,0.91,0.2743,0.0,0.0,0.0,0.7257,0.0,0.0,0.0,0.0,0.0,50.0,ground_built_up,built-up
3416,110,0.886,0.6455,0.0,0.0,0.0,0.3545,0.0,0.0,0.0,0.0,0.0,10.0,,tree cover
3638,121,0.974,0.9835,0.0,0.0,0.0,0.0165,0.0,0.0,0.0,0.0,0.0,10.0,,tree cover
3749,122,0.982,0.9262,0.0,0.0738,0.0,0.0,0.0,0.0,0.0,0.0,0.0,10.0,,tree cover
3860,131,1.0,0.6183,0.0,0.374,0.0076,0.0,0.0,0.0,0.0,0.0,0.0,10.0,,tree cover
3971,121,0.974,0.8264,0.0,0.1322,0.0413,0.0,0.0,0.0,0.0,0.0,0.0,10.0,,tree cover
4082,121,0.974,0.1405,0.0,0.7934,0.0661,0.0,0.0,0.0,0.0,0.0,0.0,30.0,,grassland
4415,121,0.974,1.0,0.0,0.0,0.0,0.0,0.0,0.0,0.0,0.0,0.0,10.0,,tree cover
4526,116,0.934,1.0,0.0,0.0,0.0,0.0,0.0,0.0,0.0,0.0,0.0,10.0,,tree cover
4637,120,0.966,1.0,0.0,0.0,0.0,0.0,0.0,0.0,0.0,0.0,0.0,10.0,,tree cover
4748,119,0.958,0.916,0.0,0.0,0.0,0.084,0.0,0.0,0.0,0.0,0.0,10.0,,tree cover
4970,121,0.974,0.405,0.0,0.0,0.0,0.595,0.0,0.0,0.0,0.0,0.0,50.0,ground_built_up,built-up
5081,121,0.974,1.0,0.0,0.0,0.0,0.0,0.0,0.0,0.0,0.0,0.0,10.0,,tree cover
5192,121,0.974,1.0,0.0,0.0,0.0,0.0,0.0,0.0,0.0,0.0,0.0,10.0,,tree cover
5303,121,0.974,0.8926,0.0,0.0,0.0,0.1074,0.0,0.0,0.0,0.0,0.0,10.0,,tree cover
5414,132,1.0,0.4091,0.0,0.0,0.0,0.5909,0.0,0.0,0.0,0.0,0.0,50.0,ground_built_up,built-up
5858,110,0.886,0.0182,0.0,0.0,0.0,0.9818,0.0,0.0,0.0,0.0,0.0,50.0,ground_built_up,built-up
5969,115,0.926,0.3043,0.0,0.0,0.0,0.6957,0.0,0.0,0.0,0.0,0.0,50.0,ground_built_up,built-up
6080,121,0.974,0.9917,0.0,0.0083,0.0,0.0,0.0,0.0,0.0,0.0,0.0,10.0,,tree cover
6191,128,1.0,1.0,0.0,0.0,0.0,0.0,0.0,0.0,0.0,0.0,0.0,10.0,,tree cover
6302,125,1.0,1.0,0.0,0.0,0.0,0.0,0.0,0.0,0.0,0.0,0.0,10.0,,tree cover
6413,121,0.974,1.0,0.0,0.0,0.0,0.0,0.0,0.0,0.0,0.0,0.0,10.0,,tree cover
6524,121,0.974,1.0,0.0,0.0,0.0,0.0,0.0,0.0,0.0,0.0,0.0,10.0,,tree cover
6635,121,0.974,1.0,0.0,0.0,0.0,0.0,0.0,0.0,0.0,0.0,0.0,10.0,,tree cover
6746,121,0.974,1.0,0.0,0.0,0.0,0.0,0.0,0.0,0.0,0.0,0.0,10.0,,tree cover
6857,121,0.974,1.0,0.0,0.0,0.0,0.0,0.0,0.0,0.0,0.0,0.0,10.0,,tree cover
6968,126,1.0,1.0,0.0,0.0,0.0,0.0,0.0,0.0,0.0,0.0,0.0,10.0,,tree cover
7079,117,0.942,1.0,0.0,0.0,0.0,0.0,0.0,0.0,0.0,0.0,0.0,10.0,,tree cover
7190,112,0.902,1.0,0.0,0.0,0.0,0.0,0.0,0.0,0.0,0.0,0.0,10.0,,tree cover
7301,121,0.974,0.5868,0.0,0.405,0.0083,0.0,0.0,0.0,0.0,0.0,0.0,10.0,,tree cover
7412,121,0.974,0.9504,0.0,0.0413,0.0083,0.0,0.0,0.0,0.0,0.0,0.0,10.0,,tree cover
7523,121,0.974,1.0,0.0,0.0,0.0,0.0,0.0,0.0,0.0,0.0,0.0,10.0,,tree cover
7634,121,0.974,1.0,0.0,0.0,0.0,0.0,0.0,0.0,0.0,0.0,0.0,10.0,,tree cover
7745,122,0.982,1.0,0.0,0.0,0.0,0.0,0.0,0.0,0.0,0.0,0.0,10.0,,tree cover
7856,131,1.0,1.0,0.0,0.0,0.0,0.0,0.0,0.0,0.0,0.0,0.0,10.0,,tree cover
7967,121,0.974,1.0,0.0,0.0,0.0,0.0,0.0,0.0,0.0,0.0,0.0,10.0,,tree cover
8078,121,0.974,1.0,0.0,0.0,0.0,0.0,0.0,0.0,0.0,0.0,0.0,10.0,,tree cover
8189,121,0.974,1.0,0.0,0.0,0.0,0.0,0.0,0.0,0.0,0.0,0.0,10.0,,tree cover
8300,116,0.934,1.0,0.0,0.0,0.0,0.0,0.0,0.0,0.0,0.0,0.0,10.0,,tree cover
8411,110,0.886,1.0,0.0,0.0,0.0,0.0,0.0,0.0,0.0,0.0,0.0,10.0,,tree cover
8522,117,0.942,1.0,0.0,0.0,0.0,0.0,0.0,0.0,0.0,0.0,0.0,10.0,,tree cover
8633,132,1.0,0.8485,0.0,0.1515,0.0,0.0,0.0,0.0,0.0,0.0,0.0,10.0,,tree cover
8744,121,0.974,0.9917,0.0,0.0083,0.0,0.0,0.0,0.0,0.0,0.0,0.0,10.0,,tree cover
8855,121,0.974,0.9917,0.0,0.0083,0.0,0.0,0.0,0.0,0.0,0.0,0.0,10.0,,tree cover
9077,121,0.974,1.0,0.0,0.0,0.0,0.0,0.0,0.0,0.0,0.0,0.0,10.0,,tree cover
9188,121,0.974,1.0,0.0,0.0,0.0,0.0,0.0,0.0,0.0,0.0,0.0,10.0,,tree cover
9299,121,0.974,1.0,0.0,0.0,0.0,0.0,0.0,0.0,0.0,0.0,0.0,10.0,,tree cover
9410,132,1.0,1.0,0.0,0.0,0.0,0.0,0.0,0.0,0.0,0.0,0.0,10.0,,tree cover
9521,121,0.974,1.0,0.0,0.0,0.0,0.0,0.0,0.0,0.0,0.0,0.0,10.0,,tree cover
9632,110,0.886,1.0,0.0,0.0,0.0,0.0,0.0,0.0,0.0,0.0,0.0,10.0,,tree cover
9743,113,0.91,1.0,0.0,0.0,0.0,0.0,0.0,0.0,0.0,0.0,0.0,10.0,,tree cover
9854,121,0.974,1.0,0.0,0.0,0.0,0.0,0.0,0.0,0.0,0.0,0.0,10.0,,tree cover
9965,121,0.974,1.0,0.0,0.0,0.0,0.0,0.0,0.0,0.0,0.0,0.0,10.0,,tree cover
10076,121,0.974,1.0,0.0,0.0,0.0,0.0,0.0,0.0,0.0,0.0,0.0,10.0,,tree cover
10187,130,1.0,1.0,0.0,0.0,0.0,0.0,0.0,0.0,0.0,0.0,0.0,10.0,,tree cover
10298,123,0.99,1.0,0.0,0.0,0.0,0.0,0.0,0.0,0.0,0.0,0.0,10.0,,tree cover
10409,121,0.974,1.0,0.0,0.0,0.0,0.0,0.0,0.0,0.0,0.0,0.0,10.0,,tree cover
10520,121,0.974,1.0,0.0,0.0,0.0,0.0,0.0,0.0,0.0,0.0,0.0,10.0,,tree cover
10631,121,0.974,1.0,0.0,0.0,0.0,0.0,0.0,0.0,0.0,0.0,0.0,10.0,,tree cover
10742,121,0.974,0.8843,0.0,0.1157,0.0,0.0,0.0,0.0,0.0,0.0,0.0,10.0,,tree cover
10853,116,0.934,0.7328,0.0,0.2672,0.0,0.0,0.0,0.0,0.0,0.0,0.0,10.0,,tree cover
10964,115,0.926,1.0,0.0,0.0,0.0,0.0,0.0,0.0,0.0,0.0,0.0,10.0,,tree cover
11075,123,0.99,1.0,0.0,0.0,0.0,0.0,0.0,0.0,0.0,0.0,0.0,10.0,,tree cover
11408,121,0.974,1.0,0.0,0.0,0.0,0.0,0.0,0.0,0.0,0.0,0.0,10.0,,tree cover
11519,121,0.974,1.0,0.0,0.0,0.0,0.0,0.0,0.0,0.0,0.0,0.0,10.0,,tree cover
11630,121,0.974,1.0,0.0,0.0,0.0,0.0,0.0,0.0,0.0,0.0,0.0,10.0,,tree cover
11741,124,0.998,1.0,0.0,0.0,0.0,0.0,0.0,0.0,0.0,0.0,0.0,10.0,,tree cover
11852,129,1.0,0.8682,0.0,0.1318,0.0,0.0,0.0,0.0,0.0,0.0,0.0,10.0,,tree cover
11963,121,0.974,0.7273,0.0,0.157,0.1074,0.0083,0.0,0.0,0.0,0.0,0.0,10.0,,tree cover
12074,121,0.974,0.876,0.0,0.0,0.0,0.124,0.0,0.0,0.0,0.0,0.0,10.0,,tree cover
12185,111,0.894,0.982,0.0,0.0,0.0,0.018,0.0,0.0,0.0,0.0,0.0,10.0,,tree cover
12296,111,0.894,1.0,0.0,0.0,0.0,0.0,0.0,0.0,0.0,0.0,0.0,10.0,,tree cover
12407,121,0.974,1.0,0.0,0.0,0.0,0.0,0.0,0.0,0.0,0.0,0.0,10.0,,tree cover
12518,121,0.974,1.0,0.0,0.0,0.0,0.0,0.0,0.0,0.0,0.0,0.0,10.0,,tree cover
12629,132,1.0,1.0,0.0,0.0,0.0,0.0,0.0,0.0,0.0,0.0,0.0,10.0,,tree cover
12851,121,0.974,1.0,0.0,0.0,0.0,0.0,0.0,0.0,0.0,0.0,0.0,10.0,,tree cover
12962,121,0.974,1.0,0.0,0.0,0.0,0.0,0.0,0.0,0.0,0.0,0.0,10.0,,tree cover
13073,121,0.974,1.0,0.0,0.0,0.0,0.0,0.0,0.0,0.0,0.0,0.0,10.0,,tree cover
13184,121,0.974,1.0,0.0,0.0,0.0,0.0,0.0,0.0,0.0,0.0,0.0,10.0,,tree cover
13295,121,0.974,1.0,0.0,0.0,0.0,0.0,0.0,0.0,0.0,0.0,0.0,10.0,,tree cover
3195,110,0.886,0.7273,0.0,0.0,0.0,0.2636,0.0,0.0091,0.0,0.0,0.0,10.0,,tree cover
3306,118,0.95,0.3559,0.0,0.0,0.0,0.6441,0.0,0.0,0.0,0.0,0.0,50.0,ground_built_up,built-up
3417,121,0.974,0.405,0.0,0.0,0.0,0.595,0.0,0.0,0.0,0.0,0.0,50.0,ground_built_up,built-up
3528,121,0.974,0.7521,0.0,0.0,0.0,0.2479,0.0,0.0,0.0,0.0,0.0,10.0,,tree cover
3639,121,0.974,0.9091,0.0,0.0,0.0,0.0909,0.0,0.0,0.0,0.0,0.0,10.0,,tree cover
3750,132,1.0,0.7652,0.0,0.2273,0.0076,0.0,0.0,0.0,0.0,0.0,0.0,10.0,,tree cover
3861,121,0.974,0.5207,0.0,0.4711,0.0083,0.0,0.0,0.0,0.0,0.0,0.0,10.0,,tree cover
3972,121,0.974,0.6777,0.0,0.3223,0.0,0.0,0.0,0.0,0.0,0.0,0.0,10.0,,tree cover
4083,121,0.974,0.3306,0.0,0.562,0.1074,0.0,0.0,0.0,0.0,0.0,0.0,30.0,,grassland
4194,121,0.974,0.7686,0.0,0.2314,0.0,0.0,0.0,0.0,0.0,0.0,0.0,10.0,,tree cover
4305,119,0.958,1.0,0.0,0.0,0.0,0.0,0.0,0.0,0.0,0.0,0.0,10.0,,tree cover
4416,110,0.886,1.0,0.0,0.0,0.0,0.0,0.0,0.0,0.0,0.0,0.0,10.0,,tree cover
4527,123,0.99,1.0,0.0,0.0,0.0,0.0,0.0,0.0,0.0,0.0,0.0,10.0,,tree cover
4638,124,0.998,0.7742,0.0,0.0,0.0,0.2258,0.0,0.0,0.0,0.0,0.0,10.0,,tree cover
4749,121,0.974,0.0331,0.0,0.0,0.0,0.9669,0.0,0.0,0.0,0.0,0.0,50.0,ground_built_up,built-up
4860,121,0.974,0.1983,0.0,0.0,0.0,0.8017,0.0,0.0,0.0,0.0,0.0,50.0,ground_built_up,built-up
5082,121,0.974,0.9752,0.0,0.0,0.0,0.0248,0.0,0.0,0.0,0.0,0.0,10.0,,tree cover
5193,121,0.974,1.0,0.0,0.0,0.0,0.0,0.0,0.0,0.0,0.0,0.0,10.0,,tree cover
5304,126,1.0,0.6349,0.0,0.0,0.0,0.3651,0.0,0.0,0.0,0.0,0.0,10.0,,tree cover
5415,127,1.0,0.315,0.0,0.0,0.0,0.685,0.0,0.0,0.0,0.0,0.0,50.0,ground_built_up,built-up
5526,121,0.974,0.5041,0.0,0.0,0.0,0.4959,0.0,0.0,0.0,0.0,0.0,10.0,,tree cover
5970,121,0.974,1.0,0.0,0.0,0.0,0.0,0.0,0.0,0.0,0.0,0.0,10.0,,tree cover
6081,123,0.99,1.0,0.0,0.0,0.0,0.0,0.0,0.0,0.0,0.0,0.0,10.0,,tree cover
6192,130,1.0,1.0,0.0,0.0,0.0,0.0,0.0,0.0,0.0,0.0,0.0,10.0,,tree cover
6303,121,0.974,1.0,0.0,0.0,0.0,0.0,0.0,0.0,0.0,0.0,0.0,10.0,,tree cover
6414,121,0.974,1.0,0.0,0.0,0.0,0.0,0.0,0.0,0.0,0.0,0.0,10.0,,tree cover
6525,121,0.974,1.0,0.0,0.0,0.0,0.0,0.0,0.0,0.0,0.0,0.0,10.0,,tree cover
6636,121,0.974,1.0,0.0,0.0,0.0,0.0,0.0,0.0,0.0,0.0,0.0,10.0,,tree cover
6747,121,0.974,1.0,0.0,0.0,0.0,0.0,0.0,0.0,0.0,0.0,0.0,10.0,,tree cover
6858,114,0.918,1.0,0.0,0.0,0.0,0.0,0.0,0.0,0.0,0.0,0.0,10.0,,tree cover
6969,120,0.966,1.0,0.0,0.0,0.0,0.0,0.0,0.0,0.0,0.0,0.0,10.0,,tree cover
7080,120,0.966,1.0,0.0,0.0,0.0,0.0,0.0,0.0,0.0,0.0,0.0,10.0,,tree cover
7191,121,0.974,1.0,0.0,0.0,0.0,0.0,0.0,0.0,0.0,0.0,0.0,10.0,,tree cover
7302,121,0.974,0.8595,0.0,0.1157,0.0248,0.0,0.0,0.0,0.0,0.0,0.0,10.0,,tree cover
7413,121,0.974,0.9008,0.0,0.0579,0.0413,0.0,0.0,0.0,0.0,0.0,0.0,10.0,,tree cover
7524,121,0.974,1.0,0.0,0.0,0.0,0.0,0.0,0.0,0.0,0.0,0.0,10.0,,tree cover
7635,121,0.974,0.9339,0.0,0.0,0.0,0.0661,0.0,0.0,0.0,0.0,0.0,10.0,,tree cover
7746,132,1.0,1.0,0.0,0.0,0.0,0.0,0.0,0.0,0.0,0.0,0.0,10.0,,tree cover
7857,121,0.974,1.0,0.0,0.0,0.0,0.0,0.0,0.0,0.0,0.0,0.0,10.0,,tree cover
7968,121,0.974,1.0,0.0,0.0,0.0,0.0,0.0,0.0,0.0,0.0,0.0,10.0,,tree cover
8079,118,0.95,1.0,0.0,0.0,0.0,0.0,0.0,0.0,0.0,0.0,0.0,10.0,,tree cover
8190,110,0.886,0.7909,0.0,0.2091,0.0,0.0,0.0,0.0,0.0,0.0,0.0,10.0,,tree cover
8301,115,0.926,0.6174,0.0,0.3043,0.0783,0.0,0.0,0.0,0.0,0.0,0.0,10.0,,tree cover
8412,121,0.974,0.7438,0.0,0.0083,0.2479,0.0,0.0,0.0,0.0,0.0,0.0,10.0,,tree cover
8523,130,1.0,1.0,0.0,0.0,0.0,0.0,0.0,0.0,0.0,0.0,0.0,10.0,,tree cover
8634,123,0.99,1.0,0.0,0.0,0.0,0.0,0.0,0.0,0.0,0.0,0.0,10.0,,tree cover
8745,121,0.974,0.8926,0.0,0.1074,0.0,0.0,0.0,0.0,0.0,0.0,0.0,10.0,,tree cover
8856,121,0.974,0.9752,0.0,0.0248,0.0,0.0,0.0,0.0,0.0,0.0,0.0,10.0,,tree cover
8967,121,0.974,1.0,0.0,0.0,0.0,0.0,0.0,0.0,0.0,0.0,0.0,10.0,,tree cover
9078,121,0.974,1.0,0.0,0.0,0.0,0.0,0.0,0.0,0.0,0.0,0.0,10.0,,tree cover
9189,121,0.974,1.0,0.0,0.0,0.0,0.0,0.0,0.0,0.0,0.0,0.0,10.0,,tree cover
9300,127,1.0,1.0,0.0,0.0,0.0,0.0,0.0,0.0,0.0,0.0,0.0,10.0,,tree cover
9411,117,0.942,0.9829,0.0,0.0,0.0171,0.0,0.0,0.0,0.0,0.0,0.0,10.0,,tree cover
9522,110,0.886,0.9455,0.0,0.0,0.0545,0.0,0.0,0.0,0.0,0.0,0.0,10.0,,tree cover
9744,121,0.974,1.0,0.0,0.0,0.0,0.0,0.0,0.0,0.0,0.0,0.0,10.0,,tree cover
9855,121,0.974,1.0,0.0,0.0,0.0,0.0,0.0,0.0,0.0,0.0,0.0,10.0,,tree cover
9966,121,0.974,1.0,0.0,0.0,0.0,0.0,0.0,0.0,0.0,0.0,0.0,10.0,,tree cover
10077,123,0.99,1.0,0.0,0.0,0.0,0.0,0.0,0.0,0.0,0.0,0.0,10.0,,tree cover
10188,130,1.0,1.0,0.0,0.0,0.0,0.0,0.0,0.0,0.0,0.0,0.0,10.0,,tree cover
10299,121,0.974,1.0,0.0,0.0,0.0,0.0,0.0,0.0,0.0,0.0,0.0,10.0,,tree cover
10410,121,0.974,1.0,0.0,0.0,0.0,0.0,0.0,0.0,0.0,0.0,0.0,10.0,,tree cover
10521,121,0.974,1.0,0.0,0.0,0.0,0.0,0.0,0.0,0.0,0.0,0.0,10.0,,tree cover
10632,118,0.95,1.0,0.0,0.0,0.0,0.0,0.0,0.0,0.0,0.0,0.0,10.0,,tree cover
10743,110,0.886,1.0,0.0,0.0,0.0,0.0,0.0,0.0,0.0,0.0,0.0,10.0,,tree cover
10854,115,0.926,1.0,0.0,0.0,0.0,0.0,0.0,0.0,0.0,0.0,0.0,10.0,,tree cover
10965,132,1.0,1.0,0.0,0.0,0.0,0.0,0.0,0.0,0.0,0.0,0.0,10.0,,tree cover
11076,121,0.974,1.0,0.0,0.0,0.0,0.0,0.0,0.0,0.0,0.0,0.0,10.0,,tree cover
11187,121,0.974,1.0,0.0,0.0,0.0,0.0,0.0,0.0,0.0,0.0,0.0,10.0,,tree cover
11298,121,0.974,1.0,0.0,0.0,0.0,0.0,0.0,0.0,0.0,0.0,0.0,10.0,,tree cover
11409,121,0.974,1.0,0.0,0.0,0.0,0.0,0.0,0.0,0.0,0.0,0.0,10.0,,tree cover
11520,121,0.974,1.0,0.0,0.0,0.0,0.0,0.0,0.0,0.0,0.0,0.0,10.0,,tree cover
11631,121,0.974,1.0,0.0,0.0,0.0,0.0,0.0,0.0,0.0,0.0,0.0,10.0,,tree cover
11742,132,1.0,0.9848,0.0,0.0,0.0,0.0152,0.0,0.0,0.0,0.0,0.0,10.0,,tree cover
11964,113,0.91,0.8053,0.0,0.0,0.0,0.1947,0.0,0.0,0.0,0.0,0.0,10.0,,tree cover
12075,110,0.886,0.5364,0.0,0.0,0.0,0.4636,0.0,0.0,0.0,0.0,0.0,10.0,,tree cover
12186,120,0.966,0.8917,0.0,0.0,0.0,0.1083,0.0,0.0,0.0,0.0,0.0,10.0,,tree cover
12297,121,0.974,0.9835,0.0,0.0,0.0,0.0165,0.0,0.0,0.0,0.0,0.0,10.0,,tree cover
12408,121,0.974,1.0,0.0,0.0,0.0,0.0,0.0,0.0,0.0,0.0,0.0,10.0,,tree cover
12519,131,1.0,0.855,0.0,0.0611,0.0,0.0,0.0,0.084,0.0,0.0,0.0,10.0,,tree cover
12630,122,0.982,1.0,0.0,0.0,0.0,0.0,0.0,0.0,0.0,0.0,0.0,10.0,,tree cover
12963,121,0.974,1.0,0.0,0.0,0.0,0.0,0.0,0.0,0.0,0.0,0.0,10.0,,tree cover
13074,121,0.974,1.0,0.0,0.0,0.0,0.0,0.0,0.0,0.0,0.0,0.0,10.0,,tree cover
13185,121,0.974,0.9917,0.0,0.0083,0.0,0.0,0.0,0.0,0.0,0.0,0.0,10.0,,tree cover
3196,121,0.974,0.314,0.0,0.0,0.0,0.686,0.0,0.0,0.0,0.0,0.0,50.0,ground_built_up,built-up
3307,121,0.974,0.8017,0.0,0.0,0.0,0.1983,0.0,0.0,0.0,0.0,0.0,10.0,,tree cover
3418,121,0.974,0.6612,0.0,0.0,0.0,0.3388,0.0,0.0,0.0,0.0,0.0,10.0,,tree cover
3529,121,0.974,0.9669,0.0,0.0,0.0,0.0331,0.0,0.0,0.0,0.0,0.0,10.0,,tree cover
3640,127,1.0,0.9843,0.0,0.0,0.0,0.0157,0.0,0.0,0.0,0.0,0.0,10.0,,tree cover
3751,126,1.0,1.0,0.0,0.0,0.0,0.0,0.0,0.0,0.0,0.0,0.0,10.0,,tree cover
3862,121,0.974,1.0,0.0,0.0,0.0,0.0,0.0,0.0,0.0,0.0,0.0,10.0,,tree cover
3973,121,0.974,0.9669,0.0,0.0331,0.0,0.0,0.0,0.0,0.0,0.0,0.0,10.0,,tree cover
4084,121,0.974,0.9256,0.0,0.0744,0.0,0.0,0.0,0.0,0.0,0.0,0.0,10.0,,tree cover
4195,110,0.886,0.9455,0.0,0.0545,0.0,0.0,0.0,0.0,0.0,0.0,0.0,10.0,,tree cover
4306,112,0.902,1.0,0.0,0.0,0.0,0.0,0.0,0.0,0.0,0.0,0.0,10.0,,tree cover
4417,123,0.99,1.0,0.0,0.0,0.0,0.0,0.0,0.0,0.0,0.0,0.0,10.0,,tree cover
4528,130,1.0,1.0,0.0,0.0,0.0,0.0,0.0,0.0,0.0,0.0,0.0,10.0,,tree cover
4639,121,0.974,0.9421,0.0,0.0,0.0,0.0579,0.0,0.0,0.0,0.0,0.0,10.0,,tree cover
4861,121,0.974,0.4959,0.0,0.0,0.0,0.5041,0.0,0.0,0.0,0.0,0.0,50.0,ground_built_up,built-up
4972,121,0.974,0.4793,0.0,0.0,0.0,0.5207,0.0,0.0,0.0,0.0,0.0,50.0,ground_built_up,built-up
5083,121,0.974,0.843,0.0,0.0,0.0,0.157,0.0,0.0,0.0,0.0,0.0,10.0,,tree cover
5194,121,0.974,0.8926,0.0,0.0,0.0,0.1074,0.0,0.0,0.0,0.0,0.0,10.0,,tree cover
5305,132,1.0,0.9091,0.0,0.0,0.0,0.0909,0.0,0.0,0.0,0.0,0.0,10.0,,tree cover
5416,112,0.902,0.4643,0.0,0.0,0.0,0.5357,0.0,0.0,0.0,0.0,0.0,50.0,ground_built_up,built-up
5638,121,0.974,0.0496,0.0,0.0,0.0,0.9504,0.0,0.0,0.0,0.0,0.0,50.0,ground_built_up,built-up
5749,121,0.974,0.0,0.0,0.0,0.0,1.0,0.0,0.0,0.0,0.0,0.0,50.0,ground_built_up,built-up
5971,121,0.974,0.9587,0.0,0.0,0.0,0.0413,0.0,0.0,0.0,0.0,0.0,10.0,,tree cover
6193,121,0.974,1.0,0.0,0.0,0.0,0.0,0.0,0.0,0.0,0.0,0.0,10.0,,tree cover
6304,121,0.974,1.0,0.0,0.0,0.0,0.0,0.0,0.0,0.0,0.0,0.0,10.0,,tree cover
6415,121,0.974,1.0,0.0,0.0,0.0,0.0,0.0,0.0,0.0,0.0,0.0,10.0,,tree cover
6526,121,0.974,1.0,0.0,0.0,0.0,0.0,0.0,0.0,0.0,0.0,0.0,10.0,,tree cover
6637,117,0.942,1.0,0.0,0.0,0.0,0.0,0.0,0.0,0.0,0.0,0.0,10.0,,tree cover
6748,110,0.886,1.0,0.0,0.0,0.0,0.0,0.0,0.0,0.0,0.0,0.0,10.0,,tree cover
6859,126,1.0,1.0,0.0,0.0,0.0,0.0,0.0,0.0,0.0,0.0,0.0,10.0,,tree cover
6970,123,0.99,1.0,0.0,0.0,0.0,0.0,0.0,0.0,0.0,0.0,0.0,10.0,,tree cover
7081,121,0.974,1.0,0.0,0.0,0.0,0.0,0.0,0.0,0.0,0.0,0.0,10.0,,tree cover
7192,121,0.974,1.0,0.0,0.0,0.0,0.0,0.0,0.0,0.0,0.0,0.0,10.0,,tree cover
7303,121,0.974,1.0,0.0,0.0,0.0,0.0,0.0,0.0,0.0,0.0,0.0,10.0,,tree cover
7414,121,0.974,1.0,0.0,0.0,0.0,0.0,0.0,0.0,0.0,0.0,0.0,10.0,,tree cover
7747,126,1.0,1.0,0.0,0.0,0.0,0.0,0.0,0.0,0.0,0.0,0.0,10.0,,tree cover
7858,120,0.966,1.0,0.0,0.0,0.0,0.0,0.0,0.0,0.0,0.0,0.0,10.0,,tree cover
7969,110,0.886,1.0,0.0,0.0,0.0,0.0,0.0,0.0,0.0,0.0,0.0,10.0,,tree cover
8080,113,0.91,1.0,0.0,0.0,0.0,0.0,0.0,0.0,0.0,0.0,0.0,10.0,,tree cover
8191,121,0.974,0.9587,0.0,0.0413,0.0,0.0,0.0,0.0,0.0,0.0,0.0,10.0,,tree cover
8302,121,0.974,0.4298,0.0,0.2479,0.3223,0.0,0.0,0.0,0.0,0.0,0.0,10.0,,tree cover
8413,124,0.998,0.121,0.0,0.7581,0.121,0.0,0.0,0.0,0.0,0.0,0.0,30.0,,grassland
8524,129,1.0,0.9845,0.0,0.0078,0.0078,0.0,0.0,0.0,0.0,0.0,0.0,10.0,,tree cover
8635,121,0.974,0.719,0.0,0.2231,0.0579,0.0,0.0,0.0,0.0,0.0,0.0,10.0,,tree cover
8746,121,0.974,0.4628,0.0,0.4628,0.0,0.0,0.0744,0.0,0.0,0.0,0.0,10.0,,tree cover
8857,121,0.974,0.7355,0.0,0.2562,0.0083,0.0,0.0,0.0,0.0,0.0,0.0,10.0,,tree cover
8968,121,0.974,1.0,0.0,0.0,0.0,0.0,0.0,0.0,0.0,0.0,0.0,10.0,,tree cover
9079,121,0.974,1.0,0.0,0.0,0.0,0.0,0.0,0.0,0.0,0.0,0.0,10.0,,tree cover
9190,115,0.926,1.0,0.0,0.0,0.0,0.0,0.0,0.0,0.0,0.0,0.0,10.0,,tree cover
9301,120,0.966,0.9833,0.0,0.0,0.0167,0.0,0.0,0.0,0.0,0.0,0.0,10.0,,tree cover
9412,119,0.958,0.3866,0.0,0.0,0.6134,0.0,0.0,0.0,0.0,0.0,0.0,40.0,,cropland
9523,121,0.974,0.562,0.0,0.0,0.3802,0.0,0.0579,0.0,0.0,0.0,0.0,10.0,,tree cover
9745,121,0.974,0.3058,0.0,0.0,0.6942,0.0,0.0,0.0,0.0,0.0,0.0,40.0,,cropland
9856,121,0.974,0.5372,0.0,0.0,0.4628,0.0,0.0,0.0,0.0,0.0,0.0,10.0,,tree cover
9967,121,0.974,1.0,0.0,0.0,0.0,0.0,0.0,0.0,0.0,0.0,0.0,10.0,,tree cover
10633,113,0.91,1.0,0.0,0.0,0.0,0.0,0.0,0.0,0.0,0.0,0.0,10.0,,tree cover
10744,121,0.974,1.0,0.0,0.0,0.0,0.0,0.0,0.0,0.0,0.0,0.0,10.0,,tree cover
10855,131,1.0,1.0,0.0,0.0,0.0,0.0,0.0,0.0,0.0,0.0,0.0,10.0,,tree cover
10966,122,0.982,1.0,0.0,0.0,0.0,0.0,0.0,0.0,0.0,0.0,0.0,10.0,,tree cover
11077,121,0.974,1.0,0.0,0.0,0.0,0.0,0.0,0.0,0.0,0.0,0.0,10.0,,tree cover
11188,121,0.974,1.0,0.0,0.0,0.0,0.0,0.0,0.0,0.0,0.0,0.0,10.0,,tree cover
11410,121,0.974,0.7521,0.0,0.0,0.0,0.2479,0.0,0.0,0.0,0.0,0.0,10.0,,tree cover
11632,128,1.0,0.9219,0.0,0.0,0.0,0.0781,0.0,0.0,0.0,0.0,0.0,10.0,,tree cover
11854,110,0.886,1.0,0.0,0.0,0.0,0.0,0.0,0.0,0.0,0.0,0.0,10.0,,tree cover
11965,118,0.95,0.9322,0.0,0.0,0.0,0.0678,0.0,0.0,0.0,0.0,0.0,10.0,,tree cover
12076,121,0.974,1.0,0.0,0.0,0.0,0.0,0.0,0.0,0.0,0.0,0.0,10.0,,tree cover
12187,121,0.974,1.0,0.0,0.0,0.0,0.0,0.0,0.0,0.0,0.0,0.0,10.0,,tree cover
12298,121,0.974,1.0,0.0,0.0,0.0,0.0,0.0,0.0,0.0,0.0,0.0,10.0,,tree cover
13075,112,0.902,1.0,0.0,0.0,0.0,0.0,0.0,0.0,0.0,0.0,0.0,10.0,,tree cover
3308,121,0.974,0.7273,0.0,0.0,0.0,0.2645,0.0,0.0083,0.0,0.0,0.0,10.0,,tree cover
3419,121,0.974,0.9091,0.0,0.0,0.0,0.0909,0.0,0.0,0.0,0.0,0.0,10.0,,tree cover
3530,122,0.982,1.0,0.0,0.0,0.0,0.0,0.0,0.0,0.0,0.0,0.0,10.0,,tree cover
3641,131,1.0,1.0,0.0,0.0,0.0,0.0,0.0,0.0,0.0,0.0,0.0,10.0,,tree cover
3752,121,0.974,1.0,0.0,0.0,0.0,0.0,0.0,0.0,0.0,0.0,0.0,10.0,,tree cover
3863,121,0.974,1.0,0.0,0.0,0.0,0.0,0.0,0.0,0.0,0.0,0.0,10.0,,tree cover
3974,113,0.91,1.0,0.0,0.0,0.0,0.0,0.0,0.0,0.0,0.0,0.0,10.0,,tree cover
4085,110,0.886,1.0,0.0,0.0,0.0,0.0,0.0,0.0,0.0,0.0,0.0,10.0,,tree cover
4196,121,0.974,1.0,0.0,0.0,0.0,0.0,0.0,0.0,0.0,0.0,0.0,10.0,,tree cover
4307,121,0.974,1.0,0.0,0.0,0.0,0.0,0.0,0.0,0.0,0.0,0.0,10.0,,tree cover
4418,132,1.0,1.0,0.0,0.0,0.0,0.0,0.0,0.0,0.0,0.0,0.0,10.0,,tree cover
4529,121,0.974,1.0,0.0,0.0,0.0,0.0,0.0,0.0,0.0,0.0,0.0,10.0,,tree cover
4640,121,0.974,1.0,0.0,0.0,0.0,0.0,0.0,0.0,0.0,0.0,0.0,10.0,,tree cover
4751,121,0.974,0.9752,0.0,0.0248,0.0,0.0,0.0,0.0,0.0,0.0,0.0,10.0,,tree cover
4862,121,0.974,0.9421,0.0,0.0,0.0,0.0579,0.0,0.0,0.0,0.0,0.0,10.0,,tree cover
4973,121,0.974,0.4463,0.0,0.0,0.0,0.5537,0.0,0.0,0.0,0.0,0.0,50.0,ground_built_up,built-up
5084,121,0.974,0.6694,0.0,0.0,0.0,0.3306,0.0,0.0,0.0,0.0,0.0,10.0,,tree cover
5306,110,0.886,1.0,0.0,0.0,0.0,0.0,0.0,0.0,0.0,0.0,0.0,10.0,,tree cover
5417,119,0.958,0.9244,0.0,0.0,0.0,0.0756,0.0,0.0,0.0,0.0,0.0,10.0,,tree cover
5528,121,0.974,0.5455,0.0,0.0,0.0,0.4545,0.0,0.0,0.0,0.0,0.0,10.0,,tree cover
5861,121,0.974,0.4876,0.0,0.0,0.0,0.5124,0.0,0.0,0.0,0.0,0.0,50.0,ground_built_up,built-up
5972,128,1.0,0.3047,0.0,0.0,0.0,0.6953,0.0,0.0,0.0,0.0,0.0,50.0,ground_built_up,built-up
6083,125,1.0,0.816,0.0,0.0,0.0,0.184,0.0,0.0,0.0,0.0,0.0,10.0,,tree cover
6194,121,0.974,1.0,0.0,0.0,0.0,0.0,0.0,0.0,0.0,0.0,0.0,10.0,,tree cover
6305,121,0.974,1.0,0.0,0.0,0.0,0.0,0.0,0.0,0.0,0.0,0.0,10.0,,tree cover
6416,119,0.958,1.0,0.0,0.0,0.0,0.0,0.0,0.0,0.0,0.0,0.0,10.0,,tree cover
6527,110,0.886,1.0,0.0,0.0,0.0,0.0,0.0,0.0,0.0,0.0,0.0,10.0,,tree cover
6638,114,0.918,1.0,0.0,0.0,0.0,0.0,0.0,0.0,0.0,0.0,0.0,10.0,,tree cover
6749,124,0.998,1.0,0.0,0.0,0.0,0.0,0.0,0.0,0.0,0.0,0.0,10.0,,tree cover
6860,129,1.0,1.0,0.0,0.0,0.0,0.0,0.0,0.0,0.0,0.0,0.0,10.0,,tree cover
6971,121,0.974,1.0,0.0,0.0,0.0,0.0,0.0,0.0,0.0,0.0,0.0,10.0,,tree cover
7082,121,0.974,0.8843,0.0,0.0,0.0,0.1157,0.0,0.0,0.0,0.0,0.0,10.0,,tree cover
7193,121,0.974,0.9917,0.0,0.0,0.0,0.0083,0.0,0.0,0.0,0.0,0.0,10.0,,tree cover
7304,121,0.974,0.9008,0.0,0.0992,0.0,0.0,0.0,0.0,0.0,0.0,0.0,10.0,,tree cover
7415,121,0.974,0.7686,0.0,0.2314,0.0,0.0,0.0,0.0,0.0,0.0,0.0,10.0,,tree cover
7526,121,0.974,0.5289,0.0,0.4711,0.0,0.0,0.0,0.0,0.0,0.0,0.0,10.0,,tree cover
7637,132,1.0,0.9621,0.0,0.0379,0.0,0.0,0.0,0.0,0.0,0.0,0.0,10.0,,tree cover
7748,112,0.902,1.0,0.0,0.0,0.0,0.0,0.0,0.0,0.0,0.0,0.0,10.0,,tree cover
7859,111,0.894,1.0,0.0,0.0,0.0,0.0,0.0,0.0,0.0,0.0,0.0,10.0,,tree cover
7970,121,0.974,1.0,0.0,0.0,0.0,0.0,0.0,0.0,0.0,0.0,0.0,10.0,,tree cover
8081,121,0.974,1.0,0.0,0.0,0.0,0.0,0.0,0.0,0.0,0.0,0.0,10.0,,tree cover
8192,121,0.974,1.0,0.0,0.0,0.0,0.0,0.0,0.0,0.0,0.0,0.0,10.0,,tree cover
8303,121,0.974,0.8595,0.0,0.1405,0.0,0.0,0.0,0.0,0.0,0.0,0.0,10.0,,tree cover
8414,132,1.0,0.6439,0.0,0.3561,0.0,0.0,0.0,0.0,0.0,0.0,0.0,10.0,,tree cover
8525,121,0.974,0.8678,0.0,0.1322,0.0,0.0,0.0,0.0,0.0,0.0,0.0,10.0,,tree cover
8636,121,0.974,0.8017,0.0,0.0826,0.1157,0.0,0.0,0.0,0.0,0.0,0.0,10.0,,tree cover
8747,121,0.974,0.0,0.0,0.3554,0.1818,0.0,0.4628,0.0,0.0,0.0,0.0,60.0,,bare or sparse vegetation
8858,121,0.974,0.6198,0.0,0.3471,0.0,0.0,0.0331,0.0,0.0,0.0,0.0,10.0,,tree cover
8969,117,0.942,1.0,0.0,0.0,0.0,0.0,0.0,0.0,0.0,0.0,0.0,10.0,,tree cover
9080,110,0.886,0.8455,0.0,0.0545,0.0,0.0,0.1,0.0,0.0,0.0,0.0,10.0,,tree cover
9191,126,1.0,1.0,0.0,0.0,0.0,0.0,0.0,0.0,0.0,0.0,0.0,10.0,,tree cover
9302,122,0.982,0.8115,0.0,0.0,0.1885,0.0,0.0,0.0,0.0,0.0,0.0,10.0,,tree cover
9413,121,0.974,0.3306,0.0,0.0,0.6694,0.0,0.0,0.0,0.0,0.0,0.0,40.0,,cropland
9524,121,0.974,0.2231,0.0,0.0,0.7273,0.0,0.0496,0.0,0.0,0.0,0.0,40.0,,cropland
11744,116,0.934,0.9741,0.0,0.0,0.0,0.0259,0.0,0.0,0.0,0.0,0.0,10.0,,tree cover
11855,121,0.974,1.0,0.0,0.0,0.0,0.0,0.0,0.0,0.0,0.0,0.0,10.0,,tree cover
11966,121,0.974,1.0,0.0,0.0,0.0,0.0,0.0,0.0,0.0,0.0,0.0,10.0,,tree cover
12077,121,0.974,1.0,0.0,0.0,0.0,0.0,0.0,0.0,0.0,0.0,0.0,10.0,,tree cover
12188,121,0.974,1.0,0.0,0.0,0.0,0.0,0.0,0.0,0.0,0.0,0.0,10.0,,tree cover
12299,121,0.974,1.0,0.0,0.0,0.0,0.0,0.0,0.0,0.0,0.0,0.0,10.0,,tree cover
3420,121,0.974,1.0,0.0,0.0,0.0,0.0,0.0,0.0,0.0,0.0,0.0,10.0,,tree cover
3531,132,1.0,1.0,0.0,0.0,0.0,0.0,0.0,0.0,0.0,0.0,0.0,10.0,,tree cover
3642,121,0.974,1.0,0.0,0.0,0.0,0.0,0.0,0.0,0.0,0.0,0.0,10.0,,tree cover
3753,115,0.926,1.0,0.0,0.0,0.0,0.0,0.0,0.0,0.0,0.0,0.0,10.0,,tree cover
3864,110,0.886,1.0,0.0,0.0,0.0,0.0,0.0,0.0,0.0,0.0,0.0,10.0,,tree cover
3975,118,0.95,1.0,0.0,0.0,0.0,0.0,0.0,0.0,0.0,0.0,0.0,10.0,,tree cover
4086,121,0.974,1.0,0.0,0.0,0.0,0.0,0.0,0.0,0.0,0.0,0.0,10.0,,tree cover
4197,121,0.974,1.0,0.0,0.0,0.0,0.0,0.0,0.0,0.0,0.0,0.0,10.0,,tree cover
4308,129,1.0,1.0,0.0,0.0,0.0,0.0,0.0,0.0,0.0,0.0,0.0,10.0,,tree cover
4419,124,0.998,1.0,0.0,0.0,0.0,0.0,0.0,0.0,0.0,0.0,0.0,10.0,,tree cover
4530,121,0.974,1.0,0.0,0.0,0.0,0.0,0.0,0.0,0.0,0.0,0.0,10.0,,tree cover
4641,121,0.974,0.8678,0.0,0.0579,0.0,0.0744,0.0,0.0,0.0,0.0,0.0,10.0,,tree cover
4974,118,0.95,0.6441,0.0,0.0,0.0,0.3559,0.0,0.0,0.0,0.0,0.0,10.0,,tree cover
5085,114,0.918,0.3509,0.0,0.0,0.0,0.6491,0.0,0.0,0.0,0.0,0.0,50.0,ground_built_up,built-up
5307,121,0.974,0.438,0.0,0.0,0.0,0.562,0.0,0.0,0.0,0.0,0.0,50.0,ground_built_up,built-up
5529,121,0.974,0.3388,0.0,0.0,0.0,0.6612,0.0,0.0,0.0,0.0,0.0,50.0,ground_built_up,built-up
5751,121,0.974,0.0331,0.0,0.0,0.0,0.9669,0.0,0.0,0.0,0.0,0.0,50.0,ground_built_up,built-up
5973,131,1.0,0.8473,0.0,0.0,0.0,0.1527,0.0,0.0,0.0,0.0,0.0,10.0,,tree cover
6084,121,0.974,1.0,0.0,0.0,0.0,0.0,0.0,0.0,0.0,0.0,0.0,10.0,,tree cover
6195,121,0.974,1.0,0.0,0.0,0.0,0.0,0.0,0.0,0.0,0.0,0.0,10.0,,tree cover
6306,110,0.886,1.0,0.0,0.0,0.0,0.0,0.0,0.0,0.0,0.0,0.0,10.0,,tree cover
6417,112,0.902,1.0,0.0,0.0,0.0,0.0,0.0,0.0,0.0,0.0,0.0,10.0,,tree cover
6528,121,0.974,1.0,0.0,0.0,0.0,0.0,0.0,0.0,0.0,0.0,0.0,10.0,,tree cover
6639,121,0.974,1.0,0.0,0.0,0.0,0.0,0.0,0.0,0.0,0.0,0.0,10.0,,tree cover
6750,132,1.0,1.0,0.0,0.0,0.0,0.0,0.0,0.0,0.0,0.0,0.0,10.0,,tree cover
6861,121,0.974,1.0,0.0,0.0,0.0,0.0,0.0,0.0,0.0,0.0,0.0,10.0,,tree cover
6972,121,0.974,1.0,0.0,0.0,0.0,0.0,0.0,0.0,0.0,0.0,0.0,10.0,,tree cover
7083,121,0.974,0.9835,0.0,0.0,0.0,0.0165,0.0,0.0,0.0,0.0,0.0,10.0,,tree cover
7194,121,0.974,1.0,0.0,0.0,0.0,0.0,0.0,0.0,0.0,0.0,0.0,10.0,,tree cover
7305,121,0.974,1.0,0.0,0.0,0.0,0.0,0.0,0.0,0.0,0.0,0.0,10.0,,tree cover
7416,121,0.974,0.5289,0.0,0.4711,0.0,0.0,0.0,0.0,0.0,0.0,0.0,10.0,,tree cover
7638,110,0.886,0.9636,0.0,0.0364,0.0,0.0,0.0,0.0,0.0,0.0,0.0,10.0,,tree cover
7749,119,0.958,0.9832,0.0,0.0168,0.0,0.0,0.0,0.0,0.0,0.0,0.0,10.0,,tree cover
7860,121,0.974,0.876,0.0,0.124,0.0,0.0,0.0,0.0,0.0,0.0,0.0,10.0,,tree cover
7971,121,0.974,1.0,0.0,0.0,0.0,0.0,0.0,0.0,0.0,0.0,0.0,10.0,,tree cover
8082,121,0.974,1.0,0.0,0.0,0.0,0.0,0.0,0.0,0.0,0.0,0.0,10.0,,tree cover
8304,129,1.0,1.0,0.0,0.0,0.0,0.0,0.0,0.0,0.0,0.0,0.0,10.0,,tree cover
8415,124,0.998,1.0,0.0,0.0,0.0,0.0,0.0,0.0,0.0,0.0,0.0,10.0,,tree cover
8526,121,0.974,1.0,0.0,0.0,0.0,0.0,0.0,0.0,0.0,0.0,0.0,10.0,,tree cover
8637,121,0.974,1.0,0.0,0.0,0.0,0.0,0.0,0.0,0.0,0.0,0.0,10.0,,tree cover
8748,119,0.958,0.3866,0.0,0.2101,0.2857,0.0,0.1176,0.0,0.0,0.0,0.0,10.0,,tree cover
8859,110,0.886,0.5091,0.0,0.2727,0.0,0.0,0.2182,0.0,0.0,0.0,0.0,10.0,,tree cover
8970,114,0.918,0.7456,0.0,0.2544,0.0,0.0,0.0,0.0,0.0,0.0,0.0,10.0,,tree cover
9081,125,1.0,0.888,0.0,0.08,0.032,0.0,0.0,0.0,0.0,0.0,0.0,10.0,,tree cover
9192,128,1.0,1.0,0.0,0.0,0.0,0.0,0.0,0.0,0.0,0.0,0.0,10.0,,tree cover
9303,121,0.974,1.0,0.0,0.0,0.0,0.0,0.0,0.0,0.0,0.0,0.0,10.0,,tree cover
3421,127,1.0,0.748,0.0,0.0,0.0,0.2362,0.0,0.0157,0.0,0.0,0.0,10.0,,tree cover
3532,123,0.99,0.9756,0.0,0.0,0.0,0.0244,0.0,0.0,0.0,0.0,0.0,10.0,,tree cover
3643,110,0.886,1.0,0.0,0.0,0.0,0.0,0.0,0.0,0.0,0.0,0.0,10.0,,tree cover
3754,116,0.934,1.0,0.0,0.0,0.0,0.0,0.0,0.0,0.0,0.0,0.0,10.0,,tree cover
3865,121,0.974,1.0,0.0,0.0,0.0,0.0,0.0,0.0,0.0,0.0,0.0,10.0,,tree cover
3976,121,0.974,1.0,0.0,0.0,0.0,0.0,0.0,0.0,0.0,0.0,0.0,10.0,,tree cover
4087,121,0.974,1.0,0.0,0.0,0.0,0.0,0.0,0.0,0.0,0.0,0.0,10.0,,tree cover
4198,123,0.99,1.0,0.0,0.0,0.0,0.0,0.0,0.0,0.0,0.0,0.0,10.0,,tree cover
4309,130,1.0,1.0,0.0,0.0,0.0,0.0,0.0,0.0,0.0,0.0,0.0,10.0,,tree cover
4420,121,0.974,1.0,0.0,0.0,0.0,0.0,0.0,0.0,0.0,0.0,0.0,10.0,,tree cover
4531,121,0.974,1.0,0.0,0.0,0.0,0.0,0.0,0.0,0.0,0.0,0.0,10.0,,tree cover
4642,121,0.974,0.9752,0.0,0.0,0.0,0.0248,0.0,0.0,0.0,0.0,0.0,10.0,,tree cover
4753,121,0.974,0.7934,0.0,0.0,0.0,0.2066,0.0,0.0,0.0,0.0,0.0,10.0,,tree cover
4864,110,0.886,0.8455,0.0,0.0,0.0,0.1545,0.0,0.0,0.0,0.0,0.0,10.0,,tree cover
4975,113,0.91,0.823,0.0,0.0,0.0,0.177,0.0,0.0,0.0,0.0,0.0,10.0,,tree cover
5197,121,0.974,0.1074,0.0,0.0,0.0,0.8926,0.0,0.0,0.0,0.0,0.0,50.0,ground_built_up,built-up
5308,121,0.974,0.405,0.0,0.0,0.0,0.595,0.0,0.0,0.0,0.0,0.0,50.0,ground_built_up,built-up
5419,121,0.974,0.5785,0.0,0.0,0.0,0.4215,0.0,0.0,0.0,0.0,0.0,10.0,,tree cover
5530,121,0.974,0.0744,0.0,0.0,0.0,0.9256,0.0,0.0,0.0,0.0,0.0,50.0,ground_built_up,built-up
5641,121,0.974,0.6116,0.0,0.0,0.0,0.3884,0.0,0.0,0.0,0.0,0.0,10.0,,tree cover
5752,121,0.974,0.3719,0.0,0.0,0.0,0.6281,0.0,0.0,0.0,0.0,0.0,50.0,ground_built_up,built-up
5863,132,1.0,0.8561,0.0,0.0,0.0,0.1439,0.0,0.0,0.0,0.0,0.0,10.0,,tree cover
5974,121,0.974,1.0,0.0,0.0,0.0,0.0,0.0,0.0,0.0,0.0,0.0,10.0,,tree cover
6085,113,0.91,1.0,0.0,0.0,0.0,0.0,0.0,0.0,0.0,0.0,0.0,10.0,,tree cover
6196,110,0.886,1.0,0.0,0.0,0.0,0.0,0.0,0.0,0.0,0.0,0.0,10.0,,tree cover
6307,121,0.974,1.0,0.0,0.0,0.0,0.0,0.0,0.0,0.0,0.0,0.0,10.0,,tree cover
6418,121,0.974,1.0,0.0,0.0,0.0,0.0,0.0,0.0,0.0,0.0,0.0,10.0,,tree cover
6529,121,0.974,1.0,0.0,0.0,0.0,0.0,0.0,0.0,0.0,0.0,0.0,10.0,,tree cover
6640,129,1.0,1.0,0.0,0.0,0.0,0.0,0.0,0.0,0.0,0.0,0.0,10.0,,tree cover
6751,124,0.998,1.0,0.0,0.0,0.0,0.0,0.0,0.0,0.0,0.0,0.0,10.0,,tree cover
6862,121,0.974,1.0,0.0,0.0,0.0,0.0,0.0,0.0,0.0,0.0,0.0,10.0,,tree cover
6973,121,0.974,0.9504,0.0,0.0,0.0,0.0496,0.0,0.0,0.0,0.0,0.0,10.0,,tree cover
7084,121,0.974,0.9174,0.0,0.0826,0.0,0.0,0.0,0.0,0.0,0.0,0.0,10.0,,tree cover
7195,121,0.974,1.0,0.0,0.0,0.0,0.0,0.0,0.0,0.0,0.0,0.0,10.0,,tree cover
7306,117,0.942,0.8547,0.0,0.1453,0.0,0.0,0.0,0.0,0.0,0.0,0.0,10.0,,tree cover
7417,115,0.926,1.0,0.0,0.0,0.0,0.0,0.0,0.0,0.0,0.0,0.0,10.0,,tree cover
7528,122,0.982,1.0,0.0,0.0,0.0,0.0,0.0,0.0,0.0,0.0,0.0,10.0,,tree cover
7639,121,0.974,0.8182,0.0,0.1818,0.0,0.0,0.0,0.0,0.0,0.0,0.0,10.0,,tree cover
7750,121,0.974,0.7107,0.0,0.2893,0.0,0.0,0.0,0.0,0.0,0.0,0.0,10.0,,tree cover
7861,121,0.974,0.6529,0.0,0.3471,0.0,0.0,0.0,0.0,0.0,0.0,0.0,10.0,,tree cover
7972,121,0.974,1.0,0.0,0.0,0.0,0.0,0.0,0.0,0.0,0.0,0.0,10.0,,tree cover
8083,121,0.974,1.0,0.0,0.0,0.0,0.0,0.0,0.0,0.0,0.0,0.0,10.0,,tree cover
8194,123,0.99,1.0,0.0,0.0,0.0,0.0,0.0,0.0,0.0,0.0,0.0,10.0,,tree cover
8305,130,1.0,1.0,0.0,0.0,0.0,0.0,0.0,0.0,0.0,0.0,0.0,10.0,,tree cover
8416,121,0.974,0.6612,0.0,0.3388,0.0,0.0,0.0,0.0,0.0,0.0,0.0,10.0,,tree cover
8527,121,0.974,0.9256,0.0,0.0744,0.0,0.0,0.0,0.0,0.0,0.0,0.0,10.0,,tree cover
8638,110,0.886,1.0,0.0,0.0,0.0,0.0,0.0,0.0,0.0,0.0,0.0,10.0,,tree cover
8749,112,0.902,0.4196,0.0,0.1696,0.1429,0.0,0.2679,0.0,0.0,0.0,0.0,10.0,,tree cover
3533,113,0.91,0.9646,0.0,0.0,0.0,0.0354,0.0,0.0,0.0,0.0,0.0,10.0,,tree cover
3644,121,0.974,1.0,0.0,0.0,0.0,0.0,0.0,0.0,0.0,0.0,0.0,10.0,,tree cover
3755,121,0.974,1.0,0.0,0.0,0.0,0.0,0.0,0.0,0.0,0.0,0.0,10.0,,tree cover
3866,121,0.974,1.0,0.0,0.0,0.0,0.0,0.0,0.0,0.0,0.0,0.0,10.0,,tree cover
3977,121,0.974,1.0,0.0,0.0,0.0,0.0,0.0,0.0,0.0,0.0,0.0,10.0,,tree cover
4088,121,0.974,1.0,0.0,0.0,0.0,0.0,0.0,0.0,0.0,0.0,0.0,10.0,,tree cover
4199,132,1.0,1.0,0.0,0.0,0.0,0.0,0.0,0.0,0.0,0.0,0.0,10.0,,tree cover
4310,121,0.974,1.0,0.0,0.0,0.0,0.0,0.0,0.0,0.0,0.0,0.0,10.0,,tree cover
4421,121,0.974,1.0,0.0,0.0,0.0,0.0,0.0,0.0,0.0,0.0,0.0,10.0,,tree cover
4532,121,0.974,1.0,0.0,0.0,0.0,0.0,0.0,0.0,0.0,0.0,0.0,10.0,,tree cover
4643,113,0.91,1.0,0.0,0.0,0.0,0.0,0.0,0.0,0.0,0.0,0.0,10.0,,tree cover
4754,110,0.886,0.9909,0.0,0.0,0.0,0.0091,0.0,0.0,0.0,0.0,0.0,10.0,,tree cover
4976,130,1.0,0.7692,0.0,0.0,0.0,0.2308,0.0,0.0,0.0,0.0,0.0,10.0,,tree cover
5087,123,0.99,0.2439,0.0,0.0,0.0,0.7561,0.0,0.0,0.0,0.0,0.0,50.0,ground_built_up,built-up
5309,121,0.974,0.2066,0.0,0.0,0.0,0.7934,0.0,0.0,0.0,0.0,0.0,50.0,ground_built_up,built-up
5642,121,0.974,0.6364,0.0,0.0,0.0,0.3636,0.0,0.0,0.0,0.0,0.0,10.0,,tree cover
5753,128,1.0,0.8984,0.0,0.0,0.0,0.1016,0.0,0.0,0.0,0.0,0.0,10.0,,tree cover
5864,119,0.958,1.0,0.0,0.0,0.0,0.0,0.0,0.0,0.0,0.0,0.0,10.0,,tree cover
5975,110,0.886,1.0,0.0,0.0,0.0,0.0,0.0,0.0,0.0,0.0,0.0,10.0,,tree cover
6086,118,0.95,1.0,0.0,0.0,0.0,0.0,0.0,0.0,0.0,0.0,0.0,10.0,,tree cover
6197,121,0.974,1.0,0.0,0.0,0.0,0.0,0.0,0.0,0.0,0.0,0.0,10.0,,tree cover
6308,121,0.974,0.9917,0.0,0.0,0.0,0.0083,0.0,0.0,0.0,0.0,0.0,10.0,,tree cover
6419,121,0.974,0.9421,0.0,0.0,0.0,0.0579,0.0,0.0,0.0,0.0,0.0,10.0,,tree cover
6530,124,0.998,1.0,0.0,0.0,0.0,0.0,0.0,0.0,0.0,0.0,0.0,10.0,,tree cover
6641,129,1.0,0.9535,0.0,0.0233,0.0,0.0233,0.0,0.0,0.0,0.0,0.0,10.0,,tree cover
6863,121,0.974,0.7355,0.0,0.1157,0.0,0.1488,0.0,0.0,0.0,0.0,0.0,10.0,,tree cover
6974,121,0.974,0.3058,0.0,0.5207,0.0,0.1736,0.0,0.0,0.0,0.0,0.0,30.0,,grassland
7085,120,0.966,0.6083,0.0,0.3917,0.0,0.0,0.0,0.0,0.0,0.0,0.0,10.0,,tree cover
7196,110,0.886,0.9545,0.0,0.0455,0.0,0.0,0.0,0.0,0.0,0.0,0.0,10.0,,tree cover
7307,114,0.918,0.5439,0.0,0.4561,0.0,0.0,0.0,0.0,0.0,0.0,0.0,10.0,,tree cover
7418,132,1.0,0.3712,0.0,0.6288,0.0,0.0,0.0,0.0,0.0,0.0,0.0,30.0,,grassland
7529,121,0.974,0.9339,0.0,0.0661,0.0,0.0,0.0,0.0,0.0,0.0,0.0,10.0,,tree cover
7640,121,0.974,0.6777,0.0,0.3223,0.0,0.0,0.0,0.0,0.0,0.0,0.0,10.0,,tree cover
7751,121,0.974,0.6281,0.0,0.3719,0.0,0.0,0.0,0.0,0.0,0.0,0.0,10.0,,tree cover
7862,121,0.974,0.9917,0.0,0.0083,0.0,0.0,0.0,0.0,0.0,0.0,0.0,10.0,,tree cover
7973,121,0.974,1.0,0.0,0.0,0.0,0.0,0.0,0.0,0.0,0.0,0.0,10.0,,tree cover
8084,121,0.974,1.0,0.0,0.0,0.0,0.0,0.0,0.0,0.0,0.0,0.0,10.0,,tree cover
8195,132,1.0,1.0,0.0,0.0,0.0,0.0,0.0,0.0,0.0,0.0,0.0,10.0,,tree cover
8306,121,0.974,0.9256,0.0,0.0744,0.0,0.0,0.0,0.0,0.0,0.0,0.0,10.0,,tree cover
8417,113,0.91,0.9027,0.0,0.0973,0.0,0.0,0.0,0.0,0.0,0.0,0.0,10.0,,tree cover
3534,121,0.974,1.0,0.0,0.0,0.0,0.0,0.0,0.0,0.0,0.0,0.0,10.0,,tree cover
3645,121,0.974,0.9339,0.0,0.0,0.0,0.0661,0.0,0.0,0.0,0.0,0.0,10.0,,tree cover
3756,121,0.974,0.876,0.0,0.0,0.0,0.124,0.0,0.0,0.0,0.0,0.0,10.0,,tree cover
3978,121,0.974,0.9504,0.0,0.0,0.0,0.0496,0.0,0.0,0.0,0.0,0.0,10.0,,tree cover
4089,129,1.0,1.0,0.0,0.0,0.0,0.0,0.0,0.0,0.0,0.0,0.0,10.0,,tree cover
4200,124,0.998,1.0,0.0,0.0,0.0,0.0,0.0,0.0,0.0,0.0,0.0,10.0,,tree cover
4311,121,0.974,1.0,0.0,0.0,0.0,0.0,0.0,0.0,0.0,0.0,0.0,10.0,,tree cover
4422,115,0.926,1.0,0.0,0.0,0.0,0.0,0.0,0.0,0.0,0.0,0.0,10.0,,tree cover
4533,110,0.886,1.0,0.0,0.0,0.0,0.0,0.0,0.0,0.0,0.0,0.0,10.0,,tree cover
4644,118,0.95,0.8305,0.0,0.0,0.0,0.1695,0.0,0.0,0.0,0.0,0.0,10.0,,tree cover
4755,121,0.974,0.9917,0.0,0.0,0.0,0.0083,0.0,0.0,0.0,0.0,0.0,10.0,,tree cover
4866,125,1.0,1.0,0.0,0.0,0.0,0.0,0.0,0.0,0.0,0.0,0.0,10.0,,tree cover
4977,128,1.0,0.4922,0.0,0.0,0.0,0.5078,0.0,0.0,0.0,0.0,0.0,50.0,ground_built_up,built-up
5199,121,0.974,0.3636,0.0,0.0,0.0,0.6364,0.0,0.0,0.0,0.0,0.0,50.0,ground_built_up,built-up
5643,119,0.958,0.7311,0.0,0.0,0.0,0.2689,0.0,0.0,0.0,0.0,0.0,10.0,,tree cover
5754,120,0.966,0.75,0.0,0.0,0.0,0.25,0.0,0.0,0.0,0.0,0.0,10.0,,tree cover
5865,116,0.934,0.9138,0.0,0.0,0.0,0.0862,0.0,0.0,0.0,0.0,0.0,10.0,,tree cover
5976,121,0.974,0.9587,0.0,0.0,0.0,0.0413,0.0,0.0,0.0,0.0,0.0,10.0,,tree cover
6087,121,0.974,1.0,0.0,0.0,0.0,0.0,0.0,0.0,0.0,0.0,0.0,10.0,,tree cover
6198,121,0.974,0.9421,0.0,0.0,0.0,0.0579,0.0,0.0,0.0,0.0,0.0,10.0,,tree cover
6642,121,0.974,0.7603,0.0,0.0496,0.0,0.1901,0.0,0.0,0.0,0.0,0.0,10.0,,tree cover
6753,121,0.974,0.0,0.0,1.0,0.0,0.0,0.0,0.0,0.0,0.0,0.0,30.0,,grassland
6864,121,0.974,0.4463,0.0,0.5537,0.0,0.0,0.0,0.0,0.0,0.0,0.0,30.0,,grassland
6975,111,0.894,0.7027,0.0,0.2973,0.0,0.0,0.0,0.0,0.0,0.0,0.0,10.0,,tree cover
7086,111,0.894,0.991,0.0,0.009,0.0,0.0,0.0,0.0,0.0,0.0,0.0,10.0,,tree cover
7197,121,0.974,0.9835,0.0,0.0165,0.0,0.0,0.0,0.0,0.0,0.0,0.0,10.0,,tree cover
7308,131,1.0,0.3588,0.0,0.6412,0.0,0.0,0.0,0.0,0.0,0.0,0.0,30.0,,grassland
7419,122,0.982,0.1311,0.0,0.8689,0.0,0.0,0.0,0.0,0.0,0.0,0.0,30.0,,grassland
7530,121,0.974,0.8926,0.0,0.1074,0.0,0.0,0.0,0.0,0.0,0.0,0.0,10.0,,tree cover
7641,121,0.974,0.9752,0.0,0.0248,0.0,0.0,0.0,0.0,0.0,0.0,0.0,10.0,,tree cover
7752,121,0.974,0.4959,0.0,0.5041,0.0,0.0,0.0,0.0,0.0,0.0,0.0,30.0,,grassland
7863,121,0.974,0.843,0.0,0.157,0.0,0.0,0.0,0.0,0.0,0.0,0.0,10.0,,tree cover
7974,121,0.974,1.0,0.0,0.0,0.0,0.0,0.0,0.0,0.0,0.0,0.0,10.0,,tree cover
8085,128,1.0,1.0,0.0,0.0,0.0,0.0,0.0,0.0,0.0,0.0,0.0,10.0,,tree cover
8196,119,0.958,1.0,0.0,0.0,0.0,0.0,0.0,0.0,0.0,0.0,0.0,10.0,,tree cover
3535,121,0.974,0.9917,0.0,0.0,0.0,0.0083,0.0,0.0,0.0,0.0,0.0,10.0,,tree cover
3757,121,0.974,0.7769,0.0,0.0,0.0,0.2231,0.0,0.0,0.0,0.0,0.0,10.0,,tree cover
3868,121,0.974,0.6694,0.0,0.0,0.0,0.3306,0.0,0.0,0.0,0.0,0.0,10.0,,tree cover
3979,123,0.99,0.9431,0.0,0.0,0.0,0.0569,0.0,0.0,0.0,0.0,0.0,10.0,,tree cover
4090,130,1.0,0.7923,0.0,0.0,0.0,0.2077,0.0,0.0,0.0,0.0,0.0,10.0,,tree cover
4201,118,0.95,0.9407,0.0,0.0,0.0,0.0593,0.0,0.0,0.0,0.0,0.0,10.0,,tree cover
4312,110,0.886,0.8909,0.0,0.0,0.0,0.1091,0.0,0.0,0.0,0.0,0.0,10.0,,tree cover
4423,116,0.934,1.0,0.0,0.0,0.0,0.0,0.0,0.0,0.0,0.0,0.0,10.0,,tree cover
4534,121,0.974,1.0,0.0,0.0,0.0,0.0,0.0,0.0,0.0,0.0,0.0,10.0,,tree cover
4645,121,0.974,1.0,0.0,0.0,0.0,0.0,0.0,0.0,0.0,0.0,0.0,10.0,,tree cover
4756,121,0.974,1.0,0.0,0.0,0.0,0.0,0.0,0.0,0.0,0.0,0.0,10.0,,tree cover
4867,132,1.0,1.0,0.0,0.0,0.0,0.0,0.0,0.0,0.0,0.0,0.0,10.0,,tree cover
4978,121,0.974,0.5124,0.0,0.0,0.0,0.4876,0.0,0.0,0.0,0.0,0.0,10.0,,tree cover
5311,121,0.974,0.5207,0.0,0.0,0.0,0.4793,0.0,0.0,0.0,0.0,0.0,10.0,,tree cover
5422,121,0.974,0.4298,0.0,0.0,0.0,0.5702,0.0,0.0,0.0,0.0,0.0,50.0,ground_built_up,built-up
5644,123,0.99,0.2276,0.0,0.0,0.0,0.7724,0.0,0.0,0.0,0.0,0.0,50.0,ground_built_up,built-up
5755,121,0.974,0.8926,0.0,0.0,0.0,0.1074,0.0,0.0,0.0,0.0,0.0,10.0,,tree cover
5866,121,0.974,0.9917,0.0,0.0,0.0,0.0083,0.0,0.0,0.0,0.0,0.0,10.0,,tree cover
5977,121,0.974,1.0,0.0,0.0,0.0,0.0,0.0,0.0,0.0,0.0,0.0,10.0,,tree cover
6088,121,0.974,1.0,0.0,0.0,0.0,0.0,0.0,0.0,0.0,0.0,0.0,10.0,,tree cover
6199,121,0.974,1.0,0.0,0.0,0.0,0.0,0.0,0.0,0.0,0.0,0.0,10.0,,tree cover
6310,121,0.974,1.0,0.0,0.0,0.0,0.0,0.0,0.0,0.0,0.0,0.0,10.0,,tree cover
6532,124,0.998,0.9839,0.0,0.0,0.0,0.0161,0.0,0.0,0.0,0.0,0.0,10.0,,tree cover
6643,121,0.974,1.0,0.0,0.0,0.0,0.0,0.0,0.0,0.0,0.0,0.0,10.0,,tree cover
6754,113,0.91,0.8938,0.0,0.1062,0.0,0.0,0.0,0.0,0.0,0.0,0.0,10.0,,tree cover
6865,110,0.886,0.8636,0.0,0.1364,0.0,0.0,0.0,0.0,0.0,0.0,0.0,10.0,,tree cover
6976,120,0.966,1.0,0.0,0.0,0.0,0.0,0.0,0.0,0.0,0.0,0.0,10.0,,tree cover
7087,121,0.974,1.0,0.0,0.0,0.0,0.0,0.0,0.0,0.0,0.0,0.0,10.0,,tree cover
7198,125,1.0,0.976,0.0,0.024,0.0,0.0,0.0,0.0,0.0,0.0,0.0,10.0,,tree cover
7309,128,1.0,0.1094,0.0,0.8906,0.0,0.0,0.0,0.0,0.0,0.0,0.0,30.0,,grassland
7420,121,0.974,0.876,0.0,0.124,0.0,0.0,0.0,0.0,0.0,0.0,0.0,10.0,,tree cover
7531,121,0.974,0.6942,0.0,0.3058,0.0,0.0,0.0,0.0,0.0,0.0,0.0,10.0,,tree cover
7642,121,0.974,0.876,0.0,0.124,0.0,0.0,0.0,0.0,0.0,0.0,0.0,10.0,,tree cover
7753,121,0.974,1.0,0.0,0.0,0.0,0.0,0.0,0.0,0.0,0.0,0.0,10.0,,tree cover
7864,121,0.974,1.0,0.0,0.0,0.0,0.0,0.0,0.0,0.0,0.0,0.0,10.0,,tree cover
7975,118,0.95,1.0,0.0,0.0,0.0,0.0,0.0,0.0,0.0,0.0,0.0,10.0,,tree cover
3536,121,0.974,0.9752,0.0,0.0,0.0,0.0248,0.0,0.0,0.0,0.0,0.0,10.0,,tree cover
3647,121,0.974,0.9587,0.0,0.0,0.0,0.0413,0.0,0.0,0.0,0.0,0.0,10.0,,tree cover
3869,121,0.974,0.8264,0.0,0.0,0.0,0.1736,0.0,0.0,0.0,0.0,0.0,10.0,,tree cover
3980,131,1.0,1.0,0.0,0.0,0.0,0.0,0.0,0.0,0.0,0.0,0.0,10.0,,tree cover
4091,110,0.886,0.9182,0.0,0.0,0.0,0.0818,0.0,0.0,0.0,0.0,0.0,10.0,,tree cover
4313,121,0.974,0.8347,0.0,0.0,0.0,0.1653,0.0,0.0,0.0,0.0,0.0,10.0,,tree cover
4424,121,0.974,1.0,0.0,0.0,0.0,0.0,0.0,0.0,0.0,0.0,0.0,10.0,,tree cover
4535,121,0.974,1.0,0.0,0.0,0.0,0.0,0.0,0.0,0.0,0.0,0.0,10.0,,tree cover
4646,121,0.974,1.0,0.0,0.0,0.0,0.0,0.0,0.0,0.0,0.0,0.0,10.0,,tree cover
4757,130,1.0,1.0,0.0,0.0,0.0,0.0,0.0,0.0,0.0,0.0,0.0,10.0,,tree cover
4868,123,0.99,0.9675,0.0,0.0,0.0,0.0325,0.0,0.0,0.0,0.0,0.0,10.0,,tree cover
4979,121,0.974,0.4628,0.0,0.0,0.0,0.5372,0.0,0.0,0.0,0.0,0.0,50.0,ground_built_up,built-up
5201,121,0.974,0.0744,0.0,0.0,0.0,0.9256,0.0,0.0,0.0,0.0,0.0,50.0,ground_built_up,built-up
5312,113,0.91,0.115,0.0,0.0,0.0,0.885,0.0,0.0,0.0,0.0,0.0,50.0,ground_built_up,built-up
5534,126,1.0,0.6508,0.0,0.0,0.0,0.3492,0.0,0.0,0.0,0.0,0.0,10.0,,tree cover
5756,121,0.974,1.0,0.0,0.0,0.0,0.0,0.0,0.0,0.0,0.0,0.0,10.0,,tree cover
5867,121,0.974,1.0,0.0,0.0,0.0,0.0,0.0,0.0,0.0,0.0,0.0,10.0,,tree cover
5978,121,0.974,1.0,0.0,0.0,0.0,0.0,0.0,0.0,0.0,0.0,0.0,10.0,,tree cover
6089,121,0.974,1.0,0.0,0.0,0.0,0.0,0.0,0.0,0.0,0.0,0.0,10.0,,tree cover
6200,121,0.974,1.0,0.0,0.0,0.0,0.0,0.0,0.0,0.0,0.0,0.0,10.0,,tree cover
6311,123,0.99,1.0,0.0,0.0,0.0,0.0,0.0,0.0,0.0,0.0,0.0,10.0,,tree cover
6422,130,1.0,1.0,0.0,0.0,0.0,0.0,0.0,0.0,0.0,0.0,0.0,10.0,,tree cover
6533,116,0.934,0.7069,0.0,0.2759,0.0172,0.0,0.0,0.0,0.0,0.0,0.0,10.0,,tree cover
6644,110,0.886,0.6909,0.0,0.2273,0.0818,0.0,0.0,0.0,0.0,0.0,0.0,10.0,,tree cover
6755,118,0.95,0.5593,0.0,0.4407,0.0,0.0,0.0,0.0,0.0,0.0,0.0,10.0,,tree cover
6977,121,0.974,0.8926,0.0,0.1074,0.0,0.0,0.0,0.0,0.0,0.0,0.0,10.0,,tree cover
7088,121,0.974,0.6612,0.0,0.3388,0.0,0.0,0.0,0.0,0.0,0.0,0.0,10.0,,tree cover
7199,132,1.0,0.5379,0.0,0.4621,0.0,0.0,0.0,0.0,0.0,0.0,0.0,10.0,,tree cover
7310,121,0.974,0.562,0.0,0.438,0.0,0.0,0.0,0.0,0.0,0.0,0.0,10.0,,tree cover
7421,121,0.974,0.9835,0.0,0.0165,0.0,0.0,0.0,0.0,0.0,0.0,0.0,10.0,,tree cover
7532,121,0.974,0.8347,0.0,0.1653,0.0,0.0,0.0,0.0,0.0,0.0,0.0,10.0,,tree cover
7643,121,0.974,1.0,0.0,0.0,0.0,0.0,0.0,0.0,0.0,0.0,0.0,10.0,,tree cover
7754,120,0.966,1.0,0.0,0.0,0.0,0.0,0.0,0.0,0.0,0.0,0.0,10.0,,tree cover
7865,110,0.886,1.0,0.0,0.0,0.0,0.0,0.0,0.0,0.0,0.0,0.0,10.0,,tree cover
3759,121,0.974,0.8595,0.0,0.0,0.0,0.1405,0.0,0.0,0.0,0.0,0.0,10.0,,tree cover
3870,120,0.966,0.825,0.0,0.0,0.0,0.175,0.0,0.0,0.0,0.0,0.0,10.0,,tree cover
3981,114,0.918,1.0,0.0,0.0,0.0,0.0,0.0,0.0,0.0,0.0,0.0,10.0,,tree cover
4092,121,0.974,0.8512,0.0,0.0,0.0,0.1488,0.0,0.0,0.0,0.0,0.0,10.0,,tree cover
4203,121,0.974,0.8926,0.0,0.0,0.0,0.1074,0.0,0.0,0.0,0.0,0.0,10.0,,tree cover
4425,121,0.974,1.0,0.0,0.0,0.0,0.0,0.0,0.0,0.0,0.0,0.0,10.0,,tree cover
4536,121,0.974,1.0,0.0,0.0,0.0,0.0,0.0,0.0,0.0,0.0,0.0,10.0,,tree cover
4647,125,1.0,1.0,0.0,0.0,0.0,0.0,0.0,0.0,0.0,0.0,0.0,10.0,,tree cover
4758,128,1.0,1.0,0.0,0.0,0.0,0.0,0.0,0.0,0.0,0.0,0.0,10.0,,tree cover
4980,121,0.974,0.8182,0.0,0.0,0.0,0.1818,0.0,0.0,0.0,0.0,0.0,10.0,,tree cover
5091,115,0.926,0.2435,0.0,0.0,0.0,0.7565,0.0,0.0,0.0,0.0,0.0,50.0,ground_built_up,built-up
5202,110,0.886,0.0091,0.0,0.0,0.0,0.9909,0.0,0.0,0.0,0.0,0.0,50.0,ground_built_up,built-up
5313,118,0.95,0.2797,0.0,0.0,0.0,0.7203,0.0,0.0,0.0,0.0,0.0,50.0,ground_built_up,built-up
5424,121,0.974,0.7603,0.0,0.0,0.0,0.2397,0.0,0.0,0.0,0.0,0.0,10.0,,tree cover
5535,132,1.0,0.7121,0.0,0.0,0.0,0.2879,0.0,0.0,0.0,0.0,0.0,10.0,,tree cover
5757,121,0.974,1.0,0.0,0.0,0.0,0.0,0.0,0.0,0.0,0.0,0.0,10.0,,tree cover
5868,121,0.974,1.0,0.0,0.0,0.0,0.0,0.0,0.0,0.0,0.0,0.0,10.0,,tree cover
5979,121,0.974,1.0,0.0,0.0,0.0,0.0,0.0,0.0,0.0,0.0,0.0,10.0,,tree cover
6090,121,0.974,1.0,0.0,0.0,0.0,0.0,0.0,0.0,0.0,0.0,0.0,10.0,,tree cover
6201,121,0.974,1.0,0.0,0.0,0.0,0.0,0.0,0.0,0.0,0.0,0.0,10.0,,tree cover
6312,129,1.0,0.9922,0.0,0.0078,0.0,0.0,0.0,0.0,0.0,0.0,0.0,10.0,,tree cover
6423,110,0.886,1.0,0.0,0.0,0.0,0.0,0.0,0.0,0.0,0.0,0.0,10.0,,tree cover
6534,115,0.926,0.687,0.0,0.313,0.0,0.0,0.0,0.0,0.0,0.0,0.0,10.0,,tree cover
7200,123,0.99,1.0,0.0,0.0,0.0,0.0,0.0,0.0,0.0,0.0,0.0,10.0,,tree cover
3760,111,0.894,0.8198,0.0,0.0,0.0,0.1802,0.0,0.0,0.0,0.0,0.0,10.0,,tree cover
3982,121,0.974,0.8512,0.0,0.0,0.0,0.1488,0.0,0.0,0.0,0.0,0.0,10.0,,tree cover
4093,121,0.974,0.9421,0.0,0.0,0.0,0.0579,0.0,0.0,0.0,0.0,0.0,10.0,,tree cover
4204,121,0.974,0.9008,0.0,0.0,0.0,0.0992,0.0,0.0,0.0,0.0,0.0,10.0,,tree cover
4315,121,0.974,0.9669,0.0,0.0,0.0,0.0331,0.0,0.0,0.0,0.0,0.0,10.0,,tree cover
4648,132,1.0,1.0,0.0,0.0,0.0,0.0,0.0,0.0,0.0,0.0,0.0,10.0,,tree cover
4759,121,0.974,1.0,0.0,0.0,0.0,0.0,0.0,0.0,0.0,0.0,0.0,10.0,,tree cover
4870,118,0.95,0.9407,0.0,0.0,0.0,0.0593,0.0,0.0,0.0,0.0,0.0,10.0,,tree cover
4981,110,0.886,0.9727,0.0,0.0,0.0,0.0273,0.0,0.0,0.0,0.0,0.0,10.0,,tree cover
5092,116,0.934,0.931,0.0,0.0,0.0,0.069,0.0,0.0,0.0,0.0,0.0,10.0,,tree cover
5203,121,0.974,0.9008,0.0,0.0,0.0,0.0992,0.0,0.0,0.0,0.0,0.0,10.0,,tree cover
5314,121,0.974,1.0,0.0,0.0,0.0,0.0,0.0,0.0,0.0,0.0,0.0,10.0,,tree cover
5425,132,1.0,1.0,0.0,0.0,0.0,0.0,0.0,0.0,0.0,0.0,0.0,10.0,,tree cover
5536,121,0.974,0.9587,0.0,0.0,0.0,0.0413,0.0,0.0,0.0,0.0,0.0,10.0,,tree cover
5758,121,0.974,1.0,0.0,0.0,0.0,0.0,0.0,0.0,0.0,0.0,0.0,10.0,,tree cover
5869,121,0.974,1.0,0.0,0.0,0.0,0.0,0.0,0.0,0.0,0.0,0.0,10.0,,tree cover
5980,121,0.974,1.0,0.0,0.0,0.0,0.0,0.0,0.0,0.0,0.0,0.0,10.0,,tree cover
6091,121,0.974,1.0,0.0,0.0,0.0,0.0,0.0,0.0,0.0,0.0,0.0,10.0,,tree cover
6202,118,0.95,1.0,0.0,0.0,0.0,0.0,0.0,0.0,0.0,0.0,0.0,10.0,,tree cover
6313,116,0.934,1.0,0.0,0.0,0.0,0.0,0.0,0.0,0.0,0.0,0.0,10.0,,tree cover
6424,121,0.974,1.0,0.0,0.0,0.0,0.0,0.0,0.0,0.0,0.0,0.0,10.0,,tree cover
3317,121,0.974,0.6116,0.0,0.0,0.0,0.3884,0.0,0.0,0.0,0.0,0.0,10.0,,tree cover
3539,110,0.886,0.9545,0.0,0.0,0.0,0.0455,0.0,0.0,0.0,0.0,0.0,10.0,,tree cover
3761,132,1.0,0.5758,0.0,0.0,0.0,0.4242,0.0,0.0,0.0,0.0,0.0,10.0,,tree cover
3872,121,0.974,1.0,0.0,0.0,0.0,0.0,0.0,0.0,0.0,0.0,0.0,10.0,,tree cover
3983,121,0.974,1.0,0.0,0.0,0.0,0.0,0.0,0.0,0.0,0.0,0.0,10.0,,tree cover
4094,121,0.974,0.9835,0.0,0.0,0.0,0.0165,0.0,0.0,0.0,0.0,0.0,10.0,,tree cover
4205,121,0.974,1.0,0.0,0.0,0.0,0.0,0.0,0.0,0.0,0.0,0.0,10.0,,tree cover
4316,121,0.974,1.0,0.0,0.0,0.0,0.0,0.0,0.0,0.0,0.0,0.0,10.0,,tree cover
4427,121,0.974,1.0,0.0,0.0,0.0,0.0,0.0,0.0,0.0,0.0,0.0,10.0,,tree cover
4538,130,1.0,1.0,0.0,0.0,0.0,0.0,0.0,0.0,0.0,0.0,0.0,10.0,,tree cover
4649,122,0.982,1.0,0.0,0.0,0.0,0.0,0.0,0.0,0.0,0.0,0.0,10.0,,tree cover
4871,113,0.91,0.8584,0.0,0.0,0.0,0.1416,0.0,0.0,0.0,0.0,0.0,10.0,,tree cover
4982,121,0.974,1.0,0.0,0.0,0.0,0.0,0.0,0.0,0.0,0.0,0.0,10.0,,tree cover
5093,121,0.974,1.0,0.0,0.0,0.0,0.0,0.0,0.0,0.0,0.0,0.0,10.0,,tree cover
5204,121,0.974,1.0,0.0,0.0,0.0,0.0,0.0,0.0,0.0,0.0,0.0,10.0,,tree cover
5315,126,1.0,1.0,0.0,0.0,0.0,0.0,0.0,0.0,0.0,0.0,0.0,10.0,,tree cover
5426,127,1.0,1.0,0.0,0.0,0.0,0.0,0.0,0.0,0.0,0.0,0.0,10.0,,tree cover
5537,121,0.974,1.0,0.0,0.0,0.0,0.0,0.0,0.0,0.0,0.0,0.0,10.0,,tree cover
5648,121,0.974,1.0,0.0,0.0,0.0,0.0,0.0,0.0,0.0,0.0,0.0,10.0,,tree cover
5759,121,0.974,1.0,0.0,0.0,0.0,0.0,0.0,0.0,0.0,0.0,0.0,10.0,,tree cover
5870,121,0.974,1.0,0.0,0.0,0.0,0.0,0.0,0.0,0.0,0.0,0.0,10.0,,tree cover
5981,113,0.91,1.0,0.0,0.0,0.0,0.0,0.0,0.0,0.0,0.0,0.0,10.0,,tree cover
6203,130,1.0,1.0,0.0,0.0,0.0,0.0,0.0,0.0,0.0,0.0,0.0,10.0,,tree cover
3429,113,0.91,0.9558,0.0,0.0,0.0,0.0442,0.0,0.0,0.0,0.0,0.0,10.0,,tree cover
3540,121,0.974,0.9752,0.0,0.0,0.0,0.0248,0.0,0.0,0.0,0.0,0.0,10.0,,tree cover
3651,128,1.0,0.7344,0.0,0.0,0.0,0.2656,0.0,0.0,0.0,0.0,0.0,10.0,,tree cover
3873,121,0.974,0.8017,0.0,0.0,0.0,0.1983,0.0,0.0,0.0,0.0,0.0,10.0,,tree cover
3984,121,0.974,0.6446,0.0,0.0,0.0,0.3554,0.0,0.0,0.0,0.0,0.0,10.0,,tree cover
4095,121,0.974,0.7603,0.0,0.0,0.0,0.2397,0.0,0.0,0.0,0.0,0.0,10.0,,tree cover
4206,121,0.974,1.0,0.0,0.0,0.0,0.0,0.0,0.0,0.0,0.0,0.0,10.0,,tree cover
4317,121,0.974,1.0,0.0,0.0,0.0,0.0,0.0,0.0,0.0,0.0,0.0,10.0,,tree cover
4428,125,1.0,1.0,0.0,0.0,0.0,0.0,0.0,0.0,0.0,0.0,0.0,10.0,,tree cover
4539,119,0.958,1.0,0.0,0.0,0.0,0.0,0.0,0.0,0.0,0.0,0.0,10.0,,tree cover
4650,111,0.894,1.0,0.0,0.0,0.0,0.0,0.0,0.0,0.0,0.0,0.0,10.0,,tree cover
4872,121,0.974,0.9917,0.0,0.0,0.0,0.0083,0.0,0.0,0.0,0.0,0.0,10.0,,tree cover
4983,121,0.974,1.0,0.0,0.0,0.0,0.0,0.0,0.0,0.0,0.0,0.0,10.0,,tree cover
5094,121,0.974,1.0,0.0,0.0,0.0,0.0,0.0,0.0,0.0,0.0,0.0,10.0,,tree cover
5205,121,0.974,1.0,0.0,0.0,0.0,0.0,0.0,0.0,0.0,0.0,0.0,10.0,,tree cover
5316,132,1.0,1.0,0.0,0.0,0.0,0.0,0.0,0.0,0.0,0.0,0.0,10.0,,tree cover
5427,121,0.974,1.0,0.0,0.0,0.0,0.0,0.0,0.0,0.0,0.0,0.0,10.0,,tree cover
5538,121,0.974,1.0,0.0,0.0,0.0,0.0,0.0,0.0,0.0,0.0,0.0,10.0,,tree cover
5649,121,0.974,1.0,0.0,0.0,0.0,0.0,0.0,0.0,0.0,0.0,0.0,10.0,,tree cover
5760,115,0.926,1.0,0.0,0.0,0.0,0.0,0.0,0.0,0.0,0.0,0.0,10.0,,tree cover
3652,131,1.0,0.9771,0.0,0.0,0.0,0.0,0.0,0.0229,0.0,0.0,0.0,10.0,,tree cover
3763,121,0.974,0.8347,0.0,0.0,0.0,0.1653,0.0,0.0,0.0,0.0,0.0,10.0,,tree cover
3874,121,0.974,0.6942,0.0,0.0,0.0,0.3058,0.0,0.0,0.0,0.0,0.0,10.0,,tree cover
3985,121,0.974,0.7355,0.0,0.0,0.0,0.2645,0.0,0.0,0.0,0.0,0.0,10.0,,tree cover
4207,121,0.974,0.9669,0.0,0.0,0.0,0.0331,0.0,0.0,0.0,0.0,0.0,10.0,,tree cover
4318,115,0.926,1.0,0.0,0.0,0.0,0.0,0.0,0.0,0.0,0.0,0.0,10.0,,tree cover
4429,120,0.966,1.0,0.0,0.0,0.0,0.0,0.0,0.0,0.0,0.0,0.0,10.0,,tree cover
4540,119,0.958,1.0,0.0,0.0,0.0,0.0,0.0,0.0,0.0,0.0,0.0,10.0,,tree cover
4651,121,0.974,1.0,0.0,0.0,0.0,0.0,0.0,0.0,0.0,0.0,0.0,10.0,,tree cover
4873,121,0.974,1.0,0.0,0.0,0.0,0.0,0.0,0.0,0.0,0.0,0.0,10.0,,tree cover
4984,121,0.974,1.0,0.0,0.0,0.0,0.0,0.0,0.0,0.0,0.0,0.0,10.0,,tree cover
5095,121,0.974,1.0,0.0,0.0,0.0,0.0,0.0,0.0,0.0,0.0,0.0,10.0,,tree cover
5206,131,1.0,1.0,0.0,0.0,0.0,0.0,0.0,0.0,0.0,0.0,0.0,10.0,,tree cover
5317,122,0.982,1.0,0.0,0.0,0.0,0.0,0.0,0.0,0.0,0.0,0.0,10.0,,tree cover
5428,121,0.974,1.0,0.0,0.0,0.0,0.0,0.0,0.0,0.0,0.0,0.0,10.0,,tree cover
5539,118,0.95,1.0,0.0,0.0,0.0,0.0,0.0,0.0,0.0,0.0,0.0,10.0,,tree cover
5650,110,0.886,1.0,0.0,0.0,0.0,0.0,0.0,0.0,0.0,0.0,0.0,10.0,,tree cover
5761,116,0.934,1.0,0.0,0.0,0.0,0.0,0.0,0.0,0.0,0.0,0.0,10.0,,tree cover
3653,121,0.974,0.9752,0.0,0.0,0.0,0.0,0.0,0.0248,0.0,0.0,0.0,10.0,,tree cover
3764,121,0.974,0.9752,0.0,0.0,0.0,0.0248,0.0,0.0,0.0,0.0,0.0,10.0,,tree cover
3875,121,0.974,0.7273,0.0,0.0,0.0,0.2727,0.0,0.0,0.0,0.0,0.0,10.0,,tree cover
4208,110,0.886,0.7,0.0,0.0,0.0,0.3,0.0,0.0,0.0,0.0,0.0,10.0,,tree cover
4430,124,0.998,0.8226,0.0,0.0,0.0,0.1774,0.0,0.0,0.0,0.0,0.0,10.0,,tree cover
4541,121,0.974,0.9587,0.0,0.0,0.0,0.0413,0.0,0.0,0.0,0.0,0.0,10.0,,tree cover
4652,121,0.974,0.6777,0.0,0.0,0.0,0.3223,0.0,0.0,0.0,0.0,0.0,10.0,,tree cover
4763,121,0.974,1.0,0.0,0.0,0.0,0.0,0.0,0.0,0.0,0.0,0.0,10.0,,tree cover
4874,121,0.974,1.0,0.0,0.0,0.0,0.0,0.0,0.0,0.0,0.0,0.0,10.0,,tree cover
4985,121,0.974,1.0,0.0,0.0,0.0,0.0,0.0,0.0,0.0,0.0,0.0,10.0,,tree cover
5096,126,1.0,1.0,0.0,0.0,0.0,0.0,0.0,0.0,0.0,0.0,0.0,10.0,,tree cover
5207,127,1.0,1.0,0.0,0.0,0.0,0.0,0.0,0.0,0.0,0.0,0.0,10.0,,tree cover
5318,120,0.966,1.0,0.0,0.0,0.0,0.0,0.0,0.0,0.0,0.0,0.0,10.0,,tree cover
5429,110,0.886,1.0,0.0,0.0,0.0,0.0,0.0,0.0,0.0,0.0,0.0,10.0,,tree cover
5651,121,0.974,1.0,0.0,0.0,0.0,0.0,0.0,0.0,0.0,0.0,0.0,10.0,,tree cover
3543,125,1.0,0.992,0.0,0.0,0.008,0.0,0.0,0.0,0.0,0.0,0.0,10.0,,tree cover
3654,121,0.974,0.8182,0.0,0.1818,0.0,0.0,0.0,0.0,0.0,0.0,0.0,10.0,,tree cover
3765,121,0.974,0.9669,0.0,0.0331,0.0,0.0,0.0,0.0,0.0,0.0,0.0,10.0,,tree cover
3876,120,0.966,1.0,0.0,0.0,0.0,0.0,0.0,0.0,0.0,0.0,0.0,10.0,,tree cover
3987,110,0.886,0.6636,0.0,0.0,0.0,0.3364,0.0,0.0,0.0,0.0,0.0,10.0,,tree cover
4431,121,0.974,0.4298,0.0,0.0,0.0,0.5702,0.0,0.0,0.0,0.0,0.0,50.0,ground_built_up,built-up
4764,121,0.974,1.0,0.0,0.0,0.0,0.0,0.0,0.0,0.0,0.0,0.0,10.0,,tree cover
4875,121,0.974,0.9339,0.0,0.0,0.0,0.0661,0.0,0.0,0.0,0.0,0.0,10.0,,tree cover
4986,121,0.974,0.7521,0.0,0.0,0.0,0.2479,0.0,0.0,0.0,0.0,0.0,10.0,,tree cover
5097,132,1.0,0.9318,0.0,0.0,0.0,0.0682,0.0,0.0,0.0,0.0,0.0,10.0,,tree cover
5208,112,0.902,1.0,0.0,0.0,0.0,0.0,0.0,0.0,0.0,0.0,0.0,10.0,,tree cover
5319,111,0.894,1.0,0.0,0.0,0.0,0.0,0.0,0.0,0.0,0.0,0.0,10.0,,tree cover
5430,121,0.974,1.0,0.0,0.0,0.0,0.0,0.0,0.0,0.0,0.0,0.0,10.0,,tree cover
5541,121,0.974,1.0,0.0,0.0,0.0,0.0,0.0,0.0,0.0,0.0,0.0,10.0,,tree cover
3433,131,1.0,0.9924,0.0,0.0076,0.0,0.0,0.0,0.0,0.0,0.0,0.0,10.0,,tree cover
3544,121,0.974,0.5041,0.0,0.4876,0.0083,0.0,0.0,0.0,0.0,0.0,0.0,10.0,,tree cover
3655,121,0.974,0.1736,0.0,0.8182,0.0083,0.0,0.0,0.0,0.0,0.0,0.0,30.0,,grassland
3766,112,0.902,0.8839,0.0,0.1161,0.0,0.0,0.0,0.0,0.0,0.0,0.0,10.0,,tree cover
3877,111,0.894,1.0,0.0,0.0,0.0,0.0,0.0,0.0,0.0,0.0,0.0,10.0,,tree cover
3988,121,0.974,1.0,0.0,0.0,0.0,0.0,0.0,0.0,0.0,0.0,0.0,10.0,,tree cover
4099,121,0.974,0.9669,0.0,0.0,0.0,0.0331,0.0,0.0,0.0,0.0,0.0,10.0,,tree cover
4210,132,1.0,0.7955,0.0,0.0,0.0,0.2045,0.0,0.0,0.0,0.0,0.0,10.0,,tree cover
4321,121,0.974,0.405,0.0,0.0,0.0,0.595,0.0,0.0,0.0,0.0,0.0,50.0,ground_built_up,built-up
4543,121,0.974,0.0331,0.0,0.0,0.0,0.9669,0.0,0.0,0.0,0.0,0.0,50.0,ground_built_up,built-up
4765,121,0.974,0.1818,0.0,0.0,0.0,0.8182,0.0,0.0,0.0,0.0,0.0,50.0,ground_built_up,built-up
4876,121,0.974,0.0909,0.0,0.0,0.0,0.9091,0.0,0.0,0.0,0.0,0.0,50.0,ground_built_up,built-up
5098,111,0.894,0.991,0.0,0.0,0.0,0.009,0.0,0.0,0.0,0.0,0.0,10.0,,tree cover
5209,119,0.958,1.0,0.0,0.0,0.0,0.0,0.0,0.0,0.0,0.0,0.0,10.0,,tree cover
5320,121,0.974,1.0,0.0,0.0,0.0,0.0,0.0,0.0,0.0,0.0,0.0,10.0,,tree cover
5542,121,0.974,1.0,0.0,0.0,0.0,0.0,0.0,0.0,0.0,0.0,0.0,10.0,,tree cover
3212,121,0.974,1.0,0.0,0.0,0.0,0.0,0.0,0.0,0.0,0.0,0.0,10.0,,tree cover
3323,132,1.0,0.8788,0.0,0.1212,0.0,0.0,0.0,0.0,0.0,0.0,0.0,10.0,,tree cover
3434,121,0.974,0.3306,0.0,0.6364,0.0331,0.0,0.0,0.0,0.0,0.0,0.0,30.0,,grassland
3545,115,0.926,0.6174,0.0,0.3826,0.0,0.0,0.0,0.0,0.0,0.0,0.0,10.0,,tree cover
3878,121,0.974,1.0,0.0,0.0,0.0,0.0,0.0,0.0,0.0,0.0,0.0,10.0,,tree cover
3989,121,0.974,1.0,0.0,0.0,0.0,0.0,0.0,0.0,0.0,0.0,0.0,10.0,,tree cover
4100,129,1.0,1.0,0.0,0.0,0.0,0.0,0.0,0.0,0.0,0.0,0.0,10.0,,tree cover
4211,124,0.998,1.0,0.0,0.0,0.0,0.0,0.0,0.0,0.0,0.0,0.0,10.0,,tree cover
4322,121,0.974,0.8017,0.0,0.0,0.0,0.1983,0.0,0.0,0.0,0.0,0.0,10.0,,tree cover
4433,121,0.974,0.2231,0.0,0.0,0.0,0.7769,0.0,0.0,0.0,0.0,0.0,50.0,ground_built_up,built-up
4544,121,0.974,0.6364,0.0,0.0,0.0,0.3636,0.0,0.0,0.0,0.0,0.0,10.0,,tree cover
4655,121,0.974,0.5455,0.0,0.0,0.0,0.4545,0.0,0.0,0.0,0.0,0.0,10.0,,tree cover
4766,118,0.95,0.2542,0.0,0.0,0.0,0.7458,0.0,0.0,0.0,0.0,0.0,50.0,ground_built_up,built-up
5099,121,0.974,1.0,0.0,0.0,0.0,0.0,0.0,0.0,0.0,0.0,0.0,10.0,,tree cover
5210,121,0.974,1.0,0.0,0.0,0.0,0.0,0.0,0.0,0.0,0.0,0.0,10.0,,tree cover
5321,121,0.974,1.0,0.0,0.0,0.0,0.0,0.0,0.0,0.0,0.0,0.0,10.0,,tree cover
3990,124,0.998,1.0,0.0,0.0,0.0,0.0,0.0,0.0,0.0,0.0,0.0,10.0,,tree cover
4101,129,1.0,1.0,0.0,0.0,0.0,0.0,0.0,0.0,0.0,0.0,0.0,10.0,,tree cover
4212,121,0.974,1.0,0.0,0.0,0.0,0.0,0.0,0.0,0.0,0.0,0.0,10.0,,tree cover
4323,121,0.974,1.0,0.0,0.0,0.0,0.0,0.0,0.0,0.0,0.0,0.0,10.0,,tree cover
4434,121,0.974,0.876,0.0,0.0,0.0,0.124,0.0,0.0,0.0,0.0,0.0,10.0,,tree cover
4545,120,0.966,1.0,0.0,0.0,0.0,0.0,0.0,0.0,0.0,0.0,0.0,10.0,,tree cover
4656,110,0.886,1.0,0.0,0.0,0.0,0.0,0.0,0.0,0.0,0.0,0.0,10.0,,tree cover
4767,113,0.91,1.0,0.0,0.0,0.0,0.0,0.0,0.0,0.0,0.0,0.0,10.0,,tree cover
4878,132,1.0,1.0,0.0,0.0,0.0,0.0,0.0,0.0,0.0,0.0,0.0,10.0,,tree cover
4989,121,0.974,1.0,0.0,0.0,0.0,0.0,0.0,0.0,0.0,0.0,0.0,10.0,,tree cover
3991,132,1.0,1.0,0.0,0.0,0.0,0.0,0.0,0.0,0.0,0.0,0.0,10.0,,tree cover
4102,121,0.974,1.0,0.0,0.0,0.0,0.0,0.0,0.0,0.0,0.0,0.0,10.0,,tree cover
4213,121,0.974,1.0,0.0,0.0,0.0,0.0,0.0,0.0,0.0,0.0,0.0,10.0,,tree cover
4324,121,0.974,1.0,0.0,0.0,0.0,0.0,0.0,0.0,0.0,0.0,0.0,10.0,,tree cover
4435,112,0.902,1.0,0.0,0.0,0.0,0.0,0.0,0.0,0.0,0.0,0.0,10.0,,tree cover
4546,111,0.894,1.0,0.0,0.0,0.0,0.0,0.0,0.0,0.0,0.0,0.0,10.0,,tree cover
4657,121,0.974,1.0,0.0,0.0,0.0,0.0,0.0,0.0,0.0,0.0,0.0,10.0,,tree cover
3992,124,0.998,1.0,0.0,0.0,0.0,0.0,0.0,0.0,0.0,0.0,0.0,10.0,,tree cover
4103,121,0.974,1.0,0.0,0.0,0.0,0.0,0.0,0.0,0.0,0.0,0.0,10.0,,tree cover
4214,114,0.918,1.0,0.0,0.0,0.0,0.0,0.0,0.0,0.0,0.0,0.0,10.0,,tree cover
4325,110,0.886,1.0,0.0,0.0,0.0,0.0,0.0,0.0,0.0,0.0,0.0,10.0,,tree cover
4436,119,0.958,1.0,0.0,0.0,0.0,0.0,0.0,0.0,0.0,0.0,0.0,10.0,,tree cover
4547,121,0.974,1.0,0.0,0.0,0.0,0.0,0.0,0.0,0.0,0.0,0.0,10.0,,tree cover
4658,125,1.0,1.0,0.0,0.0,0.0,0.0,0.0,0.0,0.0,0.0,0.0,10.0,,tree cover
3993,117,0.942,1.0,0.0,0.0,0.0,0.0,0.0,0.0,0.0,0.0,0.0,10.0,,tree cover
4104,110,0.886,1.0,0.0,0.0,0.0,0.0,0.0,0.0,0.0,0.0,0.0,10.0,,tree cover
4215,117,0.942,1.0,0.0,0.0,0.0,0.0,0.0,0.0,0.0,0.0,0.0,10.0,,tree cover
4326,121,0.974,1.0,0.0,0.0,0.0,0.0,0.0,0.0,0.0,0.0,0.0,10.0,,tree cover
4437,121,0.974,1.0,0.0,0.0,0.0,0.0,0.0,0.0,0.0,0.0,0.0,10.0,,tree cover
4548,121,0.974,1.0,0.0,0.0,0.0,0.0,0.0,0.0,0.0,0.0,0.0,10.0,,tree cover
3994,114,0.918,1.0,0.0,0.0,0.0,0.0,0.0,0.0,0.0,0.0,0.0,10.0,,tree cover
4105,121,0.974,1.0,0.0,0.0,0.0,0.0,0.0,0.0,0.0,0.0,0.0,10.0,,tree cover
4216,121,0.974,1.0,0.0,0.0,0.0,0.0,0.0,0.0,0.0,0.0,0.0,10.0,,tree cover
4327,121,0.974,1.0,0.0,0.0,0.0,0.0,0.0,0.0,0.0,0.0,0.0,10.0,,tree cover
4438,121,0.974,1.0,0.0,0.0,0.0,0.0,0.0,0.0,0.0,0.0,0.0,10.0,,tree cover
4106,121,0.974,1.0,0.0,0.0,0.0,0.0,0.0,0.0,0.0,0.0,0.0,10.0,,tree cover
4217,121,0.974,1.0,0.0,0.0,0.0,0.0,0.0,0.0,0.0,0.0,0.0,10.0,,tree cover
4328,121,0.974,1.0,0.0,0.0,0.0,0.0,0.0,0.0,0.0,0.0,0.0,10.0,,tree cover
4439,125,1.0,1.0,0.0,0.0,0.0,0.0,0.0,0.0,0.0,0.0,0.0,10.0,,tree cover
