point_id,species_id,common_name,slope_pct,max_slope_pct,over_limit_points,over_limit_share,S_graded,zoning_status,zone_desc
3993,1,Narra,30.01,30.0,0.01,0.0,0.5617,confirmed,Socialized Housing Zone
4386,1,Narra,30.05,30.0,0.05,0.002,0.5588,confirmed,Forest Zone
4401,1,Narra,30.02,30.0,0.02,0.001,0.561,confirmed,Medium Density Residential Zone
4407,1,Narra,30.78,30.0,0.78,0.026,0.504,confirmed,Forest Zone
4513,1,Narra,30.47,30.0,0.47,0.016,0.5273,confirmed,Medium Density Residential Zone
4705,1,Narra,30.54,30.0,0.54,0.018,0.522,confirmed,Buffer Zone
4829,1,Narra,30.12,30.0,0.12,0.004,0.5535,confirmed,Forest Zone
4931,1,Narra,30.09,30.0,0.09,0.003,0.5558,confirmed,Forest Zone
5034,1,Narra,30.66,30.0,0.66,0.022,0.513,confirmed,Forest Zone
5041,1,Narra,30.56,30.0,0.56,0.019,0.5205,confirmed,Forest Zone
5053,1,Narra,30.63,30.0,0.63,0.021,0.5153,confirmed,Forest Zone
5155,1,Narra,30.51,30.0,0.51,0.017,0.5242,confirmed,Forest Zone
5253,1,Narra,30.12,30.0,0.12,0.004,0.5535,confirmed,Forest Zone
5296,1,Narra,30.13,30.0,0.13,0.004,0.5528,confirmed,Medium Density Residential Zone
5303,1,Narra,30.53,30.0,0.53,0.018,0.5227,confirmed,Medium Density Residential Zone
5492,1,Narra,30.06,30.0,0.06,0.002,0.558,confirmed,Forest Zone
5608,1,Narra,30.58,30.0,0.58,0.019,0.519,confirmed,Forest Zone
5612,1,Narra,30.2,30.0,0.2,0.007,0.5475,confirmed,Forest Zone
5715,1,Narra,30.39,30.0,0.39,0.013,0.5332,confirmed,Forest Zone
6047,1,Narra,30.81,30.0,0.81,0.027,0.5018,confirmed,Forest Zone
6168,1,Narra,30.69,30.0,0.69,0.023,0.5107,confirmed,Forest Zone
6512,1,Narra,30.47,30.0,0.47,0.016,0.5273,confirmed,Forest Zone
6514,1,Narra,30.28,30.0,0.28,0.009,0.5415,confirmed,Forest Zone
6526,1,Narra,30.43,30.0,0.43,0.014,0.5302,confirmed,Forest Zone
6530,1,Narra,30.54,30.0,0.54,0.018,0.522,confirmed,Forest Zone
6976,1,Narra,30.03,30.0,0.03,0.001,0.5602,confirmed,Medium Density Residential Zone
7048,1,Narra,30.63,30.0,0.63,0.021,0.5153,confirmed,Sanitary Landfill
7197,1,Narra,30.11,30.0,0.11,0.004,0.5542,confirmed,Forest Zone
7362,1,Narra,30.16,30.0,0.16,0.005,0.6524,confirmed,Institutional Research Zone
7495,1,Narra,30.03,30.0,0.03,0.001,0.5602,confirmed,Forest Zone
7596,1,Narra,30.02,30.0,0.02,0.001,0.561,confirmed,Forest Zone
7801,1,Narra,30.36,30.0,0.36,0.012,0.6347,confirmed,Institutional Research Zone
7853,1,Narra,30.66,30.0,0.66,0.022,0.513,confirmed,Forest Zone
8256,1,Narra,30.82,30.0,0.82,0.027,0.5938,confirmed,Forest Zone
8281,1,Narra,30.02,30.0,0.02,0.001,0.561,confirmed,Forest Zone
8460,1,Narra,30.05,30.0,0.05,0.002,0.6622,confirmed,Forest Zone
8572,1,Narra,31.27,30.0,1.27,0.042,0.5538,confirmed,Forest Zone
8585,1,Narra,30.28,30.0,0.28,0.009,0.6418,confirmed,Forest Zone
8712,1,Narra,30.35,30.0,0.35,0.012,0.5362,confirmed,Forest Zone
8716,1,Narra,30.03,30.0,0.03,0.001,0.5602,confirmed,Forest Zone
8795,1,Narra,30.51,30.0,0.51,0.017,0.6213,confirmed,Forest Zone
8796,1,Narra,30.55,30.0,0.55,0.018,0.6178,confirmed,Forest Zone
8799,1,Narra,30.05,30.0,0.05,0.002,0.6622,confirmed,Forest Zone
8904,1,Narra,30.93,30.0,0.93,0.031,0.584,confirmed,Forest Zone
8923,1,Narra,30.2,30.0,0.2,0.007,0.6489,confirmed,Forest Zone
8942,1,Narra,30.38,30.0,0.38,0.013,0.534,confirmed,Forest Zone
8954,1,Narra,30.46,30.0,0.46,0.015,0.528,confirmed,Forest Zone
9053,1,Narra,30.46,30.0,0.46,0.015,0.528,confirmed,Forest Zone
9065,1,Narra,30.59,30.0,0.59,0.02,0.5182,confirmed,Forest Zone
9365,1,Narra,31.3,30.0,1.3,0.043,0.5511,confirmed,Forest Zone
9370,1,Narra,31.11,30.0,1.11,0.037,0.568,confirmed,Forest Zone
9371,1,Narra,30.17,30.0,0.17,0.006,0.6516,confirmed,Forest Zone
9385,1,Narra,30.72,30.0,0.72,0.024,0.5085,confirmed,Forest Zone
9480,1,Narra,30.91,30.0,0.91,0.03,0.5858,confirmed,Forest Zone
9580,1,Narra,30.29,30.0,0.29,0.01,0.6409,confirmed,Forest Zone
9830,1,Narra,30.08,30.0,0.08,0.003,0.5565,confirmed,Forest Zone
9904,1,Narra,31.51,30.0,1.51,0.05,0.5324,confirmed,Forest Zone
9910,1,Narra,30.33,30.0,0.33,0.011,0.6373,confirmed,Forest Zone
9931,1,Narra,30.01,30.0,0.01,0.0,0.5617,confirmed,Forest Zone
10020,1,Narra,30.22,30.0,0.22,0.007,0.6471,confirmed,Forest Zone
10024,1,Narra,31.32,30.0,1.32,0.044,0.5493,confirmed,Forest Zone
10036,1,Narra,31.54,30.0,1.54,0.051,0.5298,confirmed,Forest Zone
10039,1,Narra,30.82,30.0,0.82,0.027,0.5938,confirmed,Forest Zone
10128,1,Narra,30.01,30.0,0.01,0.0,0.6658,confirmed,Forest Zone
10141,1,Narra,31.68,30.0,1.68,0.056,0.5173,confirmed,Forest Zone
10142,1,Narra,30.53,30.0,0.53,0.018,0.6196,confirmed,Forest Zone
10464,1,Narra,31.4,30.0,1.4,0.047,0.5422,confirmed,Forest Zone
10469,1,Narra,30.54,30.0,0.54,0.018,0.6187,confirmed,Forest Zone
10470,1,Narra,30.16,30.0,0.16,0.005,0.6524,confirmed,Forest Zone
10581,1,Narra,30.93,30.0,0.93,0.031,0.584,confirmed,Forest Zone
10599,1,Narra,31.03,30.0,1.03,0.034,0.5751,confirmed,Forest Zone
10602,1,Narra,30.98,30.0,0.98,0.033,0.5796,confirmed,Institutional Research Zone
10678,1,Narra,30.71,30.0,0.71,0.024,0.6036,confirmed,Forest Zone
10683,1,Narra,30.21,30.0,0.21,0.007,0.648,confirmed,Forest Zone
10693,1,Narra,30.2,30.0,0.2,0.007,0.6489,confirmed,Forest Zone
10694,1,Narra,31.54,30.0,1.54,0.051,0.5298,confirmed,Forest Zone
10701,1,Narra,31.5,30.0,1.5,0.05,0.5333,confirmed,Forest Zone
10711,1,Narra,30.09,30.0,0.09,0.003,0.6587,confirmed,Forest Zone
10797,1,Narra,31.01,30.0,1.01,0.034,0.5769,confirmed,Forest Zone
10813,1,Narra,30.34,30.0,0.34,0.011,0.6364,confirmed,Forest Zone
10896,1,Narra,31.41,30.0,1.41,0.047,0.5413,confirmed,Forest Zone
10901,1,Narra,30.24,30.0,0.24,0.008,0.6453,confirmed,Forest Zone
11005,1,Narra,31.78,30.0,1.78,0.059,0.5084,confirmed,Forest Zone
11008,1,Narra,31.78,30.0,1.78,0.059,0.5084,confirmed,Forest Zone
11039,1,Narra,31.02,30.0,1.02,0.034,0.576,confirmed,Forest Zone
11150,1,Narra,31.08,30.0,1.08,0.036,0.5707,confirmed,Forest Zone
11231,1,Narra,30.33,30.0,0.33,0.011,0.6373,confirmed,Forest Zone
11239,1,Narra,30.6,30.0,0.6,0.02,0.6133,confirmed,Forest Zone
11258,1,Narra,30.55,30.0,0.55,0.018,0.6178,confirmed,Forest Zone
11344,1,Narra,31.8,30.0,1.8,0.06,0.5067,confirmed,Forest Zone
11347,1,Narra,30.39,30.0,0.39,0.013,0.632,confirmed,Forest Zone
11352,1,Narra,31.55,30.0,1.55,0.052,0.5289,confirmed,Forest Zone
11353,1,Narra,31.43,30.0,1.43,0.048,0.5396,confirmed,Forest Zone
11364,1,Narra,31.36,30.0,1.36,0.045,0.5458,confirmed,Forest Zone
11369,1,Narra,30.06,30.0,0.06,0.002,0.6613,confirmed,Forest Zone
11448,1,Narra,30.93,30.0,0.93,0.031,0.584,confirmed,Forest Zone
11451,1,Narra,31.17,30.0,1.17,0.039,0.5627,confirmed,Forest Zone
11452,1,Narra,30.44,30.0,0.44,0.015,0.6276,confirmed,Forest Zone
11457,1,Narra,31.13,30.0,1.13,0.038,0.5662,confirmed,Forest Zone
11469,1,Narra,30.56,30.0,0.56,0.019,0.6169,confirmed,Forest Zone
11476,1,Narra,30.05,30.0,0.05,0.002,0.6622,confirmed,Forest Zone
11477,1,Narra,31.4,30.0,1.4,0.047,0.5422,confirmed,Forest Zone
11486,1,Narra,31.81,30.0,1.81,0.06,0.5058,confirmed,Forest Zone
11581,1,Narra,31.01,30.0,1.01,0.034,0.5769,confirmed,Forest Zone
11672,1,Narra,31.55,30.0,1.55,0.052,0.5289,confirmed,Forest Zone
11695,1,Narra,31.07,30.0,1.07,0.036,0.5716,confirmed,Forest Zone
11799,1,Narra,30.69,30.0,0.69,0.023,0.6053,confirmed,Forest Zone
11801,1,Narra,30.28,30.0,0.28,0.009,0.6418,confirmed,Forest Zone
11811,1,Narra,31.36,30.0,1.36,0.045,0.5458,confirmed,Forest Zone
11918,1,Narra,30.78,30.0,0.78,0.026,0.5973,confirmed,Forest Zone
12027,1,Narra,31.82,30.0,1.82,0.061,0.5049,confirmed,Forest Zone
12055,1,Narra,31.4,30.0,1.4,0.047,0.5422,confirmed,Forest Zone
12233,1,Narra,30.09,30.0,0.09,0.003,0.6587,confirmed,Forest Zone
12245,1,Narra,30.66,30.0,0.66,0.022,0.608,confirmed,Forest Zone
12261,1,Narra,30.39,30.0,0.39,0.013,0.632,confirmed,Forest Zone
12262,1,Narra,31.66,30.0,1.66,0.055,0.5191,confirmed,Forest Zone
12342,1,Narra,31.54,30.0,1.54,0.051,0.5298,confirmed,Forest Zone
12375,1,Narra,31.42,30.0,1.42,0.047,0.5404,confirmed,Forest Zone
12388,1,Narra,30.55,30.0,0.55,0.018,0.6178,confirmed,Forest Zone
12389,1,Narra,31.83,30.0,1.83,0.061,0.504,confirmed,Forest Zone
12408,1,Narra,31.34,30.0,1.34,0.045,0.5476,confirmed,Forest Zone
12459,1,Narra,31.84,30.0,1.84,0.061,0.5031,confirmed,Forest Zone
12460,1,Narra,30.68,30.0,0.68,0.023,0.6062,confirmed,Forest Zone
12479,1,Narra,30.59,30.0,0.59,0.02,0.6142,confirmed,Forest Zone
12480,1,Narra,31.56,30.0,1.56,0.052,0.528,confirmed,Forest Zone
12489,1,Narra,30.38,30.0,0.38,0.013,0.6329,confirmed,Forest Zone
12504,1,Narra,31.58,30.0,1.58,0.053,0.5262,confirmed,Forest Zone
12505,1,Narra,31.59,30.0,1.59,0.053,0.5253,confirmed,Forest Zone
12561,1,Narra,30.51,30.0,0.51,0.017,0.6213,confirmed,Forest Zone
12578,1,Narra,30.12,30.0,0.12,0.004,0.656,unconfirmed,
12581,1,Narra,31.26,30.0,1.26,0.042,0.5547,unconfirmed,
12667,1,Narra,30.07,30.0,0.07,0.002,0.6604,unconfirmed,
12677,1,Narra,31.23,30.0,1.23,0.041,0.5573,confirmed,Forest Zone
12682,1,Narra,30.12,30.0,0.12,0.004,0.656,confirmed,Forest Zone
12707,1,Narra,31.15,30.0,1.15,0.038,0.5644,confirmed,Forest Zone
12729,1,Narra,30.46,30.0,0.46,0.015,0.6258,confirmed,Forest Zone
12794,1,Narra,30.97,30.0,0.97,0.032,0.5804,confirmed,Forest Zone
12795,1,Narra,30.67,30.0,0.67,0.022,0.6071,confirmed,Forest Zone
12809,1,Narra,31.1,30.0,1.1,0.037,0.5689,unconfirmed,
12818,1,Narra,30.05,30.0,0.05,0.002,0.6622,confirmed,Forest Zone
12843,1,Narra,30.23,30.0,0.23,0.008,0.6462,confirmed,Forest Zone
12893,1,Narra,31.53,30.0,1.53,0.051,0.5307,confirmed,Forest Zone
12894,1,Narra,30.29,30.0,0.29,0.01,0.6409,confirmed,Forest Zone
12939,1,Narra,30.45,30.0,0.45,0.015,0.6267,confirmed,Forest Zone
12945,1,Narra,31.34,30.0,1.34,0.045,0.5476,confirmed,Forest Zone
12946,1,Narra,30.35,30.0,0.35,0.012,0.6356,confirmed,Forest Zone
12949,1,Narra,30.42,30.0,0.42,0.014,0.6293,confirmed,Forest Zone
13006,1,Narra,31.67,30.0,1.67,0.056,0.5182,confirmed,Forest Zone
13008,1,Narra,30.71,30.0,0.71,0.024,0.6036,confirmed,Forest Zone
13030,1,Narra,31.57,30.0,1.57,0.052,0.5271,unconfirmed,
13049,1,Narra,31.34,30.0,1.34,0.045,0.5476,confirmed,Forest Zone
13114,1,Narra,31.0,30.0,1.0,0.033,0.5778,confirmed,Forest Zone
13250,1,Narra,30.23,30.0,0.23,0.008,0.6462,unconfirmed,
13251,1,Narra,30.71,30.0,0.71,0.024,0.6036,unconfirmed,
13259,1,Narra,30.46,30.0,0.46,0.015,0.6258,unconfirmed,
13280,1,Narra,30.56,30.0,0.56,0.019,0.6169,confirmed,Forest Zone
13283,1,Narra,31.14,30.0,1.14,0.038,0.5653,confirmed,Forest Zone
13284,1,Narra,30.55,30.0,0.55,0.018,0.6178,confirmed,Forest Zone
13338,1,Narra,30.05,30.0,0.05,0.002,0.6622,confirmed,Forest Zone
13345,1,Narra,31.07,30.0,1.07,0.036,0.5716,unconfirmed,
13368,1,Narra,30.86,30.0,0.86,0.029,0.5902,unconfirmed,
13384,1,Narra,30.78,30.0,0.78,0.026,0.5973,unconfirmed,
13449,1,Narra,30.42,30.0,0.42,0.014,0.6293,confirmed,Forest Zone
13452,1,Narra,30.16,30.0,0.16,0.005,0.6524,confirmed,Forest Zone
13454,1,Narra,30.59,30.0,0.59,0.02,0.6142,unconfirmed,
13455,1,Narra,31.42,30.0,1.42,0.047,0.5404,unconfirmed,
13464,1,Narra,31.49,30.0,1.49,0.05,0.5342,unconfirmed,
13466,1,Narra,31.8,30.0,1.8,0.06,0.5067,unconfirmed,
13467,1,Narra,31.12,30.0,1.12,0.037,0.5671,unconfirmed,
13468,1,Narra,30.44,30.0,0.44,0.015,0.6276,unconfirmed,
13477,1,Narra,30.75,30.0,0.75,0.025,0.6,unconfirmed,
13499,1,Narra,31.81,30.0,1.81,0.06,0.5058,unconfirmed,
13500,1,Narra,30.75,30.0,0.75,0.025,0.6,unconfirmed,
13501,1,Narra,30.59,30.0,0.59,0.02,0.6142,unconfirmed,
13555,1,Narra,30.87,30.0,0.87,0.029,0.5893,unconfirmed,
13566,1,Narra,30.83,30.0,0.83,0.028,0.5929,unconfirmed,
13569,1,Narra,31.32,30.0,1.32,0.044,0.5493,unconfirmed,
13570,1,Narra,31.01,30.0,1.01,0.034,0.5769,unconfirmed,
13578,1,Narra,31.04,30.0,1.04,0.035,0.5742,unconfirmed,
13587,1,Narra,30.29,30.0,0.29,0.01,0.6409,unconfirmed,
13591,1,Narra,30.05,30.0,0.05,0.002,0.6622,unconfirmed,
13597,1,Narra,30.35,30.0,0.35,0.012,0.6356,unconfirmed,
13605,1,Narra,31.49,30.0,1.49,0.05,0.5342,unconfirmed,
13667,1,Narra,31.04,30.0,1.04,0.035,0.5742,confirmed,Forest Zone
13777,1,Narra,30.32,30.0,0.32,0.011,0.6382,unconfirmed,
13780,1,Narra,31.53,30.0,1.53,0.051,0.5307,confirmed,Forest Zone
13787,1,Narra,30.08,30.0,0.08,0.003,0.6596,unconfirmed,
13789,1,Narra,30.25,30.0,0.25,0.008,0.6444,unconfirmed,
13808,1,Narra,31.0,30.0,1.0,0.033,0.5778,unconfirmed,
13810,1,Narra,30.17,30.0,0.17,0.006,0.6516,unconfirmed,
13811,1,Narra,31.0,30.0,1.0,0.033,0.5778,unconfirmed,
13888,1,Narra,31.78,30.0,1.78,0.059,0.5084,unconfirmed,
13891,1,Narra,30.01,30.0,0.01,0.0,0.6658,unconfirmed,
13915,1,Narra,30.03,30.0,0.03,0.001,0.664,unconfirmed,
13921,1,Narra,30.02,30.0,0.02,0.001,0.6649,unconfirmed,
13936,1,Narra,31.4,30.0,1.4,0.047,0.5422,unconfirmed,
13937,1,Narra,30.63,30.0,0.63,0.021,0.6107,unconfirmed,
13950,1,Narra,30.95,30.0,0.95,0.032,0.5822,confirmed,Forest Zone
14015,1,Narra,30.05,30.0,0.05,0.002,0.6622,unconfirmed,
14018,1,Narra,30.43,30.0,0.43,0.014,0.6284,unconfirmed,
14026,1,Narra,30.03,30.0,0.03,0.001,0.664,unconfirmed,
14027,1,Narra,30.03,30.0,0.03,0.001,0.664,unconfirmed,
14039,1,Narra,30.01,30.0,0.01,0.0,0.6658,unconfirmed,
14040,1,Narra,31.15,30.0,1.15,0.038,0.5644,unconfirmed,
14148,1,Narra,31.65,30.0,1.65,0.055,0.52,unconfirmed,
14151,1,Narra,31.67,30.0,1.67,0.056,0.5182,unconfirmed,
14157,1,Narra,31.53,30.0,1.53,0.051,0.5307,unconfirmed,
14163,1,Narra,30.53,30.0,0.53,0.018,0.6196,unconfirmed,
14263,1,Narra,31.78,30.0,1.78,0.059,0.5084,unconfirmed,
14327,1,Narra,30.62,30.0,0.62,0.021,0.6116,unconfirmed,
14335,1,Narra,30.21,30.0,0.21,0.007,0.648,unconfirmed,
14350,1,Narra,30.06,30.0,0.06,0.002,0.6613,unconfirmed,
14352,1,Narra,30.65,30.0,0.65,0.022,0.6089,unconfirmed,
14394,1,Narra,31.11,30.0,1.11,0.037,0.568,confirmed,Forest Zone
14453,1,Narra,30.51,30.0,0.51,0.017,0.6213,unconfirmed,
14459,1,Narra,31.42,30.0,1.42,0.047,0.5404,unconfirmed,
14460,1,Narra,31.0,30.0,1.0,0.033,0.5778,unconfirmed,
14570,1,Narra,30.23,30.0,0.23,0.008,0.6462,unconfirmed,
14580,1,Narra,30.88,30.0,0.88,0.029,0.5884,unconfirmed,
14666,1,Narra,30.05,30.0,0.05,0.002,0.6622,unconfirmed,
14788,1,Narra,30.22,30.0,0.22,0.007,0.6471,unconfirmed,
15001,1,Narra,30.84,30.0,0.84,0.028,0.592,unconfirmed,
15008,1,Narra,31.23,30.0,1.23,0.041,0.5573,unconfirmed,
15010,1,Narra,31.72,30.0,1.72,0.057,0.5138,unconfirmed,
15111,1,Narra,30.98,30.0,0.98,0.033,0.5796,unconfirmed,
15117,1,Narra,30.08,30.0,0.08,0.003,0.6596,unconfirmed,
15227,1,Narra,30.22,30.0,0.22,0.007,0.6471,unconfirmed,
15658,1,Narra,31.7,30.0,1.7,0.057,0.5156,unconfirmed,
15994,1,Narra,30.21,30.0,0.21,0.007,0.648,unconfirmed,
16104,1,Narra,30.93,30.0,0.93,0.031,0.584,unconfirmed,
16215,1,Narra,30.53,30.0,0.53,0.018,0.6196,unconfirmed,
16324,1,Narra,30.77,30.0,0.77,0.026,0.5982,unconfirmed,
16331,1,Narra,31.04,30.0,1.04,0.035,0.5742,unconfirmed,
16551,1,Narra,30.79,30.0,0.79,0.026,0.5964,unconfirmed,
16662,1,Narra,31.34,30.0,1.34,0.045,0.5476,unconfirmed,
16766,1,Narra,30.09,30.0,0.09,0.003,0.6587,unconfirmed,
16767,1,Narra,30.09,30.0,0.09,0.003,0.6587,unconfirmed,
16878,1,Narra,31.64,30.0,1.64,0.055,0.5209,unconfirmed,
5263,2,Molave,61.2,60.0,1.2,0.02,0.5175,confirmed,Forest Zone
5366,2,Molave,60.94,60.0,0.94,0.016,0.5273,confirmed,Forest Zone
5698,2,Molave,60.71,60.0,0.71,0.012,0.5359,confirmed,Forest Zone
5718,2,Molave,60.99,60.0,0.99,0.016,0.5254,confirmed,Forest Zone
6145,2,Molave,61.41,60.0,1.41,0.024,0.5096,confirmed,Forest Zone
6257,2,Molave,60.14,60.0,0.14,0.002,0.5572,confirmed,Forest Zone
7136,2,Molave,62.73,60.0,2.73,0.046,0.5453,confirmed,Forest Zone
7142,2,Molave,61.15,60.0,1.15,0.019,0.5194,confirmed,Forest Zone
7245,2,Molave,63.01,60.0,3.01,0.05,0.5329,confirmed,Forest Zone
7578,2,Molave,60.25,60.0,0.25,0.004,0.6556,confirmed,Forest Zone
7593,2,Molave,60.54,60.0,0.54,0.009,0.5422,confirmed,Forest Zone
7800,2,Molave,62.64,60.0,2.64,0.044,0.5493,confirmed,Institutional Research Zone
7928,2,Molave,60.03,60.0,0.03,0.0,0.5614,confirmed,Forest Zone
8239,2,Molave,61.29,60.0,1.29,0.022,0.6093,confirmed,Forest Zone
8461,2,Molave,61.11,60.0,1.11,0.019,0.6173,confirmed,Forest Zone
8463,2,Molave,63.27,60.0,3.27,0.054,0.5213,confirmed,Forest Zone
8471,2,Molave,62.89,60.0,2.89,0.048,0.5382,confirmed,Forest Zone
8476,2,Molave,61.03,60.0,1.03,0.017,0.6209,confirmed,Forest Zone
9143,2,Molave,60.4,60.0,0.4,0.007,0.6489,confirmed,Forest Zone
9144,2,Molave,60.03,60.0,0.03,0.0,0.6653,confirmed,Forest Zone
9254,2,Molave,61.24,60.0,1.24,0.021,0.6116,confirmed,Forest Zone
9363,2,Molave,63.41,60.0,3.41,0.057,0.5151,confirmed,Forest Zone
9898,2,Molave,62.18,60.0,2.18,0.036,0.5698,confirmed,Forest Zone
9899,2,Molave,61.37,60.0,1.37,0.023,0.6058,confirmed,Forest Zone
9901,2,Molave,61.41,60.0,1.41,0.024,0.604,confirmed,Forest Zone
10005,2,Molave,60.79,60.0,0.79,0.013,0.6316,confirmed,Forest Zone
10121,2,Molave,60.53,60.0,0.53,0.009,0.6431,confirmed,Forest Zone
11034,2,Molave,60.54,60.0,0.54,0.009,0.6427,confirmed,Forest Zone
11701,2,Molave,63.1,60.0,3.1,0.052,0.5289,confirmed,Forest Zone
12492,2,Molave,60.54,60.0,0.54,0.009,0.6427,confirmed,Forest Zone
12499,2,Molave,62.52,60.0,2.52,0.042,0.5547,confirmed,Forest Zone
12501,2,Molave,61.26,60.0,1.26,0.021,0.6107,confirmed,Forest Zone
12604,2,Molave,62.29,60.0,2.29,0.038,0.5649,confirmed,Forest Zone
12613,2,Molave,62.36,60.0,2.36,0.039,0.5618,confirmed,Forest Zone
12615,2,Molave,61.24,60.0,1.24,0.021,0.6116,confirmed,Forest Zone
12704,2,Molave,60.73,60.0,0.73,0.012,0.6342,confirmed,Forest Zone
12726,2,Molave,63.34,60.0,3.34,0.056,0.5182,confirmed,Forest Zone
12830,2,Molave,62.82,60.0,2.82,0.047,0.5413,confirmed,Forest Zone
12839,2,Molave,62.66,60.0,2.66,0.044,0.5484,confirmed,Forest Zone
12951,2,Molave,61.89,60.0,1.89,0.032,0.5827,confirmed,Forest Zone
13035,2,Molave,61.54,60.0,1.54,0.026,0.5982,unconfirmed,
13125,2,Molave,60.57,60.0,0.57,0.01,0.6413,unconfirmed,
13348,2,Molave,62.44,60.0,2.44,0.041,0.5582,unconfirmed,
13404,2,Molave,62.65,60.0,2.65,0.044,0.5489,confirmed,Forest Zone
13461,2,Molave,63.67,60.0,3.67,0.061,0.5036,unconfirmed,
13801,2,Molave,61.33,60.0,1.33,0.022,0.6076,unconfirmed,
13912,2,Molave,62.06,60.0,2.06,0.034,0.5751,unconfirmed,
14024,2,Molave,62.58,60.0,2.58,0.043,0.552,unconfirmed,
14371,2,Molave,61.28,60.0,1.28,0.021,0.6098,unconfirmed,
14550,2,Molave,60.38,60.0,0.38,0.006,0.6498,unconfirmed,
14674,2,Molave,62.08,60.0,2.08,0.035,0.5742,unconfirmed,
14678,2,Molave,62.76,60.0,2.76,0.046,0.544,unconfirmed,
14781,2,Molave,61.35,60.0,1.35,0.023,0.6067,unconfirmed,
14784,2,Molave,60.13,60.0,0.13,0.002,0.6609,unconfirmed,
14786,2,Molave,63.74,60.0,3.74,0.062,0.5004,unconfirmed,
14889,2,Molave,62.23,60.0,2.23,0.037,0.5676,unconfirmed,
14901,2,Molave,60.4,60.0,0.4,0.007,0.6489,unconfirmed,
15121,2,Molave,62.08,60.0,2.08,0.035,0.5742,unconfirmed,
17100,2,Molave,62.19,60.0,2.19,0.036,0.5693,unconfirmed,
3991,3,Dao,46.11,45.0,1.11,0.025,0.507,confirmed,Socialized Housing Zone
3992,3,Dao,45.02,45.0,0.02,0.0,0.5615,confirmed,Socialized Housing Zone
4720,3,Dao,45.82,45.0,0.82,0.018,0.5215,confirmed,Forest Zone
4830,3,Dao,45.93,45.0,0.93,0.021,0.516,confirmed,Forest Zone
4942,3,Dao,45.81,45.0,0.81,0.018,0.522,confirmed,Forest Zone
5051,3,Dao,45.58,45.0,0.58,0.013,0.5335,confirmed,Forest Zone
5258,3,Dao,45.74,45.0,0.74,0.016,0.5255,confirmed,Forest Zone
5375,3,Dao,45.28,45.0,0.28,0.006,0.5485,confirmed,Forest Zone
5380,3,Dao,45.67,45.0,0.67,0.015,0.529,confirmed,Forest Zone
5605,3,Dao,46.13,45.0,1.13,0.025,0.506,confirmed,Forest Zone
5921,3,Dao,46.07,45.0,1.07,0.024,0.509,confirmed,Forest Zone
6251,3,Dao,45.51,45.0,0.51,0.011,0.537,confirmed,Forest Zone
6367,3,Dao,45.56,45.0,0.56,0.012,0.5345,confirmed,Forest Zone
6424,3,Dao,45.29,45.0,0.29,0.006,0.548,unconfirmed,
6475,3,Dao,45.41,45.0,0.41,0.009,0.542,confirmed,Forest Zone
6814,3,Dao,45.08,45.0,0.08,0.002,0.5585,confirmed,Forest Zone
6855,3,Dao,45.28,45.0,0.28,0.006,0.5485,confirmed,Forest Zone
6856,3,Dao,45.01,45.0,0.01,0.0,0.562,confirmed,Forest Zone
6930,3,Dao,45.7,45.0,0.7,0.016,0.5275,confirmed,Forest Zone
6970,3,Dao,45.85,45.0,0.85,0.019,0.52,confirmed,Forest Zone
7039,3,Dao,45.31,45.0,0.31,0.007,0.547,confirmed,Forest Zone
7248,3,Dao,45.83,45.0,0.83,0.018,0.6175,confirmed,Forest Zone
7251,3,Dao,46.22,45.0,1.22,0.027,0.5944,confirmed,Forest Zone
7360,3,Dao,45.86,45.0,0.86,0.019,0.6157,confirmed,Institutional Research Zone
7361,3,Dao,47.46,45.0,2.46,0.055,0.5209,confirmed,Institutional Research Zone
7465,3,Dao,45.57,45.0,0.57,0.013,0.6329,confirmed,Forest Zone
7471,3,Dao,45.29,45.0,0.29,0.006,0.6495,confirmed,Institutional Research Zone
7594,3,Dao,45.81,45.0,0.81,0.018,0.522,confirmed,Forest Zone
7716,3,Dao,45.04,45.0,0.04,0.001,0.5605,confirmed,Forest Zone
7908,3,Dao,45.03,45.0,0.03,0.001,0.6649,confirmed,Forest Zone
7909,3,Dao,46.09,45.0,1.09,0.024,0.6021,confirmed,Institutional Research Zone
7910,3,Dao,46.4,45.0,1.4,0.031,0.5837,confirmed,Institutional Research Zone
8267,3,Dao,45.24,45.0,0.24,0.005,0.5505,confirmed,Forest Zone
8353,3,Dao,45.25,45.0,0.25,0.006,0.6519,confirmed,Forest Zone
8469,3,Dao,47.2,45.0,2.2,0.049,0.5363,confirmed,Forest Zone
8576,3,Dao,47.04,45.0,2.04,0.045,0.5458,confirmed,Forest Zone
8581,3,Dao,45.41,45.0,0.41,0.009,0.6424,confirmed,Forest Zone
8721,3,Dao,45.9,45.0,0.9,0.02,0.5175,confirmed,Forest Zone
8925,3,Dao,46.15,45.0,1.15,0.026,0.505,confirmed,Forest Zone
8926,3,Dao,46.21,45.0,1.21,0.027,0.502,confirmed,Forest Zone
9034,3,Dao,45.98,45.0,0.98,0.022,0.6086,confirmed,Forest Zone
9141,3,Dao,45.66,45.0,0.66,0.015,0.6276,confirmed,Forest Zone
9277,3,Dao,45.42,45.0,0.42,0.009,0.5415,confirmed,Forest Zone
9472,3,Dao,46.95,45.0,1.95,0.043,0.5511,confirmed,Forest Zone
9696,3,Dao,45.98,45.0,0.98,0.022,0.6086,confirmed,Forest Zone
9785,3,Dao,46.63,45.0,1.63,0.036,0.5701,confirmed,Forest Zone
9791,3,Dao,45.14,45.0,0.14,0.003,0.6584,confirmed,Forest Zone
10014,3,Dao,45.93,45.0,0.93,0.021,0.6116,confirmed,Forest Zone
10341,3,Dao,45.91,45.0,0.91,0.02,0.6127,confirmed,Forest Zone
10357,3,Dao,45.24,45.0,0.24,0.005,0.6524,confirmed,Forest Zone
10579,3,Dao,46.23,45.0,1.23,0.027,0.5938,confirmed,Forest Zone
10708,3,Dao,46.2,45.0,1.2,0.027,0.5956,confirmed,Forest Zone
11032,3,Dao,46.83,45.0,1.83,0.041,0.5582,confirmed,Forest Zone
11036,3,Dao,45.61,45.0,0.61,0.014,0.6305,confirmed,Forest Zone
11038,3,Dao,45.51,45.0,0.51,0.011,0.6364,confirmed,Forest Zone
11236,3,Dao,45.52,45.0,0.52,0.012,0.6359,confirmed,Forest Zone
11260,3,Dao,47.72,45.0,2.72,0.06,0.5055,confirmed,Forest Zone
11485,3,Dao,47.04,45.0,2.04,0.045,0.5458,confirmed,Forest Zone
11703,3,Dao,45.37,45.0,0.37,0.008,0.6447,confirmed,Forest Zone
11786,3,Dao,46.06,45.0,1.06,0.024,0.6039,confirmed,Forest Zone
11794,3,Dao,47.46,45.0,2.46,0.055,0.5209,confirmed,Forest Zone
11820,3,Dao,45.65,45.0,0.65,0.014,0.6281,confirmed,Forest Zone
11904,3,Dao,46.57,45.0,1.57,0.035,0.5736,confirmed,Forest Zone
11931,3,Dao,47.2,45.0,2.2,0.049,0.5363,confirmed,Forest Zone
12044,3,Dao,47.0,45.0,2.0,0.044,0.5481,confirmed,Forest Zone
12152,3,Dao,45.91,45.0,0.91,0.02,0.6127,confirmed,Forest Zone
12274,3,Dao,45.27,45.0,0.27,0.006,0.6507,confirmed,Forest Zone
12351,3,Dao,45.02,45.0,0.02,0.0,0.6655,confirmed,Forest Zone
12452,3,Dao,46.83,45.0,1.83,0.041,0.5582,confirmed,Forest Zone
12456,3,Dao,46.74,45.0,1.74,0.039,0.5636,confirmed,Forest Zone
12486,3,Dao,47.09,45.0,2.09,0.046,0.5428,confirmed,Forest Zone
12601,3,Dao,46.55,45.0,1.55,0.034,0.5748,confirmed,Forest Zone
12611,3,Dao,46.08,45.0,1.08,0.024,0.6027,confirmed,Forest Zone
12705,3,Dao,46.3,45.0,1.3,0.029,0.5896,confirmed,Forest Zone
12712,3,Dao,45.73,45.0,0.73,0.016,0.6234,confirmed,Forest Zone
12721,3,Dao,46.01,45.0,1.01,0.022,0.6068,confirmed,Forest Zone
12777,3,Dao,47.32,45.0,2.32,0.052,0.5292,unconfirmed,
12815,3,Dao,46.4,45.0,1.4,0.031,0.5837,confirmed,Forest Zone
12816,3,Dao,46.29,45.0,1.29,0.029,0.5902,confirmed,Forest Zone
12835,3,Dao,47.53,45.0,2.53,0.056,0.5167,confirmed,Forest Zone
12942,3,Dao,47.09,45.0,2.09,0.046,0.5428,confirmed,Forest Zone
13042,3,Dao,45.51,45.0,0.51,0.011,0.6364,unconfirmed,
13043,3,Dao,46.13,45.0,1.13,0.025,0.5997,unconfirmed,
13154,3,Dao,46.83,45.0,1.83,0.041,0.5582,unconfirmed,
13183,3,Dao,45.51,45.0,0.51,0.011,0.6364,confirmed,Forest Zone
13230,3,Dao,45.64,45.0,0.64,0.014,0.6287,confirmed,Forest Zone
13237,3,Dao,47.36,45.0,2.36,0.052,0.5268,unconfirmed,
13293,3,Dao,47.2,45.0,2.2,0.049,0.5363,confirmed,Forest Zone
13294,3,Dao,46.88,45.0,1.88,0.042,0.5553,confirmed,Forest Zone
13342,3,Dao,47.09,45.0,2.09,0.046,0.5428,confirmed,Forest Zone
13361,3,Dao,45.17,45.0,0.17,0.004,0.6566,unconfirmed,
13389,3,Dao,46.56,45.0,1.56,0.035,0.5742,unconfirmed,
13399,3,Dao,45.91,45.0,0.91,0.02,0.6127,confirmed,Forest Zone
13442,3,Dao,45.73,45.0,0.73,0.016,0.6234,unconfirmed,
13443,3,Dao,45.69,45.0,0.69,0.015,0.6258,unconfirmed,
13445,3,Dao,47.06,45.0,2.06,0.046,0.5446,confirmed,Forest Zone
13451,3,Dao,46.19,45.0,1.19,0.026,0.5961,confirmed,Forest Zone
13490,3,Dao,47.04,45.0,2.04,0.045,0.5458,unconfirmed,
13512,3,Dao,47.19,45.0,2.19,0.049,0.5369,confirmed,Forest Zone
13583,3,Dao,45.67,45.0,0.67,0.015,0.627,unconfirmed,
13584,3,Dao,45.55,45.0,0.55,0.012,0.6341,unconfirmed,
13602,3,Dao,45.25,45.0,0.25,0.006,0.6519,unconfirmed,
13622,3,Dao,45.24,45.0,0.24,0.005,0.6524,confirmed,Forest Zone
13685,3,Dao,45.03,45.0,0.03,0.001,0.6649,unconfirmed,
13705,3,Dao,47.79,45.0,2.79,0.062,0.5013,unconfirmed,
13707,3,Dao,46.38,45.0,1.38,0.031,0.5849,unconfirmed,
13709,3,Dao,45.03,45.0,0.03,0.001,0.6649,unconfirmed,
13925,3,Dao,45.2,45.0,0.2,0.004,0.6548,unconfirmed,
13940,3,Dao,46.84,45.0,1.84,0.041,0.5576,unconfirmed,
14112,3,Dao,46.54,45.0,1.54,0.034,0.5754,unconfirmed,
14174,3,Dao,46.68,45.0,1.68,0.037,0.5671,confirmed,Forest Zone
14216,3,Dao,46.36,45.0,1.36,0.03,0.5861,unconfirmed,
14223,3,Dao,47.73,45.0,2.73,0.061,0.5049,unconfirmed,
14261,3,Dao,47.57,45.0,2.57,0.057,0.5144,unconfirmed,
14267,3,Dao,46.73,45.0,1.73,0.038,0.5641,unconfirmed,
14273,3,Dao,46.75,45.0,1.75,0.039,0.563,unconfirmed,
14358,3,Dao,45.67,45.0,0.67,0.015,0.627,unconfirmed,
14370,3,Dao,47.7,45.0,2.7,0.06,0.5067,unconfirmed,
14458,3,Dao,45.67,45.0,0.67,0.015,0.627,unconfirmed,
14773,3,Dao,46.25,45.0,1.25,0.028,0.5926,unconfirmed,
14775,3,Dao,47.03,45.0,2.03,0.045,0.5464,unconfirmed,
14779,3,Dao,46.11,45.0,1.11,0.025,0.6009,unconfirmed,
14790,3,Dao,45.58,45.0,0.58,0.013,0.6323,unconfirmed,
14793,3,Dao,46.45,45.0,1.45,0.032,0.5807,unconfirmed,
14893,3,Dao,47.8,45.0,2.8,0.062,0.5007,unconfirmed,
14999,3,Dao,45.13,45.0,0.13,0.003,0.659,unconfirmed,
15002,3,Dao,45.39,45.0,0.39,0.009,0.6436,unconfirmed,
15107,3,Dao,45.68,45.0,0.68,0.015,0.6264,unconfirmed,
15113,3,Dao,46.55,45.0,1.55,0.034,0.5748,unconfirmed,
15218,3,Dao,45.89,45.0,0.89,0.02,0.6139,unconfirmed,
15442,3,Dao,47.57,45.0,2.57,0.057,0.5144,unconfirmed,
15444,3,Dao,45.9,45.0,0.9,0.02,0.6133,unconfirmed,
15549,3,Dao,45.93,45.0,0.93,0.021,0.6116,unconfirmed,
15551,3,Dao,47.01,45.0,2.01,0.045,0.5476,unconfirmed,
15553,3,Dao,46.37,45.0,1.37,0.03,0.5855,unconfirmed,
15771,3,Dao,47.28,45.0,2.28,0.051,0.5316,unconfirmed,
15775,3,Dao,47.8,45.0,2.8,0.062,0.5007,unconfirmed,
16220,3,Dao,46.25,45.0,1.25,0.028,0.5926,unconfirmed,
1160,4,Banaba,15.27,15.0,0.27,0.018,0.696,confirmed,General Institutional Zone
2744,4,Banaba,15.01,15.0,0.01,0.001,0.561,confirmed,High Density Residential - Mixed Use Zone
3308,4,Banaba,15.56,15.0,0.56,0.037,0.638,confirmed,High Density Residential - Mixed Use Zone
3507,4,Banaba,15.54,15.0,0.54,0.036,0.642,confirmed,Parks and Recreation Zone
3540,4,Banaba,15.22,15.0,0.22,0.015,0.706,confirmed,High Density Residential - Mixed Use Zone
3620,4,Banaba,15.24,15.0,0.24,0.016,0.702,confirmed,Parks and Recreation Zone
3632,4,Banaba,16.01,15.0,1.01,0.067,0.548,confirmed,High Density Residential - Mixed Use Zone
3633,4,Banaba,15.66,15.0,0.66,0.044,0.618,confirmed,High Density Residential - Mixed Use Zone
3725,4,Banaba,16.11,15.0,1.11,0.074,0.528,confirmed,Minor Commercial - Mixed Use Zone
3728,4,Banaba,15.54,15.0,0.54,0.036,0.642,confirmed,Parks and Recreation Zone
3749,4,Banaba,15.52,15.0,0.52,0.035,0.646,confirmed,High Density Residential - Mixed Use Zone
3843,4,Banaba,16.13,15.0,1.13,0.075,0.524,confirmed,Medium Density Residential Zone
3865,4,Banaba,15.05,15.0,0.05,0.003,0.74,confirmed,High Density Residential - Mixed Use Zone
4166,4,Banaba,15.53,15.0,0.53,0.035,0.644,confirmed,Buffer Zone
4194,4,Banaba,15.41,15.0,0.41,0.027,0.668,confirmed,High Density Residential - Mixed Use Zone
4212,4,Banaba,15.82,15.0,0.82,0.055,0.586,confirmed,Socialized Housing Zone
4422,4,Banaba,15.24,15.0,0.24,0.016,0.702,confirmed,Medium Density Residential Zone
4423,4,Banaba,15.41,15.0,0.41,0.027,0.668,confirmed,Medium Density Residential Zone
4435,4,Banaba,16.11,15.0,1.11,0.074,0.528,confirmed,Socialized Housing Zone
4439,4,Banaba,15.82,15.0,0.82,0.055,0.586,confirmed,Socialized Housing Zone
4533,4,Banaba,15.67,15.0,0.67,0.045,0.616,confirmed,Medium Density Residential Zone
4638,4,Banaba,15.19,15.0,0.19,0.013,0.712,confirmed,Medium Density Residential Zone
4703,4,Banaba,16.01,15.0,1.01,0.067,0.548,confirmed,Medium Industrial Zone
4704,4,Banaba,15.44,15.0,0.44,0.029,0.662,confirmed,High Density Residential - Mixed Use Zone
4719,4,Banaba,15.41,15.0,0.41,0.027,0.668,confirmed,Forest Zone
4813,4,Banaba,16.01,15.0,1.01,0.067,0.548,confirmed,Buffer Zone
4845,4,Banaba,16.11,15.0,1.11,0.074,0.528,confirmed,Medium Density Residential Zone
4867,4,Banaba,15.7,15.0,0.7,0.047,0.61,confirmed,Medium Density Residential Zone
4970,4,Banaba,16.04,15.0,1.04,0.069,0.542,confirmed,Medium Density Residential Zone
4978,4,Banaba,15.01,15.0,0.01,0.001,0.748,confirmed,Medium Density Residential Zone
5040,4,Banaba,15.64,15.0,0.64,0.043,0.622,confirmed,Forest Zone
5079,4,Banaba,15.82,15.0,0.82,0.055,0.586,confirmed,Forest Zone
5149,4,Banaba,15.51,15.0,0.51,0.034,0.648,confirmed,Forest Zone
5178,4,Banaba,15.34,15.0,0.34,0.023,0.682,confirmed,Medium Density Residential Zone
5192,4,Banaba,15.01,15.0,0.01,0.001,0.748,confirmed,Medium Density Residential Zone
5207,4,Banaba,15.22,15.0,0.22,0.015,0.706,confirmed,Socialized Housing Zone
5316,4,Banaba,15.92,15.0,0.92,0.061,0.566,confirmed,Medium Density Residential Zone
5317,4,Banaba,15.13,15.0,0.13,0.009,0.724,confirmed,Medium Density Residential Zone
5511,4,Banaba,16.13,15.0,1.13,0.075,0.524,confirmed,Medium Density Residential Zone
5517,4,Banaba,15.66,15.0,0.66,0.044,0.618,confirmed,Medium Density Residential Zone
5537,4,Banaba,15.19,15.0,0.19,0.013,0.712,confirmed,Forest Zone
5616,4,Banaba,16.17,15.0,1.17,0.078,0.516,confirmed,Medium Density Residential Zone
5623,4,Banaba,15.63,15.0,0.63,0.042,0.624,confirmed,Medium Density Residential Zone
5631,4,Banaba,15.66,15.0,0.66,0.044,0.618,confirmed,Forest Zone
5702,4,Banaba,16.08,15.0,1.08,0.072,0.534,confirmed,Forest Zone
5736,4,Banaba,15.05,15.0,0.05,0.003,0.74,confirmed,Medium Density Residential Zone
5857,4,Banaba,15.82,15.0,0.82,0.055,0.586,confirmed,Medium Density Residential Zone
5858,4,Banaba,15.56,15.0,0.56,0.037,0.638,confirmed,Medium Density Residential Zone
5861,4,Banaba,16.01,15.0,1.01,0.067,0.548,confirmed,Medium Density Residential Zone
5868,4,Banaba,15.92,15.0,0.92,0.061,0.566,confirmed,Forest Zone
5930,4,Banaba,16.2,15.0,1.2,0.08,0.51,confirmed,Forest Zone
6035,4,Banaba,15.51,15.0,0.51,0.034,0.648,confirmed,Forest Zone
6055,4,Banaba,15.92,15.0,0.92,0.061,0.566,confirmed,Forest Zone
6154,4,Banaba,15.54,15.0,0.54,0.036,0.642,confirmed,Forest Zone
6160,4,Banaba,16.01,15.0,1.01,0.067,0.548,confirmed,Forest Zone
6180,4,Banaba,15.92,15.0,0.92,0.061,0.566,confirmed,Medium Density Residential Zone
6189,4,Banaba,15.95,15.0,0.95,0.063,0.56,confirmed,Forest Zone
6198,4,Banaba,16.08,15.0,1.08,0.072,0.534,confirmed,Medium Density Residential Zone
6269,4,Banaba,15.54,15.0,0.54,0.036,0.642,confirmed,Forest Zone
6274,4,Banaba,15.95,15.0,0.95,0.063,0.56,confirmed,Forest Zone
6291,4,Banaba,15.82,15.0,0.82,0.055,0.586,confirmed,Medium Density Residential Zone
6618,4,Banaba,15.9,15.0,0.9,0.06,0.57,confirmed,Forest Zone
6753,4,Banaba,15.01,15.0,0.01,0.001,0.748,confirmed,Medium Density Residential Zone
6827,4,Banaba,15.21,15.0,0.21,0.014,0.708,confirmed,Sanitary Landfill
6831,4,Banaba,15.19,15.0,0.19,0.013,0.712,confirmed,Special Reserved Zone
6833,4,Banaba,15.64,15.0,0.64,0.043,0.622,confirmed,High Density Residential - Mixed Use Zone
6849,4,Banaba,16.01,15.0,1.01,0.067,0.548,confirmed,Forest Zone
6940,4,Banaba,15.82,15.0,0.82,0.055,0.586,confirmed,Special Reserved Zone
6961,4,Banaba,16.16,15.0,1.16,0.077,0.518,confirmed,Forest Zone
6973,4,Banaba,16.01,15.0,1.01,0.067,0.548,confirmed,Forest Zone
7042,4,Banaba,15.58,15.0,0.58,0.039,0.634,confirmed,Forest Zone
7060,4,Banaba,15.01,15.0,0.01,0.001,0.748,confirmed,High Density Residential - Mixed Use Zone
7062,4,Banaba,15.22,15.0,0.22,0.015,0.706,confirmed,Special Reserved Zone
7072,4,Banaba,15.21,15.0,0.21,0.014,0.708,confirmed,Forest Zone
7171,4,Banaba,16.2,15.0,1.2,0.08,0.51,confirmed,Special Reserved Zone
7191,4,Banaba,15.31,15.0,0.31,0.021,0.688,confirmed,Forest Zone
7196,4,Banaba,15.63,15.0,0.63,0.042,0.624,confirmed,Forest Zone
7263,4,Banaba,15.44,15.0,0.44,0.029,0.662,confirmed,Forest Zone
7269,4,Banaba,16.08,15.0,1.08,0.072,0.534,confirmed,Sanitary Landfill
7275,4,Banaba,15.01,15.0,0.01,0.001,0.748,confirmed,Special Reserved Zone
7279,4,Banaba,15.04,15.0,0.04,0.003,0.742,confirmed,Special Reserved Zone
7293,4,Banaba,16.21,15.0,1.21,0.081,0.508,confirmed,Forest Zone
7302,4,Banaba,15.54,15.0,0.54,0.036,0.642,confirmed,Forest Zone
7407,4,Banaba,15.56,15.0,0.56,0.037,0.638,confirmed,Forest Zone
7414,4,Banaba,15.01,15.0,0.01,0.001,0.748,confirmed,Forest Zone
7491,4,Banaba,15.14,15.0,0.14,0.009,0.722,confirmed,Forest Zone
7518,4,Banaba,15.04,15.0,0.04,0.003,0.742,confirmed,Forest Zone
7531,4,Banaba,15.71,15.0,0.71,0.047,0.608,unconfirmed,
7626,4,Banaba,15.27,15.0,0.27,0.018,0.696,confirmed,Special Reserved Zone
7642,4,Banaba,16.11,15.0,1.11,0.074,0.528,unconfirmed,
7736,4,Banaba,15.9,15.0,0.9,0.06,0.57,confirmed,Special Reserved Zone
7742,4,Banaba,15.24,15.0,0.24,0.016,0.702,confirmed,Forest Zone
7748,4,Banaba,15.12,15.0,0.12,0.008,0.726,confirmed,Forest Zone
7802,4,Banaba,15.13,15.0,0.13,0.009,0.6436,confirmed,Institutional Research Zone
7811,4,Banaba,15.58,15.0,0.58,0.039,0.634,confirmed,Forest Zone
7844,4,Banaba,15.53,15.0,0.53,0.035,0.644,confirmed,Special Reserved Zone
7865,4,Banaba,15.82,15.0,0.82,0.055,0.586,unconfirmed,
7934,4,Banaba,15.54,15.0,0.54,0.036,0.642,confirmed,Forest Zone
7959,4,Banaba,15.82,15.0,0.82,0.055,0.586,confirmed,Special Reserved Zone
7971,4,Banaba,15.58,15.0,0.58,0.039,0.634,confirmed,Forest Zone
7972,4,Banaba,15.31,15.0,0.31,0.021,0.688,confirmed,Forest Zone
8078,4,Banaba,15.01,15.0,0.01,0.001,0.748,confirmed,Forest Zone
8174,4,Banaba,15.71,15.0,0.71,0.047,0.608,confirmed,Forest Zone
8182,4,Banaba,16.11,15.0,1.11,0.074,0.528,confirmed,Forest Zone
8192,4,Banaba,15.27,15.0,0.27,0.018,0.696,confirmed,Forest Zone
8263,4,Banaba,15.34,15.0,0.34,0.023,0.682,confirmed,Forest Zone
8280,4,Banaba,15.66,15.0,0.66,0.044,0.618,confirmed,Forest Zone
8294,4,Banaba,16.24,15.0,1.24,0.083,0.502,confirmed,Forest Zone
8297,4,Banaba,15.24,15.0,0.24,0.016,0.702,confirmed,Special Reserved Zone
8373,4,Banaba,15.52,15.0,0.52,0.035,0.646,confirmed,Forest Zone
8399,4,Banaba,15.45,15.0,0.45,0.03,0.66,confirmed,Special Reserved Zone
8409,4,Banaba,15.5,15.0,0.5,0.033,0.65,confirmed,Special Reserved Zone
8480,4,Banaba,15.66,15.0,0.66,0.044,0.618,confirmed,Forest Zone
8507,4,Banaba,15.82,15.0,0.82,0.055,0.586,confirmed,Forest Zone
8508,4,Banaba,15.41,15.0,0.41,0.027,0.668,confirmed,Forest Zone
8521,4,Banaba,15.52,15.0,0.52,0.035,0.646,confirmed,Special Reserved Zone
8591,4,Banaba,15.9,15.0,0.9,0.06,0.57,confirmed,Forest Zone
8606,4,Banaba,16.02,15.0,1.02,0.068,0.546,confirmed,Forest Zone
8618,4,Banaba,15.21,15.0,0.21,0.014,0.708,confirmed,Forest Zone
8620,4,Banaba,15.12,15.0,0.12,0.008,0.726,confirmed,Forest Zone
8724,4,Banaba,15.27,15.0,0.27,0.018,0.696,confirmed,Forest Zone
8726,4,Banaba,15.63,15.0,0.63,0.042,0.624,confirmed,Forest Zone
8731,4,Banaba,15.58,15.0,0.58,0.039,0.634,confirmed,Forest Zone
8732,4,Banaba,16.02,15.0,1.02,0.068,0.546,confirmed,Forest Zone
8850,4,Banaba,15.71,15.0,0.71,0.047,0.608,confirmed,Special Reserved Zone
8912,4,Banaba,15.7,15.0,0.7,0.047,0.5422,confirmed,Forest Zone
9025,4,Banaba,15.53,15.0,0.53,0.035,0.5724,confirmed,Forest Zone
9123,4,Banaba,15.51,15.0,0.51,0.034,0.576,confirmed,Forest Zone
9129,4,Banaba,15.25,15.0,0.25,0.017,0.6222,confirmed,Forest Zone
9139,4,Banaba,15.35,15.0,0.35,0.023,0.6044,confirmed,Forest Zone
9167,4,Banaba,15.54,15.0,0.54,0.036,0.642,confirmed,Forest Zone
9179,4,Banaba,15.64,15.0,0.64,0.043,0.622,confirmed,Forest Zone
9181,4,Banaba,15.82,15.0,0.82,0.055,0.586,confirmed,Special Reserved Zone
9188,4,Banaba,15.7,15.0,0.7,0.047,0.61,confirmed,Special Reserved Zone
9192,4,Banaba,15.34,15.0,0.34,0.023,0.682,confirmed,Forest Zone
9265,4,Banaba,15.54,15.0,0.54,0.036,0.642,confirmed,Forest Zone
9381,4,Banaba,16.14,15.0,1.14,0.076,0.522,confirmed,Forest Zone
9401,4,Banaba,15.71,15.0,0.71,0.047,0.608,confirmed,Forest Zone
9486,4,Banaba,15.7,15.0,0.7,0.047,0.61,confirmed,Forest Zone
9572,4,Banaba,15.71,15.0,0.71,0.047,0.5404,confirmed,Forest Zone
9672,4,Banaba,15.41,15.0,0.41,0.027,0.5938,confirmed,Forest Zone
9730,4,Banaba,16.01,15.0,1.01,0.067,0.548,confirmed,Forest Zone
9736,4,Banaba,15.66,15.0,0.66,0.044,0.618,confirmed,Special Reserved Zone
9808,4,Banaba,15.41,15.0,0.41,0.027,0.5938,confirmed,Forest Zone
9823,4,Banaba,15.98,15.0,0.98,0.065,0.554,confirmed,Forest Zone
9838,4,Banaba,15.14,15.0,0.14,0.009,0.722,confirmed,Forest Zone
9906,4,Banaba,15.63,15.0,0.63,0.042,0.5547,confirmed,Forest Zone
9919,4,Banaba,15.19,15.0,0.19,0.013,0.6329,confirmed,Forest Zone
9930,4,Banaba,15.79,15.0,0.79,0.053,0.592,confirmed,Forest Zone
9952,4,Banaba,16.13,15.0,1.13,0.075,0.524,confirmed,Forest Zone
10030,4,Banaba,15.71,15.0,0.71,0.047,0.5404,confirmed,Forest Zone
10053,4,Banaba,16.11,15.0,1.11,0.074,0.528,confirmed,Forest Zone
10058,4,Banaba,15.8,15.0,0.8,0.053,0.59,confirmed,Forest Zone
10068,4,Banaba,15.25,15.0,0.25,0.017,0.7,confirmed,Forest Zone
10168,4,Banaba,15.05,15.0,0.05,0.003,0.74,confirmed,Forest Zone
10172,4,Banaba,15.45,15.0,0.45,0.03,0.66,confirmed,Forest Zone
10184,4,Banaba,16.01,15.0,1.01,0.067,0.548,confirmed,Special Reserved Zone
10256,4,Banaba,15.24,15.0,0.24,0.016,0.624,confirmed,Forest Zone
10283,4,Banaba,15.58,15.0,0.58,0.039,0.634,confirmed,Forest Zone
10402,4,Banaba,15.9,15.0,0.9,0.06,0.57,confirmed,Forest Zone
10407,4,Banaba,15.58,15.0,0.58,0.039,0.634,confirmed,Special Reserved Zone
10459,4,Banaba,15.3,15.0,0.3,0.02,0.6133,confirmed,Forest Zone
10466,4,Banaba,15.27,15.0,0.27,0.018,0.6187,confirmed,Forest Zone
10500,4,Banaba,16.14,15.0,1.14,0.076,0.522,confirmed,Forest Zone
10509,4,Banaba,16.13,15.0,1.13,0.075,0.524,confirmed,Forest Zone
10518,4,Banaba,15.58,15.0,0.58,0.039,0.634,confirmed,Special Reserved Zone
10590,4,Banaba,15.41,15.0,0.41,0.027,0.5938,confirmed,Forest Zone
10607,4,Banaba,15.01,15.0,0.01,0.001,0.748,confirmed,Institutional Research Zone
10627,4,Banaba,15.31,15.0,0.31,0.021,0.688,confirmed,Forest Zone
10631,4,Banaba,15.04,15.0,0.04,0.003,0.742,confirmed,Special Reserved Zone
10724,4,Banaba,16.14,15.0,1.14,0.076,0.522,confirmed,Forest Zone
10727,4,Banaba,15.63,15.0,0.63,0.042,0.624,confirmed,Forest Zone
10737,4,Banaba,15.58,15.0,0.58,0.039,0.634,confirmed,Forest Zone
10799,4,Banaba,15.82,15.0,0.82,0.055,0.5209,confirmed,Forest Zone
10827,4,Banaba,15.54,15.0,0.54,0.036,0.642,confirmed,Forest Zone
10838,4,Banaba,15.58,15.0,0.58,0.039,0.634,confirmed,Forest Zone
10842,4,Banaba,15.96,15.0,0.96,0.064,0.558,confirmed,Forest Zone
10850,4,Banaba,15.01,15.0,0.01,0.001,0.748,confirmed,Forest Zone
10948,4,Banaba,15.67,15.0,0.67,0.045,0.616,confirmed,Forest Zone
11020,4,Banaba,15.45,15.0,0.45,0.03,0.5867,confirmed,Forest Zone
11117,4,Banaba,15.01,15.0,0.01,0.001,0.6649,confirmed,Forest Zone
11118,4,Banaba,15.45,15.0,0.45,0.03,0.5867,confirmed,Forest Zone
11144,4,Banaba,15.01,15.0,0.01,0.001,0.6649,confirmed,Forest Zone
11164,4,Banaba,15.82,15.0,0.82,0.055,0.586,confirmed,Forest Zone
11176,4,Banaba,15.71,15.0,0.71,0.047,0.608,confirmed,Forest Zone
11181,4,Banaba,15.58,15.0,0.58,0.039,0.634,confirmed,Forest Zone
11276,4,Banaba,15.21,15.0,0.21,0.014,0.708,confirmed,Forest Zone
11287,4,Banaba,16.14,15.0,1.14,0.076,0.522,confirmed,Forest Zone
11336,4,Banaba,15.31,15.0,0.31,0.021,0.6116,unconfirmed,
11346,4,Banaba,15.66,15.0,0.66,0.044,0.5493,confirmed,Forest Zone
11383,4,Banaba,15.31,15.0,0.31,0.021,0.6116,confirmed,Forest Zone
11455,4,Banaba,15.22,15.0,0.22,0.015,0.6276,confirmed,Forest Zone
11491,4,Banaba,15.05,15.0,0.05,0.003,0.6578,confirmed,Forest Zone
11605,4,Banaba,15.02,15.0,0.02,0.001,0.6631,confirmed,Forest Zone
11608,4,Banaba,15.92,15.0,0.92,0.061,0.5031,confirmed,Forest Zone
11719,4,Banaba,15.45,15.0,0.45,0.03,0.5867,confirmed,Forest Zone
11721,4,Banaba,15.89,15.0,0.89,0.059,0.572,confirmed,Forest Zone
11722,4,Banaba,15.5,15.0,0.5,0.033,0.65,confirmed,Forest Zone
11782,4,Banaba,15.12,15.0,0.12,0.008,0.6453,confirmed,Forest Zone
11855,4,Banaba,15.05,15.0,0.05,0.003,0.6578,confirmed,Forest Zone
11943,4,Banaba,15.09,15.0,0.09,0.006,0.6507,confirmed,Forest Zone
12004,4,Banaba,15.92,15.0,0.92,0.061,0.5031,confirmed,Forest Zone
12159,4,Banaba,15.31,15.0,0.31,0.021,0.6116,confirmed,Forest Zone
12295,4,Banaba,15.12,15.0,0.12,0.008,0.6453,confirmed,Forest Zone
12373,4,Banaba,15.05,15.0,0.05,0.003,0.6578,confirmed,Forest Zone
12379,4,Banaba,15.5,15.0,0.5,0.033,0.5778,confirmed,Forest Zone
12472,4,Banaba,15.09,15.0,0.09,0.006,0.6507,unconfirmed,
12474,4,Banaba,15.63,15.0,0.63,0.042,0.5547,unconfirmed,
12477,4,Banaba,15.27,15.0,0.27,0.018,0.6187,confirmed,Forest Zone
12568,4,Banaba,15.51,15.0,0.51,0.034,0.576,confirmed,Forest Zone
12670,4,Banaba,15.44,15.0,0.44,0.029,0.5884,confirmed,Forest Zone
12693,4,Banaba,15.9,15.0,0.9,0.06,0.5067,unconfirmed,
12799,4,Banaba,15.9,15.0,0.9,0.06,0.5067,unconfirmed,
12804,4,Banaba,15.01,15.0,0.01,0.001,0.6649,unconfirmed,
12845,4,Banaba,15.63,15.0,0.63,0.042,0.5547,confirmed,Forest Zone
12889,4,Banaba,15.7,15.0,0.7,0.047,0.5422,unconfirmed,
12905,4,Banaba,15.66,15.0,0.66,0.044,0.5493,confirmed,Forest Zone
12915,4,Banaba,15.82,15.0,0.82,0.055,0.5209,unconfirmed,
13046,4,Banaba,15.54,15.0,0.54,0.036,0.5707,confirmed,Forest Zone
13507,4,Banaba,15.54,15.0,0.54,0.036,0.5707,confirmed,Forest Zone
13665,4,Banaba,15.14,15.0,0.14,0.009,0.6418,unconfirmed,
14218,4,Banaba,15.21,15.0,0.21,0.014,0.6293,unconfirmed,
14388,4,Banaba,15.82,15.0,0.82,0.055,0.5209,confirmed,Forest Zone
14444,4,Banaba,15.92,15.0,0.92,0.061,0.5031,unconfirmed,
15325,4,Banaba,15.05,15.0,0.05,0.003,0.6578,unconfirmed,
15779,4,Banaba,15.41,15.0,0.41,0.027,0.5938,unconfirmed,
16000,4,Banaba,15.22,15.0,0.22,0.015,0.6276,unconfirmed,
1581,5,Bitaog,20.51,20.0,0.51,0.026,0.6735,confirmed,Agricultural Zone
3640,5,Bitaog,20.4,20.0,0.4,0.02,0.5175,confirmed,High Density Residential - Mixed Use Zone
3851,5,Bitaog,20.24,20.0,0.24,0.012,0.5355,confirmed,High Density Residential - Mixed Use Zone
3869,5,Bitaog,20.01,20.0,0.01,0.0,0.5614,confirmed,High Density Residential - Mixed Use Zone
3956,5,Bitaog,20.11,20.0,0.11,0.006,0.5501,confirmed,Medium Density Residential Zone
4061,5,Bitaog,20.23,20.0,0.23,0.012,0.5366,confirmed,Forest Zone
4082,5,Bitaog,20.26,20.0,0.26,0.013,0.5332,confirmed,High Density Residential - Mixed Use Zone
4207,5,Bitaog,20.11,20.0,0.11,0.006,0.5501,confirmed,High Density Residential - Mixed Use Zone
4208,5,Bitaog,20.02,20.0,0.02,0.001,0.5602,confirmed,High Density Residential - Mixed Use Zone
4286,5,Bitaog,20.27,20.0,0.27,0.014,0.5321,confirmed,Minor Commercial - Mixed Use Zone
4405,5,Bitaog,20.04,20.0,0.04,0.002,0.558,confirmed,Forest Zone
4424,5,Bitaog,20.51,20.0,0.51,0.026,0.5051,confirmed,Medium Density Residential Zone
4492,5,Bitaog,20.01,20.0,0.01,0.0,0.5614,confirmed,Buffer Zone
4626,5,Bitaog,20.03,20.0,0.03,0.002,0.5591,confirmed,Medium Density Residential Zone
4630,5,Bitaog,20.4,20.0,0.4,0.02,0.5175,confirmed,Medium Density Residential Zone
4727,5,Bitaog,20.53,20.0,0.53,0.027,0.5029,confirmed,Forest Zone
4753,5,Bitaog,20.24,20.0,0.24,0.012,0.5355,confirmed,Medium Density Residential Zone
4929,5,Bitaog,20.24,20.0,0.24,0.012,0.5355,confirmed,Forest Zone
4939,5,Bitaog,20.43,20.0,0.43,0.022,0.5141,confirmed,Forest Zone
4954,5,Bitaog,20.24,20.0,0.24,0.012,0.5355,confirmed,Medium Density Residential Zone
4961,5,Bitaog,20.31,20.0,0.31,0.016,0.5276,confirmed,Medium Density Residential Zone
5277,5,Bitaog,20.19,20.0,0.19,0.01,0.5411,confirmed,Forest Zone
5298,5,Bitaog,20.53,20.0,0.53,0.027,0.5029,confirmed,Forest Zone
5321,5,Bitaog,20.53,20.0,0.53,0.027,0.5029,confirmed,Socialized Housing Zone
5742,5,Bitaog,20.42,20.0,0.42,0.021,0.5152,confirmed,Forest Zone
5814,5,Bitaog,20.12,20.0,0.12,0.006,0.549,confirmed,Forest Zone
5848,5,Bitaog,20.03,20.0,0.03,0.002,0.5591,confirmed,Medium Density Residential Zone
6071,5,Bitaog,20.24,20.0,0.24,0.012,0.5355,confirmed,Medium Density Residential Zone
6171,5,Bitaog,20.41,20.0,0.41,0.02,0.5164,confirmed,Forest Zone
6172,5,Bitaog,20.17,20.0,0.17,0.008,0.5434,confirmed,Forest Zone
6308,5,Bitaog,20.11,20.0,0.11,0.006,0.5501,confirmed,Medium Density Residential Zone
6404,5,Bitaog,20.41,20.0,0.41,0.02,0.5164,confirmed,Forest Zone
6815,5,Bitaog,20.4,20.0,0.4,0.02,0.5175,confirmed,Forest Zone
6843,5,Bitaog,20.01,20.0,0.01,0.0,0.5614,confirmed,Forest Zone
6931,5,Bitaog,20.16,20.0,0.16,0.008,0.5445,confirmed,Forest Zone
6972,5,Bitaog,20.27,20.0,0.27,0.014,0.5321,confirmed,Forest Zone
7164,5,Bitaog,20.54,20.0,0.54,0.027,0.5018,confirmed,Special Reserved Zone
7265,5,Bitaog,20.52,20.0,0.52,0.026,0.504,confirmed,Forest Zone
7377,5,Bitaog,20.26,20.0,0.26,0.013,0.5332,confirmed,Forest Zone
7412,5,Bitaog,20.17,20.0,0.17,0.008,0.5434,confirmed,Forest Zone
7488,5,Bitaog,20.16,20.0,0.16,0.008,0.5445,confirmed,Forest Zone
7740,5,Bitaog,20.23,20.0,0.23,0.012,0.5366,confirmed,Forest Zone
7824,5,Bitaog,20.02,20.0,0.02,0.001,0.5602,confirmed,Forest Zone
7933,5,Bitaog,20.16,20.0,0.16,0.008,0.5445,confirmed,Forest Zone
8019,5,Bitaog,21.02,20.0,1.02,0.051,0.5307,confirmed,Forest Zone
8040,5,Bitaog,20.02,20.0,0.02,0.001,0.5602,confirmed,Forest Zone
8150,5,Bitaog,20.01,20.0,0.01,0.0,0.5614,confirmed,Forest Zone
8250,5,Bitaog,21.06,20.0,1.06,0.053,0.5253,confirmed,Forest Zone
8270,5,Bitaog,20.01,20.0,0.01,0.0,0.5614,confirmed,Forest Zone
8571,5,Bitaog,20.81,20.0,0.81,0.04,0.5587,confirmed,Forest Zone
8604,5,Bitaog,20.14,20.0,0.14,0.007,0.5468,confirmed,Forest Zone
8615,5,Bitaog,20.13,20.0,0.13,0.007,0.5479,confirmed,Forest Zone
8749,5,Bitaog,20.13,20.0,0.13,0.007,0.5479,confirmed,Forest Zone
8812,5,Bitaog,21.02,20.0,1.02,0.051,0.5307,confirmed,Forest Zone
8858,5,Bitaog,20.43,20.0,0.43,0.022,0.5141,confirmed,Forest Zone
8930,5,Bitaog,20.37,20.0,0.37,0.018,0.5209,confirmed,Forest Zone
9022,5,Bitaog,20.32,20.0,0.32,0.016,0.624,confirmed,Forest Zone
9026,5,Bitaog,20.03,20.0,0.03,0.002,0.6627,confirmed,Forest Zone
9066,5,Bitaog,20.42,20.0,0.42,0.021,0.5152,confirmed,Forest Zone
9122,5,Bitaog,20.11,20.0,0.11,0.006,0.652,confirmed,Forest Zone
9236,5,Bitaog,20.14,20.0,0.14,0.007,0.648,confirmed,Forest Zone
9237,5,Bitaog,20.62,20.0,0.62,0.031,0.584,confirmed,Forest Zone
9289,5,Bitaog,20.03,20.0,0.03,0.002,0.5591,confirmed,Forest Zone
9349,5,Bitaog,20.71,20.0,0.71,0.036,0.572,confirmed,Forest Zone
9412,5,Bitaog,20.16,20.0,0.16,0.008,0.5445,confirmed,Forest Zone
9460,5,Bitaog,21.1,20.0,1.1,0.055,0.52,confirmed,Forest Zone
9685,5,Bitaog,21.22,20.0,1.22,0.061,0.504,confirmed,Forest Zone
9699,5,Bitaog,20.57,20.0,0.57,0.028,0.5907,confirmed,Forest Zone
9807,5,Bitaog,20.53,20.0,0.53,0.027,0.596,confirmed,Forest Zone
9809,5,Bitaog,21.04,20.0,1.04,0.052,0.528,confirmed,Forest Zone
9914,5,Bitaog,20.42,20.0,0.42,0.021,0.6107,confirmed,Forest Zone
10009,5,Bitaog,21.01,20.0,1.01,0.05,0.532,confirmed,Forest Zone
10368,5,Bitaog,20.68,20.0,0.68,0.034,0.576,confirmed,Forest Zone
10451,5,Bitaog,20.75,20.0,0.75,0.038,0.5667,confirmed,Forest Zone
10453,5,Bitaog,20.56,20.0,0.56,0.028,0.592,confirmed,Forest Zone
10457,5,Bitaog,20.51,20.0,0.51,0.026,0.5987,confirmed,Forest Zone
10473,5,Bitaog,20.42,20.0,0.42,0.021,0.6107,confirmed,Forest Zone
10474,5,Bitaog,20.56,20.0,0.56,0.028,0.592,confirmed,Forest Zone
10494,5,Bitaog,20.41,20.0,0.41,0.02,0.5164,confirmed,Institutional Research Zone
10497,5,Bitaog,20.42,20.0,0.42,0.021,0.5152,confirmed,Institutional Research Zone
10591,5,Bitaog,20.31,20.0,0.31,0.016,0.6253,confirmed,Forest Zone
10592,5,Bitaog,20.26,20.0,0.26,0.013,0.632,confirmed,Forest Zone
10593,5,Bitaog,20.81,20.0,0.81,0.04,0.5587,confirmed,Forest Zone
10671,5,Bitaog,20.01,20.0,0.01,0.0,0.6653,confirmed,Forest Zone
10699,5,Bitaog,20.63,20.0,0.63,0.032,0.5827,confirmed,Forest Zone
10795,5,Bitaog,21.11,20.0,1.11,0.056,0.5187,confirmed,Forest Zone
10796,5,Bitaog,20.56,20.0,0.56,0.028,0.592,confirmed,Forest Zone
10811,5,Bitaog,20.57,20.0,0.57,0.028,0.5907,confirmed,Forest Zone
10843,5,Bitaog,20.01,20.0,0.01,0.0,0.5614,confirmed,Forest Zone
10855,5,Bitaog,20.14,20.0,0.14,0.007,0.5468,confirmed,Special Reserved Zone
10934,5,Bitaog,21.01,20.0,1.01,0.05,0.532,confirmed,Forest Zone
11030,5,Bitaog,20.19,20.0,0.19,0.01,0.6413,confirmed,Forest Zone
11044,5,Bitaog,20.95,20.0,0.95,0.048,0.54,confirmed,Forest Zone
11114,5,Bitaog,21.04,20.0,1.04,0.052,0.528,unconfirmed,
11184,5,Bitaog,20.43,20.0,0.43,0.022,0.5141,confirmed,Forest Zone
11225,5,Bitaog,20.41,20.0,0.41,0.02,0.612,unconfirmed,
11254,5,Bitaog,20.53,20.0,0.53,0.027,0.596,confirmed,Forest Zone
11256,5,Bitaog,20.07,20.0,0.07,0.004,0.6573,confirmed,Forest Zone
11268,5,Bitaog,21.09,20.0,1.09,0.055,0.5213,confirmed,Forest Zone
11273,5,Bitaog,20.19,20.0,0.19,0.01,0.5411,confirmed,Forest Zone
11292,5,Bitaog,20.23,20.0,0.23,0.012,0.5366,confirmed,Forest Zone
11368,5,Bitaog,20.87,20.0,0.87,0.044,0.5507,confirmed,Forest Zone
11375,5,Bitaog,20.52,20.0,0.52,0.026,0.5973,confirmed,Forest Zone
11489,5,Bitaog,20.37,20.0,0.37,0.018,0.6173,confirmed,Forest Zone
11496,5,Bitaog,20.26,20.0,0.26,0.013,0.632,confirmed,Forest Zone
11510,5,Bitaog,20.02,20.0,0.02,0.001,0.5602,confirmed,Forest Zone
11559,5,Bitaog,21.03,20.0,1.03,0.052,0.5293,confirmed,Forest Zone
11600,5,Bitaog,20.57,20.0,0.57,0.028,0.5907,confirmed,Forest Zone
11679,5,Bitaog,20.02,20.0,0.02,0.001,0.664,confirmed,Forest Zone
11690,5,Bitaog,20.82,20.0,0.82,0.041,0.5573,confirmed,Forest Zone
11831,5,Bitaog,21.09,20.0,1.09,0.055,0.5213,confirmed,Forest Zone
11890,5,Bitaog,20.82,20.0,0.82,0.041,0.5573,unconfirmed,
11907,5,Bitaog,21.04,20.0,1.04,0.052,0.528,confirmed,Forest Zone
11928,5,Bitaog,20.95,20.0,0.95,0.048,0.54,confirmed,Forest Zone
11932,5,Bitaog,20.82,20.0,0.82,0.041,0.5573,confirmed,Forest Zone
11966,5,Bitaog,20.04,20.0,0.04,0.002,0.6613,confirmed,Forest Zone
12007,5,Bitaog,20.87,20.0,0.87,0.044,0.5507,confirmed,Forest Zone
12169,5,Bitaog,21.03,20.0,1.03,0.052,0.5293,confirmed,Forest Zone
12223,5,Bitaog,20.11,20.0,0.11,0.006,0.652,unconfirmed,
12240,5,Bitaog,20.63,20.0,0.63,0.032,0.5827,confirmed,Forest Zone
12264,5,Bitaog,20.57,20.0,0.57,0.028,0.5907,confirmed,Forest Zone
12270,5,Bitaog,20.75,20.0,0.75,0.038,0.5667,confirmed,Forest Zone
12341,5,Bitaog,20.95,20.0,0.95,0.048,0.54,confirmed,Forest Zone
12354,5,Bitaog,20.51,20.0,0.51,0.026,0.5987,confirmed,Forest Zone
12357,5,Bitaog,20.57,20.0,0.57,0.028,0.5907,confirmed,Forest Zone
12361,5,Bitaog,20.63,20.0,0.63,0.032,0.5827,unconfirmed,
12464,5,Bitaog,20.54,20.0,0.54,0.027,0.5947,confirmed,Forest Zone
12584,5,Bitaog,20.28,20.0,0.28,0.014,0.6293,unconfirmed,
12590,5,Bitaog,21.11,20.0,1.11,0.056,0.5187,confirmed,Forest Zone
12675,5,Bitaog,20.24,20.0,0.24,0.012,0.6347,confirmed,Forest Zone
12735,5,Bitaog,20.03,20.0,0.03,0.002,0.6627,confirmed,Forest Zone
12782,5,Bitaog,20.14,20.0,0.14,0.007,0.648,confirmed,Forest Zone
12796,5,Bitaog,20.54,20.0,0.54,0.027,0.5947,confirmed,Forest Zone
12904,5,Bitaog,20.52,20.0,0.52,0.026,0.5973,confirmed,Forest Zone
13022,5,Bitaog,21.11,20.0,1.11,0.056,0.5187,unconfirmed,
13068,5,Bitaog,20.42,20.0,0.42,0.021,0.6107,confirmed,Forest Zone
13232,5,Bitaog,20.17,20.0,0.17,0.008,0.644,confirmed,Forest Zone
13271,5,Bitaog,20.51,20.0,0.51,0.026,0.5987,unconfirmed,
13273,5,Bitaog,20.73,20.0,0.73,0.036,0.5693,unconfirmed,
13508,5,Bitaog,20.53,20.0,0.53,0.027,0.596,confirmed,Forest Zone
13593,5,Bitaog,21.04,20.0,1.04,0.052,0.528,unconfirmed,
13601,5,Bitaog,21.25,20.0,1.25,0.062,0.5,unconfirmed,
13671,5,Bitaog,20.94,20.0,0.94,0.047,0.5413,confirmed,Forest Zone
13779,5,Bitaog,20.24,20.0,0.24,0.012,0.6347,confirmed,Forest Zone
13786,5,Bitaog,21.06,20.0,1.06,0.053,0.5253,unconfirmed,
13842,5,Bitaog,20.53,20.0,0.53,0.027,0.596,confirmed,Forest Zone
13903,5,Bitaog,21.23,20.0,1.23,0.062,0.5027,unconfirmed,
14008,5,Bitaog,20.31,20.0,0.31,0.016,0.6253,unconfirmed,
14046,5,Bitaog,20.26,20.0,0.26,0.013,0.632,unconfirmed,
14113,5,Bitaog,21.1,20.0,1.1,0.055,0.52,unconfirmed,
14158,5,Bitaog,20.57,20.0,0.57,0.028,0.5907,unconfirmed,
14160,5,Bitaog,20.81,20.0,0.81,0.04,0.5587,unconfirmed,
14232,5,Bitaog,20.01,20.0,0.01,0.0,0.6653,unconfirmed,
15014,5,Bitaog,20.01,20.0,0.01,0.0,0.6653,unconfirmed,
16111,5,Bitaog,20.31,20.0,0.31,0.016,0.6253,unconfirmed,
16216,5,Bitaog,20.63,20.0,0.63,0.032,0.5827,unconfirmed,
16322,5,Bitaog,20.73,20.0,0.73,0.036,0.5693,unconfirmed,
16437,5,Bitaog,21.03,20.0,1.03,0.052,0.5293,unconfirmed,
3990,6,Kalumpit,46.59,45.0,1.59,0.035,0.644,confirmed,Socialized Housing Zone
3991,6,Kalumpit,46.11,45.0,1.11,0.025,0.676,confirmed,Socialized Housing Zone
3992,6,Kalumpit,45.02,45.0,0.02,0.0,0.7487,confirmed,Socialized Housing Zone
4720,6,Kalumpit,45.82,45.0,0.82,0.018,0.6953,confirmed,Forest Zone
4721,6,Kalumpit,47.75,45.0,2.75,0.061,0.5667,confirmed,Forest Zone
4830,6,Kalumpit,45.93,45.0,0.93,0.021,0.688,confirmed,Forest Zone
4942,6,Kalumpit,45.81,45.0,0.81,0.018,0.696,confirmed,Forest Zone
5036,6,Kalumpit,48.4,45.0,3.4,0.076,0.5233,confirmed,Forest Zone
5038,6,Kalumpit,47.42,45.0,2.42,0.054,0.5887,confirmed,Forest Zone
5051,6,Kalumpit,45.58,45.0,0.58,0.013,0.7113,confirmed,Forest Zone
5059,6,Kalumpit,47.03,45.0,2.03,0.045,0.6147,confirmed,Forest Zone
5258,6,Kalumpit,45.74,45.0,0.74,0.016,0.7007,confirmed,Forest Zone
5275,6,Kalumpit,48.47,45.0,3.47,0.077,0.5187,confirmed,Forest Zone
5369,6,Kalumpit,47.65,45.0,2.65,0.059,0.5733,confirmed,Forest Zone
5375,6,Kalumpit,45.28,45.0,0.28,0.006,0.7313,confirmed,Forest Zone
5380,6,Kalumpit,45.67,45.0,0.67,0.015,0.7053,confirmed,Forest Zone
5479,6,Kalumpit,47.73,45.0,2.73,0.061,0.568,confirmed,Forest Zone
5484,6,Kalumpit,48.56,45.0,3.56,0.079,0.5127,confirmed,Forest Zone
5486,6,Kalumpit,46.43,45.0,1.43,0.032,0.6547,confirmed,Forest Zone
5588,6,Kalumpit,46.64,45.0,1.64,0.036,0.6407,confirmed,Forest Zone
5595,6,Kalumpit,47.58,45.0,2.58,0.057,0.578,confirmed,Forest Zone
5597,6,Kalumpit,47.33,45.0,2.33,0.052,0.5947,confirmed,Forest Zone
5605,6,Kalumpit,46.13,45.0,1.13,0.025,0.6747,confirmed,Forest Zone
5722,6,Kalumpit,47.23,45.0,2.23,0.05,0.6013,confirmed,Forest Zone
5807,6,Kalumpit,47.33,45.0,2.33,0.052,0.5947,confirmed,Forest Zone
5830,6,Kalumpit,48.72,45.0,3.72,0.083,0.502,confirmed,Forest Zone
5920,6,Kalumpit,47.42,45.0,2.42,0.054,0.5887,confirmed,Forest Zone
5921,6,Kalumpit,46.07,45.0,1.07,0.024,0.6787,confirmed,Forest Zone
6030,6,Kalumpit,48.66,45.0,3.66,0.081,0.506,confirmed,Forest Zone
6031,6,Kalumpit,47.97,45.0,2.97,0.066,0.552,confirmed,Forest Zone
6045,6,Kalumpit,46.51,45.0,1.51,0.034,0.6493,confirmed,Forest Zone
6058,6,Kalumpit,47.46,45.0,2.46,0.055,0.586,confirmed,Forest Zone
6141,6,Kalumpit,47.57,45.0,2.57,0.057,0.5787,confirmed,Forest Zone
6249,6,Kalumpit,48.42,45.0,3.42,0.076,0.522,confirmed,Forest Zone
6251,6,Kalumpit,45.51,45.0,0.51,0.011,0.716,confirmed,Forest Zone
6259,6,Kalumpit,48.33,45.0,3.33,0.074,0.528,confirmed,Forest Zone
6313,6,Kalumpit,47.53,45.0,2.53,0.056,0.5813,confirmed,Forest Zone
6367,6,Kalumpit,45.56,45.0,0.56,0.012,0.7127,confirmed,Forest Zone
6368,6,Kalumpit,47.45,45.0,2.45,0.054,0.5867,confirmed,Forest Zone
6424,6,Kalumpit,45.29,45.0,0.29,0.006,0.7307,unconfirmed,
6471,6,Kalumpit,46.6,45.0,1.6,0.036,0.6433,confirmed,Forest Zone
6475,6,Kalumpit,45.41,45.0,0.41,0.009,0.7227,confirmed,Forest Zone
6518,6,Kalumpit,47.2,45.0,2.2,0.049,0.6033,confirmed,Forest Zone
6813,6,Kalumpit,46.84,45.0,1.84,0.041,0.6273,confirmed,Forest Zone
6814,6,Kalumpit,45.08,45.0,0.08,0.002,0.7447,confirmed,Forest Zone
6855,6,Kalumpit,45.28,45.0,0.28,0.006,0.7313,confirmed,Forest Zone
6856,6,Kalumpit,45.01,45.0,0.01,0.0,0.7493,confirmed,Forest Zone
6917,6,Kalumpit,47.0,45.0,2.0,0.044,0.6167,confirmed,Forest Zone
6930,6,Kalumpit,45.7,45.0,0.7,0.016,0.7033,confirmed,Forest Zone
6970,6,Kalumpit,45.85,45.0,0.85,0.019,0.6933,confirmed,Forest Zone
7035,6,Kalumpit,46.79,45.0,1.79,0.04,0.6307,confirmed,Forest Zone
7039,6,Kalumpit,45.31,45.0,0.31,0.007,0.7293,confirmed,Forest Zone
7147,6,Kalumpit,46.31,45.0,1.31,0.029,0.6627,confirmed,Forest Zone
7248,6,Kalumpit,45.83,45.0,0.83,0.018,0.6175,confirmed,Forest Zone
7251,6,Kalumpit,46.22,45.0,1.22,0.027,0.5944,confirmed,Forest Zone
7252,6,Kalumpit,46.71,45.0,1.71,0.038,0.636,confirmed,Forest Zone
7360,6,Kalumpit,45.86,45.0,0.86,0.019,0.6157,confirmed,Institutional Research Zone
7361,6,Kalumpit,47.46,45.0,2.46,0.055,0.5209,confirmed,Institutional Research Zone
7465,6,Kalumpit,45.57,45.0,0.57,0.013,0.6329,confirmed,Forest Zone
7471,6,Kalumpit,45.29,45.0,0.29,0.006,0.6495,confirmed,Institutional Research Zone
7487,6,Kalumpit,46.73,45.0,1.73,0.038,0.6347,confirmed,Forest Zone
7594,6,Kalumpit,45.81,45.0,0.81,0.018,0.696,confirmed,Forest Zone
7605,6,Kalumpit,46.73,45.0,1.73,0.038,0.6347,confirmed,Forest Zone
7606,6,Kalumpit,48.14,45.0,3.14,0.07,0.5407,confirmed,Forest Zone
7716,6,Kalumpit,45.04,45.0,0.04,0.001,0.7473,confirmed,Forest Zone
7825,6,Kalumpit,46.77,45.0,1.77,0.039,0.632,confirmed,Forest Zone
7829,6,Kalumpit,47.76,45.0,2.76,0.061,0.566,confirmed,Forest Zone
7908,6,Kalumpit,45.03,45.0,0.03,0.001,0.6649,confirmed,Forest Zone
7909,6,Kalumpit,46.09,45.0,1.09,0.024,0.6021,confirmed,Institutional Research Zone
7910,6,Kalumpit,46.4,45.0,1.4,0.031,0.5837,confirmed,Institutional Research Zone
7922,6,Kalumpit,47.21,45.0,2.21,0.049,0.6027,confirmed,Forest Zone
8032,6,Kalumpit,48.74,45.0,3.74,0.083,0.5007,confirmed,Forest Zone
8033,6,Kalumpit,47.45,45.0,2.45,0.054,0.5867,confirmed,Forest Zone
8046,6,Kalumpit,48.4,45.0,3.4,0.076,0.5233,confirmed,Forest Zone
8050,6,Kalumpit,47.29,45.0,2.29,0.051,0.5973,confirmed,Forest Zone
8057,6,Kalumpit,47.56,45.0,2.56,0.057,0.5793,confirmed,Forest Zone
8148,6,Kalumpit,48.33,45.0,3.33,0.074,0.528,confirmed,Forest Zone
8164,6,Kalumpit,48.33,45.0,3.33,0.074,0.528,confirmed,Forest Zone
8167,6,Kalumpit,46.56,45.0,1.56,0.035,0.646,confirmed,Forest Zone
8170,6,Kalumpit,48.64,45.0,3.64,0.081,0.5073,confirmed,Forest Zone
8172,6,Kalumpit,46.54,45.0,1.54,0.034,0.6473,confirmed,Forest Zone
8265,6,Kalumpit,48.36,45.0,3.36,0.075,0.526,confirmed,Forest Zone
8267,6,Kalumpit,45.24,45.0,0.24,0.005,0.734,confirmed,Forest Zone
8353,6,Kalumpit,45.25,45.0,0.25,0.006,0.6519,confirmed,Forest Zone
8469,6,Kalumpit,47.2,45.0,2.2,0.049,0.5363,confirmed,Forest Zone
8576,6,Kalumpit,47.04,45.0,2.04,0.045,0.5458,confirmed,Forest Zone
8581,6,Kalumpit,45.41,45.0,0.41,0.009,0.6424,confirmed,Forest Zone
8721,6,Kalumpit,45.9,45.0,0.9,0.02,0.69,confirmed,Forest Zone
8925,6,Kalumpit,46.15,45.0,1.15,0.026,0.6733,confirmed,Forest Zone
8926,6,Kalumpit,46.21,45.0,1.21,0.027,0.6693,confirmed,Forest Zone
9034,6,Kalumpit,45.98,45.0,0.98,0.022,0.6086,confirmed,Forest Zone
9043,6,Kalumpit,46.34,45.0,1.34,0.03,0.6607,confirmed,Forest Zone
9141,6,Kalumpit,45.66,45.0,0.66,0.015,0.6276,confirmed,Forest Zone
9277,6,Kalumpit,45.42,45.0,0.42,0.009,0.722,confirmed,Forest Zone
9278,6,Kalumpit,47.35,45.0,2.35,0.052,0.5933,confirmed,Forest Zone
9288,6,Kalumpit,48.64,45.0,3.64,0.081,0.5073,confirmed,Forest Zone
9472,6,Kalumpit,46.95,45.0,1.95,0.043,0.5511,confirmed,Forest Zone
9696,6,Kalumpit,45.98,45.0,0.98,0.022,0.6086,confirmed,Forest Zone
9785,6,Kalumpit,46.63,45.0,1.63,0.036,0.5701,confirmed,Forest Zone
9791,6,Kalumpit,45.14,45.0,0.14,0.003,0.6584,confirmed,Forest Zone
10014,6,Kalumpit,45.93,45.0,0.93,0.021,0.6116,confirmed,Forest Zone
10341,6,Kalumpit,45.91,45.0,0.91,0.02,0.6127,confirmed,Forest Zone
10357,6,Kalumpit,45.24,45.0,0.24,0.005,0.6524,confirmed,Forest Zone
10579,6,Kalumpit,46.23,45.0,1.23,0.027,0.5938,confirmed,Forest Zone
10708,6,Kalumpit,46.2,45.0,1.2,0.027,0.5956,confirmed,Forest Zone
11032,6,Kalumpit,46.83,45.0,1.83,0.041,0.5582,confirmed,Forest Zone
11036,6,Kalumpit,45.61,45.0,0.61,0.014,0.6305,confirmed,Forest Zone
11038,6,Kalumpit,45.51,45.0,0.51,0.011,0.6364,confirmed,Forest Zone
11236,6,Kalumpit,45.52,45.0,0.52,0.012,0.6359,confirmed,Forest Zone
11260,6,Kalumpit,47.72,45.0,2.72,0.06,0.5055,confirmed,Forest Zone
11485,6,Kalumpit,47.04,45.0,2.04,0.045,0.5458,confirmed,Forest Zone
11703,6,Kalumpit,45.37,45.0,0.37,0.008,0.6447,confirmed,Forest Zone
11786,6,Kalumpit,46.06,45.0,1.06,0.024,0.6039,confirmed,Forest Zone
11794,6,Kalumpit,47.46,45.0,2.46,0.055,0.5209,confirmed,Forest Zone
11820,6,Kalumpit,45.65,45.0,0.65,0.014,0.6281,confirmed,Forest Zone
11904,6,Kalumpit,46.57,45.0,1.57,0.035,0.5736,confirmed,Forest Zone
11931,6,Kalumpit,47.2,45.0,2.2,0.049,0.5363,confirmed,Forest Zone
12044,6,Kalumpit,47.0,45.0,2.0,0.044,0.5481,confirmed,Forest Zone
12152,6,Kalumpit,45.91,45.0,0.91,0.02,0.6127,confirmed,Forest Zone
12274,6,Kalumpit,45.27,45.0,0.27,0.006,0.6507,confirmed,Forest Zone
12351,6,Kalumpit,45.02,45.0,0.02,0.0,0.6655,confirmed,Forest Zone
12452,6,Kalumpit,46.83,45.0,1.83,0.041,0.5582,confirmed,Forest Zone
12456,6,Kalumpit,46.74,45.0,1.74,0.039,0.5636,confirmed,Forest Zone
12486,6,Kalumpit,47.09,45.0,2.09,0.046,0.5428,confirmed,Forest Zone
12601,6,Kalumpit,46.55,45.0,1.55,0.034,0.5748,confirmed,Forest Zone
12611,6,Kalumpit,46.08,45.0,1.08,0.024,0.6027,confirmed,Forest Zone
12705,6,Kalumpit,46.3,45.0,1.3,0.029,0.5896,confirmed,Forest Zone
12712,6,Kalumpit,45.73,45.0,0.73,0.016,0.6234,confirmed,Forest Zone
12721,6,Kalumpit,46.01,45.0,1.01,0.022,0.6068,confirmed,Forest Zone
12777,6,Kalumpit,47.32,45.0,2.32,0.052,0.5292,unconfirmed,
12815,6,Kalumpit,46.4,45.0,1.4,0.031,0.5837,confirmed,Forest Zone
12816,6,Kalumpit,46.29,45.0,1.29,0.029,0.5902,confirmed,Forest Zone
12835,6,Kalumpit,47.53,45.0,2.53,0.056,0.5167,confirmed,Forest Zone
12942,6,Kalumpit,47.09,45.0,2.09,0.046,0.5428,confirmed,Forest Zone
13042,6,Kalumpit,45.51,45.0,0.51,0.011,0.6364,unconfirmed,
13043,6,Kalumpit,46.13,45.0,1.13,0.025,0.5997,unconfirmed,
13154,6,Kalumpit,46.83,45.0,1.83,0.041,0.5582,unconfirmed,
13183,6,Kalumpit,45.51,45.0,0.51,0.011,0.6364,confirmed,Forest Zone
13230,6,Kalumpit,45.64,45.0,0.64,0.014,0.6287,confirmed,Forest Zone
13237,6,Kalumpit,47.36,45.0,2.36,0.052,0.5268,unconfirmed,
13293,6,Kalumpit,47.2,45.0,2.2,0.049,0.5363,confirmed,Forest Zone
13294,6,Kalumpit,46.88,45.0,1.88,0.042,0.5553,confirmed,Forest Zone
13342,6,Kalumpit,47.09,45.0,2.09,0.046,0.5428,confirmed,Forest Zone
13361,6,Kalumpit,45.17,45.0,0.17,0.004,0.6566,unconfirmed,
13389,6,Kalumpit,46.56,45.0,1.56,0.035,0.5742,unconfirmed,
13399,6,Kalumpit,45.91,45.0,0.91,0.02,0.6127,confirmed,Forest Zone
13442,6,Kalumpit,45.73,45.0,0.73,0.016,0.6234,unconfirmed,
13443,6,Kalumpit,45.69,45.0,0.69,0.015,0.6258,unconfirmed,
13445,6,Kalumpit,47.06,45.0,2.06,0.046,0.5446,confirmed,Forest Zone
13451,6,Kalumpit,46.19,45.0,1.19,0.026,0.5961,confirmed,Forest Zone
13490,6,Kalumpit,47.04,45.0,2.04,0.045,0.5458,unconfirmed,
13512,6,Kalumpit,47.19,45.0,2.19,0.049,0.5369,confirmed,Forest Zone
13583,6,Kalumpit,45.67,45.0,0.67,0.015,0.627,unconfirmed,
13584,6,Kalumpit,45.55,45.0,0.55,0.012,0.6341,unconfirmed,
13602,6,Kalumpit,45.25,45.0,0.25,0.006,0.6519,unconfirmed,
13622,6,Kalumpit,45.24,45.0,0.24,0.005,0.6524,confirmed,Forest Zone
13685,6,Kalumpit,45.03,45.0,0.03,0.001,0.6649,unconfirmed,
13705,6,Kalumpit,47.79,45.0,2.79,0.062,0.5013,unconfirmed,
13707,6,Kalumpit,46.38,45.0,1.38,0.031,0.5849,unconfirmed,
13709,6,Kalumpit,45.03,45.0,0.03,0.001,0.6649,unconfirmed,
13925,6,Kalumpit,45.2,45.0,0.2,0.004,0.6548,unconfirmed,
13940,6,Kalumpit,46.84,45.0,1.84,0.041,0.5576,unconfirmed,
14112,6,Kalumpit,46.54,45.0,1.54,0.034,0.5754,unconfirmed,
14174,6,Kalumpit,46.68,45.0,1.68,0.037,0.5671,confirmed,Forest Zone
14216,6,Kalumpit,46.36,45.0,1.36,0.03,0.5861,unconfirmed,
14223,6,Kalumpit,47.73,45.0,2.73,0.061,0.5049,unconfirmed,
14261,6,Kalumpit,47.57,45.0,2.57,0.057,0.5144,unconfirmed,
14267,6,Kalumpit,46.73,45.0,1.73,0.038,0.5641,unconfirmed,
14273,6,Kalumpit,46.75,45.0,1.75,0.039,0.563,unconfirmed,
14358,6,Kalumpit,45.67,45.0,0.67,0.015,0.627,unconfirmed,
14370,6,Kalumpit,47.7,45.0,2.7,0.06,0.5067,unconfirmed,
14458,6,Kalumpit,45.67,45.0,0.67,0.015,0.627,unconfirmed,
14773,6,Kalumpit,46.25,45.0,1.25,0.028,0.5926,unconfirmed,
14775,6,Kalumpit,47.03,45.0,2.03,0.045,0.5464,unconfirmed,
14779,6,Kalumpit,46.11,45.0,1.11,0.025,0.6009,unconfirmed,
14790,6,Kalumpit,45.58,45.0,0.58,0.013,0.6323,unconfirmed,
14793,6,Kalumpit,46.45,45.0,1.45,0.032,0.5807,unconfirmed,
14893,6,Kalumpit,47.8,45.0,2.8,0.062,0.5007,unconfirmed,
14999,6,Kalumpit,45.13,45.0,0.13,0.003,0.659,unconfirmed,
15002,6,Kalumpit,45.39,45.0,0.39,0.009,0.6436,unconfirmed,
15107,6,Kalumpit,45.68,45.0,0.68,0.015,0.6264,unconfirmed,
15113,6,Kalumpit,46.55,45.0,1.55,0.034,0.5748,unconfirmed,
15218,6,Kalumpit,45.89,45.0,0.89,0.02,0.6139,unconfirmed,
15442,6,Kalumpit,47.57,45.0,2.57,0.057,0.5144,unconfirmed,
15444,6,Kalumpit,45.9,45.0,0.9,0.02,0.6133,unconfirmed,
15549,6,Kalumpit,45.93,45.0,0.93,0.021,0.6116,unconfirmed,
15551,6,Kalumpit,47.01,45.0,2.01,0.045,0.5476,unconfirmed,
15553,6,Kalumpit,46.37,45.0,1.37,0.03,0.5855,unconfirmed,
15771,6,Kalumpit,47.28,45.0,2.28,0.051,0.5316,unconfirmed,
15775,6,Kalumpit,47.8,45.0,2.8,0.062,0.5007,unconfirmed,
16220,6,Kalumpit,46.25,45.0,1.25,0.028,0.5926,unconfirmed,
3763,7,Duhat,32.28,30.0,2.28,0.076,0.522,confirmed,High Density Residential - Mixed Use Zone
3993,7,Duhat,30.01,30.0,0.01,0.0,0.749,confirmed,Socialized Housing Zone
4073,7,Duhat,31.42,30.0,1.42,0.047,0.608,confirmed,Forest Zone
4076,7,Duhat,31.53,30.0,1.53,0.051,0.597,confirmed,Forest Zone
4103,7,Duhat,31.42,30.0,1.42,0.047,0.608,confirmed,Socialized Housing Zone
4172,7,Duhat,31.76,30.0,1.76,0.059,0.574,confirmed,Forest Zone
4298,7,Duhat,31.92,30.0,1.92,0.064,0.558,confirmed,Forest Zone
4386,7,Duhat,30.05,30.0,0.05,0.002,0.745,confirmed,Forest Zone
4401,7,Duhat,30.02,30.0,0.02,0.001,0.748,confirmed,Medium Density Residential Zone
4407,7,Duhat,30.78,30.0,0.78,0.026,0.672,confirmed,Forest Zone
4430,7,Duhat,31.21,30.0,1.21,0.04,0.629,confirmed,Medium Density Residential Zone
4491,7,Duhat,30.93,30.0,0.93,0.031,0.657,confirmed,Buffer Zone
4496,7,Duhat,32.44,30.0,2.44,0.081,0.506,confirmed,Forest Zone
4508,7,Duhat,32.27,30.0,2.27,0.076,0.523,confirmed,Minor Commercial - Mixed Use Zone
4513,7,Duhat,30.47,30.0,0.47,0.016,0.703,confirmed,Medium Density Residential Zone
4602,7,Duhat,32.08,30.0,2.08,0.069,0.542,confirmed,Forest Zone
4604,7,Duhat,31.3,30.0,1.3,0.043,0.62,confirmed,Forest Zone
4705,7,Duhat,30.54,30.0,0.54,0.018,0.696,confirmed,Buffer Zone
4712,7,Duhat,31.03,30.0,1.03,0.034,0.647,confirmed,Forest Zone
4765,7,Duhat,30.98,30.0,0.98,0.033,0.652,confirmed,Medium Density Residential Zone
4816,7,Duhat,31.23,30.0,1.23,0.041,0.627,confirmed,Buffer Zone
4829,7,Duhat,30.12,30.0,0.12,0.004,0.738,confirmed,Forest Zone
4847,7,Duhat,31.64,30.0,1.64,0.055,0.586,confirmed,Medium Density Residential Zone
4854,7,Duhat,31.41,30.0,1.41,0.047,0.609,confirmed,Medium Density Residential Zone
4924,7,Duhat,31.76,30.0,1.76,0.059,0.574,confirmed,Buffer Zone
4931,7,Duhat,30.09,30.0,0.09,0.003,0.741,confirmed,Forest Zone
4951,7,Duhat,31.21,30.0,1.21,0.04,0.629,confirmed,Medium Density Residential Zone
5034,7,Duhat,30.66,30.0,0.66,0.022,0.684,confirmed,Forest Zone
5041,7,Duhat,30.56,30.0,0.56,0.019,0.694,confirmed,Forest Zone
5045,7,Duhat,32.28,30.0,2.28,0.076,0.522,confirmed,Forest Zone
5053,7,Duhat,30.63,30.0,0.63,0.021,0.687,confirmed,Forest Zone
5073,7,Duhat,32.07,30.0,2.07,0.069,0.543,confirmed,Medium Density Residential Zone
5095,7,Duhat,31.26,30.0,1.26,0.042,0.624,confirmed,Medium Density Residential Zone
5099,7,Duhat,31.17,30.0,1.17,0.039,0.633,unconfirmed,
5155,7,Duhat,30.51,30.0,0.51,0.017,0.699,confirmed,Forest Zone
5253,7,Duhat,30.12,30.0,0.12,0.004,0.738,confirmed,Forest Zone
5267,7,Duhat,32.43,30.0,2.43,0.081,0.507,confirmed,Forest Zone
5296,7,Duhat,30.13,30.0,0.13,0.004,0.737,confirmed,Medium Density Residential Zone
5303,7,Duhat,30.53,30.0,0.53,0.018,0.697,confirmed,Medium Density Residential Zone
5383,7,Duhat,31.85,30.0,1.85,0.062,0.565,confirmed,Forest Zone
5476,7,Duhat,31.6,30.0,1.6,0.053,0.59,confirmed,Forest Zone
5488,7,Duhat,31.21,30.0,1.21,0.04,0.629,confirmed,Forest Zone
5492,7,Duhat,30.06,30.0,0.06,0.002,0.744,confirmed,Forest Zone
5505,7,Duhat,31.79,30.0,1.79,0.06,0.571,confirmed,Medium Density Residential Zone
5536,7,Duhat,31.04,30.0,1.04,0.035,0.646,confirmed,Medium Density Residential Zone
5608,7,Duhat,30.58,30.0,0.58,0.019,0.692,confirmed,Forest Zone
5612,7,Duhat,30.2,30.0,0.2,0.007,0.73,confirmed,Forest Zone
5695,7,Duhat,31.96,30.0,1.96,0.065,0.554,confirmed,Forest Zone
5696,7,Duhat,31.12,30.0,1.12,0.037,0.638,confirmed,Forest Zone
5711,7,Duhat,31.54,30.0,1.54,0.051,0.596,confirmed,Forest Zone
5714,7,Duhat,32.17,30.0,2.17,0.072,0.533,confirmed,Forest Zone
5715,7,Duhat,30.39,30.0,0.39,0.013,0.711,confirmed,Forest Zone
5850,7,Duhat,31.8,30.0,1.8,0.06,0.57,confirmed,Medium Density Residential Zone
5949,7,Duhat,31.06,30.0,1.06,0.035,0.644,confirmed,Forest Zone
6036,7,Duhat,31.86,30.0,1.86,0.062,0.564,confirmed,Forest Zone
6047,7,Duhat,30.81,30.0,0.81,0.027,0.669,confirmed,Forest Zone
6064,7,Duhat,31.8,30.0,1.8,0.06,0.57,confirmed,Forest Zone
6168,7,Duhat,30.69,30.0,0.69,0.023,0.681,confirmed,Forest Zone
6182,7,Duhat,31.23,30.0,1.23,0.041,0.627,confirmed,Forest Zone
6248,7,Duhat,32.16,30.0,2.16,0.072,0.534,confirmed,Forest Zone
6281,7,Duhat,31.59,30.0,1.59,0.053,0.591,confirmed,Special Reserved Zone
6362,7,Duhat,31.11,30.0,1.11,0.037,0.639,confirmed,Forest Zone
6406,7,Duhat,31.53,30.0,1.53,0.051,0.597,confirmed,Forest Zone
6482,7,Duhat,31.23,30.0,1.23,0.041,0.627,confirmed,Forest Zone
6510,7,Duhat,32.39,30.0,2.39,0.08,0.511,confirmed,Forest Zone
6512,7,Duhat,30.47,30.0,0.47,0.016,0.703,confirmed,Forest Zone
6514,7,Duhat,30.28,30.0,0.28,0.009,0.722,confirmed,Forest Zone
6515,7,Duhat,32.2,30.0,2.2,0.073,0.53,confirmed,Forest Zone
6516,7,Duhat,31.65,30.0,1.65,0.055,0.585,confirmed,Forest Zone
6526,7,Duhat,30.43,30.0,0.43,0.014,0.707,confirmed,Forest Zone
6530,7,Duhat,30.54,30.0,0.54,0.018,0.696,confirmed,Forest Zone
6586,7,Duhat,32.48,30.0,2.48,0.083,0.502,confirmed,Forest Zone
6749,7,Duhat,31.2,30.0,1.2,0.04,0.63,confirmed,Forest Zone
6805,7,Duhat,31.06,30.0,1.06,0.035,0.644,confirmed,Forest Zone
6924,7,Duhat,30.97,30.0,0.97,0.032,0.653,confirmed,Forest Zone
6933,7,Duhat,31.78,30.0,1.78,0.059,0.572,confirmed,Forest Zone
6976,7,Duhat,30.03,30.0,0.03,0.001,0.747,confirmed,Medium Density Residential Zone
7048,7,Duhat,30.63,30.0,0.63,0.021,0.687,confirmed,Sanitary Landfill
7197,7,Duhat,30.11,30.0,0.11,0.004,0.739,confirmed,Forest Zone
7299,7,Duhat,31.15,30.0,1.15,0.038,0.635,confirmed,Forest Zone
7362,7,Duhat,30.16,30.0,0.16,0.005,0.6524,confirmed,Institutional Research Zone
7495,7,Duhat,30.03,30.0,0.03,0.001,0.747,confirmed,Forest Zone
7590,7,Duhat,31.55,30.0,1.55,0.052,0.595,confirmed,Forest Zone
7596,7,Duhat,30.02,30.0,0.02,0.001,0.748,confirmed,Forest Zone
7599,7,Duhat,31.34,30.0,1.34,0.045,0.616,confirmed,Forest Zone
7735,7,Duhat,31.79,30.0,1.79,0.06,0.571,confirmed,Special Reserved Zone
7801,7,Duhat,30.36,30.0,0.36,0.012,0.6347,confirmed,Institutional Research Zone
7853,7,Duhat,30.66,30.0,0.66,0.022,0.684,confirmed,Forest Zone
7962,7,Duhat,31.72,30.0,1.72,0.057,0.578,confirmed,Forest Zone
8074,7,Duhat,32.33,30.0,2.33,0.078,0.517,confirmed,Forest Zone
8183,7,Duhat,31.26,30.0,1.26,0.042,0.624,confirmed,Forest Zone
8256,7,Duhat,30.82,30.0,0.82,0.027,0.5938,confirmed,Forest Zone
8260,7,Duhat,31.51,30.0,1.51,0.05,0.599,confirmed,Forest Zone
8268,7,Duhat,32.03,30.0,2.03,0.068,0.547,confirmed,Forest Zone
8281,7,Duhat,30.02,30.0,0.02,0.001,0.748,confirmed,Forest Zone
8460,7,Duhat,30.05,30.0,0.05,0.002,0.6622,confirmed,Forest Zone
8489,7,Duhat,32.22,30.0,2.22,0.074,0.528,confirmed,Forest Zone
8493,7,Duhat,30.87,30.0,0.87,0.029,0.663,confirmed,Forest Zone
8572,7,Duhat,31.27,30.0,1.27,0.042,0.5538,confirmed,Forest Zone
8585,7,Duhat,30.28,30.0,0.28,0.009,0.6418,confirmed,Forest Zone
8603,7,Duhat,30.91,30.0,0.91,0.03,0.659,confirmed,Forest Zone
8712,7,Duhat,30.35,30.0,0.35,0.012,0.715,confirmed,Forest Zone
8716,7,Duhat,30.03,30.0,0.03,0.001,0.747,confirmed,Forest Zone
8718,7,Duhat,31.99,30.0,1.99,0.066,0.551,confirmed,Forest Zone
8720,7,Duhat,32.22,30.0,2.22,0.074,0.528,confirmed,Forest Zone
8795,7,Duhat,30.51,30.0,0.51,0.017,0.6213,confirmed,Forest Zone
8796,7,Duhat,30.55,30.0,0.55,0.018,0.6178,confirmed,Forest Zone
8799,7,Duhat,30.05,30.0,0.05,0.002,0.6622,confirmed,Forest Zone
8816,7,Duhat,31.81,30.0,1.81,0.06,0.569,confirmed,Forest Zone
8818,7,Duhat,32.4,30.0,2.4,0.08,0.51,confirmed,Forest Zone
8825,7,Duhat,31.99,30.0,1.99,0.066,0.551,confirmed,Forest Zone
8904,7,Duhat,30.93,30.0,0.93,0.031,0.584,confirmed,Forest Zone
8923,7,Duhat,30.2,30.0,0.2,0.007,0.6489,confirmed,Forest Zone
8942,7,Duhat,30.38,30.0,0.38,0.013,0.712,confirmed,Forest Zone
8954,7,Duhat,30.46,30.0,0.46,0.015,0.704,confirmed,Forest Zone
9053,7,Duhat,30.46,30.0,0.46,0.015,0.704,confirmed,Forest Zone
9058,7,Duhat,32.47,30.0,2.47,0.082,0.503,confirmed,Forest Zone
9065,7,Duhat,30.59,30.0,0.59,0.02,0.691,confirmed,Forest Zone
9161,7,Duhat,31.53,30.0,1.53,0.051,0.597,confirmed,Forest Zone
9279,7,Duhat,31.9,30.0,1.9,0.063,0.56,confirmed,Forest Zone
9287,7,Duhat,32.19,30.0,2.19,0.073,0.531,confirmed,Forest Zone
9365,7,Duhat,31.3,30.0,1.3,0.043,0.5511,confirmed,Forest Zone
9370,7,Duhat,31.11,30.0,1.11,0.037,0.568,confirmed,Forest Zone
9371,7,Duhat,30.17,30.0,0.17,0.006,0.6516,confirmed,Forest Zone
9379,7,Duhat,31.91,30.0,1.91,0.064,0.559,confirmed,Forest Zone
9385,7,Duhat,30.72,30.0,0.72,0.024,0.678,confirmed,Forest Zone
9391,7,Duhat,31.4,30.0,1.4,0.047,0.61,confirmed,Forest Zone
9400,7,Duhat,31.33,30.0,1.33,0.044,0.617,confirmed,Forest Zone
9480,7,Duhat,30.91,30.0,0.91,0.03,0.5858,confirmed,Forest Zone
9500,7,Duhat,32.21,30.0,2.21,0.074,0.529,confirmed,Forest Zone
9511,7,Duhat,31.02,30.0,1.02,0.034,0.648,confirmed,Forest Zone
9580,7,Duhat,30.29,30.0,0.29,0.01,0.6409,confirmed,Forest Zone
9596,7,Duhat,31.01,30.0,1.01,0.034,0.649,confirmed,Forest Zone
9707,7,Duhat,31.41,30.0,1.41,0.047,0.609,confirmed,Forest Zone
9721,7,Duhat,31.53,30.0,1.53,0.051,0.597,confirmed,Forest Zone
9830,7,Duhat,30.08,30.0,0.08,0.003,0.742,confirmed,Forest Zone
9904,7,Duhat,31.51,30.0,1.51,0.05,0.5324,confirmed,Forest Zone
9910,7,Duhat,30.33,30.0,0.33,0.011,0.6373,confirmed,Forest Zone
9931,7,Duhat,30.01,30.0,0.01,0.0,0.749,confirmed,Forest Zone
10020,7,Duhat,30.22,30.0,0.22,0.007,0.6471,confirmed,Forest Zone
10024,7,Duhat,31.32,30.0,1.32,0.044,0.5493,confirmed,Forest Zone
10036,7,Duhat,31.54,30.0,1.54,0.051,0.5298,confirmed,Forest Zone
10039,7,Duhat,30.82,30.0,0.82,0.027,0.5938,confirmed,Forest Zone
10128,7,Duhat,30.01,30.0,0.01,0.0,0.6658,confirmed,Forest Zone
10141,7,Duhat,31.68,30.0,1.68,0.056,0.5173,confirmed,Forest Zone
10142,7,Duhat,30.53,30.0,0.53,0.018,0.6196,confirmed,Forest Zone
10464,7,Duhat,31.4,30.0,1.4,0.047,0.5422,confirmed,Forest Zone
10469,7,Duhat,30.54,30.0,0.54,0.018,0.6187,confirmed,Forest Zone
10470,7,Duhat,30.16,30.0,0.16,0.005,0.6524,confirmed,Forest Zone
10491,7,Duhat,32.09,30.0,2.09,0.07,0.541,confirmed,Institutional Research Zone
10581,7,Duhat,30.93,30.0,0.93,0.031,0.584,confirmed,Forest Zone
10599,7,Duhat,31.03,30.0,1.03,0.034,0.5751,confirmed,Forest Zone
10602,7,Duhat,30.98,30.0,0.98,0.033,0.5796,confirmed,Institutional Research Zone
10678,7,Duhat,30.71,30.0,0.71,0.024,0.6036,confirmed,Forest Zone
10683,7,Duhat,30.21,30.0,0.21,0.007,0.648,confirmed,Forest Zone
10693,7,Duhat,30.2,30.0,0.2,0.007,0.6489,confirmed,Forest Zone
10694,7,Duhat,31.54,30.0,1.54,0.051,0.5298,confirmed,Forest Zone
10701,7,Duhat,31.5,30.0,1.5,0.05,0.5333,confirmed,Forest Zone
10711,7,Duhat,30.09,30.0,0.09,0.003,0.6587,confirmed,Forest Zone
10716,7,Duhat,31.55,30.0,1.55,0.052,0.595,confirmed,Forest Zone
10797,7,Duhat,31.01,30.0,1.01,0.034,0.5769,confirmed,Forest Zone
10813,7,Duhat,30.34,30.0,0.34,0.011,0.6364,confirmed,Forest Zone
10833,7,Duhat,32.17,30.0,2.17,0.072,0.533,confirmed,Institutional Research Zone
10845,7,Duhat,31.83,30.0,1.83,0.061,0.567,confirmed,Forest Zone
10846,7,Duhat,31.3,30.0,1.3,0.043,0.62,confirmed,Forest Zone
10896,7,Duhat,31.41,30.0,1.41,0.047,0.5413,confirmed,Forest Zone
10901,7,Duhat,30.24,30.0,0.24,0.008,0.6453,confirmed,Forest Zone
11005,7,Duhat,31.78,30.0,1.78,0.059,0.5084,confirmed,Forest Zone
11008,7,Duhat,31.78,30.0,1.78,0.059,0.5084,confirmed,Forest Zone
11039,7,Duhat,31.02,30.0,1.02,0.034,0.576,confirmed,Forest Zone
11065,7,Duhat,32.42,30.0,2.42,0.081,0.508,confirmed,Forest Zone
11150,7,Duhat,31.08,30.0,1.08,0.036,0.5707,confirmed,Forest Zone
11231,7,Duhat,30.33,30.0,0.33,0.011,0.6373,confirmed,Forest Zone
11239,7,Duhat,30.6,30.0,0.6,0.02,0.6133,confirmed,Forest Zone
11258,7,Duhat,30.55,30.0,0.55,0.018,0.6178,confirmed,Forest Zone
11344,7,Duhat,31.8,30.0,1.8,0.06,0.5067,confirmed,Forest Zone
11347,7,Duhat,30.39,30.0,0.39,0.013,0.632,confirmed,Forest Zone
11352,7,Duhat,31.55,30.0,1.55,0.052,0.5289,confirmed,Forest Zone
11353,7,Duhat,31.43,30.0,1.43,0.048,0.5396,confirmed,Forest Zone
11364,7,Duhat,31.36,30.0,1.36,0.045,0.5458,confirmed,Forest Zone
11369,7,Duhat,30.06,30.0,0.06,0.002,0.6613,confirmed,Forest Zone
11448,7,Duhat,30.93,30.0,0.93,0.031,0.584,confirmed,Forest Zone
11451,7,Duhat,31.17,30.0,1.17,0.039,0.5627,confirmed,Forest Zone
11452,7,Duhat,30.44,30.0,0.44,0.015,0.6276,confirmed,Forest Zone
11457,7,Duhat,31.13,30.0,1.13,0.038,0.5662,confirmed,Forest Zone
11469,7,Duhat,30.56,30.0,0.56,0.019,0.6169,confirmed,Forest Zone
11476,7,Duhat,30.05,30.0,0.05,0.002,0.6622,confirmed,Forest Zone
11477,7,Duhat,31.4,30.0,1.4,0.047,0.5422,confirmed,Forest Zone
11486,7,Duhat,31.81,30.0,1.81,0.06,0.5058,confirmed,Forest Zone
11581,7,Duhat,31.01,30.0,1.01,0.034,0.5769,confirmed,Forest Zone
11672,7,Duhat,31.55,30.0,1.55,0.052,0.5289,confirmed,Forest Zone
11695,7,Duhat,31.07,30.0,1.07,0.036,0.5716,confirmed,Forest Zone
11799,7,Duhat,30.69,30.0,0.69,0.023,0.6053,confirmed,Forest Zone
11801,7,Duhat,30.28,30.0,0.28,0.009,0.6418,confirmed,Forest Zone
11811,7,Duhat,31.36,30.0,1.36,0.045,0.5458,confirmed,Forest Zone
11918,7,Duhat,30.78,30.0,0.78,0.026,0.5973,confirmed,Forest Zone
12027,7,Duhat,31.82,30.0,1.82,0.061,0.5049,confirmed,Forest Zone
12055,7,Duhat,31.4,30.0,1.4,0.047,0.5422,confirmed,Forest Zone
12233,7,Duhat,30.09,30.0,0.09,0.003,0.6587,confirmed,Forest Zone
12245,7,Duhat,30.66,30.0,0.66,0.022,0.608,confirmed,Forest Zone
12261,7,Duhat,30.39,30.0,0.39,0.013,0.632,confirmed,Forest Zone
12262,7,Duhat,31.66,30.0,1.66,0.055,0.5191,confirmed,Forest Zone
12342,7,Duhat,31.54,30.0,1.54,0.051,0.5298,confirmed,Forest Zone
12375,7,Duhat,31.42,30.0,1.42,0.047,0.5404,confirmed,Forest Zone
12388,7,Duhat,30.55,30.0,0.55,0.018,0.6178,confirmed,Forest Zone
12389,7,Duhat,31.83,30.0,1.83,0.061,0.504,confirmed,Forest Zone
12408,7,Duhat,31.34,30.0,1.34,0.045,0.5476,confirmed,Forest Zone
12459,7,Duhat,31.84,30.0,1.84,0.061,0.5031,confirmed,Forest Zone
12460,7,Duhat,30.68,30.0,0.68,0.023,0.6062,confirmed,Forest Zone
12479,7,Duhat,30.59,30.0,0.59,0.02,0.6142,confirmed,Forest Zone
12480,7,Duhat,31.56,30.0,1.56,0.052,0.528,confirmed,Forest Zone
12489,7,Duhat,30.38,30.0,0.38,0.013,0.6329,confirmed,Forest Zone
12504,7,Duhat,31.58,30.0,1.58,0.053,0.5262,confirmed,Forest Zone
12505,7,Duhat,31.59,30.0,1.59,0.053,0.5253,confirmed,Forest Zone
12561,7,Duhat,30.51,30.0,0.51,0.017,0.6213,confirmed,Forest Zone
12578,7,Duhat,30.12,30.0,0.12,0.004,0.656,unconfirmed,
12581,7,Duhat,31.26,30.0,1.26,0.042,0.5547,unconfirmed,
12667,7,Duhat,30.07,30.0,0.07,0.002,0.6604,unconfirmed,
12677,7,Duhat,31.23,30.0,1.23,0.041,0.5573,confirmed,Forest Zone
12682,7,Duhat,30.12,30.0,0.12,0.004,0.656,confirmed,Forest Zone
12707,7,Duhat,31.15,30.0,1.15,0.038,0.5644,confirmed,Forest Zone
12729,7,Duhat,30.46,30.0,0.46,0.015,0.6258,confirmed,Forest Zone
12794,7,Duhat,30.97,30.0,0.97,0.032,0.5804,confirmed,Forest Zone
12795,7,Duhat,30.67,30.0,0.67,0.022,0.6071,confirmed,Forest Zone
12809,7,Duhat,31.1,30.0,1.1,0.037,0.5689,unconfirmed,
12818,7,Duhat,30.05,30.0,0.05,0.002,0.6622,confirmed,Forest Zone
12843,7,Duhat,30.23,30.0,0.23,0.008,0.6462,confirmed,Forest Zone
12893,7,Duhat,31.53,30.0,1.53,0.051,0.5307,confirmed,Forest Zone
12894,7,Duhat,30.29,30.0,0.29,0.01,0.6409,confirmed,Forest Zone
12939,7,Duhat,30.45,30.0,0.45,0.015,0.6267,confirmed,Forest Zone
12945,7,Duhat,31.34,30.0,1.34,0.045,0.5476,confirmed,Forest Zone
12946,7,Duhat,30.35,30.0,0.35,0.012,0.6356,confirmed,Forest Zone
12949,7,Duhat,30.42,30.0,0.42,0.014,0.6293,confirmed,Forest Zone
13006,7,Duhat,31.67,30.0,1.67,0.056,0.5182,confirmed,Forest Zone
13008,7,Duhat,30.71,30.0,0.71,0.024,0.6036,confirmed,Forest Zone
13030,7,Duhat,31.57,30.0,1.57,0.052,0.5271,unconfirmed,
13049,7,Duhat,31.34,30.0,1.34,0.045,0.5476,confirmed,Forest Zone
13114,7,Duhat,31.0,30.0,1.0,0.033,0.5778,confirmed,Forest Zone
13250,7,Duhat,30.23,30.0,0.23,0.008,0.6462,unconfirmed,
13251,7,Duhat,30.71,30.0,0.71,0.024,0.6036,unconfirmed,
13259,7,Duhat,30.46,30.0,0.46,0.015,0.6258,unconfirmed,
13280,7,Duhat,30.56,30.0,0.56,0.019,0.6169,confirmed,Forest Zone
13283,7,Duhat,31.14,30.0,1.14,0.038,0.5653,confirmed,Forest Zone
13284,7,Duhat,30.55,30.0,0.55,0.018,0.6178,confirmed,Forest Zone
13338,7,Duhat,30.05,30.0,0.05,0.002,0.6622,confirmed,Forest Zone
13345,7,Duhat,31.07,30.0,1.07,0.036,0.5716,unconfirmed,
13368,7,Duhat,30.86,30.0,0.86,0.029,0.5902,unconfirmed,
13384,7,Duhat,30.78,30.0,0.78,0.026,0.5973,unconfirmed,
13449,7,Duhat,30.42,30.0,0.42,0.014,0.6293,confirmed,Forest Zone
13452,7,Duhat,30.16,30.0,0.16,0.005,0.6524,confirmed,Forest Zone
13454,7,Duhat,30.59,30.0,0.59,0.02,0.6142,unconfirmed,
13455,7,Duhat,31.42,30.0,1.42,0.047,0.5404,unconfirmed,
13464,7,Duhat,31.49,30.0,1.49,0.05,0.5342,unconfirmed,
13466,7,Duhat,31.8,30.0,1.8,0.06,0.5067,unconfirmed,
13467,7,Duhat,31.12,30.0,1.12,0.037,0.5671,unconfirmed,
13468,7,Duhat,30.44,30.0,0.44,0.015,0.6276,unconfirmed,
13477,7,Duhat,30.75,30.0,0.75,0.025,0.6,unconfirmed,
13499,7,Duhat,31.81,30.0,1.81,0.06,0.5058,unconfirmed,
13500,7,Duhat,30.75,30.0,0.75,0.025,0.6,unconfirmed,
13501,7,Duhat,30.59,30.0,0.59,0.02,0.6142,unconfirmed,
13555,7,Duhat,30.87,30.0,0.87,0.029,0.5893,unconfirmed,
13566,7,Duhat,30.83,30.0,0.83,0.028,0.5929,unconfirmed,
13569,7,Duhat,31.32,30.0,1.32,0.044,0.5493,unconfirmed,
13570,7,Duhat,31.01,30.0,1.01,0.034,0.5769,unconfirmed,
13578,7,Duhat,31.04,30.0,1.04,0.035,0.5742,unconfirmed,
13587,7,Duhat,30.29,30.0,0.29,0.01,0.6409,unconfirmed,
13591,7,Duhat,30.05,30.0,0.05,0.002,0.6622,unconfirmed,
13597,7,Duhat,30.35,30.0,0.35,0.012,0.6356,unconfirmed,
13605,7,Duhat,31.49,30.0,1.49,0.05,0.5342,unconfirmed,
13667,7,Duhat,31.04,30.0,1.04,0.035,0.5742,confirmed,Forest Zone
13777,7,Duhat,30.32,30.0,0.32,0.011,0.6382,unconfirmed,
13780,7,Duhat,31.53,30.0,1.53,0.051,0.5307,confirmed,Forest Zone
13787,7,Duhat,30.08,30.0,0.08,0.003,0.6596,unconfirmed,
13789,7,Duhat,30.25,30.0,0.25,0.008,0.6444,unconfirmed,
13808,7,Duhat,31.0,30.0,1.0,0.033,0.5778,unconfirmed,
13810,7,Duhat,30.17,30.0,0.17,0.006,0.6516,unconfirmed,
13811,7,Duhat,31.0,30.0,1.0,0.033,0.5778,unconfirmed,
13888,7,Duhat,31.78,30.0,1.78,0.059,0.5084,unconfirmed,
13891,7,Duhat,30.01,30.0,0.01,0.0,0.6658,unconfirmed,
13915,7,Duhat,30.03,30.0,0.03,0.001,0.664,unconfirmed,
13921,7,Duhat,30.02,30.0,0.02,0.001,0.6649,unconfirmed,
13936,7,Duhat,31.4,30.0,1.4,0.047,0.5422,unconfirmed,
13937,7,Duhat,30.63,30.0,0.63,0.021,0.6107,unconfirmed,
13950,7,Duhat,30.95,30.0,0.95,0.032,0.5822,confirmed,Forest Zone
14015,7,Duhat,30.05,30.0,0.05,0.002,0.6622,unconfirmed,
14018,7,Duhat,30.43,30.0,0.43,0.014,0.6284,unconfirmed,
14026,7,Duhat,30.03,30.0,0.03,0.001,0.664,unconfirmed,
14027,7,Duhat,30.03,30.0,0.03,0.001,0.664,unconfirmed,
14039,7,Duhat,30.01,30.0,0.01,0.0,0.6658,unconfirmed,
14040,7,Duhat,31.15,30.0,1.15,0.038,0.5644,unconfirmed,
14148,7,Duhat,31.65,30.0,1.65,0.055,0.52,unconfirmed,
14151,7,Duhat,31.67,30.0,1.67,0.056,0.5182,unconfirmed,
14157,7,Duhat,31.53,30.0,1.53,0.051,0.5307,unconfirmed,
14163,7,Duhat,30.53,30.0,0.53,0.018,0.6196,unconfirmed,
14263,7,Duhat,31.78,30.0,1.78,0.059,0.5084,unconfirmed,
14327,7,Duhat,30.62,30.0,0.62,0.021,0.6116,unconfirmed,
14335,7,Duhat,30.21,30.0,0.21,0.007,0.648,unconfirmed,
14350,7,Duhat,30.06,30.0,0.06,0.002,0.6613,unconfirmed,
14352,7,Duhat,30.65,30.0,0.65,0.022,0.6089,unconfirmed,
14394,7,Duhat,31.11,30.0,1.11,0.037,0.568,confirmed,Forest Zone
14453,7,Duhat,30.51,30.0,0.51,0.017,0.6213,unconfirmed,
14459,7,Duhat,31.42,30.0,1.42,0.047,0.5404,unconfirmed,
14460,7,Duhat,31.0,30.0,1.0,0.033,0.5778,unconfirmed,
14570,7,Duhat,30.23,30.0,0.23,0.008,0.6462,unconfirmed,
14580,7,Duhat,30.88,30.0,0.88,0.029,0.5884,unconfirmed,
14666,7,Duhat,30.05,30.0,0.05,0.002,0.6622,unconfirmed,
14788,7,Duhat,30.22,30.0,0.22,0.007,0.6471,unconfirmed,
15001,7,Duhat,30.84,30.0,0.84,0.028,0.592,unconfirmed,
15008,7,Duhat,31.23,30.0,1.23,0.041,0.5573,unconfirmed,
15010,7,Duhat,31.72,30.0,1.72,0.057,0.5138,unconfirmed,
15111,7,Duhat,30.98,30.0,0.98,0.033,0.5796,unconfirmed,
15117,7,Duhat,30.08,30.0,0.08,0.003,0.6596,unconfirmed,
15227,7,Duhat,30.22,30.0,0.22,0.007,0.6471,unconfirmed,
15658,7,Duhat,31.7,30.0,1.7,0.057,0.5156,unconfirmed,
15994,7,Duhat,30.21,30.0,0.21,0.007,0.648,unconfirmed,
16104,7,Duhat,30.93,30.0,0.93,0.031,0.584,unconfirmed,
16215,7,Duhat,30.53,30.0,0.53,0.018,0.6196,unconfirmed,
16324,7,Duhat,30.77,30.0,0.77,0.026,0.5982,unconfirmed,
16331,7,Duhat,31.04,30.0,1.04,0.035,0.5742,unconfirmed,
16551,7,Duhat,30.79,30.0,0.79,0.026,0.5964,unconfirmed,
16662,7,Duhat,31.34,30.0,1.34,0.045,0.5476,unconfirmed,
16766,7,Duhat,30.09,30.0,0.09,0.003,0.6587,unconfirmed,
16767,7,Duhat,30.09,30.0,0.09,0.003,0.6587,unconfirmed,
16878,7,Duhat,31.64,30.0,1.64,0.055,0.5209,unconfirmed,
3990,8,Kamagong,46.59,45.0,1.59,0.035,0.644,confirmed,Socialized Housing Zone
3991,8,Kamagong,46.11,45.0,1.11,0.025,0.676,confirmed,Socialized Housing Zone
3992,8,Kamagong,45.02,45.0,0.02,0.0,0.7487,confirmed,Socialized Housing Zone
4720,8,Kamagong,45.82,45.0,0.82,0.018,0.6953,confirmed,Forest Zone
4721,8,Kamagong,47.75,45.0,2.75,0.061,0.5667,confirmed,Forest Zone
4830,8,Kamagong,45.93,45.0,0.93,0.021,0.688,confirmed,Forest Zone
4942,8,Kamagong,45.81,45.0,0.81,0.018,0.696,confirmed,Forest Zone
5036,8,Kamagong,48.4,45.0,3.4,0.076,0.5233,confirmed,Forest Zone
5038,8,Kamagong,47.42,45.0,2.42,0.054,0.5887,confirmed,Forest Zone
5051,8,Kamagong,45.58,45.0,0.58,0.013,0.7113,confirmed,Forest Zone
5059,8,Kamagong,47.03,45.0,2.03,0.045,0.6147,confirmed,Forest Zone
5258,8,Kamagong,45.74,45.0,0.74,0.016,0.7007,confirmed,Forest Zone
5275,8,Kamagong,48.47,45.0,3.47,0.077,0.5187,confirmed,Forest Zone
5369,8,Kamagong,47.65,45.0,2.65,0.059,0.5733,confirmed,Forest Zone
5375,8,Kamagong,45.28,45.0,0.28,0.006,0.7313,confirmed,Forest Zone
5380,8,Kamagong,45.67,45.0,0.67,0.015,0.7053,confirmed,Forest Zone
5479,8,Kamagong,47.73,45.0,2.73,0.061,0.568,confirmed,Forest Zone
5484,8,Kamagong,48.56,45.0,3.56,0.079,0.5127,confirmed,Forest Zone
5486,8,Kamagong,46.43,45.0,1.43,0.032,0.6547,confirmed,Forest Zone
5588,8,Kamagong,46.64,45.0,1.64,0.036,0.6407,confirmed,Forest Zone
5595,8,Kamagong,47.58,45.0,2.58,0.057,0.578,confirmed,Forest Zone
5597,8,Kamagong,47.33,45.0,2.33,0.052,0.5947,confirmed,Forest Zone
5605,8,Kamagong,46.13,45.0,1.13,0.025,0.6747,confirmed,Forest Zone
5722,8,Kamagong,47.23,45.0,2.23,0.05,0.6013,confirmed,Forest Zone
5807,8,Kamagong,47.33,45.0,2.33,0.052,0.5947,confirmed,Forest Zone
5830,8,Kamagong,48.72,45.0,3.72,0.083,0.502,confirmed,Forest Zone
5920,8,Kamagong,47.42,45.0,2.42,0.054,0.5887,confirmed,Forest Zone
5921,8,Kamagong,46.07,45.0,1.07,0.024,0.6787,confirmed,Forest Zone
6030,8,Kamagong,48.66,45.0,3.66,0.081,0.506,confirmed,Forest Zone
6031,8,Kamagong,47.97,45.0,2.97,0.066,0.552,confirmed,Forest Zone
6045,8,Kamagong,46.51,45.0,1.51,0.034,0.6493,confirmed,Forest Zone
6058,8,Kamagong,47.46,45.0,2.46,0.055,0.586,confirmed,Forest Zone
6141,8,Kamagong,47.57,45.0,2.57,0.057,0.5787,confirmed,Forest Zone
6249,8,Kamagong,48.42,45.0,3.42,0.076,0.522,confirmed,Forest Zone
6251,8,Kamagong,45.51,45.0,0.51,0.011,0.716,confirmed,Forest Zone
6259,8,Kamagong,48.33,45.0,3.33,0.074,0.528,confirmed,Forest Zone
6313,8,Kamagong,47.53,45.0,2.53,0.056,0.5813,confirmed,Forest Zone
6367,8,Kamagong,45.56,45.0,0.56,0.012,0.7127,confirmed,Forest Zone
6368,8,Kamagong,47.45,45.0,2.45,0.054,0.5867,confirmed,Forest Zone
6424,8,Kamagong,45.29,45.0,0.29,0.006,0.7307,unconfirmed,
6471,8,Kamagong,46.6,45.0,1.6,0.036,0.6433,confirmed,Forest Zone
6475,8,Kamagong,45.41,45.0,0.41,0.009,0.7227,confirmed,Forest Zone
6518,8,Kamagong,47.2,45.0,2.2,0.049,0.6033,confirmed,Forest Zone
6813,8,Kamagong,46.84,45.0,1.84,0.041,0.6273,confirmed,Forest Zone
6814,8,Kamagong,45.08,45.0,0.08,0.002,0.7447,confirmed,Forest Zone
6855,8,Kamagong,45.28,45.0,0.28,0.006,0.7313,confirmed,Forest Zone
6856,8,Kamagong,45.01,45.0,0.01,0.0,0.7493,confirmed,Forest Zone
6917,8,Kamagong,47.0,45.0,2.0,0.044,0.6167,confirmed,Forest Zone
6930,8,Kamagong,45.7,45.0,0.7,0.016,0.7033,confirmed,Forest Zone
6970,8,Kamagong,45.85,45.0,0.85,0.019,0.6933,confirmed,Forest Zone
7035,8,Kamagong,46.79,45.0,1.79,0.04,0.6307,confirmed,Forest Zone
7039,8,Kamagong,45.31,45.0,0.31,0.007,0.7293,confirmed,Forest Zone
7147,8,Kamagong,46.31,45.0,1.31,0.029,0.6627,confirmed,Forest Zone
7248,8,Kamagong,45.83,45.0,0.83,0.018,0.6175,confirmed,Forest Zone
7251,8,Kamagong,46.22,45.0,1.22,0.027,0.5944,confirmed,Forest Zone
7252,8,Kamagong,46.71,45.0,1.71,0.038,0.636,confirmed,Forest Zone
7360,8,Kamagong,45.86,45.0,0.86,0.019,0.6157,confirmed,Institutional Research Zone
7361,8,Kamagong,47.46,45.0,2.46,0.055,0.5209,confirmed,Institutional Research Zone
7465,8,Kamagong,45.57,45.0,0.57,0.013,0.6329,confirmed,Forest Zone
7471,8,Kamagong,45.29,45.0,0.29,0.006,0.6495,confirmed,Institutional Research Zone
7487,8,Kamagong,46.73,45.0,1.73,0.038,0.6347,confirmed,Forest Zone
7594,8,Kamagong,45.81,45.0,0.81,0.018,0.696,confirmed,Forest Zone
7605,8,Kamagong,46.73,45.0,1.73,0.038,0.6347,confirmed,Forest Zone
7606,8,Kamagong,48.14,45.0,3.14,0.07,0.5407,confirmed,Forest Zone
7716,8,Kamagong,45.04,45.0,0.04,0.001,0.7473,confirmed,Forest Zone
7825,8,Kamagong,46.77,45.0,1.77,0.039,0.632,confirmed,Forest Zone
7829,8,Kamagong,47.76,45.0,2.76,0.061,0.566,confirmed,Forest Zone
7908,8,Kamagong,45.03,45.0,0.03,0.001,0.6649,confirmed,Forest Zone
7909,8,Kamagong,46.09,45.0,1.09,0.024,0.6021,confirmed,Institutional Research Zone
7910,8,Kamagong,46.4,45.0,1.4,0.031,0.5837,confirmed,Institutional Research Zone
7922,8,Kamagong,47.21,45.0,2.21,0.049,0.6027,confirmed,Forest Zone
8032,8,Kamagong,48.74,45.0,3.74,0.083,0.5007,confirmed,Forest Zone
8033,8,Kamagong,47.45,45.0,2.45,0.054,0.5867,confirmed,Forest Zone
8046,8,Kamagong,48.4,45.0,3.4,0.076,0.5233,confirmed,Forest Zone
8050,8,Kamagong,47.29,45.0,2.29,0.051,0.5973,confirmed,Forest Zone
8057,8,Kamagong,47.56,45.0,2.56,0.057,0.5793,confirmed,Forest Zone
8148,8,Kamagong,48.33,45.0,3.33,0.074,0.528,confirmed,Forest Zone
8164,8,Kamagong,48.33,45.0,3.33,0.074,0.528,confirmed,Forest Zone
8167,8,Kamagong,46.56,45.0,1.56,0.035,0.646,confirmed,Forest Zone
8170,8,Kamagong,48.64,45.0,3.64,0.081,0.5073,confirmed,Forest Zone
8172,8,Kamagong,46.54,45.0,1.54,0.034,0.6473,confirmed,Forest Zone
8265,8,Kamagong,48.36,45.0,3.36,0.075,0.526,confirmed,Forest Zone
8267,8,Kamagong,45.24,45.0,0.24,0.005,0.734,confirmed,Forest Zone
8353,8,Kamagong,45.25,45.0,0.25,0.006,0.6519,confirmed,Forest Zone
8469,8,Kamagong,47.2,45.0,2.2,0.049,0.5363,confirmed,Forest Zone
8576,8,Kamagong,47.04,45.0,2.04,0.045,0.5458,confirmed,Forest Zone
8581,8,Kamagong,45.41,45.0,0.41,0.009,0.6424,confirmed,Forest Zone
8721,8,Kamagong,45.9,45.0,0.9,0.02,0.69,confirmed,Forest Zone
8925,8,Kamagong,46.15,45.0,1.15,0.026,0.6733,confirmed,Forest Zone
8926,8,Kamagong,46.21,45.0,1.21,0.027,0.6693,confirmed,Forest Zone
9034,8,Kamagong,45.98,45.0,0.98,0.022,0.6086,confirmed,Forest Zone
9043,8,Kamagong,46.34,45.0,1.34,0.03,0.6607,confirmed,Forest Zone
9141,8,Kamagong,45.66,45.0,0.66,0.015,0.6276,confirmed,Forest Zone
9277,8,Kamagong,45.42,45.0,0.42,0.009,0.722,confirmed,Forest Zone
9278,8,Kamagong,47.35,45.0,2.35,0.052,0.5933,confirmed,Forest Zone
9288,8,Kamagong,48.64,45.0,3.64,0.081,0.5073,confirmed,Forest Zone
9472,8,Kamagong,46.95,45.0,1.95,0.043,0.5511,confirmed,Forest Zone
9696,8,Kamagong,45.98,45.0,0.98,0.022,0.6086,confirmed,Forest Zone
9785,8,Kamagong,46.63,45.0,1.63,0.036,0.5701,confirmed,Forest Zone
9791,8,Kamagong,45.14,45.0,0.14,0.003,0.6584,confirmed,Forest Zone
10014,8,Kamagong,45.93,45.0,0.93,0.021,0.6116,confirmed,Forest Zone
10341,8,Kamagong,45.91,45.0,0.91,0.02,0.6127,confirmed,Forest Zone
10357,8,Kamagong,45.24,45.0,0.24,0.005,0.6524,confirmed,Forest Zone
10579,8,Kamagong,46.23,45.0,1.23,0.027,0.5938,confirmed,Forest Zone
10708,8,Kamagong,46.2,45.0,1.2,0.027,0.5956,confirmed,Forest Zone
11032,8,Kamagong,46.83,45.0,1.83,0.041,0.5582,confirmed,Forest Zone
11036,8,Kamagong,45.61,45.0,0.61,0.014,0.6305,confirmed,Forest Zone
11038,8,Kamagong,45.51,45.0,0.51,0.011,0.6364,confirmed,Forest Zone
11236,8,Kamagong,45.52,45.0,0.52,0.012,0.6359,confirmed,Forest Zone
11260,8,Kamagong,47.72,45.0,2.72,0.06,0.5055,confirmed,Forest Zone
11485,8,Kamagong,47.04,45.0,2.04,0.045,0.5458,confirmed,Forest Zone
11703,8,Kamagong,45.37,45.0,0.37,0.008,0.6447,confirmed,Forest Zone
11786,8,Kamagong,46.06,45.0,1.06,0.024,0.6039,confirmed,Forest Zone
11794,8,Kamagong,47.46,45.0,2.46,0.055,0.5209,confirmed,Forest Zone
11820,8,Kamagong,45.65,45.0,0.65,0.014,0.6281,confirmed,Forest Zone
11904,8,Kamagong,46.57,45.0,1.57,0.035,0.5736,confirmed,Forest Zone
11931,8,Kamagong,47.2,45.0,2.2,0.049,0.5363,confirmed,Forest Zone
12044,8,Kamagong,47.0,45.0,2.0,0.044,0.5481,confirmed,Forest Zone
12152,8,Kamagong,45.91,45.0,0.91,0.02,0.6127,confirmed,Forest Zone
12274,8,Kamagong,45.27,45.0,0.27,0.006,0.6507,confirmed,Forest Zone
12351,8,Kamagong,45.02,45.0,0.02,0.0,0.6655,confirmed,Forest Zone
12452,8,Kamagong,46.83,45.0,1.83,0.041,0.5582,confirmed,Forest Zone
12456,8,Kamagong,46.74,45.0,1.74,0.039,0.5636,confirmed,Forest Zone
12486,8,Kamagong,47.09,45.0,2.09,0.046,0.5428,confirmed,Forest Zone
12601,8,Kamagong,46.55,45.0,1.55,0.034,0.5748,confirmed,Forest Zone
12611,8,Kamagong,46.08,45.0,1.08,0.024,0.6027,confirmed,Forest Zone
12705,8,Kamagong,46.3,45.0,1.3,0.029,0.5896,confirmed,Forest Zone
12712,8,Kamagong,45.73,45.0,0.73,0.016,0.6234,confirmed,Forest Zone
12721,8,Kamagong,46.01,45.0,1.01,0.022,0.6068,confirmed,Forest Zone
12777,8,Kamagong,47.32,45.0,2.32,0.052,0.5292,unconfirmed,
12815,8,Kamagong,46.4,45.0,1.4,0.031,0.5837,confirmed,Forest Zone
12816,8,Kamagong,46.29,45.0,1.29,0.029,0.5902,confirmed,Forest Zone
12835,8,Kamagong,47.53,45.0,2.53,0.056,0.5167,confirmed,Forest Zone
12942,8,Kamagong,47.09,45.0,2.09,0.046,0.5428,confirmed,Forest Zone
13042,8,Kamagong,45.51,45.0,0.51,0.011,0.6364,unconfirmed,
13043,8,Kamagong,46.13,45.0,1.13,0.025,0.5997,unconfirmed,
13154,8,Kamagong,46.83,45.0,1.83,0.041,0.5582,unconfirmed,
13183,8,Kamagong,45.51,45.0,0.51,0.011,0.6364,confirmed,Forest Zone
13230,8,Kamagong,45.64,45.0,0.64,0.014,0.6287,confirmed,Forest Zone
13237,8,Kamagong,47.36,45.0,2.36,0.052,0.5268,unconfirmed,
13293,8,Kamagong,47.2,45.0,2.2,0.049,0.5363,confirmed,Forest Zone
13294,8,Kamagong,46.88,45.0,1.88,0.042,0.5553,confirmed,Forest Zone
13342,8,Kamagong,47.09,45.0,2.09,0.046,0.5428,confirmed,Forest Zone
13361,8,Kamagong,45.17,45.0,0.17,0.004,0.6566,unconfirmed,
13389,8,Kamagong,46.56,45.0,1.56,0.035,0.5742,unconfirmed,
13399,8,Kamagong,45.91,45.0,0.91,0.02,0.6127,confirmed,Forest Zone
13442,8,Kamagong,45.73,45.0,0.73,0.016,0.6234,unconfirmed,
13443,8,Kamagong,45.69,45.0,0.69,0.015,0.6258,unconfirmed,
13445,8,Kamagong,47.06,45.0,2.06,0.046,0.5446,confirmed,Forest Zone
13451,8,Kamagong,46.19,45.0,1.19,0.026,0.5961,confirmed,Forest Zone
13490,8,Kamagong,47.04,45.0,2.04,0.045,0.5458,unconfirmed,
13512,8,Kamagong,47.19,45.0,2.19,0.049,0.5369,confirmed,Forest Zone
13583,8,Kamagong,45.67,45.0,0.67,0.015,0.627,unconfirmed,
13584,8,Kamagong,45.55,45.0,0.55,0.012,0.6341,unconfirmed,
13602,8,Kamagong,45.25,45.0,0.25,0.006,0.6519,unconfirmed,
13622,8,Kamagong,45.24,45.0,0.24,0.005,0.6524,confirmed,Forest Zone
13685,8,Kamagong,45.03,45.0,0.03,0.001,0.6649,unconfirmed,
13705,8,Kamagong,47.79,45.0,2.79,0.062,0.5013,unconfirmed,
13707,8,Kamagong,46.38,45.0,1.38,0.031,0.5849,unconfirmed,
13709,8,Kamagong,45.03,45.0,0.03,0.001,0.6649,unconfirmed,
13925,8,Kamagong,45.2,45.0,0.2,0.004,0.6548,unconfirmed,
13940,8,Kamagong,46.84,45.0,1.84,0.041,0.5576,unconfirmed,
14112,8,Kamagong,46.54,45.0,1.54,0.034,0.5754,unconfirmed,
14174,8,Kamagong,46.68,45.0,1.68,0.037,0.5671,confirmed,Forest Zone
14216,8,Kamagong,46.36,45.0,1.36,0.03,0.5861,unconfirmed,
14223,8,Kamagong,47.73,45.0,2.73,0.061,0.5049,unconfirmed,
14261,8,Kamagong,47.57,45.0,2.57,0.057,0.5144,unconfirmed,
14267,8,Kamagong,46.73,45.0,1.73,0.038,0.5641,unconfirmed,
14273,8,Kamagong,46.75,45.0,1.75,0.039,0.563,unconfirmed,
14358,8,Kamagong,45.67,45.0,0.67,0.015,0.627,unconfirmed,
14370,8,Kamagong,47.7,45.0,2.7,0.06,0.5067,unconfirmed,
14458,8,Kamagong,45.67,45.0,0.67,0.015,0.627,unconfirmed,
14773,8,Kamagong,46.25,45.0,1.25,0.028,0.5926,unconfirmed,
14775,8,Kamagong,47.03,45.0,2.03,0.045,0.5464,unconfirmed,
14779,8,Kamagong,46.11,45.0,1.11,0.025,0.6009,unconfirmed,
14790,8,Kamagong,45.58,45.0,0.58,0.013,0.6323,unconfirmed,
14793,8,Kamagong,46.45,45.0,1.45,0.032,0.5807,unconfirmed,
14893,8,Kamagong,47.8,45.0,2.8,0.062,0.5007,unconfirmed,
14999,8,Kamagong,45.13,45.0,0.13,0.003,0.659,unconfirmed,
15002,8,Kamagong,45.39,45.0,0.39,0.009,0.6436,unconfirmed,
15107,8,Kamagong,45.68,45.0,0.68,0.015,0.6264,unconfirmed,
15113,8,Kamagong,46.55,45.0,1.55,0.034,0.5748,unconfirmed,
15218,8,Kamagong,45.89,45.0,0.89,0.02,0.6139,unconfirmed,
15442,8,Kamagong,47.57,45.0,2.57,0.057,0.5144,unconfirmed,
15444,8,Kamagong,45.9,45.0,0.9,0.02,0.6133,unconfirmed,
15549,8,Kamagong,45.93,45.0,0.93,0.021,0.6116,unconfirmed,
15551,8,Kamagong,47.01,45.0,2.01,0.045,0.5476,unconfirmed,
15553,8,Kamagong,46.37,45.0,1.37,0.03,0.5855,unconfirmed,
15771,8,Kamagong,47.28,45.0,2.28,0.051,0.5316,unconfirmed,
15775,8,Kamagong,47.8,45.0,2.8,0.062,0.5007,unconfirmed,
16220,8,Kamagong,46.25,45.0,1.25,0.028,0.5926,unconfirmed,
3991,9,Katmon,46.11,45.0,1.11,0.025,0.507,confirmed,Socialized Housing Zone
3992,9,Katmon,45.02,45.0,0.02,0.0,0.5615,confirmed,Socialized Housing Zone
4720,9,Katmon,45.82,45.0,0.82,0.018,0.5215,confirmed,Forest Zone
4830,9,Katmon,45.93,45.0,0.93,0.021,0.516,confirmed,Forest Zone
4942,9,Katmon,45.81,45.0,0.81,0.018,0.522,confirmed,Forest Zone
5051,9,Katmon,45.58,45.0,0.58,0.013,0.5335,confirmed,Forest Zone
5258,9,Katmon,45.74,45.0,0.74,0.016,0.5255,confirmed,Forest Zone
5375,9,Katmon,45.28,45.0,0.28,0.006,0.5485,confirmed,Forest Zone
5380,9,Katmon,45.67,45.0,0.67,0.015,0.529,confirmed,Forest Zone
5605,9,Katmon,46.13,45.0,1.13,0.025,0.506,confirmed,Forest Zone
5921,9,Katmon,46.07,45.0,1.07,0.024,0.509,confirmed,Forest Zone
6251,9,Katmon,45.51,45.0,0.51,0.011,0.537,confirmed,Forest Zone
6367,9,Katmon,45.56,45.0,0.56,0.012,0.5345,confirmed,Forest Zone
6424,9,Katmon,45.29,45.0,0.29,0.006,0.548,unconfirmed,
6475,9,Katmon,45.41,45.0,0.41,0.009,0.542,confirmed,Forest Zone
6814,9,Katmon,45.08,45.0,0.08,0.002,0.5585,confirmed,Forest Zone
6855,9,Katmon,45.28,45.0,0.28,0.006,0.5485,confirmed,Forest Zone
6856,9,Katmon,45.01,45.0,0.01,0.0,0.562,confirmed,Forest Zone
6930,9,Katmon,45.7,45.0,0.7,0.016,0.5275,confirmed,Forest Zone
6970,9,Katmon,45.85,45.0,0.85,0.019,0.52,confirmed,Forest Zone
7039,9,Katmon,45.31,45.0,0.31,0.007,0.547,confirmed,Forest Zone
7248,9,Katmon,45.83,45.0,0.83,0.018,0.6175,confirmed,Forest Zone
7251,9,Katmon,46.22,45.0,1.22,0.027,0.5944,confirmed,Forest Zone
7360,9,Katmon,45.86,45.0,0.86,0.019,0.6157,confirmed,Institutional Research Zone
7361,9,Katmon,47.46,45.0,2.46,0.055,0.5209,confirmed,Institutional Research Zone
7465,9,Katmon,45.57,45.0,0.57,0.013,0.6329,confirmed,Forest Zone
7471,9,Katmon,45.29,45.0,0.29,0.006,0.6495,confirmed,Institutional Research Zone
7594,9,Katmon,45.81,45.0,0.81,0.018,0.522,confirmed,Forest Zone
7716,9,Katmon,45.04,45.0,0.04,0.001,0.5605,confirmed,Forest Zone
7908,9,Katmon,45.03,45.0,0.03,0.001,0.6649,confirmed,Forest Zone
7909,9,Katmon,46.09,45.0,1.09,0.024,0.6021,confirmed,Institutional Research Zone
7910,9,Katmon,46.4,45.0,1.4,0.031,0.5837,confirmed,Institutional Research Zone
8267,9,Katmon,45.24,45.0,0.24,0.005,0.5505,confirmed,Forest Zone
8353,9,Katmon,45.25,45.0,0.25,0.006,0.6519,confirmed,Forest Zone
8469,9,Katmon,47.2,45.0,2.2,0.049,0.5363,confirmed,Forest Zone
8576,9,Katmon,47.04,45.0,2.04,0.045,0.5458,confirmed,Forest Zone
8581,9,Katmon,45.41,45.0,0.41,0.009,0.6424,confirmed,Forest Zone
8721,9,Katmon,45.9,45.0,0.9,0.02,0.5175,confirmed,Forest Zone
8925,9,Katmon,46.15,45.0,1.15,0.026,0.505,confirmed,Forest Zone
8926,9,Katmon,46.21,45.0,1.21,0.027,0.502,confirmed,Forest Zone
9034,9,Katmon,45.98,45.0,0.98,0.022,0.6086,confirmed,Forest Zone
9141,9,Katmon,45.66,45.0,0.66,0.015,0.6276,confirmed,Forest Zone
9277,9,Katmon,45.42,45.0,0.42,0.009,0.5415,confirmed,Forest Zone
9472,9,Katmon,46.95,45.0,1.95,0.043,0.5511,confirmed,Forest Zone
9696,9,Katmon,45.98,45.0,0.98,0.022,0.6086,confirmed,Forest Zone
9785,9,Katmon,46.63,45.0,1.63,0.036,0.5701,confirmed,Forest Zone
9791,9,Katmon,45.14,45.0,0.14,0.003,0.6584,confirmed,Forest Zone
10014,9,Katmon,45.93,45.0,0.93,0.021,0.6116,confirmed,Forest Zone
10341,9,Katmon,45.91,45.0,0.91,0.02,0.6127,confirmed,Forest Zone
10357,9,Katmon,45.24,45.0,0.24,0.005,0.6524,confirmed,Forest Zone
10579,9,Katmon,46.23,45.0,1.23,0.027,0.5938,confirmed,Forest Zone
10708,9,Katmon,46.2,45.0,1.2,0.027,0.5956,confirmed,Forest Zone
11032,9,Katmon,46.83,45.0,1.83,0.041,0.5582,confirmed,Forest Zone
11036,9,Katmon,45.61,45.0,0.61,0.014,0.6305,confirmed,Forest Zone
11038,9,Katmon,45.51,45.0,0.51,0.011,0.6364,confirmed,Forest Zone
11236,9,Katmon,45.52,45.0,0.52,0.012,0.6359,confirmed,Forest Zone
11260,9,Katmon,47.72,45.0,2.72,0.06,0.5055,confirmed,Forest Zone
11485,9,Katmon,47.04,45.0,2.04,0.045,0.5458,confirmed,Forest Zone
11703,9,Katmon,45.37,45.0,0.37,0.008,0.6447,confirmed,Forest Zone
11786,9,Katmon,46.06,45.0,1.06,0.024,0.6039,confirmed,Forest Zone
11794,9,Katmon,47.46,45.0,2.46,0.055,0.5209,confirmed,Forest Zone
11820,9,Katmon,45.65,45.0,0.65,0.014,0.6281,confirmed,Forest Zone
11904,9,Katmon,46.57,45.0,1.57,0.035,0.5736,confirmed,Forest Zone
11931,9,Katmon,47.2,45.0,2.2,0.049,0.5363,confirmed,Forest Zone
12044,9,Katmon,47.0,45.0,2.0,0.044,0.5481,confirmed,Forest Zone
12152,9,Katmon,45.91,45.0,0.91,0.02,0.6127,confirmed,Forest Zone
12274,9,Katmon,45.27,45.0,0.27,0.006,0.6507,confirmed,Forest Zone
12351,9,Katmon,45.02,45.0,0.02,0.0,0.6655,confirmed,Forest Zone
12452,9,Katmon,46.83,45.0,1.83,0.041,0.5582,confirmed,Forest Zone
12456,9,Katmon,46.74,45.0,1.74,0.039,0.5636,confirmed,Forest Zone
12486,9,Katmon,47.09,45.0,2.09,0.046,0.5428,confirmed,Forest Zone
12601,9,Katmon,46.55,45.0,1.55,0.034,0.5748,confirmed,Forest Zone
12611,9,Katmon,46.08,45.0,1.08,0.024,0.6027,confirmed,Forest Zone
12705,9,Katmon,46.3,45.0,1.3,0.029,0.5896,confirmed,Forest Zone
12712,9,Katmon,45.73,45.0,0.73,0.016,0.6234,confirmed,Forest Zone
12721,9,Katmon,46.01,45.0,1.01,0.022,0.6068,confirmed,Forest Zone
12777,9,Katmon,47.32,45.0,2.32,0.052,0.5292,unconfirmed,
12815,9,Katmon,46.4,45.0,1.4,0.031,0.5837,confirmed,Forest Zone
12816,9,Katmon,46.29,45.0,1.29,0.029,0.5902,confirmed,Forest Zone
12835,9,Katmon,47.53,45.0,2.53,0.056,0.5167,confirmed,Forest Zone
12942,9,Katmon,47.09,45.0,2.09,0.046,0.5428,confirmed,Forest Zone
13042,9,Katmon,45.51,45.0,0.51,0.011,0.6364,unconfirmed,
13043,9,Katmon,46.13,45.0,1.13,0.025,0.5997,unconfirmed,
13154,9,Katmon,46.83,45.0,1.83,0.041,0.5582,unconfirmed,
13183,9,Katmon,45.51,45.0,0.51,0.011,0.6364,confirmed,Forest Zone
13230,9,Katmon,45.64,45.0,0.64,0.014,0.6287,confirmed,Forest Zone
13237,9,Katmon,47.36,45.0,2.36,0.052,0.5268,unconfirmed,
13293,9,Katmon,47.2,45.0,2.2,0.049,0.5363,confirmed,Forest Zone
13294,9,Katmon,46.88,45.0,1.88,0.042,0.5553,confirmed,Forest Zone
13342,9,Katmon,47.09,45.0,2.09,0.046,0.5428,confirmed,Forest Zone
13361,9,Katmon,45.17,45.0,0.17,0.004,0.6566,unconfirmed,
13389,9,Katmon,46.56,45.0,1.56,0.035,0.5742,unconfirmed,
13399,9,Katmon,45.91,45.0,0.91,0.02,0.6127,confirmed,Forest Zone
13442,9,Katmon,45.73,45.0,0.73,0.016,0.6234,unconfirmed,
13443,9,Katmon,45.69,45.0,0.69,0.015,0.6258,unconfirmed,
13445,9,Katmon,47.06,45.0,2.06,0.046,0.5446,confirmed,Forest Zone
13451,9,Katmon,46.19,45.0,1.19,0.026,0.5961,confirmed,Forest Zone
13490,9,Katmon,47.04,45.0,2.04,0.045,0.5458,unconfirmed,
13512,9,Katmon,47.19,45.0,2.19,0.049,0.5369,confirmed,Forest Zone
13583,9,Katmon,45.67,45.0,0.67,0.015,0.627,unconfirmed,
13584,9,Katmon,45.55,45.0,0.55,0.012,0.6341,unconfirmed,
13602,9,Katmon,45.25,45.0,0.25,0.006,0.6519,unconfirmed,
13622,9,Katmon,45.24,45.0,0.24,0.005,0.6524,confirmed,Forest Zone
13685,9,Katmon,45.03,45.0,0.03,0.001,0.6649,unconfirmed,
13705,9,Katmon,47.79,45.0,2.79,0.062,0.5013,unconfirmed,
13707,9,Katmon,46.38,45.0,1.38,0.031,0.5849,unconfirmed,
13709,9,Katmon,45.03,45.0,0.03,0.001,0.6649,unconfirmed,
13925,9,Katmon,45.2,45.0,0.2,0.004,0.6548,unconfirmed,
13940,9,Katmon,46.84,45.0,1.84,0.041,0.5576,unconfirmed,
14112,9,Katmon,46.54,45.0,1.54,0.034,0.5754,unconfirmed,
14174,9,Katmon,46.68,45.0,1.68,0.037,0.5671,confirmed,Forest Zone
14216,9,Katmon,46.36,45.0,1.36,0.03,0.5861,unconfirmed,
14223,9,Katmon,47.73,45.0,2.73,0.061,0.5049,unconfirmed,
14261,9,Katmon,47.57,45.0,2.57,0.057,0.5144,unconfirmed,
14267,9,Katmon,46.73,45.0,1.73,0.038,0.5641,unconfirmed,
14273,9,Katmon,46.75,45.0,1.75,0.039,0.563,unconfirmed,
14358,9,Katmon,45.67,45.0,0.67,0.015,0.627,unconfirmed,
14370,9,Katmon,47.7,45.0,2.7,0.06,0.5067,unconfirmed,
14458,9,Katmon,45.67,45.0,0.67,0.015,0.627,unconfirmed,
14773,9,Katmon,46.25,45.0,1.25,0.028,0.5926,unconfirmed,
14775,9,Katmon,47.03,45.0,2.03,0.045,0.5464,unconfirmed,
14779,9,Katmon,46.11,45.0,1.11,0.025,0.6009,unconfirmed,
14790,9,Katmon,45.58,45.0,0.58,0.013,0.6323,unconfirmed,
14793,9,Katmon,46.45,45.0,1.45,0.032,0.5807,unconfirmed,
14893,9,Katmon,47.8,45.0,2.8,0.062,0.5007,unconfirmed,
14999,9,Katmon,45.13,45.0,0.13,0.003,0.659,unconfirmed,
15002,9,Katmon,45.39,45.0,0.39,0.009,0.6436,unconfirmed,
15107,9,Katmon,45.68,45.0,0.68,0.015,0.6264,unconfirmed,
15113,9,Katmon,46.55,45.0,1.55,0.034,0.5748,unconfirmed,
15218,9,Katmon,45.89,45.0,0.89,0.02,0.6139,unconfirmed,
15442,9,Katmon,47.57,45.0,2.57,0.057,0.5144,unconfirmed,
15444,9,Katmon,45.9,45.0,0.9,0.02,0.6133,unconfirmed,
15549,9,Katmon,45.93,45.0,0.93,0.021,0.6116,unconfirmed,
15551,9,Katmon,47.01,45.0,2.01,0.045,0.5476,unconfirmed,
15553,9,Katmon,46.37,45.0,1.37,0.03,0.5855,unconfirmed,
15771,9,Katmon,47.28,45.0,2.28,0.051,0.5316,unconfirmed,
15775,9,Katmon,47.8,45.0,2.8,0.062,0.5007,unconfirmed,
16220,9,Katmon,46.25,45.0,1.25,0.028,0.5926,unconfirmed,
3990,10,Batikuling,46.59,45.0,1.59,0.035,0.5724,confirmed,Socialized Housing Zone
3991,10,Batikuling,46.11,45.0,1.11,0.025,0.6009,confirmed,Socialized Housing Zone
3992,10,Batikuling,45.02,45.0,0.02,0.0,0.6655,confirmed,Socialized Housing Zone
4720,10,Batikuling,45.82,45.0,0.82,0.018,0.6181,confirmed,Forest Zone
4721,10,Batikuling,47.75,45.0,2.75,0.061,0.5037,confirmed,Forest Zone
4830,10,Batikuling,45.93,45.0,0.93,0.021,0.6116,confirmed,Forest Zone
4942,10,Batikuling,45.81,45.0,0.81,0.018,0.6187,confirmed,Forest Zone
5038,10,Batikuling,47.42,45.0,2.42,0.054,0.5233,confirmed,Forest Zone
5051,10,Batikuling,45.58,45.0,0.58,0.013,0.6323,confirmed,Forest Zone
5059,10,Batikuling,47.03,45.0,2.03,0.045,0.5464,confirmed,Forest Zone
5258,10,Batikuling,45.74,45.0,0.74,0.016,0.6228,confirmed,Forest Zone
5369,10,Batikuling,47.65,45.0,2.65,0.059,0.5096,confirmed,Forest Zone
5375,10,Batikuling,45.28,45.0,0.28,0.006,0.6501,confirmed,Forest Zone
5380,10,Batikuling,45.67,45.0,0.67,0.015,0.627,confirmed,Forest Zone
5479,10,Batikuling,47.73,45.0,2.73,0.061,0.5049,confirmed,Forest Zone
5486,10,Batikuling,46.43,45.0,1.43,0.032,0.5819,confirmed,Forest Zone
5588,10,Batikuling,46.64,45.0,1.64,0.036,0.5695,confirmed,Forest Zone
5595,10,Batikuling,47.58,45.0,2.58,0.057,0.5138,confirmed,Forest Zone
5597,10,Batikuling,47.33,45.0,2.33,0.052,0.5286,confirmed,Forest Zone
5605,10,Batikuling,46.13,45.0,1.13,0.025,0.5997,confirmed,Forest Zone
5722,10,Batikuling,47.23,45.0,2.23,0.05,0.5345,confirmed,Forest Zone
5807,10,Batikuling,47.33,45.0,2.33,0.052,0.5286,confirmed,Forest Zone
5920,10,Batikuling,47.42,45.0,2.42,0.054,0.5233,confirmed,Forest Zone
5921,10,Batikuling,46.07,45.0,1.07,0.024,0.6033,confirmed,Forest Zone
6045,10,Batikuling,46.51,45.0,1.51,0.034,0.5772,confirmed,Forest Zone
6058,10,Batikuling,47.46,45.0,2.46,0.055,0.5209,confirmed,Forest Zone
6141,10,Batikuling,47.57,45.0,2.57,0.057,0.5144,confirmed,Forest Zone
6251,10,Batikuling,45.51,45.0,0.51,0.011,0.6364,confirmed,Forest Zone
6313,10,Batikuling,47.53,45.0,2.53,0.056,0.5167,confirmed,Forest Zone
6367,10,Batikuling,45.56,45.0,0.56,0.012,0.6335,confirmed,Forest Zone
6368,10,Batikuling,47.45,45.0,2.45,0.054,0.5215,confirmed,Forest Zone
6424,10,Batikuling,45.29,45.0,0.29,0.006,0.6495,unconfirmed,
6471,10,Batikuling,46.6,45.0,1.6,0.036,0.5719,confirmed,Forest Zone
6475,10,Batikuling,45.41,45.0,0.41,0.009,0.6424,confirmed,Forest Zone
6518,10,Batikuling,47.2,45.0,2.2,0.049,0.5363,confirmed,Forest Zone
6813,10,Batikuling,46.84,45.0,1.84,0.041,0.5576,confirmed,Forest Zone
6814,10,Batikuling,45.08,45.0,0.08,0.002,0.6619,confirmed,Forest Zone
6855,10,Batikuling,45.28,45.0,0.28,0.006,0.6501,confirmed,Forest Zone
6856,10,Batikuling,45.01,45.0,0.01,0.0,0.6661,confirmed,Forest Zone
6917,10,Batikuling,47.0,45.0,2.0,0.044,0.5481,confirmed,Forest Zone
6930,10,Batikuling,45.7,45.0,0.7,0.016,0.6252,confirmed,Forest Zone
6970,10,Batikuling,45.85,45.0,0.85,0.019,0.6163,confirmed,Forest Zone
7035,10,Batikuling,46.79,45.0,1.79,0.04,0.5606,confirmed,Forest Zone
7039,10,Batikuling,45.31,45.0,0.31,0.007,0.6483,confirmed,Forest Zone
7147,10,Batikuling,46.31,45.0,1.31,0.029,0.589,confirmed,Forest Zone
7248,10,Batikuling,45.83,45.0,0.83,0.018,0.6175,confirmed,Forest Zone
7251,10,Batikuling,46.22,45.0,1.22,0.027,0.5944,confirmed,Forest Zone
7252,10,Batikuling,46.71,45.0,1.71,0.038,0.5653,confirmed,Forest Zone
7360,10,Batikuling,45.86,45.0,0.86,0.019,0.6157,confirmed,Institutional Research Zone
7361,10,Batikuling,47.46,45.0,2.46,0.055,0.5209,confirmed,Institutional Research Zone
7465,10,Batikuling,45.57,45.0,0.57,0.013,0.6329,confirmed,Forest Zone
7471,10,Batikuling,45.29,45.0,0.29,0.006,0.6495,confirmed,Institutional Research Zone
7487,10,Batikuling,46.73,45.0,1.73,0.038,0.5641,confirmed,Forest Zone
7594,10,Batikuling,45.81,45.0,0.81,0.018,0.6187,confirmed,Forest Zone
7605,10,Batikuling,46.73,45.0,1.73,0.038,0.5641,confirmed,Forest Zone
7716,10,Batikuling,45.04,45.0,0.04,0.001,0.6643,confirmed,Forest Zone
7825,10,Batikuling,46.77,45.0,1.77,0.039,0.5618,confirmed,Forest Zone
7829,10,Batikuling,47.76,45.0,2.76,0.061,0.5031,confirmed,Forest Zone
7908,10,Batikuling,45.03,45.0,0.03,0.001,0.6649,confirmed,Forest Zone
7909,10,Batikuling,46.09,45.0,1.09,0.024,0.6021,confirmed,Institutional Research Zone
7910,10,Batikuling,46.4,45.0,1.4,0.031,0.5837,confirmed,Institutional Research Zone
7922,10,Batikuling,47.21,45.0,2.21,0.049,0.5357,confirmed,Forest Zone
8033,10,Batikuling,47.45,45.0,2.45,0.054,0.5215,confirmed,Forest Zone
8050,10,Batikuling,47.29,45.0,2.29,0.051,0.531,confirmed,Forest Zone
8057,10,Batikuling,47.56,45.0,2.56,0.057,0.515,confirmed,Forest Zone
8167,10,Batikuling,46.56,45.0,1.56,0.035,0.5742,confirmed,Forest Zone
8172,10,Batikuling,46.54,45.0,1.54,0.034,0.5754,confirmed,Forest Zone
8267,10,Batikuling,45.24,45.0,0.24,0.005,0.6524,confirmed,Forest Zone
8353,10,Batikuling,45.25,45.0,0.25,0.006,0.6519,confirmed,Forest Zone
8469,10,Batikuling,47.2,45.0,2.2,0.049,0.5363,confirmed,Forest Zone
8576,10,Batikuling,47.04,45.0,2.04,0.045,0.5458,confirmed,Forest Zone
8581,10,Batikuling,45.41,45.0,0.41,0.009,0.6424,confirmed,Forest Zone
8721,10,Batikuling,45.9,45.0,0.9,0.02,0.6133,confirmed,Forest Zone
8925,10,Batikuling,46.15,45.0,1.15,0.026,0.5985,confirmed,Forest Zone
8926,10,Batikuling,46.21,45.0,1.21,0.027,0.595,confirmed,Forest Zone
9034,10,Batikuling,45.98,45.0,0.98,0.022,0.6086,confirmed,Forest Zone
9043,10,Batikuling,46.34,45.0,1.34,0.03,0.5873,confirmed,Forest Zone
9141,10,Batikuling,45.66,45.0,0.66,0.015,0.6276,confirmed,Forest Zone
9277,10,Batikuling,45.42,45.0,0.42,0.009,0.6418,confirmed,Forest Zone
9278,10,Batikuling,47.35,45.0,2.35,0.052,0.5274,confirmed,Forest Zone
9472,10,Batikuling,46.95,45.0,1.95,0.043,0.5511,confirmed,Forest Zone
9696,10,Batikuling,45.98,45.0,0.98,0.022,0.6086,confirmed,Forest Zone
9785,10,Batikuling,46.63,45.0,1.63,0.036,0.5701,confirmed,Forest Zone
9791,10,Batikuling,45.14,45.0,0.14,0.003,0.6584,confirmed,Forest Zone
10014,10,Batikuling,45.93,45.0,0.93,0.021,0.6116,confirmed,Forest Zone
10341,10,Batikuling,45.91,45.0,0.91,0.02,0.6127,confirmed,Forest Zone
10357,10,Batikuling,45.24,45.0,0.24,0.005,0.6524,confirmed,Forest Zone
10579,10,Batikuling,46.23,45.0,1.23,0.027,0.5938,confirmed,Forest Zone
10708,10,Batikuling,46.2,45.0,1.2,0.027,0.5956,confirmed,Forest Zone
11032,10,Batikuling,46.83,45.0,1.83,0.041,0.5582,confirmed,Forest Zone
11036,10,Batikuling,45.61,45.0,0.61,0.014,0.6305,confirmed,Forest Zone
11038,10,Batikuling,45.51,45.0,0.51,0.011,0.6364,confirmed,Forest Zone
11236,10,Batikuling,45.52,45.0,0.52,0.012,0.6359,confirmed,Forest Zone
11260,10,Batikuling,47.72,45.0,2.72,0.06,0.5055,confirmed,Forest Zone
11485,10,Batikuling,47.04,45.0,2.04,0.045,0.5458,confirmed,Forest Zone
11703,10,Batikuling,45.37,45.0,0.37,0.008,0.6447,confirmed,Forest Zone
11786,10,Batikuling,46.06,45.0,1.06,0.024,0.6039,confirmed,Forest Zone
11794,10,Batikuling,47.46,45.0,2.46,0.055,0.5209,confirmed,Forest Zone
11820,10,Batikuling,45.65,45.0,0.65,0.014,0.6281,confirmed,Forest Zone
11904,10,Batikuling,46.57,45.0,1.57,0.035,0.5736,confirmed,Forest Zone
11931,10,Batikuling,47.2,45.0,2.2,0.049,0.5363,confirmed,Forest Zone
12044,10,Batikuling,47.0,45.0,2.0,0.044,0.5481,confirmed,Forest Zone
12152,10,Batikuling,45.91,45.0,0.91,0.02,0.6127,confirmed,Forest Zone
12274,10,Batikuling,45.27,45.0,0.27,0.006,0.6507,confirmed,Forest Zone
12351,10,Batikuling,45.02,45.0,0.02,0.0,0.6655,confirmed,Forest Zone
12452,10,Batikuling,46.83,45.0,1.83,0.041,0.5582,confirmed,Forest Zone
12456,10,Batikuling,46.74,45.0,1.74,0.039,0.5636,confirmed,Forest Zone
12486,10,Batikuling,47.09,45.0,2.09,0.046,0.5428,confirmed,Forest Zone
12601,10,Batikuling,46.55,45.0,1.55,0.034,0.5748,confirmed,Forest Zone
12611,10,Batikuling,46.08,45.0,1.08,0.024,0.6027,confirmed,Forest Zone
12705,10,Batikuling,46.3,45.0,1.3,0.029,0.5896,confirmed,Forest Zone
12712,10,Batikuling,45.73,45.0,0.73,0.016,0.6234,confirmed,Forest Zone
12721,10,Batikuling,46.01,45.0,1.01,0.022,0.6068,confirmed,Forest Zone
12777,10,Batikuling,47.32,45.0,2.32,0.052,0.5292,unconfirmed,
12815,10,Batikuling,46.4,45.0,1.4,0.031,0.5837,confirmed,Forest Zone
12816,10,Batikuling,46.29,45.0,1.29,0.029,0.5902,confirmed,Forest Zone
12835,10,Batikuling,47.53,45.0,2.53,0.056,0.5167,confirmed,Forest Zone
12942,10,Batikuling,47.09,45.0,2.09,0.046,0.5428,confirmed,Forest Zone
13042,10,Batikuling,45.51,45.0,0.51,0.011,0.6364,unconfirmed,
13043,10,Batikuling,46.13,45.0,1.13,0.025,0.5997,unconfirmed,
13154,10,Batikuling,46.83,45.0,1.83,0.041,0.5582,unconfirmed,
13183,10,Batikuling,45.51,45.0,0.51,0.011,0.6364,confirmed,Forest Zone
13230,10,Batikuling,45.64,45.0,0.64,0.014,0.6287,confirmed,Forest Zone
13237,10,Batikuling,47.36,45.0,2.36,0.052,0.5268,unconfirmed,
13293,10,Batikuling,47.2,45.0,2.2,0.049,0.5363,confirmed,Forest Zone
13294,10,Batikuling,46.88,45.0,1.88,0.042,0.5553,confirmed,Forest Zone
13342,10,Batikuling,47.09,45.0,2.09,0.046,0.5428,confirmed,Forest Zone
13361,10,Batikuling,45.17,45.0,0.17,0.004,0.6566,unconfirmed,
13389,10,Batikuling,46.56,45.0,1.56,0.035,0.5742,unconfirmed,
13399,10,Batikuling,45.91,45.0,0.91,0.02,0.6127,confirmed,Forest Zone
13442,10,Batikuling,45.73,45.0,0.73,0.016,0.6234,unconfirmed,
13443,10,Batikuling,45.69,45.0,0.69,0.015,0.6258,unconfirmed,
13445,10,Batikuling,47.06,45.0,2.06,0.046,0.5446,confirmed,Forest Zone
13451,10,Batikuling,46.19,45.0,1.19,0.026,0.5961,confirmed,Forest Zone
13490,10,Batikuling,47.04,45.0,2.04,0.045,0.5458,unconfirmed,
13512,10,Batikuling,47.19,45.0,2.19,0.049,0.5369,confirmed,Forest Zone
13583,10,Batikuling,45.67,45.0,0.67,0.015,0.627,unconfirmed,
13584,10,Batikuling,45.55,45.0,0.55,0.012,0.6341,unconfirmed,
13602,10,Batikuling,45.25,45.0,0.25,0.006,0.6519,unconfirmed,
13622,10,Batikuling,45.24,45.0,0.24,0.005,0.6524,confirmed,Forest Zone
13685,10,Batikuling,45.03,45.0,0.03,0.001,0.6649,unconfirmed,
13705,10,Batikuling,47.79,45.0,2.79,0.062,0.5013,unconfirmed,
13707,10,Batikuling,46.38,45.0,1.38,0.031,0.5849,unconfirmed,
13709,10,Batikuling,45.03,45.0,0.03,0.001,0.6649,unconfirmed,
13925,10,Batikuling,45.2,45.0,0.2,0.004,0.6548,unconfirmed,
13940,10,Batikuling,46.84,45.0,1.84,0.041,0.5576,unconfirmed,
14112,10,Batikuling,46.54,45.0,1.54,0.034,0.5754,unconfirmed,
14174,10,Batikuling,46.68,45.0,1.68,0.037,0.5671,confirmed,Forest Zone
14216,10,Batikuling,46.36,45.0,1.36,0.03,0.5861,unconfirmed,
14223,10,Batikuling,47.73,45.0,2.73,0.061,0.5049,unconfirmed,
14261,10,Batikuling,47.57,45.0,2.57,0.057,0.5144,unconfirmed,
14267,10,Batikuling,46.73,45.0,1.73,0.038,0.5641,unconfirmed,
14273,10,Batikuling,46.75,45.0,1.75,0.039,0.563,unconfirmed,
14358,10,Batikuling,45.67,45.0,0.67,0.015,0.627,unconfirmed,
14370,10,Batikuling,47.7,45.0,2.7,0.06,0.5067,unconfirmed,
14458,10,Batikuling,45.67,45.0,0.67,0.015,0.627,unconfirmed,
14773,10,Batikuling,46.25,45.0,1.25,0.028,0.5926,unconfirmed,
14775,10,Batikuling,47.03,45.0,2.03,0.045,0.5464,unconfirmed,
14779,10,Batikuling,46.11,45.0,1.11,0.025,0.6009,unconfirmed,
14790,10,Batikuling,45.58,45.0,0.58,0.013,0.6323,unconfirmed,
14793,10,Batikuling,46.45,45.0,1.45,0.032,0.5807,unconfirmed,
14893,10,Batikuling,47.8,45.0,2.8,0.062,0.5007,unconfirmed,
14999,10,Batikuling,45.13,45.0,0.13,0.003,0.659,unconfirmed,
15002,10,Batikuling,45.39,45.0,0.39,0.009,0.6436,unconfirmed,
15107,10,Batikuling,45.68,45.0,0.68,0.015,0.6264,unconfirmed,
15113,10,Batikuling,46.55,45.0,1.55,0.034,0.5748,unconfirmed,
15218,10,Batikuling,45.89,45.0,0.89,0.02,0.6139,unconfirmed,
15442,10,Batikuling,47.57,45.0,2.57,0.057,0.5144,unconfirmed,
15444,10,Batikuling,45.9,45.0,0.9,0.02,0.6133,unconfirmed,
15549,10,Batikuling,45.93,45.0,0.93,0.021,0.6116,unconfirmed,
15551,10,Batikuling,47.01,45.0,2.01,0.045,0.5476,unconfirmed,
15553,10,Batikuling,46.37,45.0,1.37,0.03,0.5855,unconfirmed,
15771,10,Batikuling,47.28,45.0,2.28,0.051,0.5316,unconfirmed,
15775,10,Batikuling,47.8,45.0,2.8,0.062,0.5007,unconfirmed,
16220,10,Batikuling,46.25,45.0,1.25,0.028,0.5926,unconfirmed,
3990,11,Palosapis,46.59,45.0,1.59,0.035,0.644,confirmed,Socialized Housing Zone
3991,11,Palosapis,46.11,45.0,1.11,0.025,0.676,confirmed,Socialized Housing Zone
3992,11,Palosapis,45.02,45.0,0.02,0.0,0.7487,confirmed,Socialized Housing Zone
4720,11,Palosapis,45.82,45.0,0.82,0.018,0.6953,confirmed,Forest Zone
4721,11,Palosapis,47.75,45.0,2.75,0.061,0.5667,confirmed,Forest Zone
4830,11,Palosapis,45.93,45.0,0.93,0.021,0.688,confirmed,Forest Zone
4942,11,Palosapis,45.81,45.0,0.81,0.018,0.696,confirmed,Forest Zone
5036,11,Palosapis,48.4,45.0,3.4,0.076,0.5233,confirmed,Forest Zone
5038,11,Palosapis,47.42,45.0,2.42,0.054,0.5887,confirmed,Forest Zone
5051,11,Palosapis,45.58,45.0,0.58,0.013,0.7113,confirmed,Forest Zone
5059,11,Palosapis,47.03,45.0,2.03,0.045,0.6147,confirmed,Forest Zone
5258,11,Palosapis,45.74,45.0,0.74,0.016,0.7007,confirmed,Forest Zone
5275,11,Palosapis,48.47,45.0,3.47,0.077,0.5187,confirmed,Forest Zone
5369,11,Palosapis,47.65,45.0,2.65,0.059,0.5733,confirmed,Forest Zone
5375,11,Palosapis,45.28,45.0,0.28,0.006,0.7313,confirmed,Forest Zone
5380,11,Palosapis,45.67,45.0,0.67,0.015,0.7053,confirmed,Forest Zone
5479,11,Palosapis,47.73,45.0,2.73,0.061,0.568,confirmed,Forest Zone
5484,11,Palosapis,48.56,45.0,3.56,0.079,0.5127,confirmed,Forest Zone
5486,11,Palosapis,46.43,45.0,1.43,0.032,0.6547,confirmed,Forest Zone
5588,11,Palosapis,46.64,45.0,1.64,0.036,0.6407,confirmed,Forest Zone
5595,11,Palosapis,47.58,45.0,2.58,0.057,0.578,confirmed,Forest Zone
5597,11,Palosapis,47.33,45.0,2.33,0.052,0.5947,confirmed,Forest Zone
5605,11,Palosapis,46.13,45.0,1.13,0.025,0.6747,confirmed,Forest Zone
5722,11,Palosapis,47.23,45.0,2.23,0.05,0.6013,confirmed,Forest Zone
5807,11,Palosapis,47.33,45.0,2.33,0.052,0.5947,confirmed,Forest Zone
5830,11,Palosapis,48.72,45.0,3.72,0.083,0.502,confirmed,Forest Zone
5920,11,Palosapis,47.42,45.0,2.42,0.054,0.5887,confirmed,Forest Zone
5921,11,Palosapis,46.07,45.0,1.07,0.024,0.6787,confirmed,Forest Zone
6030,11,Palosapis,48.66,45.0,3.66,0.081,0.506,confirmed,Forest Zone
6031,11,Palosapis,47.97,45.0,2.97,0.066,0.552,confirmed,Forest Zone
6045,11,Palosapis,46.51,45.0,1.51,0.034,0.6493,confirmed,Forest Zone
6058,11,Palosapis,47.46,45.0,2.46,0.055,0.586,confirmed,Forest Zone
6141,11,Palosapis,47.57,45.0,2.57,0.057,0.5787,confirmed,Forest Zone
6249,11,Palosapis,48.42,45.0,3.42,0.076,0.522,confirmed,Forest Zone
6251,11,Palosapis,45.51,45.0,0.51,0.011,0.716,confirmed,Forest Zone
6259,11,Palosapis,48.33,45.0,3.33,0.074,0.528,confirmed,Forest Zone
6313,11,Palosapis,47.53,45.0,2.53,0.056,0.5813,confirmed,Forest Zone
6367,11,Palosapis,45.56,45.0,0.56,0.012,0.7127,confirmed,Forest Zone
6368,11,Palosapis,47.45,45.0,2.45,0.054,0.5867,confirmed,Forest Zone
6424,11,Palosapis,45.29,45.0,0.29,0.006,0.7307,unconfirmed,
6471,11,Palosapis,46.6,45.0,1.6,0.036,0.6433,confirmed,Forest Zone
6475,11,Palosapis,45.41,45.0,0.41,0.009,0.7227,confirmed,Forest Zone
6518,11,Palosapis,47.2,45.0,2.2,0.049,0.6033,confirmed,Forest Zone
6813,11,Palosapis,46.84,45.0,1.84,0.041,0.6273,confirmed,Forest Zone
6814,11,Palosapis,45.08,45.0,0.08,0.002,0.7447,confirmed,Forest Zone
6855,11,Palosapis,45.28,45.0,0.28,0.006,0.7313,confirmed,Forest Zone
6856,11,Palosapis,45.01,45.0,0.01,0.0,0.7493,confirmed,Forest Zone
6917,11,Palosapis,47.0,45.0,2.0,0.044,0.6167,confirmed,Forest Zone
6930,11,Palosapis,45.7,45.0,0.7,0.016,0.7033,confirmed,Forest Zone
6970,11,Palosapis,45.85,45.0,0.85,0.019,0.6933,confirmed,Forest Zone
7035,11,Palosapis,46.79,45.0,1.79,0.04,0.6307,confirmed,Forest Zone
7039,11,Palosapis,45.31,45.0,0.31,0.007,0.7293,confirmed,Forest Zone
7147,11,Palosapis,46.31,45.0,1.31,0.029,0.6627,confirmed,Forest Zone
7248,11,Palosapis,45.83,45.0,0.83,0.018,0.6175,confirmed,Forest Zone
7251,11,Palosapis,46.22,45.0,1.22,0.027,0.5944,confirmed,Forest Zone
7252,11,Palosapis,46.71,45.0,1.71,0.038,0.636,confirmed,Forest Zone
7360,11,Palosapis,45.86,45.0,0.86,0.019,0.6157,confirmed,Institutional Research Zone
7361,11,Palosapis,47.46,45.0,2.46,0.055,0.5209,confirmed,Institutional Research Zone
7465,11,Palosapis,45.57,45.0,0.57,0.013,0.6329,confirmed,Forest Zone
7471,11,Palosapis,45.29,45.0,0.29,0.006,0.6495,confirmed,Institutional Research Zone
7487,11,Palosapis,46.73,45.0,1.73,0.038,0.6347,confirmed,Forest Zone
7594,11,Palosapis,45.81,45.0,0.81,0.018,0.696,confirmed,Forest Zone
7605,11,Palosapis,46.73,45.0,1.73,0.038,0.6347,confirmed,Forest Zone
7606,11,Palosapis,48.14,45.0,3.14,0.07,0.5407,confirmed,Forest Zone
7716,11,Palosapis,45.04,45.0,0.04,0.001,0.7473,confirmed,Forest Zone
7825,11,Palosapis,46.77,45.0,1.77,0.039,0.632,confirmed,Forest Zone
7829,11,Palosapis,47.76,45.0,2.76,0.061,0.566,confirmed,Forest Zone
7908,11,Palosapis,45.03,45.0,0.03,0.001,0.6649,confirmed,Forest Zone
7909,11,Palosapis,46.09,45.0,1.09,0.024,0.6021,confirmed,Institutional Research Zone
7910,11,Palosapis,46.4,45.0,1.4,0.031,0.5837,confirmed,Institutional Research Zone
7922,11,Palosapis,47.21,45.0,2.21,0.049,0.6027,confirmed,Forest Zone
8032,11,Palosapis,48.74,45.0,3.74,0.083,0.5007,confirmed,Forest Zone
8033,11,Palosapis,47.45,45.0,2.45,0.054,0.5867,confirmed,Forest Zone
8046,11,Palosapis,48.4,45.0,3.4,0.076,0.5233,confirmed,Forest Zone
8050,11,Palosapis,47.29,45.0,2.29,0.051,0.5973,confirmed,Forest Zone
8057,11,Palosapis,47.56,45.0,2.56,0.057,0.5793,confirmed,Forest Zone
8148,11,Palosapis,48.33,45.0,3.33,0.074,0.528,confirmed,Forest Zone
8164,11,Palosapis,48.33,45.0,3.33,0.074,0.528,confirmed,Forest Zone
8167,11,Palosapis,46.56,45.0,1.56,0.035,0.646,confirmed,Forest Zone
8170,11,Palosapis,48.64,45.0,3.64,0.081,0.5073,confirmed,Forest Zone
8172,11,Palosapis,46.54,45.0,1.54,0.034,0.6473,confirmed,Forest Zone
8265,11,Palosapis,48.36,45.0,3.36,0.075,0.526,confirmed,Forest Zone
8267,11,Palosapis,45.24,45.0,0.24,0.005,0.734,confirmed,Forest Zone
8353,11,Palosapis,45.25,45.0,0.25,0.006,0.6519,confirmed,Forest Zone
8469,11,Palosapis,47.2,45.0,2.2,0.049,0.5363,confirmed,Forest Zone
8576,11,Palosapis,47.04,45.0,2.04,0.045,0.5458,confirmed,Forest Zone
8581,11,Palosapis,45.41,45.0,0.41,0.009,0.6424,confirmed,Forest Zone
8721,11,Palosapis,45.9,45.0,0.9,0.02,0.69,confirmed,Forest Zone
8925,11,Palosapis,46.15,45.0,1.15,0.026,0.6733,confirmed,Forest Zone
8926,11,Palosapis,46.21,45.0,1.21,0.027,0.6693,confirmed,Forest Zone
9034,11,Palosapis,45.98,45.0,0.98,0.022,0.6086,confirmed,Forest Zone
9043,11,Palosapis,46.34,45.0,1.34,0.03,0.6607,confirmed,Forest Zone
9141,11,Palosapis,45.66,45.0,0.66,0.015,0.6276,confirmed,Forest Zone
9277,11,Palosapis,45.42,45.0,0.42,0.009,0.722,confirmed,Forest Zone
9278,11,Palosapis,47.35,45.0,2.35,0.052,0.5933,confirmed,Forest Zone
9288,11,Palosapis,48.64,45.0,3.64,0.081,0.5073,confirmed,Forest Zone
9472,11,Palosapis,46.95,45.0,1.95,0.043,0.5511,confirmed,Forest Zone
9696,11,Palosapis,45.98,45.0,0.98,0.022,0.6086,confirmed,Forest Zone
9785,11,Palosapis,46.63,45.0,1.63,0.036,0.5701,confirmed,Forest Zone
9791,11,Palosapis,45.14,45.0,0.14,0.003,0.6584,confirmed,Forest Zone
10014,11,Palosapis,45.93,45.0,0.93,0.021,0.6116,confirmed,Forest Zone
10341,11,Palosapis,45.91,45.0,0.91,0.02,0.6127,confirmed,Forest Zone
10357,11,Palosapis,45.24,45.0,0.24,0.005,0.6524,confirmed,Forest Zone
10579,11,Palosapis,46.23,45.0,1.23,0.027,0.5938,confirmed,Forest Zone
10708,11,Palosapis,46.2,45.0,1.2,0.027,0.5956,confirmed,Forest Zone
11032,11,Palosapis,46.83,45.0,1.83,0.041,0.5582,confirmed,Forest Zone
11036,11,Palosapis,45.61,45.0,0.61,0.014,0.6305,confirmed,Forest Zone
11038,11,Palosapis,45.51,45.0,0.51,0.011,0.6364,confirmed,Forest Zone
11236,11,Palosapis,45.52,45.0,0.52,0.012,0.6359,confirmed,Forest Zone
11260,11,Palosapis,47.72,45.0,2.72,0.06,0.5055,confirmed,Forest Zone
11485,11,Palosapis,47.04,45.0,2.04,0.045,0.5458,confirmed,Forest Zone
11703,11,Palosapis,45.37,45.0,0.37,0.008,0.6447,confirmed,Forest Zone
11786,11,Palosapis,46.06,45.0,1.06,0.024,0.6039,confirmed,Forest Zone
11794,11,Palosapis,47.46,45.0,2.46,0.055,0.5209,confirmed,Forest Zone
11820,11,Palosapis,45.65,45.0,0.65,0.014,0.6281,confirmed,Forest Zone
11904,11,Palosapis,46.57,45.0,1.57,0.035,0.5736,confirmed,Forest Zone
11931,11,Palosapis,47.2,45.0,2.2,0.049,0.5363,confirmed,Forest Zone
12044,11,Palosapis,47.0,45.0,2.0,0.044,0.5481,confirmed,Forest Zone
12152,11,Palosapis,45.91,45.0,0.91,0.02,0.6127,confirmed,Forest Zone
12274,11,Palosapis,45.27,45.0,0.27,0.006,0.6507,confirmed,Forest Zone
12351,11,Palosapis,45.02,45.0,0.02,0.0,0.6655,confirmed,Forest Zone
12452,11,Palosapis,46.83,45.0,1.83,0.041,0.5582,confirmed,Forest Zone
12456,11,Palosapis,46.74,45.0,1.74,0.039,0.5636,confirmed,Forest Zone
12486,11,Palosapis,47.09,45.0,2.09,0.046,0.5428,confirmed,Forest Zone
12601,11,Palosapis,46.55,45.0,1.55,0.034,0.5748,confirmed,Forest Zone
12611,11,Palosapis,46.08,45.0,1.08,0.024,0.6027,confirmed,Forest Zone
12705,11,Palosapis,46.3,45.0,1.3,0.029,0.5896,confirmed,Forest Zone
12712,11,Palosapis,45.73,45.0,0.73,0.016,0.6234,confirmed,Forest Zone
12721,11,Palosapis,46.01,45.0,1.01,0.022,0.6068,confirmed,Forest Zone
12777,11,Palosapis,47.32,45.0,2.32,0.052,0.5292,unconfirmed,
12815,11,Palosapis,46.4,45.0,1.4,0.031,0.5837,confirmed,Forest Zone
12816,11,Palosapis,46.29,45.0,1.29,0.029,0.5902,confirmed,Forest Zone
12835,11,Palosapis,47.53,45.0,2.53,0.056,0.5167,confirmed,Forest Zone
12942,11,Palosapis,47.09,45.0,2.09,0.046,0.5428,confirmed,Forest Zone
13042,11,Palosapis,45.51,45.0,0.51,0.011,0.6364,unconfirmed,
13043,11,Palosapis,46.13,45.0,1.13,0.025,0.5997,unconfirmed,
13154,11,Palosapis,46.83,45.0,1.83,0.041,0.5582,unconfirmed,
13183,11,Palosapis,45.51,45.0,0.51,0.011,0.6364,confirmed,Forest Zone
13230,11,Palosapis,45.64,45.0,0.64,0.014,0.6287,confirmed,Forest Zone
13237,11,Palosapis,47.36,45.0,2.36,0.052,0.5268,unconfirmed,
13293,11,Palosapis,47.2,45.0,2.2,0.049,0.5363,confirmed,Forest Zone
13294,11,Palosapis,46.88,45.0,1.88,0.042,0.5553,confirmed,Forest Zone
13342,11,Palosapis,47.09,45.0,2.09,0.046,0.5428,confirmed,Forest Zone
13361,11,Palosapis,45.17,45.0,0.17,0.004,0.6566,unconfirmed,
13389,11,Palosapis,46.56,45.0,1.56,0.035,0.5742,unconfirmed,
13399,11,Palosapis,45.91,45.0,0.91,0.02,0.6127,confirmed,Forest Zone
13442,11,Palosapis,45.73,45.0,0.73,0.016,0.6234,unconfirmed,
13443,11,Palosapis,45.69,45.0,0.69,0.015,0.6258,unconfirmed,
13445,11,Palosapis,47.06,45.0,2.06,0.046,0.5446,confirmed,Forest Zone
13451,11,Palosapis,46.19,45.0,1.19,0.026,0.5961,confirmed,Forest Zone
13490,11,Palosapis,47.04,45.0,2.04,0.045,0.5458,unconfirmed,
13512,11,Palosapis,47.19,45.0,2.19,0.049,0.5369,confirmed,Forest Zone
13583,11,Palosapis,45.67,45.0,0.67,0.015,0.627,unconfirmed,
13584,11,Palosapis,45.55,45.0,0.55,0.012,0.6341,unconfirmed,
13602,11,Palosapis,45.25,45.0,0.25,0.006,0.6519,unconfirmed,
13622,11,Palosapis,45.24,45.0,0.24,0.005,0.6524,confirmed,Forest Zone
13685,11,Palosapis,45.03,45.0,0.03,0.001,0.6649,unconfirmed,
13705,11,Palosapis,47.79,45.0,2.79,0.062,0.5013,unconfirmed,
13707,11,Palosapis,46.38,45.0,1.38,0.031,0.5849,unconfirmed,
13709,11,Palosapis,45.03,45.0,0.03,0.001,0.6649,unconfirmed,
13925,11,Palosapis,45.2,45.0,0.2,0.004,0.6548,unconfirmed,
13940,11,Palosapis,46.84,45.0,1.84,0.041,0.5576,unconfirmed,
14112,11,Palosapis,46.54,45.0,1.54,0.034,0.5754,unconfirmed,
14174,11,Palosapis,46.68,45.0,1.68,0.037,0.5671,confirmed,Forest Zone
14216,11,Palosapis,46.36,45.0,1.36,0.03,0.5861,unconfirmed,
14223,11,Palosapis,47.73,45.0,2.73,0.061,0.5049,unconfirmed,
14261,11,Palosapis,47.57,45.0,2.57,0.057,0.5144,unconfirmed,
14267,11,Palosapis,46.73,45.0,1.73,0.038,0.5641,unconfirmed,
14273,11,Palosapis,46.75,45.0,1.75,0.039,0.563,unconfirmed,
14358,11,Palosapis,45.67,45.0,0.67,0.015,0.627,unconfirmed,
14370,11,Palosapis,47.7,45.0,2.7,0.06,0.5067,unconfirmed,
14458,11,Palosapis,45.67,45.0,0.67,0.015,0.627,unconfirmed,
14773,11,Palosapis,46.25,45.0,1.25,0.028,0.5926,unconfirmed,
14775,11,Palosapis,47.03,45.0,2.03,0.045,0.5464,unconfirmed,
14779,11,Palosapis,46.11,45.0,1.11,0.025,0.6009,unconfirmed,
14790,11,Palosapis,45.58,45.0,0.58,0.013,0.6323,unconfirmed,
14793,11,Palosapis,46.45,45.0,1.45,0.032,0.5807,unconfirmed,
14893,11,Palosapis,47.8,45.0,2.8,0.062,0.5007,unconfirmed,
14999,11,Palosapis,45.13,45.0,0.13,0.003,0.659,unconfirmed,
15002,11,Palosapis,45.39,45.0,0.39,0.009,0.6436,unconfirmed,
15107,11,Palosapis,45.68,45.0,0.68,0.015,0.6264,unconfirmed,
15113,11,Palosapis,46.55,45.0,1.55,0.034,0.5748,unconfirmed,
15218,11,Palosapis,45.89,45.0,0.89,0.02,0.6139,unconfirmed,
15442,11,Palosapis,47.57,45.0,2.57,0.057,0.5144,unconfirmed,
15444,11,Palosapis,45.9,45.0,0.9,0.02,0.6133,unconfirmed,
15549,11,Palosapis,45.93,45.0,0.93,0.021,0.6116,unconfirmed,
15551,11,Palosapis,47.01,45.0,2.01,0.045,0.5476,unconfirmed,
15553,11,Palosapis,46.37,45.0,1.37,0.03,0.5855,unconfirmed,
15771,11,Palosapis,47.28,45.0,2.28,0.051,0.5316,unconfirmed,
15775,11,Palosapis,47.8,45.0,2.8,0.062,0.5007,unconfirmed,
16220,11,Palosapis,46.25,45.0,1.25,0.028,0.5926,unconfirmed,
3993,12,Talisay,30.01,30.0,0.01,0.0,0.5617,confirmed,Socialized Housing Zone
4386,12,Talisay,30.05,30.0,0.05,0.002,0.5588,confirmed,Forest Zone
4401,12,Talisay,30.02,30.0,0.02,0.001,0.561,confirmed,Medium Density Residential Zone
4407,12,Talisay,30.78,30.0,0.78,0.026,0.504,confirmed,Forest Zone
4513,12,Talisay,30.47,30.0,0.47,0.016,0.5273,confirmed,Medium Density Residential Zone
4705,12,Talisay,30.54,30.0,0.54,0.018,0.522,confirmed,Buffer Zone
4829,12,Talisay,30.12,30.0,0.12,0.004,0.5535,confirmed,Forest Zone
4931,12,Talisay,30.09,30.0,0.09,0.003,0.5558,confirmed,Forest Zone
5034,12,Talisay,30.66,30.0,0.66,0.022,0.513,confirmed,Forest Zone
5041,12,Talisay,30.56,30.0,0.56,0.019,0.5205,confirmed,Forest Zone
5053,12,Talisay,30.63,30.0,0.63,0.021,0.5153,confirmed,Forest Zone
5155,12,Talisay,30.51,30.0,0.51,0.017,0.5242,confirmed,Forest Zone
5253,12,Talisay,30.12,30.0,0.12,0.004,0.5535,confirmed,Forest Zone
5296,12,Talisay,30.13,30.0,0.13,0.004,0.5528,confirmed,Medium Density Residential Zone
5303,12,Talisay,30.53,30.0,0.53,0.018,0.5227,confirmed,Medium Density Residential Zone
5492,12,Talisay,30.06,30.0,0.06,0.002,0.558,confirmed,Forest Zone
5608,12,Talisay,30.58,30.0,0.58,0.019,0.519,confirmed,Forest Zone
5612,12,Talisay,30.2,30.0,0.2,0.007,0.5475,confirmed,Forest Zone
5715,12,Talisay,30.39,30.0,0.39,0.013,0.5332,confirmed,Forest Zone
6047,12,Talisay,30.81,30.0,0.81,0.027,0.5018,confirmed,Forest Zone
6168,12,Talisay,30.69,30.0,0.69,0.023,0.5107,confirmed,Forest Zone
6512,12,Talisay,30.47,30.0,0.47,0.016,0.5273,confirmed,Forest Zone
6514,12,Talisay,30.28,30.0,0.28,0.009,0.5415,confirmed,Forest Zone
6526,12,Talisay,30.43,30.0,0.43,0.014,0.5302,confirmed,Forest Zone
6530,12,Talisay,30.54,30.0,0.54,0.018,0.522,confirmed,Forest Zone
6976,12,Talisay,30.03,30.0,0.03,0.001,0.5602,confirmed,Medium Density Residential Zone
7048,12,Talisay,30.63,30.0,0.63,0.021,0.5153,confirmed,Sanitary Landfill
7197,12,Talisay,30.11,30.0,0.11,0.004,0.5542,confirmed,Forest Zone
7362,12,Talisay,30.16,30.0,0.16,0.005,0.6524,confirmed,Institutional Research Zone
7495,12,Talisay,30.03,30.0,0.03,0.001,0.5602,confirmed,Forest Zone
7596,12,Talisay,30.02,30.0,0.02,0.001,0.561,confirmed,Forest Zone
7801,12,Talisay,30.36,30.0,0.36,0.012,0.6347,confirmed,Institutional Research Zone
7853,12,Talisay,30.66,30.0,0.66,0.022,0.513,confirmed,Forest Zone
8256,12,Talisay,30.82,30.0,0.82,0.027,0.5938,confirmed,Forest Zone
8281,12,Talisay,30.02,30.0,0.02,0.001,0.561,confirmed,Forest Zone
8460,12,Talisay,30.05,30.0,0.05,0.002,0.6622,confirmed,Forest Zone
8572,12,Talisay,31.27,30.0,1.27,0.042,0.5538,confirmed,Forest Zone
8585,12,Talisay,30.28,30.0,0.28,0.009,0.6418,confirmed,Forest Zone
8712,12,Talisay,30.35,30.0,0.35,0.012,0.5362,confirmed,Forest Zone
8716,12,Talisay,30.03,30.0,0.03,0.001,0.5602,confirmed,Forest Zone
8795,12,Talisay,30.51,30.0,0.51,0.017,0.6213,confirmed,Forest Zone
8796,12,Talisay,30.55,30.0,0.55,0.018,0.6178,confirmed,Forest Zone
8799,12,Talisay,30.05,30.0,0.05,0.002,0.6622,confirmed,Forest Zone
8904,12,Talisay,30.93,30.0,0.93,0.031,0.584,confirmed,Forest Zone
8923,12,Talisay,30.2,30.0,0.2,0.007,0.6489,confirmed,Forest Zone
8942,12,Talisay,30.38,30.0,0.38,0.013,0.534,confirmed,Forest Zone
8954,12,Talisay,30.46,30.0,0.46,0.015,0.528,confirmed,Forest Zone
9053,12,Talisay,30.46,30.0,0.46,0.015,0.528,confirmed,Forest Zone
9065,12,Talisay,30.59,30.0,0.59,0.02,0.5182,confirmed,Forest Zone
9365,12,Talisay,31.3,30.0,1.3,0.043,0.5511,confirmed,Forest Zone
9370,12,Talisay,31.11,30.0,1.11,0.037,0.568,confirmed,Forest Zone
9371,12,Talisay,30.17,30.0,0.17,0.006,0.6516,confirmed,Forest Zone
9385,12,Talisay,30.72,30.0,0.72,0.024,0.5085,confirmed,Forest Zone
9480,12,Talisay,30.91,30.0,0.91,0.03,0.5858,confirmed,Forest Zone
9580,12,Talisay,30.29,30.0,0.29,0.01,0.6409,confirmed,Forest Zone
9830,12,Talisay,30.08,30.0,0.08,0.003,0.5565,confirmed,Forest Zone
9904,12,Talisay,31.51,30.0,1.51,0.05,0.5324,confirmed,Forest Zone
9910,12,Talisay,30.33,30.0,0.33,0.011,0.6373,confirmed,Forest Zone
9931,12,Talisay,30.01,30.0,0.01,0.0,0.5617,confirmed,Forest Zone
10020,12,Talisay,30.22,30.0,0.22,0.007,0.6471,confirmed,Forest Zone
10024,12,Talisay,31.32,30.0,1.32,0.044,0.5493,confirmed,Forest Zone
10036,12,Talisay,31.54,30.0,1.54,0.051,0.5298,confirmed,Forest Zone
10039,12,Talisay,30.82,30.0,0.82,0.027,0.5938,confirmed,Forest Zone
10128,12,Talisay,30.01,30.0,0.01,0.0,0.6658,confirmed,Forest Zone
10141,12,Talisay,31.68,30.0,1.68,0.056,0.5173,confirmed,Forest Zone
10142,12,Talisay,30.53,30.0,0.53,0.018,0.6196,confirmed,Forest Zone
10464,12,Talisay,31.4,30.0,1.4,0.047,0.5422,confirmed,Forest Zone
10469,12,Talisay,30.54,30.0,0.54,0.018,0.6187,confirmed,Forest Zone
10470,12,Talisay,30.16,30.0,0.16,0.005,0.6524,confirmed,Forest Zone
10581,12,Talisay,30.93,30.0,0.93,0.031,0.584,confirmed,Forest Zone
10599,12,Talisay,31.03,30.0,1.03,0.034,0.5751,confirmed,Forest Zone
10602,12,Talisay,30.98,30.0,0.98,0.033,0.5796,confirmed,Institutional Research Zone
10678,12,Talisay,30.71,30.0,0.71,0.024,0.6036,confirmed,Forest Zone
10683,12,Talisay,30.21,30.0,0.21,0.007,0.648,confirmed,Forest Zone
10693,12,Talisay,30.2,30.0,0.2,0.007,0.6489,confirmed,Forest Zone
10694,12,Talisay,31.54,30.0,1.54,0.051,0.5298,confirmed,Forest Zone
10701,12,Talisay,31.5,30.0,1.5,0.05,0.5333,confirmed,Forest Zone
10711,12,Talisay,30.09,30.0,0.09,0.003,0.6587,confirmed,Forest Zone
10797,12,Talisay,31.01,30.0,1.01,0.034,0.5769,confirmed,Forest Zone
10813,12,Talisay,30.34,30.0,0.34,0.011,0.6364,confirmed,Forest Zone
10896,12,Talisay,31.41,30.0,1.41,0.047,0.5413,confirmed,Forest Zone
10901,12,Talisay,30.24,30.0,0.24,0.008,0.6453,confirmed,Forest Zone
11005,12,Talisay,31.78,30.0,1.78,0.059,0.5084,confirmed,Forest Zone
11008,12,Talisay,31.78,30.0,1.78,0.059,0.5084,confirmed,Forest Zone
11039,12,Talisay,31.02,30.0,1.02,0.034,0.576,confirmed,Forest Zone
11150,12,Talisay,31.08,30.0,1.08,0.036,0.5707,confirmed,Forest Zone
11231,12,Talisay,30.33,30.0,0.33,0.011,0.6373,confirmed,Forest Zone
11239,12,Talisay,30.6,30.0,0.6,0.02,0.6133,confirmed,Forest Zone
11258,12,Talisay,30.55,30.0,0.55,0.018,0.6178,confirmed,Forest Zone
11344,12,Talisay,31.8,30.0,1.8,0.06,0.5067,confirmed,Forest Zone
11347,12,Talisay,30.39,30.0,0.39,0.013,0.632,confirmed,Forest Zone
11352,12,Talisay,31.55,30.0,1.55,0.052,0.5289,confirmed,Forest Zone
11353,12,Talisay,31.43,30.0,1.43,0.048,0.5396,confirmed,Forest Zone
11364,12,Talisay,31.36,30.0,1.36,0.045,0.5458,confirmed,Forest Zone
11369,12,Talisay,30.06,30.0,0.06,0.002,0.6613,confirmed,Forest Zone
11448,12,Talisay,30.93,30.0,0.93,0.031,0.584,confirmed,Forest Zone
11451,12,Talisay,31.17,30.0,1.17,0.039,0.5627,confirmed,Forest Zone
11452,12,Talisay,30.44,30.0,0.44,0.015,0.6276,confirmed,Forest Zone
11457,12,Talisay,31.13,30.0,1.13,0.038,0.5662,confirmed,Forest Zone
11469,12,Talisay,30.56,30.0,0.56,0.019,0.6169,confirmed,Forest Zone
11476,12,Talisay,30.05,30.0,0.05,0.002,0.6622,confirmed,Forest Zone
11477,12,Talisay,31.4,30.0,1.4,0.047,0.5422,confirmed,Forest Zone
11486,12,Talisay,31.81,30.0,1.81,0.06,0.5058,confirmed,Forest Zone
11581,12,Talisay,31.01,30.0,1.01,0.034,0.5769,confirmed,Forest Zone
11672,12,Talisay,31.55,30.0,1.55,0.052,0.5289,confirmed,Forest Zone
11695,12,Talisay,31.07,30.0,1.07,0.036,0.5716,confirmed,Forest Zone
11799,12,Talisay,30.69,30.0,0.69,0.023,0.6053,confirmed,Forest Zone
11801,12,Talisay,30.28,30.0,0.28,0.009,0.6418,confirmed,Forest Zone
11811,12,Talisay,31.36,30.0,1.36,0.045,0.5458,confirmed,Forest Zone
11918,12,Talisay,30.78,30.0,0.78,0.026,0.5973,confirmed,Forest Zone
12027,12,Talisay,31.82,30.0,1.82,0.061,0.5049,confirmed,Forest Zone
12055,12,Talisay,31.4,30.0,1.4,0.047,0.5422,confirmed,Forest Zone
12233,12,Talisay,30.09,30.0,0.09,0.003,0.6587,confirmed,Forest Zone
12245,12,Talisay,30.66,30.0,0.66,0.022,0.608,confirmed,Forest Zone
12261,12,Talisay,30.39,30.0,0.39,0.013,0.632,confirmed,Forest Zone
12262,12,Talisay,31.66,30.0,1.66,0.055,0.5191,confirmed,Forest Zone
12342,12,Talisay,31.54,30.0,1.54,0.051,0.5298,confirmed,Forest Zone
12375,12,Talisay,31.42,30.0,1.42,0.047,0.5404,confirmed,Forest Zone
12388,12,Talisay,30.55,30.0,0.55,0.018,0.6178,confirmed,Forest Zone
12389,12,Talisay,31.83,30.0,1.83,0.061,0.504,confirmed,Forest Zone
12408,12,Talisay,31.34,30.0,1.34,0.045,0.5476,confirmed,Forest Zone
12459,12,Talisay,31.84,30.0,1.84,0.061,0.5031,confirmed,Forest Zone
12460,12,Talisay,30.68,30.0,0.68,0.023,0.6062,confirmed,Forest Zone
12479,12,Talisay,30.59,30.0,0.59,0.02,0.6142,confirmed,Forest Zone
12480,12,Talisay,31.56,30.0,1.56,0.052,0.528,confirmed,Forest Zone
12489,12,Talisay,30.38,30.0,0.38,0.013,0.6329,confirmed,Forest Zone
12504,12,Talisay,31.58,30.0,1.58,0.053,0.5262,confirmed,Forest Zone
12505,12,Talisay,31.59,30.0,1.59,0.053,0.5253,confirmed,Forest Zone
12561,12,Talisay,30.51,30.0,0.51,0.017,0.6213,confirmed,Forest Zone
12578,12,Talisay,30.12,30.0,0.12,0.004,0.656,unconfirmed,
12581,12,Talisay,31.26,30.0,1.26,0.042,0.5547,unconfirmed,
12667,12,Talisay,30.07,30.0,0.07,0.002,0.6604,unconfirmed,
12677,12,Talisay,31.23,30.0,1.23,0.041,0.5573,confirmed,Forest Zone
12682,12,Talisay,30.12,30.0,0.12,0.004,0.656,confirmed,Forest Zone
12707,12,Talisay,31.15,30.0,1.15,0.038,0.5644,confirmed,Forest Zone
12729,12,Talisay,30.46,30.0,0.46,0.015,0.6258,confirmed,Forest Zone
12794,12,Talisay,30.97,30.0,0.97,0.032,0.5804,confirmed,Forest Zone
12795,12,Talisay,30.67,30.0,0.67,0.022,0.6071,confirmed,Forest Zone
12809,12,Talisay,31.1,30.0,1.1,0.037,0.5689,unconfirmed,
12818,12,Talisay,30.05,30.0,0.05,0.002,0.6622,confirmed,Forest Zone
12843,12,Talisay,30.23,30.0,0.23,0.008,0.6462,confirmed,Forest Zone
12893,12,Talisay,31.53,30.0,1.53,0.051,0.5307,confirmed,Forest Zone
12894,12,Talisay,30.29,30.0,0.29,0.01,0.6409,confirmed,Forest Zone
12939,12,Talisay,30.45,30.0,0.45,0.015,0.6267,confirmed,Forest Zone
12945,12,Talisay,31.34,30.0,1.34,0.045,0.5476,confirmed,Forest Zone
12946,12,Talisay,30.35,30.0,0.35,0.012,0.6356,confirmed,Forest Zone
12949,12,Talisay,30.42,30.0,0.42,0.014,0.6293,confirmed,Forest Zone
13006,12,Talisay,31.67,30.0,1.67,0.056,0.5182,confirmed,Forest Zone
13008,12,Talisay,30.71,30.0,0.71,0.024,0.6036,confirmed,Forest Zone
13030,12,Talisay,31.57,30.0,1.57,0.052,0.5271,unconfirmed,
13049,12,Talisay,31.34,30.0,1.34,0.045,0.5476,confirmed,Forest Zone
13114,12,Talisay,31.0,30.0,1.0,0.033,0.5778,confirmed,Forest Zone
13250,12,Talisay,30.23,30.0,0.23,0.008,0.6462,unconfirmed,
13251,12,Talisay,30.71,30.0,0.71,0.024,0.6036,unconfirmed,
13259,12,Talisay,30.46,30.0,0.46,0.015,0.6258,unconfirmed,
13280,12,Talisay,30.56,30.0,0.56,0.019,0.6169,confirmed,Forest Zone
13283,12,Talisay,31.14,30.0,1.14,0.038,0.5653,confirmed,Forest Zone
13284,12,Talisay,30.55,30.0,0.55,0.018,0.6178,confirmed,Forest Zone
13338,12,Talisay,30.05,30.0,0.05,0.002,0.6622,confirmed,Forest Zone
13345,12,Talisay,31.07,30.0,1.07,0.036,0.5716,unconfirmed,
13368,12,Talisay,30.86,30.0,0.86,0.029,0.5902,unconfirmed,
13384,12,Talisay,30.78,30.0,0.78,0.026,0.5973,unconfirmed,
13449,12,Talisay,30.42,30.0,0.42,0.014,0.6293,confirmed,Forest Zone
13452,12,Talisay,30.16,30.0,0.16,0.005,0.6524,confirmed,Forest Zone
13454,12,Talisay,30.59,30.0,0.59,0.02,0.6142,unconfirmed,
13455,12,Talisay,31.42,30.0,1.42,0.047,0.5404,unconfirmed,
13464,12,Talisay,31.49,30.0,1.49,0.05,0.5342,unconfirmed,
13466,12,Talisay,31.8,30.0,1.8,0.06,0.5067,unconfirmed,
13467,12,Talisay,31.12,30.0,1.12,0.037,0.5671,unconfirmed,
13468,12,Talisay,30.44,30.0,0.44,0.015,0.6276,unconfirmed,
13477,12,Talisay,30.75,30.0,0.75,0.025,0.6,unconfirmed,
13499,12,Talisay,31.81,30.0,1.81,0.06,0.5058,unconfirmed,
13500,12,Talisay,30.75,30.0,0.75,0.025,0.6,unconfirmed,
13501,12,Talisay,30.59,30.0,0.59,0.02,0.6142,unconfirmed,
13555,12,Talisay,30.87,30.0,0.87,0.029,0.5893,unconfirmed,
13566,12,Talisay,30.83,30.0,0.83,0.028,0.5929,unconfirmed,
13569,12,Talisay,31.32,30.0,1.32,0.044,0.5493,unconfirmed,
13570,12,Talisay,31.01,30.0,1.01,0.034,0.5769,unconfirmed,
13578,12,Talisay,31.04,30.0,1.04,0.035,0.5742,unconfirmed,
13587,12,Talisay,30.29,30.0,0.29,0.01,0.6409,unconfirmed,
13591,12,Talisay,30.05,30.0,0.05,0.002,0.6622,unconfirmed,
13597,12,Talisay,30.35,30.0,0.35,0.012,0.6356,unconfirmed,
13605,12,Talisay,31.49,30.0,1.49,0.05,0.5342,unconfirmed,
13667,12,Talisay,31.04,30.0,1.04,0.035,0.5742,confirmed,Forest Zone
13777,12,Talisay,30.32,30.0,0.32,0.011,0.6382,unconfirmed,
13780,12,Talisay,31.53,30.0,1.53,0.051,0.5307,confirmed,Forest Zone
13787,12,Talisay,30.08,30.0,0.08,0.003,0.6596,unconfirmed,
13789,12,Talisay,30.25,30.0,0.25,0.008,0.6444,unconfirmed,
13808,12,Talisay,31.0,30.0,1.0,0.033,0.5778,unconfirmed,
13810,12,Talisay,30.17,30.0,0.17,0.006,0.6516,unconfirmed,
13811,12,Talisay,31.0,30.0,1.0,0.033,0.5778,unconfirmed,
13888,12,Talisay,31.78,30.0,1.78,0.059,0.5084,unconfirmed,
13891,12,Talisay,30.01,30.0,0.01,0.0,0.6658,unconfirmed,
13915,12,Talisay,30.03,30.0,0.03,0.001,0.664,unconfirmed,
13921,12,Talisay,30.02,30.0,0.02,0.001,0.6649,unconfirmed,
13936,12,Talisay,31.4,30.0,1.4,0.047,0.5422,unconfirmed,
13937,12,Talisay,30.63,30.0,0.63,0.021,0.6107,unconfirmed,
13950,12,Talisay,30.95,30.0,0.95,0.032,0.5822,confirmed,Forest Zone
14015,12,Talisay,30.05,30.0,0.05,0.002,0.6622,unconfirmed,
14018,12,Talisay,30.43,30.0,0.43,0.014,0.6284,unconfirmed,
14026,12,Talisay,30.03,30.0,0.03,0.001,0.664,unconfirmed,
14027,12,Talisay,30.03,30.0,0.03,0.001,0.664,unconfirmed,
14039,12,Talisay,30.01,30.0,0.01,0.0,0.6658,unconfirmed,
14040,12,Talisay,31.15,30.0,1.15,0.038,0.5644,unconfirmed,
14148,12,Talisay,31.65,30.0,1.65,0.055,0.52,unconfirmed,
14151,12,Talisay,31.67,30.0,1.67,0.056,0.5182,unconfirmed,
14157,12,Talisay,31.53,30.0,1.53,0.051,0.5307,unconfirmed,
14163,12,Talisay,30.53,30.0,0.53,0.018,0.6196,unconfirmed,
14263,12,Talisay,31.78,30.0,1.78,0.059,0.5084,unconfirmed,
14327,12,Talisay,30.62,30.0,0.62,0.021,0.6116,unconfirmed,
14335,12,Talisay,30.21,30.0,0.21,0.007,0.648,unconfirmed,
14350,12,Talisay,30.06,30.0,0.06,0.002,0.6613,unconfirmed,
14352,12,Talisay,30.65,30.0,0.65,0.022,0.6089,unconfirmed,
14394,12,Talisay,31.11,30.0,1.11,0.037,0.568,confirmed,Forest Zone
14453,12,Talisay,30.51,30.0,0.51,0.017,0.6213,unconfirmed,
14459,12,Talisay,31.42,30.0,1.42,0.047,0.5404,unconfirmed,
14460,12,Talisay,31.0,30.0,1.0,0.033,0.5778,unconfirmed,
14570,12,Talisay,30.23,30.0,0.23,0.008,0.6462,unconfirmed,
14580,12,Talisay,30.88,30.0,0.88,0.029,0.5884,unconfirmed,
14666,12,Talisay,30.05,30.0,0.05,0.002,0.6622,unconfirmed,
14788,12,Talisay,30.22,30.0,0.22,0.007,0.6471,unconfirmed,
15001,12,Talisay,30.84,30.0,0.84,0.028,0.592,unconfirmed,
15008,12,Talisay,31.23,30.0,1.23,0.041,0.5573,unconfirmed,
15010,12,Talisay,31.72,30.0,1.72,0.057,0.5138,unconfirmed,
15111,12,Talisay,30.98,30.0,0.98,0.033,0.5796,unconfirmed,
15117,12,Talisay,30.08,30.0,0.08,0.003,0.6596,unconfirmed,
15227,12,Talisay,30.22,30.0,0.22,0.007,0.6471,unconfirmed,
15658,12,Talisay,31.7,30.0,1.7,0.057,0.5156,unconfirmed,
15994,12,Talisay,30.21,30.0,0.21,0.007,0.648,unconfirmed,
16104,12,Talisay,30.93,30.0,0.93,0.031,0.584,unconfirmed,
16215,12,Talisay,30.53,30.0,0.53,0.018,0.6196,unconfirmed,
16324,12,Talisay,30.77,30.0,0.77,0.026,0.5982,unconfirmed,
16331,12,Talisay,31.04,30.0,1.04,0.035,0.5742,unconfirmed,
16551,12,Talisay,30.79,30.0,0.79,0.026,0.5964,unconfirmed,
16662,12,Talisay,31.34,30.0,1.34,0.045,0.5476,unconfirmed,
16766,12,Talisay,30.09,30.0,0.09,0.003,0.6587,unconfirmed,
16767,12,Talisay,30.09,30.0,0.09,0.003,0.6587,unconfirmed,
16878,12,Talisay,31.64,30.0,1.64,0.055,0.5209,unconfirmed,
6801,13,Clumping Bamboo,71.07,70.0,1.07,0.015,0.6259,confirmed,Forest Zone
7246,13,Clumping Bamboo,70.95,70.0,0.95,0.014,0.6305,confirmed,Forest Zone
7254,13,Clumping Bamboo,70.18,70.0,0.18,0.003,0.5567,confirmed,Forest Zone
7808,13,Clumping Bamboo,70.58,70.0,0.58,0.008,0.5439,confirmed,Institutional Research Zone
8031,13,Clumping Bamboo,73.73,70.0,3.73,0.053,0.5246,confirmed,Institutional Research Zone
9362,13,Clumping Bamboo,71.39,70.0,1.39,0.02,0.6137,confirmed,Forest Zone
9608,13,Clumping Bamboo,71.39,70.0,1.39,0.02,0.5178,confirmed,Forest Zone
10228,13,Clumping Bamboo,72.5,70.0,2.5,0.036,0.5714,confirmed,Forest Zone
10231,13,Clumping Bamboo,73.55,70.0,3.55,0.051,0.5314,confirmed,Forest Zone
11819,13,Clumping Bamboo,70.06,70.0,0.06,0.001,0.6644,confirmed,Forest Zone
13913,13,Clumping Bamboo,70.95,70.0,0.95,0.014,0.6305,unconfirmed,
14565,13,Clumping Bamboo,72.69,70.0,2.69,0.038,0.5642,unconfirmed,
15230,13,Clumping Bamboo,74.36,70.0,4.36,0.062,0.5006,unconfirmed,
3420,14,Langka,25.09,25.0,0.09,0.004,0.5544,confirmed,High Density Residential - Mixed Use Zone
3543,14,Langka,25.51,25.0,0.51,0.02,0.5166,confirmed,High Density Residential - Mixed Use Zone
3975,14,Langka,25.17,25.0,0.17,0.007,0.5472,confirmed,High Density Residential - Mixed Use Zone
3985,14,Langka,25.63,25.0,0.63,0.025,0.5058,confirmed,High Density Residential - Mixed Use Zone
4067,14,Langka,25.59,25.0,0.59,0.024,0.5094,confirmed,Medium Density Residential Zone
4290,14,Langka,25.48,25.0,0.48,0.019,0.5193,confirmed,Medium Density Residential Zone
4296,14,Langka,25.34,25.0,0.34,0.014,0.5319,confirmed,Forest Zone
4312,14,Langka,25.01,25.0,0.01,0.0,0.5616,confirmed,Medium Density Residential Zone
4428,14,Langka,25.13,25.0,0.13,0.005,0.5508,confirmed,Socialized Housing Zone
4627,14,Langka,25.32,25.0,0.32,0.013,0.5337,confirmed,Forest Zone
4714,14,Langka,25.53,25.0,0.53,0.021,0.5148,confirmed,Forest Zone
4744,14,Langka,25.51,25.0,0.51,0.02,0.5166,confirmed,Medium Density Residential Zone
4821,14,Langka,25.54,25.0,0.54,0.022,0.5139,confirmed,Forest Zone
4843,14,Langka,25.12,25.0,0.12,0.005,0.5517,confirmed,Medium Density Residential Zone
4966,14,Langka,25.37,25.0,0.37,0.015,0.5292,confirmed,Forest Zone
5039,14,Langka,25.07,25.0,0.07,0.003,0.5562,confirmed,Forest Zone
5049,14,Langka,25.32,25.0,0.32,0.013,0.5337,confirmed,Forest Zone
5145,14,Langka,25.01,25.0,0.01,0.0,0.5616,confirmed,Forest Zone
5279,14,Langka,25.17,25.0,0.17,0.007,0.5472,confirmed,Forest Zone
5514,14,Langka,25.51,25.0,0.51,0.02,0.5166,confirmed,Medium Density Residential Zone
5856,14,Langka,25.13,25.0,0.13,0.005,0.5508,confirmed,Forest Zone
5964,14,Langka,25.02,25.0,0.02,0.001,0.5607,confirmed,Forest Zone
5966,14,Langka,25.5,25.0,0.5,0.02,0.5175,confirmed,Forest Zone
5979,14,Langka,25.14,25.0,0.14,0.006,0.5499,confirmed,Forest Zone
6051,14,Langka,25.29,25.0,0.29,0.012,0.5364,confirmed,Forest Zone
6174,14,Langka,25.25,25.0,0.25,0.01,0.54,confirmed,Forest Zone
6192,14,Langka,25.5,25.0,0.5,0.02,0.5175,confirmed,Forest Zone
6264,14,Langka,25.65,25.0,0.65,0.026,0.504,confirmed,Forest Zone
6275,14,Langka,25.63,25.0,0.63,0.025,0.5058,confirmed,Forest Zone
6295,14,Langka,25.02,25.0,0.02,0.001,0.5607,confirmed,Forest Zone
6298,14,Langka,25.64,25.0,0.64,0.026,0.5049,confirmed,Forest Zone
6509,14,Langka,25.17,25.0,0.17,0.007,0.5472,confirmed,Forest Zone
6595,14,Langka,25.41,25.0,0.41,0.016,0.5256,confirmed,Forest Zone
6597,14,Langka,25.08,25.0,0.08,0.003,0.5553,confirmed,Forest Zone
6639,14,Langka,25.12,25.0,0.12,0.005,0.5517,confirmed,Forest Zone
6705,14,Langka,25.33,25.0,0.33,0.013,0.5328,confirmed,Forest Zone
6707,14,Langka,25.56,25.0,0.56,0.022,0.5121,confirmed,Forest Zone
6716,14,Langka,25.06,25.0,0.06,0.002,0.5571,confirmed,Forest Zone
6721,14,Langka,25.1,25.0,0.1,0.004,0.5535,confirmed,Special Reserved Zone
6830,14,Langka,25.33,25.0,0.33,0.013,0.5328,confirmed,Special Reserved Zone
6838,14,Langka,25.62,25.0,0.62,0.025,0.5067,confirmed,High Density Residential - Mixed Use Zone
6862,14,Langka,25.05,25.0,0.05,0.002,0.558,confirmed,Forest Zone
6913,14,Langka,25.25,25.0,0.25,0.01,0.64,confirmed,Forest Zone
6920,14,Langka,25.63,25.0,0.63,0.025,0.5058,confirmed,Forest Zone
7040,14,Langka,25.51,25.0,0.51,0.02,0.5166,confirmed,Forest Zone
7080,14,Langka,25.24,25.0,0.24,0.01,0.5409,confirmed,Forest Zone
7163,14,Langka,25.26,25.0,0.26,0.01,0.5391,confirmed,Special Reserved Zone
7374,14,Langka,25.18,25.0,0.18,0.007,0.5463,confirmed,Forest Zone
7375,14,Langka,25.51,25.0,0.51,0.02,0.5166,confirmed,Forest Zone
7416,14,Langka,25.25,25.0,0.25,0.01,0.54,confirmed,Forest Zone
7941,14,Langka,25.59,25.0,0.59,0.024,0.5094,confirmed,Forest Zone
8020,14,Langka,25.02,25.0,0.02,0.001,0.6645,confirmed,Forest Zone
8036,14,Langka,25.68,25.0,0.68,0.027,0.5013,confirmed,Forest Zone
8173,14,Langka,25.5,25.0,0.5,0.02,0.5175,confirmed,Forest Zone
8459,14,Langka,26.19,25.0,1.19,0.048,0.5397,confirmed,Forest Zone
8497,14,Langka,25.01,25.0,0.01,0.0,0.5616,confirmed,Forest Zone
8682,14,Langka,26.55,25.0,1.55,0.062,0.5013,confirmed,Forest Zone
8693,14,Langka,25.01,25.0,0.01,0.0,0.6656,confirmed,Forest Zone
8792,14,Langka,25.14,25.0,0.14,0.006,0.6517,confirmed,Forest Zone
8900,14,Langka,25.01,25.0,0.01,0.0,0.6656,confirmed,Forest Zone
8908,14,Langka,26.01,25.0,1.01,0.04,0.5589,confirmed,Forest Zone
8940,14,Langka,25.57,25.0,0.57,0.023,0.5112,confirmed,Forest Zone
8967,14,Langka,25.63,25.0,0.63,0.025,0.5058,confirmed,Forest Zone
9021,14,Langka,25.1,25.0,0.1,0.004,0.656,confirmed,Forest Zone
9366,14,Langka,26.11,25.0,1.11,0.044,0.5483,confirmed,Forest Zone
9565,14,Langka,25.51,25.0,0.51,0.02,0.6123,confirmed,Forest Zone
9579,14,Langka,25.2,25.0,0.2,0.008,0.6453,confirmed,Forest Zone
9700,14,Langka,25.13,25.0,0.13,0.005,0.6528,confirmed,Forest Zone
9940,14,Langka,25.63,25.0,0.63,0.025,0.5058,confirmed,Forest Zone
10021,14,Langka,26.44,25.0,1.44,0.058,0.5131,confirmed,Forest Zone
10022,14,Langka,26.0,25.0,1.0,0.04,0.56,confirmed,Forest Zone
10028,14,Langka,25.24,25.0,0.24,0.01,0.6411,confirmed,Forest Zone
10146,14,Langka,25.83,25.0,0.83,0.033,0.5781,confirmed,Forest Zone
10150,14,Langka,26.26,25.0,1.26,0.05,0.5323,confirmed,Forest Zone
10156,14,Langka,25.14,25.0,0.14,0.006,0.5499,confirmed,Forest Zone
10263,14,Langka,25.32,25.0,0.32,0.013,0.6325,confirmed,Forest Zone
10292,14,Langka,25.59,25.0,0.59,0.024,0.5094,confirmed,Forest Zone
10293,14,Langka,25.47,25.0,0.47,0.019,0.5202,confirmed,Forest Zone
10348,14,Langka,25.68,25.0,0.68,0.027,0.5941,confirmed,Forest Zone
10364,14,Langka,26.31,25.0,1.31,0.052,0.5269,confirmed,Forest Zone
10452,14,Langka,26.43,25.0,1.43,0.057,0.5141,confirmed,Forest Zone
10454,14,Langka,26.26,25.0,1.26,0.05,0.5323,confirmed,Forest Zone
10493,14,Langka,25.24,25.0,0.24,0.01,0.5409,confirmed,Institutional Research Zone
10562,14,Langka,25.65,25.0,0.65,0.026,0.5973,confirmed,Forest Zone
10565,14,Langka,25.53,25.0,0.53,0.021,0.6101,confirmed,Forest Zone
10572,14,Langka,25.61,25.0,0.61,0.024,0.6016,confirmed,Forest Zone
10586,14,Langka,25.84,25.0,0.84,0.034,0.5771,confirmed,Forest Zone
10609,14,Langka,25.13,25.0,0.13,0.005,0.5508,confirmed,Institutional Research Zone
10688,14,Langka,26.41,25.0,1.41,0.056,0.5163,confirmed,Forest Zone
10692,14,Langka,25.97,25.0,0.97,0.039,0.5632,confirmed,Forest Zone
10705,14,Langka,26.41,25.0,1.41,0.056,0.5163,confirmed,Forest Zone
10784,14,Langka,25.36,25.0,0.36,0.014,0.6283,confirmed,Forest Zone
10785,14,Langka,26.18,25.0,1.18,0.047,0.5408,confirmed,Forest Zone
10803,14,Langka,25.01,25.0,0.01,0.0,0.6656,confirmed,Forest Zone
10847,14,Langka,25.03,25.0,0.03,0.001,0.5598,confirmed,Forest Zone
10916,14,Langka,26.24,25.0,1.24,0.05,0.5344,confirmed,Forest Zone
10927,14,Langka,26.42,25.0,1.42,0.057,0.5152,confirmed,Forest Zone
10943,14,Langka,25.31,25.0,0.31,0.012,0.5346,confirmed,Institutional Research Zone
11120,14,Langka,26.06,25.0,1.06,0.042,0.5536,confirmed,Forest Zone
11161,14,Langka,26.09,25.0,1.09,0.044,0.5504,confirmed,Forest Zone
11167,14,Langka,25.36,25.0,0.36,0.014,0.5301,confirmed,Forest Zone
11174,14,Langka,25.41,25.0,0.41,0.016,0.5256,confirmed,Forest Zone
11182,14,Langka,25.59,25.0,0.59,0.024,0.5094,confirmed,Forest Zone
11224,14,Langka,25.96,25.0,0.96,0.038,0.5643,unconfirmed,
11228,14,Langka,25.91,25.0,0.91,0.036,0.5696,confirmed,Forest Zone
11243,14,Langka,26.55,25.0,1.55,0.062,0.5013,confirmed,Forest Zone
11293,14,Langka,25.25,25.0,0.25,0.01,0.54,confirmed,Forest Zone
11355,14,Langka,25.51,25.0,0.51,0.02,0.6123,confirmed,Forest Zone
11572,14,Langka,25.64,25.0,0.64,0.026,0.5984,confirmed,Forest Zone
11577,14,Langka,25.51,25.0,0.51,0.02,0.6123,confirmed,Forest Zone
11598,14,Langka,25.18,25.0,0.18,0.007,0.6475,confirmed,Forest Zone
11689,14,Langka,25.51,25.0,0.51,0.02,0.6123,confirmed,Forest Zone
11779,14,Langka,25.14,25.0,0.14,0.006,0.6517,unconfirmed,
11780,14,Langka,25.29,25.0,0.29,0.012,0.6357,unconfirmed,
11804,14,Langka,25.67,25.0,0.67,0.027,0.5952,confirmed,Forest Zone
11900,14,Langka,26.26,25.0,1.26,0.05,0.5323,confirmed,Forest Zone
11901,14,Langka,25.88,25.0,0.88,0.035,0.5728,confirmed,Forest Zone
11906,14,Langka,25.01,25.0,0.01,0.0,0.6656,confirmed,Forest Zone
11917,14,Langka,25.55,25.0,0.55,0.022,0.608,confirmed,Forest Zone
11945,14,Langka,25.02,25.0,0.02,0.001,0.5607,confirmed,Forest Zone
12000,14,Langka,25.23,25.0,0.23,0.009,0.6421,unconfirmed,
12002,14,Langka,25.51,25.0,0.51,0.02,0.6123,unconfirmed,
12045,14,Langka,25.25,25.0,0.25,0.01,0.64,confirmed,Forest Zone
12145,14,Langka,25.32,25.0,0.32,0.013,0.6325,unconfirmed,
12349,14,Langka,25.83,25.0,0.83,0.033,0.5781,confirmed,Forest Zone
12362,14,Langka,25.51,25.0,0.51,0.02,0.6123,unconfirmed,
12387,14,Langka,26.32,25.0,1.32,0.053,0.5259,confirmed,Forest Zone
12390,14,Langka,25.01,25.0,0.01,0.0,0.6656,confirmed,Forest Zone
12398,14,Langka,26.26,25.0,1.26,0.05,0.5323,confirmed,Forest Zone
12447,14,Langka,25.25,25.0,0.25,0.01,0.64,confirmed,Forest Zone
12451,14,Langka,26.31,25.0,1.31,0.052,0.5269,confirmed,Forest Zone
12466,14,Langka,26.03,25.0,1.03,0.041,0.5568,confirmed,Forest Zone
12467,14,Langka,25.51,25.0,0.51,0.02,0.6123,confirmed,Forest Zone
12470,14,Langka,25.63,25.0,0.63,0.025,0.5995,unconfirmed,
12517,14,Langka,26.41,25.0,1.41,0.056,0.5163,confirmed,Forest Zone
12518,14,Langka,26.51,25.0,1.51,0.06,0.5056,confirmed,Forest Zone
12555,14,Langka,25.14,25.0,0.14,0.006,0.6517,unconfirmed,
12557,14,Langka,25.14,25.0,0.14,0.006,0.6517,confirmed,Forest Zone
12560,14,Langka,25.14,25.0,0.14,0.006,0.6517,confirmed,Forest Zone
12580,14,Langka,25.72,25.0,0.72,0.029,0.5899,unconfirmed,
12627,14,Langka,26.42,25.0,1.42,0.057,0.5152,confirmed,Forest Zone
12807,14,Langka,26.01,25.0,1.01,0.04,0.5589,unconfirmed,
12824,14,Langka,25.14,25.0,0.14,0.006,0.6517,confirmed,Forest Zone
12842,14,Langka,26.44,25.0,1.44,0.058,0.5131,confirmed,Forest Zone
12850,14,Langka,26.11,25.0,1.11,0.044,0.5483,confirmed,Forest Zone
12895,14,Langka,26.55,25.0,1.55,0.062,0.5013,confirmed,Forest Zone
12897,14,Langka,25.78,25.0,0.78,0.031,0.5835,confirmed,Forest Zone
12923,14,Langka,25.51,25.0,0.51,0.02,0.6123,unconfirmed,
12962,14,Langka,26.52,25.0,1.52,0.061,0.5045,confirmed,Forest Zone
13001,14,Langka,25.14,25.0,0.14,0.006,0.6517,confirmed,Forest Zone
13028,14,Langka,26.19,25.0,1.19,0.048,0.5397,unconfirmed,
13140,14,Langka,25.71,25.0,0.71,0.028,0.5909,unconfirmed,
13162,14,Langka,25.1,25.0,0.1,0.004,0.656,unconfirmed,
13253,14,Langka,25.01,25.0,0.01,0.0,0.6656,unconfirmed,
13356,14,Langka,25.07,25.0,0.07,0.003,0.6592,unconfirmed,
13364,14,Langka,25.14,25.0,0.14,0.006,0.6517,unconfirmed,
13365,14,Langka,25.13,25.0,0.13,0.005,0.6528,unconfirmed,
13561,14,Langka,25.05,25.0,0.05,0.002,0.6613,confirmed,Forest Zone
13563,14,Langka,25.68,25.0,0.68,0.027,0.5941,unconfirmed,
13683,14,Langka,26.44,25.0,1.44,0.058,0.5131,unconfirmed,
13730,14,Langka,26.33,25.0,1.33,0.053,0.5248,confirmed,Forest Zone
13793,14,Langka,25.12,25.0,0.12,0.005,0.6539,unconfirmed,
13812,14,Langka,25.96,25.0,0.96,0.038,0.5643,unconfirmed,
13823,14,Langka,25.08,25.0,0.08,0.003,0.6581,unconfirmed,
13932,14,Langka,26.52,25.0,1.52,0.061,0.5045,unconfirmed,
13954,14,Langka,25.53,25.0,0.53,0.021,0.6101,confirmed,Forest Zone
13997,14,Langka,26.33,25.0,1.33,0.053,0.5248,unconfirmed,
14000,14,Langka,25.19,25.0,0.19,0.008,0.6464,unconfirmed,
14009,14,Langka,25.32,25.0,0.32,0.013,0.6325,unconfirmed,
14017,14,Langka,26.01,25.0,1.01,0.04,0.5589,unconfirmed,
14033,14,Langka,26.48,25.0,1.48,0.059,0.5088,unconfirmed,
14047,14,Langka,25.53,25.0,0.53,0.021,0.6101,unconfirmed,
14055,14,Langka,26.3,25.0,1.3,0.052,0.528,confirmed,Forest Zone
14136,14,Langka,25.16,25.0,0.16,0.006,0.6496,unconfirmed,
14144,14,Langka,25.06,25.0,0.06,0.002,0.6603,unconfirmed,
14172,14,Langka,25.12,25.0,0.12,0.005,0.6539,confirmed,Forest Zone
14217,14,Langka,25.79,25.0,0.79,0.032,0.5824,unconfirmed,
14248,14,Langka,26.4,25.0,1.4,0.056,0.5173,unconfirmed,
14262,14,Langka,26.18,25.0,1.18,0.047,0.5408,unconfirmed,
14274,14,Langka,26.42,25.0,1.42,0.057,0.5152,unconfirmed,
14275,14,Langka,25.28,25.0,0.28,0.011,0.6368,unconfirmed,
14377,14,Langka,25.82,25.0,0.82,0.033,0.5792,unconfirmed,
14395,14,Langka,25.13,25.0,0.13,0.005,0.6528,confirmed,Forest Zone
14449,14,Langka,26.02,25.0,1.02,0.041,0.5579,unconfirmed,
14450,14,Langka,26.09,25.0,1.09,0.044,0.5504,unconfirmed,
14896,14,Langka,26.24,25.0,1.24,0.05,0.5344,unconfirmed,
14993,14,Langka,26.4,25.0,1.4,0.056,0.5173,unconfirmed,
14995,14,Langka,25.01,25.0,0.01,0.0,0.6656,unconfirmed,
15229,14,Langka,25.51,25.0,0.51,0.02,0.6123,unconfirmed,
15326,14,Langka,25.91,25.0,0.91,0.036,0.5696,unconfirmed,
15338,14,Langka,26.1,25.0,1.1,0.044,0.5493,unconfirmed,
15340,14,Langka,26.18,25.0,1.18,0.047,0.5408,unconfirmed,
15437,14,Langka,26.48,25.0,1.48,0.059,0.5088,unconfirmed,
15660,14,Langka,25.76,25.0,0.76,0.03,0.5856,unconfirmed,
15777,14,Langka,25.83,25.0,0.83,0.033,0.5781,unconfirmed,
15989,14,Langka,25.51,25.0,0.51,0.02,0.6123,unconfirmed,
16327,14,Langka,25.33,25.0,0.33,0.013,0.6315,unconfirmed,
16441,14,Langka,25.76,25.0,0.76,0.03,0.5856,unconfirmed,
16545,14,Langka,25.05,25.0,0.05,0.002,0.6613,unconfirmed,
3420,15,Guyabano,25.09,25.0,0.09,0.004,0.5544,confirmed,High Density Residential - Mixed Use Zone
3543,15,Guyabano,25.51,25.0,0.51,0.02,0.5166,confirmed,High Density Residential - Mixed Use Zone
3975,15,Guyabano,25.17,25.0,0.17,0.007,0.5472,confirmed,High Density Residential - Mixed Use Zone
3985,15,Guyabano,25.63,25.0,0.63,0.025,0.5058,confirmed,High Density Residential - Mixed Use Zone
4067,15,Guyabano,25.59,25.0,0.59,0.024,0.5094,confirmed,Medium Density Residential Zone
4290,15,Guyabano,25.48,25.0,0.48,0.019,0.5193,confirmed,Medium Density Residential Zone
4296,15,Guyabano,25.34,25.0,0.34,0.014,0.5319,confirmed,Forest Zone
4312,15,Guyabano,25.01,25.0,0.01,0.0,0.5616,confirmed,Medium Density Residential Zone
4428,15,Guyabano,25.13,25.0,0.13,0.005,0.5508,confirmed,Socialized Housing Zone
4627,15,Guyabano,25.32,25.0,0.32,0.013,0.5337,confirmed,Forest Zone
4714,15,Guyabano,25.53,25.0,0.53,0.021,0.5148,confirmed,Forest Zone
4744,15,Guyabano,25.51,25.0,0.51,0.02,0.5166,confirmed,Medium Density Residential Zone
4821,15,Guyabano,25.54,25.0,0.54,0.022,0.5139,confirmed,Forest Zone
4843,15,Guyabano,25.12,25.0,0.12,0.005,0.5517,confirmed,Medium Density Residential Zone
4966,15,Guyabano,25.37,25.0,0.37,0.015,0.5292,confirmed,Forest Zone
5039,15,Guyabano,25.07,25.0,0.07,0.003,0.5562,confirmed,Forest Zone
5049,15,Guyabano,25.32,25.0,0.32,0.013,0.5337,confirmed,Forest Zone
5145,15,Guyabano,25.01,25.0,0.01,0.0,0.5616,confirmed,Forest Zone
5279,15,Guyabano,25.17,25.0,0.17,0.007,0.5472,confirmed,Forest Zone
5514,15,Guyabano,25.51,25.0,0.51,0.02,0.5166,confirmed,Medium Density Residential Zone
5856,15,Guyabano,25.13,25.0,0.13,0.005,0.5508,confirmed,Forest Zone
5964,15,Guyabano,25.02,25.0,0.02,0.001,0.5607,confirmed,Forest Zone
5966,15,Guyabano,25.5,25.0,0.5,0.02,0.5175,confirmed,Forest Zone
5979,15,Guyabano,25.14,25.0,0.14,0.006,0.5499,confirmed,Forest Zone
6051,15,Guyabano,25.29,25.0,0.29,0.012,0.5364,confirmed,Forest Zone
6174,15,Guyabano,25.25,25.0,0.25,0.01,0.54,confirmed,Forest Zone
6192,15,Guyabano,25.5,25.0,0.5,0.02,0.5175,confirmed,Forest Zone
6264,15,Guyabano,25.65,25.0,0.65,0.026,0.504,confirmed,Forest Zone
6275,15,Guyabano,25.63,25.0,0.63,0.025,0.5058,confirmed,Forest Zone
6295,15,Guyabano,25.02,25.0,0.02,0.001,0.5607,confirmed,Forest Zone
6298,15,Guyabano,25.64,25.0,0.64,0.026,0.5049,confirmed,Forest Zone
6509,15,Guyabano,25.17,25.0,0.17,0.007,0.5472,confirmed,Forest Zone
6595,15,Guyabano,25.41,25.0,0.41,0.016,0.5256,confirmed,Forest Zone
6597,15,Guyabano,25.08,25.0,0.08,0.003,0.5553,confirmed,Forest Zone
6639,15,Guyabano,25.12,25.0,0.12,0.005,0.5517,confirmed,Forest Zone
6705,15,Guyabano,25.33,25.0,0.33,0.013,0.5328,confirmed,Forest Zone
6707,15,Guyabano,25.56,25.0,0.56,0.022,0.5121,confirmed,Forest Zone
6716,15,Guyabano,25.06,25.0,0.06,0.002,0.5571,confirmed,Forest Zone
6721,15,Guyabano,25.1,25.0,0.1,0.004,0.5535,confirmed,Special Reserved Zone
6830,15,Guyabano,25.33,25.0,0.33,0.013,0.5328,confirmed,Special Reserved Zone
6838,15,Guyabano,25.62,25.0,0.62,0.025,0.5067,confirmed,High Density Residential - Mixed Use Zone
6862,15,Guyabano,25.05,25.0,0.05,0.002,0.558,confirmed,Forest Zone
6913,15,Guyabano,25.25,25.0,0.25,0.01,0.64,confirmed,Forest Zone
6920,15,Guyabano,25.63,25.0,0.63,0.025,0.5058,confirmed,Forest Zone
7040,15,Guyabano,25.51,25.0,0.51,0.02,0.5166,confirmed,Forest Zone
7080,15,Guyabano,25.24,25.0,0.24,0.01,0.5409,confirmed,Forest Zone
7163,15,Guyabano,25.26,25.0,0.26,0.01,0.5391,confirmed,Special Reserved Zone
7374,15,Guyabano,25.18,25.0,0.18,0.007,0.5463,confirmed,Forest Zone
7375,15,Guyabano,25.51,25.0,0.51,0.02,0.5166,confirmed,Forest Zone
7416,15,Guyabano,25.25,25.0,0.25,0.01,0.54,confirmed,Forest Zone
7941,15,Guyabano,25.59,25.0,0.59,0.024,0.5094,confirmed,Forest Zone
8020,15,Guyabano,25.02,25.0,0.02,0.001,0.6645,confirmed,Forest Zone
8036,15,Guyabano,25.68,25.0,0.68,0.027,0.5013,confirmed,Forest Zone
8173,15,Guyabano,25.5,25.0,0.5,0.02,0.5175,confirmed,Forest Zone
8459,15,Guyabano,26.19,25.0,1.19,0.048,0.5397,confirmed,Forest Zone
8497,15,Guyabano,25.01,25.0,0.01,0.0,0.5616,confirmed,Forest Zone
8682,15,Guyabano,26.55,25.0,1.55,0.062,0.5013,confirmed,Forest Zone
8693,15,Guyabano,25.01,25.0,0.01,0.0,0.6656,confirmed,Forest Zone
8792,15,Guyabano,25.14,25.0,0.14,0.006,0.6517,confirmed,Forest Zone
8900,15,Guyabano,25.01,25.0,0.01,0.0,0.6656,confirmed,Forest Zone
8908,15,Guyabano,26.01,25.0,1.01,0.04,0.5589,confirmed,Forest Zone
8940,15,Guyabano,25.57,25.0,0.57,0.023,0.5112,confirmed,Forest Zone
8967,15,Guyabano,25.63,25.0,0.63,0.025,0.5058,confirmed,Forest Zone
9021,15,Guyabano,25.1,25.0,0.1,0.004,0.656,confirmed,Forest Zone
9366,15,Guyabano,26.11,25.0,1.11,0.044,0.5483,confirmed,Forest Zone
9565,15,Guyabano,25.51,25.0,0.51,0.02,0.6123,confirmed,Forest Zone
9579,15,Guyabano,25.2,25.0,0.2,0.008,0.6453,confirmed,Forest Zone
9700,15,Guyabano,25.13,25.0,0.13,0.005,0.6528,confirmed,Forest Zone
9940,15,Guyabano,25.63,25.0,0.63,0.025,0.5058,confirmed,Forest Zone
10021,15,Guyabano,26.44,25.0,1.44,0.058,0.5131,confirmed,Forest Zone
10022,15,Guyabano,26.0,25.0,1.0,0.04,0.56,confirmed,Forest Zone
10028,15,Guyabano,25.24,25.0,0.24,0.01,0.6411,confirmed,Forest Zone
10146,15,Guyabano,25.83,25.0,0.83,0.033,0.5781,confirmed,Forest Zone
10150,15,Guyabano,26.26,25.0,1.26,0.05,0.5323,confirmed,Forest Zone
10156,15,Guyabano,25.14,25.0,0.14,0.006,0.5499,confirmed,Forest Zone
10263,15,Guyabano,25.32,25.0,0.32,0.013,0.6325,confirmed,Forest Zone
10292,15,Guyabano,25.59,25.0,0.59,0.024,0.5094,confirmed,Forest Zone
10293,15,Guyabano,25.47,25.0,0.47,0.019,0.5202,confirmed,Forest Zone
10348,15,Guyabano,25.68,25.0,0.68,0.027,0.5941,confirmed,Forest Zone
10364,15,Guyabano,26.31,25.0,1.31,0.052,0.5269,confirmed,Forest Zone
10452,15,Guyabano,26.43,25.0,1.43,0.057,0.5141,confirmed,Forest Zone
10454,15,Guyabano,26.26,25.0,1.26,0.05,0.5323,confirmed,Forest Zone
10493,15,Guyabano,25.24,25.0,0.24,0.01,0.5409,confirmed,Institutional Research Zone
10562,15,Guyabano,25.65,25.0,0.65,0.026,0.5973,confirmed,Forest Zone
10565,15,Guyabano,25.53,25.0,0.53,0.021,0.6101,confirmed,Forest Zone
10572,15,Guyabano,25.61,25.0,0.61,0.024,0.6016,confirmed,Forest Zone
10586,15,Guyabano,25.84,25.0,0.84,0.034,0.5771,confirmed,Forest Zone
10609,15,Guyabano,25.13,25.0,0.13,0.005,0.5508,confirmed,Institutional Research Zone
10688,15,Guyabano,26.41,25.0,1.41,0.056,0.5163,confirmed,Forest Zone
10692,15,Guyabano,25.97,25.0,0.97,0.039,0.5632,confirmed,Forest Zone
10705,15,Guyabano,26.41,25.0,1.41,0.056,0.5163,confirmed,Forest Zone
10784,15,Guyabano,25.36,25.0,0.36,0.014,0.6283,confirmed,Forest Zone
10785,15,Guyabano,26.18,25.0,1.18,0.047,0.5408,confirmed,Forest Zone
10803,15,Guyabano,25.01,25.0,0.01,0.0,0.6656,confirmed,Forest Zone
10847,15,Guyabano,25.03,25.0,0.03,0.001,0.5598,confirmed,Forest Zone
10916,15,Guyabano,26.24,25.0,1.24,0.05,0.5344,confirmed,Forest Zone
10927,15,Guyabano,26.42,25.0,1.42,0.057,0.5152,confirmed,Forest Zone
10943,15,Guyabano,25.31,25.0,0.31,0.012,0.5346,confirmed,Institutional Research Zone
11120,15,Guyabano,26.06,25.0,1.06,0.042,0.5536,confirmed,Forest Zone
11161,15,Guyabano,26.09,25.0,1.09,0.044,0.5504,confirmed,Forest Zone
11167,15,Guyabano,25.36,25.0,0.36,0.014,0.5301,confirmed,Forest Zone
11174,15,Guyabano,25.41,25.0,0.41,0.016,0.5256,confirmed,Forest Zone
11182,15,Guyabano,25.59,25.0,0.59,0.024,0.5094,confirmed,Forest Zone
11224,15,Guyabano,25.96,25.0,0.96,0.038,0.5643,unconfirmed,
11228,15,Guyabano,25.91,25.0,0.91,0.036,0.5696,confirmed,Forest Zone
11243,15,Guyabano,26.55,25.0,1.55,0.062,0.5013,confirmed,Forest Zone
11293,15,Guyabano,25.25,25.0,0.25,0.01,0.54,confirmed,Forest Zone
11355,15,Guyabano,25.51,25.0,0.51,0.02,0.6123,confirmed,Forest Zone
11572,15,Guyabano,25.64,25.0,0.64,0.026,0.5984,confirmed,Forest Zone
11577,15,Guyabano,25.51,25.0,0.51,0.02,0.6123,confirmed,Forest Zone
11598,15,Guyabano,25.18,25.0,0.18,0.007,0.6475,confirmed,Forest Zone
11689,15,Guyabano,25.51,25.0,0.51,0.02,0.6123,confirmed,Forest Zone
11779,15,Guyabano,25.14,25.0,0.14,0.006,0.6517,unconfirmed,
11780,15,Guyabano,25.29,25.0,0.29,0.012,0.6357,unconfirmed,
11804,15,Guyabano,25.67,25.0,0.67,0.027,0.5952,confirmed,Forest Zone
11900,15,Guyabano,26.26,25.0,1.26,0.05,0.5323,confirmed,Forest Zone
11901,15,Guyabano,25.88,25.0,0.88,0.035,0.5728,confirmed,Forest Zone
11906,15,Guyabano,25.01,25.0,0.01,0.0,0.6656,confirmed,Forest Zone
11917,15,Guyabano,25.55,25.0,0.55,0.022,0.608,confirmed,Forest Zone
11945,15,Guyabano,25.02,25.0,0.02,0.001,0.5607,confirmed,Forest Zone
12000,15,Guyabano,25.23,25.0,0.23,0.009,0.6421,unconfirmed,
12002,15,Guyabano,25.51,25.0,0.51,0.02,0.6123,unconfirmed,
12045,15,Guyabano,25.25,25.0,0.25,0.01,0.64,confirmed,Forest Zone
12145,15,Guyabano,25.32,25.0,0.32,0.013,0.6325,unconfirmed,
12349,15,Guyabano,25.83,25.0,0.83,0.033,0.5781,confirmed,Forest Zone
12362,15,Guyabano,25.51,25.0,0.51,0.02,0.6123,unconfirmed,
12387,15,Guyabano,26.32,25.0,1.32,0.053,0.5259,confirmed,Forest Zone
12390,15,Guyabano,25.01,25.0,0.01,0.0,0.6656,confirmed,Forest Zone
12398,15,Guyabano,26.26,25.0,1.26,0.05,0.5323,confirmed,Forest Zone
12447,15,Guyabano,25.25,25.0,0.25,0.01,0.64,confirmed,Forest Zone
12451,15,Guyabano,26.31,25.0,1.31,0.052,0.5269,confirmed,Forest Zone
12466,15,Guyabano,26.03,25.0,1.03,0.041,0.5568,confirmed,Forest Zone
12467,15,Guyabano,25.51,25.0,0.51,0.02,0.6123,confirmed,Forest Zone
12470,15,Guyabano,25.63,25.0,0.63,0.025,0.5995,unconfirmed,
12517,15,Guyabano,26.41,25.0,1.41,0.056,0.5163,confirmed,Forest Zone
12518,15,Guyabano,26.51,25.0,1.51,0.06,0.5056,confirmed,Forest Zone
12555,15,Guyabano,25.14,25.0,0.14,0.006,0.6517,unconfirmed,
12557,15,Guyabano,25.14,25.0,0.14,0.006,0.6517,confirmed,Forest Zone
12560,15,Guyabano,25.14,25.0,0.14,0.006,0.6517,confirmed,Forest Zone
12580,15,Guyabano,25.72,25.0,0.72,0.029,0.5899,unconfirmed,
12627,15,Guyabano,26.42,25.0,1.42,0.057,0.5152,confirmed,Forest Zone
12807,15,Guyabano,26.01,25.0,1.01,0.04,0.5589,unconfirmed,
12824,15,Guyabano,25.14,25.0,0.14,0.006,0.6517,confirmed,Forest Zone
12842,15,Guyabano,26.44,25.0,1.44,0.058,0.5131,confirmed,Forest Zone
12850,15,Guyabano,26.11,25.0,1.11,0.044,0.5483,confirmed,Forest Zone
12895,15,Guyabano,26.55,25.0,1.55,0.062,0.5013,confirmed,Forest Zone
12897,15,Guyabano,25.78,25.0,0.78,0.031,0.5835,confirmed,Forest Zone
12923,15,Guyabano,25.51,25.0,0.51,0.02,0.6123,unconfirmed,
12962,15,Guyabano,26.52,25.0,1.52,0.061,0.5045,confirmed,Forest Zone
13001,15,Guyabano,25.14,25.0,0.14,0.006,0.6517,confirmed,Forest Zone
13028,15,Guyabano,26.19,25.0,1.19,0.048,0.5397,unconfirmed,
13140,15,Guyabano,25.71,25.0,0.71,0.028,0.5909,unconfirmed,
13162,15,Guyabano,25.1,25.0,0.1,0.004,0.656,unconfirmed,
13253,15,Guyabano,25.01,25.0,0.01,0.0,0.6656,unconfirmed,
13356,15,Guyabano,25.07,25.0,0.07,0.003,0.6592,unconfirmed,
13364,15,Guyabano,25.14,25.0,0.14,0.006,0.6517,unconfirmed,
13365,15,Guyabano,25.13,25.0,0.13,0.005,0.6528,unconfirmed,
13561,15,Guyabano,25.05,25.0,0.05,0.002,0.6613,confirmed,Forest Zone
13563,15,Guyabano,25.68,25.0,0.68,0.027,0.5941,unconfirmed,
13683,15,Guyabano,26.44,25.0,1.44,0.058,0.5131,unconfirmed,
13730,15,Guyabano,26.33,25.0,1.33,0.053,0.5248,confirmed,Forest Zone
13793,15,Guyabano,25.12,25.0,0.12,0.005,0.6539,unconfirmed,
13812,15,Guyabano,25.96,25.0,0.96,0.038,0.5643,unconfirmed,
13823,15,Guyabano,25.08,25.0,0.08,0.003,0.6581,unconfirmed,
13932,15,Guyabano,26.52,25.0,1.52,0.061,0.5045,unconfirmed,
13954,15,Guyabano,25.53,25.0,0.53,0.021,0.6101,confirmed,Forest Zone
13997,15,Guyabano,26.33,25.0,1.33,0.053,0.5248,unconfirmed,
14000,15,Guyabano,25.19,25.0,0.19,0.008,0.6464,unconfirmed,
14009,15,Guyabano,25.32,25.0,0.32,0.013,0.6325,unconfirmed,
14017,15,Guyabano,26.01,25.0,1.01,0.04,0.5589,unconfirmed,
14033,15,Guyabano,26.48,25.0,1.48,0.059,0.5088,unconfirmed,
14047,15,Guyabano,25.53,25.0,0.53,0.021,0.6101,unconfirmed,
14055,15,Guyabano,26.3,25.0,1.3,0.052,0.528,confirmed,Forest Zone
14136,15,Guyabano,25.16,25.0,0.16,0.006,0.6496,unconfirmed,
14144,15,Guyabano,25.06,25.0,0.06,0.002,0.6603,unconfirmed,
14172,15,Guyabano,25.12,25.0,0.12,0.005,0.6539,confirmed,Forest Zone
14217,15,Guyabano,25.79,25.0,0.79,0.032,0.5824,unconfirmed,
14248,15,Guyabano,26.4,25.0,1.4,0.056,0.5173,unconfirmed,
14262,15,Guyabano,26.18,25.0,1.18,0.047,0.5408,unconfirmed,
14274,15,Guyabano,26.42,25.0,1.42,0.057,0.5152,unconfirmed,
14275,15,Guyabano,25.28,25.0,0.28,0.011,0.6368,unconfirmed,
14377,15,Guyabano,25.82,25.0,0.82,0.033,0.5792,unconfirmed,
14395,15,Guyabano,25.13,25.0,0.13,0.005,0.6528,confirmed,Forest Zone
14449,15,Guyabano,26.02,25.0,1.02,0.041,0.5579,unconfirmed,
14450,15,Guyabano,26.09,25.0,1.09,0.044,0.5504,unconfirmed,
14896,15,Guyabano,26.24,25.0,1.24,0.05,0.5344,unconfirmed,
14993,15,Guyabano,26.4,25.0,1.4,0.056,0.5173,unconfirmed,
14995,15,Guyabano,25.01,25.0,0.01,0.0,0.6656,unconfirmed,
15229,15,Guyabano,25.51,25.0,0.51,0.02,0.6123,unconfirmed,
15326,15,Guyabano,25.91,25.0,0.91,0.036,0.5696,unconfirmed,
15338,15,Guyabano,26.1,25.0,1.1,0.044,0.5493,unconfirmed,
15340,15,Guyabano,26.18,25.0,1.18,0.047,0.5408,unconfirmed,
15437,15,Guyabano,26.48,25.0,1.48,0.059,0.5088,unconfirmed,
15660,15,Guyabano,25.76,25.0,0.76,0.03,0.5856,unconfirmed,
15777,15,Guyabano,25.83,25.0,0.83,0.033,0.5781,unconfirmed,
15989,15,Guyabano,25.51,25.0,0.51,0.02,0.6123,unconfirmed,
16327,15,Guyabano,25.33,25.0,0.33,0.013,0.6315,unconfirmed,
16441,15,Guyabano,25.76,25.0,0.76,0.03,0.5856,unconfirmed,
16545,15,Guyabano,25.05,25.0,0.05,0.002,0.6613,unconfirmed,
3993,16,Atsuete,30.01,30.0,0.01,0.0,0.5617,confirmed,Socialized Housing Zone
4386,16,Atsuete,30.05,30.0,0.05,0.002,0.5588,confirmed,Forest Zone
4401,16,Atsuete,30.02,30.0,0.02,0.001,0.561,confirmed,Medium Density Residential Zone
4407,16,Atsuete,30.78,30.0,0.78,0.026,0.504,confirmed,Forest Zone
4513,16,Atsuete,30.47,30.0,0.47,0.016,0.5273,confirmed,Medium Density Residential Zone
4705,16,Atsuete,30.54,30.0,0.54,0.018,0.522,confirmed,Buffer Zone
4829,16,Atsuete,30.12,30.0,0.12,0.004,0.5535,confirmed,Forest Zone
4931,16,Atsuete,30.09,30.0,0.09,0.003,0.5558,confirmed,Forest Zone
5034,16,Atsuete,30.66,30.0,0.66,0.022,0.513,confirmed,Forest Zone
5041,16,Atsuete,30.56,30.0,0.56,0.019,0.5205,confirmed,Forest Zone
5053,16,Atsuete,30.63,30.0,0.63,0.021,0.5153,confirmed,Forest Zone
5155,16,Atsuete,30.51,30.0,0.51,0.017,0.5242,confirmed,Forest Zone
5253,16,Atsuete,30.12,30.0,0.12,0.004,0.5535,confirmed,Forest Zone
5296,16,Atsuete,30.13,30.0,0.13,0.004,0.5528,confirmed,Medium Density Residential Zone
5303,16,Atsuete,30.53,30.0,0.53,0.018,0.5227,confirmed,Medium Density Residential Zone
5492,16,Atsuete,30.06,30.0,0.06,0.002,0.558,confirmed,Forest Zone
5608,16,Atsuete,30.58,30.0,0.58,0.019,0.519,confirmed,Forest Zone
5612,16,Atsuete,30.2,30.0,0.2,0.007,0.5475,confirmed,Forest Zone
5715,16,Atsuete,30.39,30.0,0.39,0.013,0.5332,confirmed,Forest Zone
6047,16,Atsuete,30.81,30.0,0.81,0.027,0.5018,confirmed,Forest Zone
6168,16,Atsuete,30.69,30.0,0.69,0.023,0.5107,confirmed,Forest Zone
6512,16,Atsuete,30.47,30.0,0.47,0.016,0.5273,confirmed,Forest Zone
6514,16,Atsuete,30.28,30.0,0.28,0.009,0.5415,confirmed,Forest Zone
6526,16,Atsuete,30.43,30.0,0.43,0.014,0.5302,confirmed,Forest Zone
6530,16,Atsuete,30.54,30.0,0.54,0.018,0.522,confirmed,Forest Zone
6976,16,Atsuete,30.03,30.0,0.03,0.001,0.5602,confirmed,Medium Density Residential Zone
7048,16,Atsuete,30.63,30.0,0.63,0.021,0.5153,confirmed,Sanitary Landfill
7197,16,Atsuete,30.11,30.0,0.11,0.004,0.5542,confirmed,Forest Zone
7362,16,Atsuete,30.16,30.0,0.16,0.005,0.6524,confirmed,Institutional Research Zone
7495,16,Atsuete,30.03,30.0,0.03,0.001,0.5602,confirmed,Forest Zone
7596,16,Atsuete,30.02,30.0,0.02,0.001,0.561,confirmed,Forest Zone
7801,16,Atsuete,30.36,30.0,0.36,0.012,0.6347,confirmed,Institutional Research Zone
7853,16,Atsuete,30.66,30.0,0.66,0.022,0.513,confirmed,Forest Zone
8256,16,Atsuete,30.82,30.0,0.82,0.027,0.5938,confirmed,Forest Zone
8281,16,Atsuete,30.02,30.0,0.02,0.001,0.561,confirmed,Forest Zone
8460,16,Atsuete,30.05,30.0,0.05,0.002,0.6622,confirmed,Forest Zone
8572,16,Atsuete,31.27,30.0,1.27,0.042,0.5538,confirmed,Forest Zone
8585,16,Atsuete,30.28,30.0,0.28,0.009,0.6418,confirmed,Forest Zone
8712,16,Atsuete,30.35,30.0,0.35,0.012,0.5362,confirmed,Forest Zone
8716,16,Atsuete,30.03,30.0,0.03,0.001,0.5602,confirmed,Forest Zone
8795,16,Atsuete,30.51,30.0,0.51,0.017,0.6213,confirmed,Forest Zone
8796,16,Atsuete,30.55,30.0,0.55,0.018,0.6178,confirmed,Forest Zone
8799,16,Atsuete,30.05,30.0,0.05,0.002,0.6622,confirmed,Forest Zone
8904,16,Atsuete,30.93,30.0,0.93,0.031,0.584,confirmed,Forest Zone
8923,16,Atsuete,30.2,30.0,0.2,0.007,0.6489,confirmed,Forest Zone
8942,16,Atsuete,30.38,30.0,0.38,0.013,0.534,confirmed,Forest Zone
8954,16,Atsuete,30.46,30.0,0.46,0.015,0.528,confirmed,Forest Zone
9053,16,Atsuete,30.46,30.0,0.46,0.015,0.528,confirmed,Forest Zone
9065,16,Atsuete,30.59,30.0,0.59,0.02,0.5182,confirmed,Forest Zone
9365,16,Atsuete,31.3,30.0,1.3,0.043,0.5511,confirmed,Forest Zone
9370,16,Atsuete,31.11,30.0,1.11,0.037,0.568,confirmed,Forest Zone
9371,16,Atsuete,30.17,30.0,0.17,0.006,0.6516,confirmed,Forest Zone
9385,16,Atsuete,30.72,30.0,0.72,0.024,0.5085,confirmed,Forest Zone
9480,16,Atsuete,30.91,30.0,0.91,0.03,0.5858,confirmed,Forest Zone
9580,16,Atsuete,30.29,30.0,0.29,0.01,0.6409,confirmed,Forest Zone
9830,16,Atsuete,30.08,30.0,0.08,0.003,0.5565,confirmed,Forest Zone
9904,16,Atsuete,31.51,30.0,1.51,0.05,0.5324,confirmed,Forest Zone
9910,16,Atsuete,30.33,30.0,0.33,0.011,0.6373,confirmed,Forest Zone
9931,16,Atsuete,30.01,30.0,0.01,0.0,0.5617,confirmed,Forest Zone
10020,16,Atsuete,30.22,30.0,0.22,0.007,0.6471,confirmed,Forest Zone
10024,16,Atsuete,31.32,30.0,1.32,0.044,0.5493,confirmed,Forest Zone
10036,16,Atsuete,31.54,30.0,1.54,0.051,0.5298,confirmed,Forest Zone
10039,16,Atsuete,30.82,30.0,0.82,0.027,0.5938,confirmed,Forest Zone
10128,16,Atsuete,30.01,30.0,0.01,0.0,0.6658,confirmed,Forest Zone
10141,16,Atsuete,31.68,30.0,1.68,0.056,0.5173,confirmed,Forest Zone
10142,16,Atsuete,30.53,30.0,0.53,0.018,0.6196,confirmed,Forest Zone
10464,16,Atsuete,31.4,30.0,1.4,0.047,0.5422,confirmed,Forest Zone
10469,16,Atsuete,30.54,30.0,0.54,0.018,0.6187,confirmed,Forest Zone
10470,16,Atsuete,30.16,30.0,0.16,0.005,0.6524,confirmed,Forest Zone
10581,16,Atsuete,30.93,30.0,0.93,0.031,0.584,confirmed,Forest Zone
10599,16,Atsuete,31.03,30.0,1.03,0.034,0.5751,confirmed,Forest Zone
10602,16,Atsuete,30.98,30.0,0.98,0.033,0.5796,confirmed,Institutional Research Zone
10678,16,Atsuete,30.71,30.0,0.71,0.024,0.6036,confirmed,Forest Zone
10683,16,Atsuete,30.21,30.0,0.21,0.007,0.648,confirmed,Forest Zone
10693,16,Atsuete,30.2,30.0,0.2,0.007,0.6489,confirmed,Forest Zone
10694,16,Atsuete,31.54,30.0,1.54,0.051,0.5298,confirmed,Forest Zone
10701,16,Atsuete,31.5,30.0,1.5,0.05,0.5333,confirmed,Forest Zone
10711,16,Atsuete,30.09,30.0,0.09,0.003,0.6587,confirmed,Forest Zone
10797,16,Atsuete,31.01,30.0,1.01,0.034,0.5769,confirmed,Forest Zone
10813,16,Atsuete,30.34,30.0,0.34,0.011,0.6364,confirmed,Forest Zone
10896,16,Atsuete,31.41,30.0,1.41,0.047,0.5413,confirmed,Forest Zone
10901,16,Atsuete,30.24,30.0,0.24,0.008,0.6453,confirmed,Forest Zone
11005,16,Atsuete,31.78,30.0,1.78,0.059,0.5084,confirmed,Forest Zone
11008,16,Atsuete,31.78,30.0,1.78,0.059,0.5084,confirmed,Forest Zone
11039,16,Atsuete,31.02,30.0,1.02,0.034,0.576,confirmed,Forest Zone
11150,16,Atsuete,31.08,30.0,1.08,0.036,0.5707,confirmed,Forest Zone
11231,16,Atsuete,30.33,30.0,0.33,0.011,0.6373,confirmed,Forest Zone
11239,16,Atsuete,30.6,30.0,0.6,0.02,0.6133,confirmed,Forest Zone
11258,16,Atsuete,30.55,30.0,0.55,0.018,0.6178,confirmed,Forest Zone
11344,16,Atsuete,31.8,30.0,1.8,0.06,0.5067,confirmed,Forest Zone
11347,16,Atsuete,30.39,30.0,0.39,0.013,0.632,confirmed,Forest Zone
11352,16,Atsuete,31.55,30.0,1.55,0.052,0.5289,confirmed,Forest Zone
11353,16,Atsuete,31.43,30.0,1.43,0.048,0.5396,confirmed,Forest Zone
11364,16,Atsuete,31.36,30.0,1.36,0.045,0.5458,confirmed,Forest Zone
11369,16,Atsuete,30.06,30.0,0.06,0.002,0.6613,confirmed,Forest Zone
11448,16,Atsuete,30.93,30.0,0.93,0.031,0.584,confirmed,Forest Zone
11451,16,Atsuete,31.17,30.0,1.17,0.039,0.5627,confirmed,Forest Zone
11452,16,Atsuete,30.44,30.0,0.44,0.015,0.6276,confirmed,Forest Zone
11457,16,Atsuete,31.13,30.0,1.13,0.038,0.5662,confirmed,Forest Zone
11469,16,Atsuete,30.56,30.0,0.56,0.019,0.6169,confirmed,Forest Zone
11476,16,Atsuete,30.05,30.0,0.05,0.002,0.6622,confirmed,Forest Zone
11477,16,Atsuete,31.4,30.0,1.4,0.047,0.5422,confirmed,Forest Zone
11486,16,Atsuete,31.81,30.0,1.81,0.06,0.5058,confirmed,Forest Zone
11581,16,Atsuete,31.01,30.0,1.01,0.034,0.5769,confirmed,Forest Zone
11672,16,Atsuete,31.55,30.0,1.55,0.052,0.5289,confirmed,Forest Zone
11695,16,Atsuete,31.07,30.0,1.07,0.036,0.5716,confirmed,Forest Zone
11799,16,Atsuete,30.69,30.0,0.69,0.023,0.6053,confirmed,Forest Zone
11801,16,Atsuete,30.28,30.0,0.28,0.009,0.6418,confirmed,Forest Zone
11811,16,Atsuete,31.36,30.0,1.36,0.045,0.5458,confirmed,Forest Zone
11918,16,Atsuete,30.78,30.0,0.78,0.026,0.5973,confirmed,Forest Zone
12027,16,Atsuete,31.82,30.0,1.82,0.061,0.5049,confirmed,Forest Zone
12055,16,Atsuete,31.4,30.0,1.4,0.047,0.5422,confirmed,Forest Zone
12233,16,Atsuete,30.09,30.0,0.09,0.003,0.6587,confirmed,Forest Zone
12245,16,Atsuete,30.66,30.0,0.66,0.022,0.608,confirmed,Forest Zone
12261,16,Atsuete,30.39,30.0,0.39,0.013,0.632,confirmed,Forest Zone
12262,16,Atsuete,31.66,30.0,1.66,0.055,0.5191,confirmed,Forest Zone
12342,16,Atsuete,31.54,30.0,1.54,0.051,0.5298,confirmed,Forest Zone
12375,16,Atsuete,31.42,30.0,1.42,0.047,0.5404,confirmed,Forest Zone
12388,16,Atsuete,30.55,30.0,0.55,0.018,0.6178,confirmed,Forest Zone
12389,16,Atsuete,31.83,30.0,1.83,0.061,0.504,confirmed,Forest Zone
12408,16,Atsuete,31.34,30.0,1.34,0.045,0.5476,confirmed,Forest Zone
12459,16,Atsuete,31.84,30.0,1.84,0.061,0.5031,confirmed,Forest Zone
12460,16,Atsuete,30.68,30.0,0.68,0.023,0.6062,confirmed,Forest Zone
12479,16,Atsuete,30.59,30.0,0.59,0.02,0.6142,confirmed,Forest Zone
12480,16,Atsuete,31.56,30.0,1.56,0.052,0.528,confirmed,Forest Zone
12489,16,Atsuete,30.38,30.0,0.38,0.013,0.6329,confirmed,Forest Zone
12504,16,Atsuete,31.58,30.0,1.58,0.053,0.5262,confirmed,Forest Zone
12505,16,Atsuete,31.59,30.0,1.59,0.053,0.5253,confirmed,Forest Zone
12561,16,Atsuete,30.51,30.0,0.51,0.017,0.6213,confirmed,Forest Zone
12578,16,Atsuete,30.12,30.0,0.12,0.004,0.656,unconfirmed,
12581,16,Atsuete,31.26,30.0,1.26,0.042,0.5547,unconfirmed,
12667,16,Atsuete,30.07,30.0,0.07,0.002,0.6604,unconfirmed,
12677,16,Atsuete,31.23,30.0,1.23,0.041,0.5573,confirmed,Forest Zone
12682,16,Atsuete,30.12,30.0,0.12,0.004,0.656,confirmed,Forest Zone
12707,16,Atsuete,31.15,30.0,1.15,0.038,0.5644,confirmed,Forest Zone
12729,16,Atsuete,30.46,30.0,0.46,0.015,0.6258,confirmed,Forest Zone
12794,16,Atsuete,30.97,30.0,0.97,0.032,0.5804,confirmed,Forest Zone
12795,16,Atsuete,30.67,30.0,0.67,0.022,0.6071,confirmed,Forest Zone
12809,16,Atsuete,31.1,30.0,1.1,0.037,0.5689,unconfirmed,
12818,16,Atsuete,30.05,30.0,0.05,0.002,0.6622,confirmed,Forest Zone
12843,16,Atsuete,30.23,30.0,0.23,0.008,0.6462,confirmed,Forest Zone
12893,16,Atsuete,31.53,30.0,1.53,0.051,0.5307,confirmed,Forest Zone
12894,16,Atsuete,30.29,30.0,0.29,0.01,0.6409,confirmed,Forest Zone
12939,16,Atsuete,30.45,30.0,0.45,0.015,0.6267,confirmed,Forest Zone
12945,16,Atsuete,31.34,30.0,1.34,0.045,0.5476,confirmed,Forest Zone
12946,16,Atsuete,30.35,30.0,0.35,0.012,0.6356,confirmed,Forest Zone
12949,16,Atsuete,30.42,30.0,0.42,0.014,0.6293,confirmed,Forest Zone
13006,16,Atsuete,31.67,30.0,1.67,0.056,0.5182,confirmed,Forest Zone
13008,16,Atsuete,30.71,30.0,0.71,0.024,0.6036,confirmed,Forest Zone
13030,16,Atsuete,31.57,30.0,1.57,0.052,0.5271,unconfirmed,
13049,16,Atsuete,31.34,30.0,1.34,0.045,0.5476,confirmed,Forest Zone
13114,16,Atsuete,31.0,30.0,1.0,0.033,0.5778,confirmed,Forest Zone
13250,16,Atsuete,30.23,30.0,0.23,0.008,0.6462,unconfirmed,
13251,16,Atsuete,30.71,30.0,0.71,0.024,0.6036,unconfirmed,
13259,16,Atsuete,30.46,30.0,0.46,0.015,0.6258,unconfirmed,
13280,16,Atsuete,30.56,30.0,0.56,0.019,0.6169,confirmed,Forest Zone
13283,16,Atsuete,31.14,30.0,1.14,0.038,0.5653,confirmed,Forest Zone
13284,16,Atsuete,30.55,30.0,0.55,0.018,0.6178,confirmed,Forest Zone
13338,16,Atsuete,30.05,30.0,0.05,0.002,0.6622,confirmed,Forest Zone
13345,16,Atsuete,31.07,30.0,1.07,0.036,0.5716,unconfirmed,
13368,16,Atsuete,30.86,30.0,0.86,0.029,0.5902,unconfirmed,
13384,16,Atsuete,30.78,30.0,0.78,0.026,0.5973,unconfirmed,
13449,16,Atsuete,30.42,30.0,0.42,0.014,0.6293,confirmed,Forest Zone
13452,16,Atsuete,30.16,30.0,0.16,0.005,0.6524,confirmed,Forest Zone
13454,16,Atsuete,30.59,30.0,0.59,0.02,0.6142,unconfirmed,
13455,16,Atsuete,31.42,30.0,1.42,0.047,0.5404,unconfirmed,
13464,16,Atsuete,31.49,30.0,1.49,0.05,0.5342,unconfirmed,
13466,16,Atsuete,31.8,30.0,1.8,0.06,0.5067,unconfirmed,
13467,16,Atsuete,31.12,30.0,1.12,0.037,0.5671,unconfirmed,
13468,16,Atsuete,30.44,30.0,0.44,0.015,0.6276,unconfirmed,
13477,16,Atsuete,30.75,30.0,0.75,0.025,0.6,unconfirmed,
13499,16,Atsuete,31.81,30.0,1.81,0.06,0.5058,unconfirmed,
13500,16,Atsuete,30.75,30.0,0.75,0.025,0.6,unconfirmed,
13501,16,Atsuete,30.59,30.0,0.59,0.02,0.6142,unconfirmed,
13555,16,Atsuete,30.87,30.0,0.87,0.029,0.5893,unconfirmed,
13566,16,Atsuete,30.83,30.0,0.83,0.028,0.5929,unconfirmed,
13569,16,Atsuete,31.32,30.0,1.32,0.044,0.5493,unconfirmed,
13570,16,Atsuete,31.01,30.0,1.01,0.034,0.5769,unconfirmed,
13578,16,Atsuete,31.04,30.0,1.04,0.035,0.5742,unconfirmed,
13587,16,Atsuete,30.29,30.0,0.29,0.01,0.6409,unconfirmed,
13591,16,Atsuete,30.05,30.0,0.05,0.002,0.6622,unconfirmed,
13597,16,Atsuete,30.35,30.0,0.35,0.012,0.6356,unconfirmed,
13605,16,Atsuete,31.49,30.0,1.49,0.05,0.5342,unconfirmed,
13667,16,Atsuete,31.04,30.0,1.04,0.035,0.5742,confirmed,Forest Zone
13777,16,Atsuete,30.32,30.0,0.32,0.011,0.6382,unconfirmed,
13780,16,Atsuete,31.53,30.0,1.53,0.051,0.5307,confirmed,Forest Zone
13787,16,Atsuete,30.08,30.0,0.08,0.003,0.6596,unconfirmed,
13789,16,Atsuete,30.25,30.0,0.25,0.008,0.6444,unconfirmed,
13808,16,Atsuete,31.0,30.0,1.0,0.033,0.5778,unconfirmed,
13810,16,Atsuete,30.17,30.0,0.17,0.006,0.6516,unconfirmed,
13811,16,Atsuete,31.0,30.0,1.0,0.033,0.5778,unconfirmed,
13888,16,Atsuete,31.78,30.0,1.78,0.059,0.5084,unconfirmed,
13891,16,Atsuete,30.01,30.0,0.01,0.0,0.6658,unconfirmed,
13915,16,Atsuete,30.03,30.0,0.03,0.001,0.664,unconfirmed,
13921,16,Atsuete,30.02,30.0,0.02,0.001,0.6649,unconfirmed,
13936,16,Atsuete,31.4,30.0,1.4,0.047,0.5422,unconfirmed,
13937,16,Atsuete,30.63,30.0,0.63,0.021,0.6107,unconfirmed,
13950,16,Atsuete,30.95,30.0,0.95,0.032,0.5822,confirmed,Forest Zone
14015,16,Atsuete,30.05,30.0,0.05,0.002,0.6622,unconfirmed,
14018,16,Atsuete,30.43,30.0,0.43,0.014,0.6284,unconfirmed,
14026,16,Atsuete,30.03,30.0,0.03,0.001,0.664,unconfirmed,
14027,16,Atsuete,30.03,30.0,0.03,0.001,0.664,unconfirmed,
14039,16,Atsuete,30.01,30.0,0.01,0.0,0.6658,unconfirmed,
14040,16,Atsuete,31.15,30.0,1.15,0.038,0.5644,unconfirmed,
14148,16,Atsuete,31.65,30.0,1.65,0.055,0.52,unconfirmed,
14151,16,Atsuete,31.67,30.0,1.67,0.056,0.5182,unconfirmed,
14157,16,Atsuete,31.53,30.0,1.53,0.051,0.5307,unconfirmed,
14163,16,Atsuete,30.53,30.0,0.53,0.018,0.6196,unconfirmed,
14263,16,Atsuete,31.78,30.0,1.78,0.059,0.5084,unconfirmed,
14327,16,Atsuete,30.62,30.0,0.62,0.021,0.6116,unconfirmed,
14335,16,Atsuete,30.21,30.0,0.21,0.007,0.648,unconfirmed,
14350,16,Atsuete,30.06,30.0,0.06,0.002,0.6613,unconfirmed,
14352,16,Atsuete,30.65,30.0,0.65,0.022,0.6089,unconfirmed,
14394,16,Atsuete,31.11,30.0,1.11,0.037,0.568,confirmed,Forest Zone
14453,16,Atsuete,30.51,30.0,0.51,0.017,0.6213,unconfirmed,
14459,16,Atsuete,31.42,30.0,1.42,0.047,0.5404,unconfirmed,
14460,16,Atsuete,31.0,30.0,1.0,0.033,0.5778,unconfirmed,
14570,16,Atsuete,30.23,30.0,0.23,0.008,0.6462,unconfirmed,
14580,16,Atsuete,30.88,30.0,0.88,0.029,0.5884,unconfirmed,
14666,16,Atsuete,30.05,30.0,0.05,0.002,0.6622,unconfirmed,
14788,16,Atsuete,30.22,30.0,0.22,0.007,0.6471,unconfirmed,
15001,16,Atsuete,30.84,30.0,0.84,0.028,0.592,unconfirmed,
15008,16,Atsuete,31.23,30.0,1.23,0.041,0.5573,unconfirmed,
15010,16,Atsuete,31.72,30.0,1.72,0.057,0.5138,unconfirmed,
15111,16,Atsuete,30.98,30.0,0.98,0.033,0.5796,unconfirmed,
15117,16,Atsuete,30.08,30.0,0.08,0.003,0.6596,unconfirmed,
15227,16,Atsuete,30.22,30.0,0.22,0.007,0.6471,unconfirmed,
15658,16,Atsuete,31.7,30.0,1.7,0.057,0.5156,unconfirmed,
15994,16,Atsuete,30.21,30.0,0.21,0.007,0.648,unconfirmed,
16104,16,Atsuete,30.93,30.0,0.93,0.031,0.584,unconfirmed,
16215,16,Atsuete,30.53,30.0,0.53,0.018,0.6196,unconfirmed,
16324,16,Atsuete,30.77,30.0,0.77,0.026,0.5982,unconfirmed,
16331,16,Atsuete,31.04,30.0,1.04,0.035,0.5742,unconfirmed,
16551,16,Atsuete,30.79,30.0,0.79,0.026,0.5964,unconfirmed,
16662,16,Atsuete,31.34,30.0,1.34,0.045,0.5476,unconfirmed,
16766,16,Atsuete,30.09,30.0,0.09,0.003,0.6587,unconfirmed,
16767,16,Atsuete,30.09,30.0,0.09,0.003,0.6587,unconfirmed,
16878,16,Atsuete,31.64,30.0,1.64,0.055,0.5209,unconfirmed,
3420,17,Cacao,25.09,25.0,0.09,0.004,0.5544,confirmed,High Density Residential - Mixed Use Zone
3543,17,Cacao,25.51,25.0,0.51,0.02,0.5166,confirmed,High Density Residential - Mixed Use Zone
3975,17,Cacao,25.17,25.0,0.17,0.007,0.5472,confirmed,High Density Residential - Mixed Use Zone
3985,17,Cacao,25.63,25.0,0.63,0.025,0.5058,confirmed,High Density Residential - Mixed Use Zone
4067,17,Cacao,25.59,25.0,0.59,0.024,0.5094,confirmed,Medium Density Residential Zone
4290,17,Cacao,25.48,25.0,0.48,0.019,0.5193,confirmed,Medium Density Residential Zone
4296,17,Cacao,25.34,25.0,0.34,0.014,0.5319,confirmed,Forest Zone
4312,17,Cacao,25.01,25.0,0.01,0.0,0.5616,confirmed,Medium Density Residential Zone
4428,17,Cacao,25.13,25.0,0.13,0.005,0.5508,confirmed,Socialized Housing Zone
4627,17,Cacao,25.32,25.0,0.32,0.013,0.5337,confirmed,Forest Zone
4714,17,Cacao,25.53,25.0,0.53,0.021,0.5148,confirmed,Forest Zone
4744,17,Cacao,25.51,25.0,0.51,0.02,0.5166,confirmed,Medium Density Residential Zone
4821,17,Cacao,25.54,25.0,0.54,0.022,0.5139,confirmed,Forest Zone
4843,17,Cacao,25.12,25.0,0.12,0.005,0.5517,confirmed,Medium Density Residential Zone
4966,17,Cacao,25.37,25.0,0.37,0.015,0.5292,confirmed,Forest Zone
5039,17,Cacao,25.07,25.0,0.07,0.003,0.5562,confirmed,Forest Zone
5049,17,Cacao,25.32,25.0,0.32,0.013,0.5337,confirmed,Forest Zone
5145,17,Cacao,25.01,25.0,0.01,0.0,0.5616,confirmed,Forest Zone
5279,17,Cacao,25.17,25.0,0.17,0.007,0.5472,confirmed,Forest Zone
5514,17,Cacao,25.51,25.0,0.51,0.02,0.5166,confirmed,Medium Density Residential Zone
5856,17,Cacao,25.13,25.0,0.13,0.005,0.5508,confirmed,Forest Zone
5964,17,Cacao,25.02,25.0,0.02,0.001,0.5607,confirmed,Forest Zone
5966,17,Cacao,25.5,25.0,0.5,0.02,0.5175,confirmed,Forest Zone
5979,17,Cacao,25.14,25.0,0.14,0.006,0.5499,confirmed,Forest Zone
6051,17,Cacao,25.29,25.0,0.29,0.012,0.5364,confirmed,Forest Zone
6174,17,Cacao,25.25,25.0,0.25,0.01,0.54,confirmed,Forest Zone
6192,17,Cacao,25.5,25.0,0.5,0.02,0.5175,confirmed,Forest Zone
6264,17,Cacao,25.65,25.0,0.65,0.026,0.504,confirmed,Forest Zone
6275,17,Cacao,25.63,25.0,0.63,0.025,0.5058,confirmed,Forest Zone
6295,17,Cacao,25.02,25.0,0.02,0.001,0.5607,confirmed,Forest Zone
6298,17,Cacao,25.64,25.0,0.64,0.026,0.5049,confirmed,Forest Zone
6509,17,Cacao,25.17,25.0,0.17,0.007,0.5472,confirmed,Forest Zone
6595,17,Cacao,25.41,25.0,0.41,0.016,0.5256,confirmed,Forest Zone
6597,17,Cacao,25.08,25.0,0.08,0.003,0.5553,confirmed,Forest Zone
6639,17,Cacao,25.12,25.0,0.12,0.005,0.5517,confirmed,Forest Zone
6705,17,Cacao,25.33,25.0,0.33,0.013,0.5328,confirmed,Forest Zone
6707,17,Cacao,25.56,25.0,0.56,0.022,0.5121,confirmed,Forest Zone
6716,17,Cacao,25.06,25.0,0.06,0.002,0.5571,confirmed,Forest Zone
6721,17,Cacao,25.1,25.0,0.1,0.004,0.5535,confirmed,Special Reserved Zone
6830,17,Cacao,25.33,25.0,0.33,0.013,0.5328,confirmed,Special Reserved Zone
6838,17,Cacao,25.62,25.0,0.62,0.025,0.5067,confirmed,High Density Residential - Mixed Use Zone
6862,17,Cacao,25.05,25.0,0.05,0.002,0.558,confirmed,Forest Zone
6913,17,Cacao,25.25,25.0,0.25,0.01,0.64,confirmed,Forest Zone
6920,17,Cacao,25.63,25.0,0.63,0.025,0.5058,confirmed,Forest Zone
7040,17,Cacao,25.51,25.0,0.51,0.02,0.5166,confirmed,Forest Zone
7080,17,Cacao,25.24,25.0,0.24,0.01,0.5409,confirmed,Forest Zone
7163,17,Cacao,25.26,25.0,0.26,0.01,0.5391,confirmed,Special Reserved Zone
7374,17,Cacao,25.18,25.0,0.18,0.007,0.5463,confirmed,Forest Zone
7375,17,Cacao,25.51,25.0,0.51,0.02,0.5166,confirmed,Forest Zone
7416,17,Cacao,25.25,25.0,0.25,0.01,0.54,confirmed,Forest Zone
7941,17,Cacao,25.59,25.0,0.59,0.024,0.5094,confirmed,Forest Zone
8020,17,Cacao,25.02,25.0,0.02,0.001,0.6645,confirmed,Forest Zone
8036,17,Cacao,25.68,25.0,0.68,0.027,0.5013,confirmed,Forest Zone
8173,17,Cacao,25.5,25.0,0.5,0.02,0.5175,confirmed,Forest Zone
8459,17,Cacao,26.19,25.0,1.19,0.048,0.5397,confirmed,Forest Zone
8497,17,Cacao,25.01,25.0,0.01,0.0,0.5616,confirmed,Forest Zone
8682,17,Cacao,26.55,25.0,1.55,0.062,0.5013,confirmed,Forest Zone
8693,17,Cacao,25.01,25.0,0.01,0.0,0.6656,confirmed,Forest Zone
8792,17,Cacao,25.14,25.0,0.14,0.006,0.6517,confirmed,Forest Zone
8900,17,Cacao,25.01,25.0,0.01,0.0,0.6656,confirmed,Forest Zone
8908,17,Cacao,26.01,25.0,1.01,0.04,0.5589,confirmed,Forest Zone
8940,17,Cacao,25.57,25.0,0.57,0.023,0.5112,confirmed,Forest Zone
8967,17,Cacao,25.63,25.0,0.63,0.025,0.5058,confirmed,Forest Zone
9021,17,Cacao,25.1,25.0,0.1,0.004,0.656,confirmed,Forest Zone
9366,17,Cacao,26.11,25.0,1.11,0.044,0.5483,confirmed,Forest Zone
9565,17,Cacao,25.51,25.0,0.51,0.02,0.6123,confirmed,Forest Zone
9579,17,Cacao,25.2,25.0,0.2,0.008,0.6453,confirmed,Forest Zone
9700,17,Cacao,25.13,25.0,0.13,0.005,0.6528,confirmed,Forest Zone
9940,17,Cacao,25.63,25.0,0.63,0.025,0.5058,confirmed,Forest Zone
10021,17,Cacao,26.44,25.0,1.44,0.058,0.5131,confirmed,Forest Zone
10022,17,Cacao,26.0,25.0,1.0,0.04,0.56,confirmed,Forest Zone
10028,17,Cacao,25.24,25.0,0.24,0.01,0.6411,confirmed,Forest Zone
10146,17,Cacao,25.83,25.0,0.83,0.033,0.5781,confirmed,Forest Zone
10150,17,Cacao,26.26,25.0,1.26,0.05,0.5323,confirmed,Forest Zone
10156,17,Cacao,25.14,25.0,0.14,0.006,0.5499,confirmed,Forest Zone
10263,17,Cacao,25.32,25.0,0.32,0.013,0.6325,confirmed,Forest Zone
10292,17,Cacao,25.59,25.0,0.59,0.024,0.5094,confirmed,Forest Zone
10293,17,Cacao,25.47,25.0,0.47,0.019,0.5202,confirmed,Forest Zone
10348,17,Cacao,25.68,25.0,0.68,0.027,0.5941,confirmed,Forest Zone
10364,17,Cacao,26.31,25.0,1.31,0.052,0.5269,confirmed,Forest Zone
10452,17,Cacao,26.43,25.0,1.43,0.057,0.5141,confirmed,Forest Zone
10454,17,Cacao,26.26,25.0,1.26,0.05,0.5323,confirmed,Forest Zone
10493,17,Cacao,25.24,25.0,0.24,0.01,0.5409,confirmed,Institutional Research Zone
10562,17,Cacao,25.65,25.0,0.65,0.026,0.5973,confirmed,Forest Zone
10565,17,Cacao,25.53,25.0,0.53,0.021,0.6101,confirmed,Forest Zone
10572,17,Cacao,25.61,25.0,0.61,0.024,0.6016,confirmed,Forest Zone
10586,17,Cacao,25.84,25.0,0.84,0.034,0.5771,confirmed,Forest Zone
10609,17,Cacao,25.13,25.0,0.13,0.005,0.5508,confirmed,Institutional Research Zone
10688,17,Cacao,26.41,25.0,1.41,0.056,0.5163,confirmed,Forest Zone
10692,17,Cacao,25.97,25.0,0.97,0.039,0.5632,confirmed,Forest Zone
10705,17,Cacao,26.41,25.0,1.41,0.056,0.5163,confirmed,Forest Zone
10784,17,Cacao,25.36,25.0,0.36,0.014,0.6283,confirmed,Forest Zone
10785,17,Cacao,26.18,25.0,1.18,0.047,0.5408,confirmed,Forest Zone
10803,17,Cacao,25.01,25.0,0.01,0.0,0.6656,confirmed,Forest Zone
10847,17,Cacao,25.03,25.0,0.03,0.001,0.5598,confirmed,Forest Zone
10916,17,Cacao,26.24,25.0,1.24,0.05,0.5344,confirmed,Forest Zone
10927,17,Cacao,26.42,25.0,1.42,0.057,0.5152,confirmed,Forest Zone
10943,17,Cacao,25.31,25.0,0.31,0.012,0.5346,confirmed,Institutional Research Zone
11120,17,Cacao,26.06,25.0,1.06,0.042,0.5536,confirmed,Forest Zone
11161,17,Cacao,26.09,25.0,1.09,0.044,0.5504,confirmed,Forest Zone
11167,17,Cacao,25.36,25.0,0.36,0.014,0.5301,confirmed,Forest Zone
11174,17,Cacao,25.41,25.0,0.41,0.016,0.5256,confirmed,Forest Zone
11182,17,Cacao,25.59,25.0,0.59,0.024,0.5094,confirmed,Forest Zone
11224,17,Cacao,25.96,25.0,0.96,0.038,0.5643,unconfirmed,
11228,17,Cacao,25.91,25.0,0.91,0.036,0.5696,confirmed,Forest Zone
11243,17,Cacao,26.55,25.0,1.55,0.062,0.5013,confirmed,Forest Zone
11293,17,Cacao,25.25,25.0,0.25,0.01,0.54,confirmed,Forest Zone
11355,17,Cacao,25.51,25.0,0.51,0.02,0.6123,confirmed,Forest Zone
11572,17,Cacao,25.64,25.0,0.64,0.026,0.5984,confirmed,Forest Zone
11577,17,Cacao,25.51,25.0,0.51,0.02,0.6123,confirmed,Forest Zone
11598,17,Cacao,25.18,25.0,0.18,0.007,0.6475,confirmed,Forest Zone
11689,17,Cacao,25.51,25.0,0.51,0.02,0.6123,confirmed,Forest Zone
11779,17,Cacao,25.14,25.0,0.14,0.006,0.6517,unconfirmed,
11780,17,Cacao,25.29,25.0,0.29,0.012,0.6357,unconfirmed,
11804,17,Cacao,25.67,25.0,0.67,0.027,0.5952,confirmed,Forest Zone
11900,17,Cacao,26.26,25.0,1.26,0.05,0.5323,confirmed,Forest Zone
11901,17,Cacao,25.88,25.0,0.88,0.035,0.5728,confirmed,Forest Zone
11906,17,Cacao,25.01,25.0,0.01,0.0,0.6656,confirmed,Forest Zone
11917,17,Cacao,25.55,25.0,0.55,0.022,0.608,confirmed,Forest Zone
11945,17,Cacao,25.02,25.0,0.02,0.001,0.5607,confirmed,Forest Zone
12000,17,Cacao,25.23,25.0,0.23,0.009,0.6421,unconfirmed,
12002,17,Cacao,25.51,25.0,0.51,0.02,0.6123,unconfirmed,
12045,17,Cacao,25.25,25.0,0.25,0.01,0.64,confirmed,Forest Zone
12145,17,Cacao,25.32,25.0,0.32,0.013,0.6325,unconfirmed,
12349,17,Cacao,25.83,25.0,0.83,0.033,0.5781,confirmed,Forest Zone
12362,17,Cacao,25.51,25.0,0.51,0.02,0.6123,unconfirmed,
12387,17,Cacao,26.32,25.0,1.32,0.053,0.5259,confirmed,Forest Zone
12390,17,Cacao,25.01,25.0,0.01,0.0,0.6656,confirmed,Forest Zone
12398,17,Cacao,26.26,25.0,1.26,0.05,0.5323,confirmed,Forest Zone
12447,17,Cacao,25.25,25.0,0.25,0.01,0.64,confirmed,Forest Zone
12451,17,Cacao,26.31,25.0,1.31,0.052,0.5269,confirmed,Forest Zone
12466,17,Cacao,26.03,25.0,1.03,0.041,0.5568,confirmed,Forest Zone
12467,17,Cacao,25.51,25.0,0.51,0.02,0.6123,confirmed,Forest Zone
12470,17,Cacao,25.63,25.0,0.63,0.025,0.5995,unconfirmed,
12517,17,Cacao,26.41,25.0,1.41,0.056,0.5163,confirmed,Forest Zone
12518,17,Cacao,26.51,25.0,1.51,0.06,0.5056,confirmed,Forest Zone
12555,17,Cacao,25.14,25.0,0.14,0.006,0.6517,unconfirmed,
12557,17,Cacao,25.14,25.0,0.14,0.006,0.6517,confirmed,Forest Zone
12560,17,Cacao,25.14,25.0,0.14,0.006,0.6517,confirmed,Forest Zone
12580,17,Cacao,25.72,25.0,0.72,0.029,0.5899,unconfirmed,
12627,17,Cacao,26.42,25.0,1.42,0.057,0.5152,confirmed,Forest Zone
12807,17,Cacao,26.01,25.0,1.01,0.04,0.5589,unconfirmed,
12824,17,Cacao,25.14,25.0,0.14,0.006,0.6517,confirmed,Forest Zone
12842,17,Cacao,26.44,25.0,1.44,0.058,0.5131,confirmed,Forest Zone
12850,17,Cacao,26.11,25.0,1.11,0.044,0.5483,confirmed,Forest Zone
12895,17,Cacao,26.55,25.0,1.55,0.062,0.5013,confirmed,Forest Zone
12897,17,Cacao,25.78,25.0,0.78,0.031,0.5835,confirmed,Forest Zone
12923,17,Cacao,25.51,25.0,0.51,0.02,0.6123,unconfirmed,
12962,17,Cacao,26.52,25.0,1.52,0.061,0.5045,confirmed,Forest Zone
13001,17,Cacao,25.14,25.0,0.14,0.006,0.6517,confirmed,Forest Zone
13028,17,Cacao,26.19,25.0,1.19,0.048,0.5397,unconfirmed,
13140,17,Cacao,25.71,25.0,0.71,0.028,0.5909,unconfirmed,
13162,17,Cacao,25.1,25.0,0.1,0.004,0.656,unconfirmed,
13253,17,Cacao,25.01,25.0,0.01,0.0,0.6656,unconfirmed,
13356,17,Cacao,25.07,25.0,0.07,0.003,0.6592,unconfirmed,
13364,17,Cacao,25.14,25.0,0.14,0.006,0.6517,unconfirmed,
13365,17,Cacao,25.13,25.0,0.13,0.005,0.6528,unconfirmed,
13561,17,Cacao,25.05,25.0,0.05,0.002,0.6613,confirmed,Forest Zone
13563,17,Cacao,25.68,25.0,0.68,0.027,0.5941,unconfirmed,
13683,17,Cacao,26.44,25.0,1.44,0.058,0.5131,unconfirmed,
13730,17,Cacao,26.33,25.0,1.33,0.053,0.5248,confirmed,Forest Zone
13793,17,Cacao,25.12,25.0,0.12,0.005,0.6539,unconfirmed,
13812,17,Cacao,25.96,25.0,0.96,0.038,0.5643,unconfirmed,
13823,17,Cacao,25.08,25.0,0.08,0.003,0.6581,unconfirmed,
13932,17,Cacao,26.52,25.0,1.52,0.061,0.5045,unconfirmed,
13954,17,Cacao,25.53,25.0,0.53,0.021,0.6101,confirmed,Forest Zone
13997,17,Cacao,26.33,25.0,1.33,0.053,0.5248,unconfirmed,
14000,17,Cacao,25.19,25.0,0.19,0.008,0.6464,unconfirmed,
14009,17,Cacao,25.32,25.0,0.32,0.013,0.6325,unconfirmed,
14017,17,Cacao,26.01,25.0,1.01,0.04,0.5589,unconfirmed,
14033,17,Cacao,26.48,25.0,1.48,0.059,0.5088,unconfirmed,
14047,17,Cacao,25.53,25.0,0.53,0.021,0.6101,unconfirmed,
14055,17,Cacao,26.3,25.0,1.3,0.052,0.528,confirmed,Forest Zone
14136,17,Cacao,25.16,25.0,0.16,0.006,0.6496,unconfirmed,
14144,17,Cacao,25.06,25.0,0.06,0.002,0.6603,unconfirmed,
14172,17,Cacao,25.12,25.0,0.12,0.005,0.6539,confirmed,Forest Zone
14217,17,Cacao,25.79,25.0,0.79,0.032,0.5824,unconfirmed,
14248,17,Cacao,26.4,25.0,1.4,0.056,0.5173,unconfirmed,
14262,17,Cacao,26.18,25.0,1.18,0.047,0.5408,unconfirmed,
14274,17,Cacao,26.42,25.0,1.42,0.057,0.5152,unconfirmed,
14275,17,Cacao,25.28,25.0,0.28,0.011,0.6368,unconfirmed,
14377,17,Cacao,25.82,25.0,0.82,0.033,0.5792,unconfirmed,
14395,17,Cacao,25.13,25.0,0.13,0.005,0.6528,confirmed,Forest Zone
14449,17,Cacao,26.02,25.0,1.02,0.041,0.5579,unconfirmed,
14450,17,Cacao,26.09,25.0,1.09,0.044,0.5504,unconfirmed,
14896,17,Cacao,26.24,25.0,1.24,0.05,0.5344,unconfirmed,
14993,17,Cacao,26.4,25.0,1.4,0.056,0.5173,unconfirmed,
14995,17,Cacao,25.01,25.0,0.01,0.0,0.6656,unconfirmed,
15229,17,Cacao,25.51,25.0,0.51,0.02,0.6123,unconfirmed,
15326,17,Cacao,25.91,25.0,0.91,0.036,0.5696,unconfirmed,
15338,17,Cacao,26.1,25.0,1.1,0.044,0.5493,unconfirmed,
15340,17,Cacao,26.18,25.0,1.18,0.047,0.5408,unconfirmed,
15437,17,Cacao,26.48,25.0,1.48,0.059,0.5088,unconfirmed,
15660,17,Cacao,25.76,25.0,0.76,0.03,0.5856,unconfirmed,
15777,17,Cacao,25.83,25.0,0.83,0.033,0.5781,unconfirmed,
15989,17,Cacao,25.51,25.0,0.51,0.02,0.6123,unconfirmed,
16327,17,Cacao,25.33,25.0,0.33,0.013,0.6315,unconfirmed,
16441,17,Cacao,25.76,25.0,0.76,0.03,0.5856,unconfirmed,
16545,17,Cacao,25.05,25.0,0.05,0.002,0.6613,unconfirmed,
1581,18,Rambutan,20.51,20.0,0.51,0.026,0.5051,confirmed,Agricultural Zone
3640,18,Rambutan,20.4,20.0,0.4,0.02,0.5175,confirmed,High Density Residential - Mixed Use Zone
3851,18,Rambutan,20.24,20.0,0.24,0.012,0.5355,confirmed,High Density Residential - Mixed Use Zone
3869,18,Rambutan,20.01,20.0,0.01,0.0,0.5614,confirmed,High Density Residential - Mixed Use Zone
3956,18,Rambutan,20.11,20.0,0.11,0.006,0.5501,confirmed,Medium Density Residential Zone
4061,18,Rambutan,20.23,20.0,0.23,0.012,0.5366,confirmed,Forest Zone
4082,18,Rambutan,20.26,20.0,0.26,0.013,0.5332,confirmed,High Density Residential - Mixed Use Zone
4207,18,Rambutan,20.11,20.0,0.11,0.006,0.5501,confirmed,High Density Residential - Mixed Use Zone
4208,18,Rambutan,20.02,20.0,0.02,0.001,0.5602,confirmed,High Density Residential - Mixed Use Zone
4286,18,Rambutan,20.27,20.0,0.27,0.014,0.5321,confirmed,Minor Commercial - Mixed Use Zone
4405,18,Rambutan,20.04,20.0,0.04,0.002,0.558,confirmed,Forest Zone
4424,18,Rambutan,20.51,20.0,0.51,0.026,0.5051,confirmed,Medium Density Residential Zone
4492,18,Rambutan,20.01,20.0,0.01,0.0,0.5614,confirmed,Buffer Zone
4626,18,Rambutan,20.03,20.0,0.03,0.002,0.5591,confirmed,Medium Density Residential Zone
4630,18,Rambutan,20.4,20.0,0.4,0.02,0.5175,confirmed,Medium Density Residential Zone
4727,18,Rambutan,20.53,20.0,0.53,0.027,0.5029,confirmed,Forest Zone
4753,18,Rambutan,20.24,20.0,0.24,0.012,0.5355,confirmed,Medium Density Residential Zone
4929,18,Rambutan,20.24,20.0,0.24,0.012,0.5355,confirmed,Forest Zone
4939,18,Rambutan,20.43,20.0,0.43,0.022,0.5141,confirmed,Forest Zone
4954,18,Rambutan,20.24,20.0,0.24,0.012,0.5355,confirmed,Medium Density Residential Zone
4961,18,Rambutan,20.31,20.0,0.31,0.016,0.5276,confirmed,Medium Density Residential Zone
5277,18,Rambutan,20.19,20.0,0.19,0.01,0.5411,confirmed,Forest Zone
5298,18,Rambutan,20.53,20.0,0.53,0.027,0.5029,confirmed,Forest Zone
5321,18,Rambutan,20.53,20.0,0.53,0.027,0.5029,confirmed,Socialized Housing Zone
5742,18,Rambutan,20.42,20.0,0.42,0.021,0.5152,confirmed,Forest Zone
5814,18,Rambutan,20.12,20.0,0.12,0.006,0.549,confirmed,Forest Zone
5848,18,Rambutan,20.03,20.0,0.03,0.002,0.5591,confirmed,Medium Density Residential Zone
6071,18,Rambutan,20.24,20.0,0.24,0.012,0.5355,confirmed,Medium Density Residential Zone
6171,18,Rambutan,20.41,20.0,0.41,0.02,0.5164,confirmed,Forest Zone
6172,18,Rambutan,20.17,20.0,0.17,0.008,0.5434,confirmed,Forest Zone
6308,18,Rambutan,20.11,20.0,0.11,0.006,0.5501,confirmed,Medium Density Residential Zone
6404,18,Rambutan,20.41,20.0,0.41,0.02,0.5164,confirmed,Forest Zone
6815,18,Rambutan,20.4,20.0,0.4,0.02,0.5175,confirmed,Forest Zone
6843,18,Rambutan,20.01,20.0,0.01,0.0,0.5614,confirmed,Forest Zone
6931,18,Rambutan,20.16,20.0,0.16,0.008,0.5445,confirmed,Forest Zone
6972,18,Rambutan,20.27,20.0,0.27,0.014,0.5321,confirmed,Forest Zone
7164,18,Rambutan,20.54,20.0,0.54,0.027,0.5018,confirmed,Special Reserved Zone
7265,18,Rambutan,20.52,20.0,0.52,0.026,0.504,confirmed,Forest Zone
7377,18,Rambutan,20.26,20.0,0.26,0.013,0.5332,confirmed,Forest Zone
7412,18,Rambutan,20.17,20.0,0.17,0.008,0.5434,confirmed,Forest Zone
7488,18,Rambutan,20.16,20.0,0.16,0.008,0.5445,confirmed,Forest Zone
7740,18,Rambutan,20.23,20.0,0.23,0.012,0.5366,confirmed,Forest Zone
7824,18,Rambutan,20.02,20.0,0.02,0.001,0.5602,confirmed,Forest Zone
7933,18,Rambutan,20.16,20.0,0.16,0.008,0.5445,confirmed,Forest Zone
8019,18,Rambutan,21.02,20.0,1.02,0.051,0.5307,confirmed,Forest Zone
8040,18,Rambutan,20.02,20.0,0.02,0.001,0.5602,confirmed,Forest Zone
8150,18,Rambutan,20.01,20.0,0.01,0.0,0.5614,confirmed,Forest Zone
8250,18,Rambutan,21.06,20.0,1.06,0.053,0.5253,confirmed,Forest Zone
8270,18,Rambutan,20.01,20.0,0.01,0.0,0.5614,confirmed,Forest Zone
8571,18,Rambutan,20.81,20.0,0.81,0.04,0.5587,confirmed,Forest Zone
8604,18,Rambutan,20.14,20.0,0.14,0.007,0.5468,confirmed,Forest Zone
8615,18,Rambutan,20.13,20.0,0.13,0.007,0.5479,confirmed,Forest Zone
8749,18,Rambutan,20.13,20.0,0.13,0.007,0.5479,confirmed,Forest Zone
8812,18,Rambutan,21.02,20.0,1.02,0.051,0.5307,confirmed,Forest Zone
8858,18,Rambutan,20.43,20.0,0.43,0.022,0.5141,confirmed,Forest Zone
8930,18,Rambutan,20.37,20.0,0.37,0.018,0.5209,confirmed,Forest Zone
9022,18,Rambutan,20.32,20.0,0.32,0.016,0.624,confirmed,Forest Zone
9026,18,Rambutan,20.03,20.0,0.03,0.002,0.6627,confirmed,Forest Zone
9066,18,Rambutan,20.42,20.0,0.42,0.021,0.5152,confirmed,Forest Zone
9122,18,Rambutan,20.11,20.0,0.11,0.006,0.652,confirmed,Forest Zone
9236,18,Rambutan,20.14,20.0,0.14,0.007,0.648,confirmed,Forest Zone
9237,18,Rambutan,20.62,20.0,0.62,0.031,0.584,confirmed,Forest Zone
9289,18,Rambutan,20.03,20.0,0.03,0.002,0.5591,confirmed,Forest Zone
9349,18,Rambutan,20.71,20.0,0.71,0.036,0.572,confirmed,Forest Zone
9412,18,Rambutan,20.16,20.0,0.16,0.008,0.5445,confirmed,Forest Zone
9460,18,Rambutan,21.1,20.0,1.1,0.055,0.52,confirmed,Forest Zone
9685,18,Rambutan,21.22,20.0,1.22,0.061,0.504,confirmed,Forest Zone
9699,18,Rambutan,20.57,20.0,0.57,0.028,0.5907,confirmed,Forest Zone
9807,18,Rambutan,20.53,20.0,0.53,0.027,0.596,confirmed,Forest Zone
9809,18,Rambutan,21.04,20.0,1.04,0.052,0.528,confirmed,Forest Zone
9914,18,Rambutan,20.42,20.0,0.42,0.021,0.6107,confirmed,Forest Zone
10009,18,Rambutan,21.01,20.0,1.01,0.05,0.532,confirmed,Forest Zone
10368,18,Rambutan,20.68,20.0,0.68,0.034,0.576,confirmed,Forest Zone
10451,18,Rambutan,20.75,20.0,0.75,0.038,0.5667,confirmed,Forest Zone
10453,18,Rambutan,20.56,20.0,0.56,0.028,0.592,confirmed,Forest Zone
10457,18,Rambutan,20.51,20.0,0.51,0.026,0.5987,confirmed,Forest Zone
10473,18,Rambutan,20.42,20.0,0.42,0.021,0.6107,confirmed,Forest Zone
10474,18,Rambutan,20.56,20.0,0.56,0.028,0.592,confirmed,Forest Zone
10494,18,Rambutan,20.41,20.0,0.41,0.02,0.5164,confirmed,Institutional Research Zone
10497,18,Rambutan,20.42,20.0,0.42,0.021,0.5152,confirmed,Institutional Research Zone
10591,18,Rambutan,20.31,20.0,0.31,0.016,0.6253,confirmed,Forest Zone
10592,18,Rambutan,20.26,20.0,0.26,0.013,0.632,confirmed,Forest Zone
10593,18,Rambutan,20.81,20.0,0.81,0.04,0.5587,confirmed,Forest Zone
10671,18,Rambutan,20.01,20.0,0.01,0.0,0.6653,confirmed,Forest Zone
10699,18,Rambutan,20.63,20.0,0.63,0.032,0.5827,confirmed,Forest Zone
10795,18,Rambutan,21.11,20.0,1.11,0.056,0.5187,confirmed,Forest Zone
10796,18,Rambutan,20.56,20.0,0.56,0.028,0.592,confirmed,Forest Zone
10811,18,Rambutan,20.57,20.0,0.57,0.028,0.5907,confirmed,Forest Zone
10843,18,Rambutan,20.01,20.0,0.01,0.0,0.5614,confirmed,Forest Zone
10855,18,Rambutan,20.14,20.0,0.14,0.007,0.5468,confirmed,Special Reserved Zone
10934,18,Rambutan,21.01,20.0,1.01,0.05,0.532,confirmed,Forest Zone
11030,18,Rambutan,20.19,20.0,0.19,0.01,0.6413,confirmed,Forest Zone
11044,18,Rambutan,20.95,20.0,0.95,0.048,0.54,confirmed,Forest Zone
11114,18,Rambutan,21.04,20.0,1.04,0.052,0.528,unconfirmed,
11184,18,Rambutan,20.43,20.0,0.43,0.022,0.5141,confirmed,Forest Zone
11225,18,Rambutan,20.41,20.0,0.41,0.02,0.612,unconfirmed,
11254,18,Rambutan,20.53,20.0,0.53,0.027,0.596,confirmed,Forest Zone
11256,18,Rambutan,20.07,20.0,0.07,0.004,0.6573,confirmed,Forest Zone
11268,18,Rambutan,21.09,20.0,1.09,0.055,0.5213,confirmed,Forest Zone
11273,18,Rambutan,20.19,20.0,0.19,0.01,0.5411,confirmed,Forest Zone
11292,18,Rambutan,20.23,20.0,0.23,0.012,0.5366,confirmed,Forest Zone
11368,18,Rambutan,20.87,20.0,0.87,0.044,0.5507,confirmed,Forest Zone
11375,18,Rambutan,20.52,20.0,0.52,0.026,0.5973,confirmed,Forest Zone
11489,18,Rambutan,20.37,20.0,0.37,0.018,0.6173,confirmed,Forest Zone
11496,18,Rambutan,20.26,20.0,0.26,0.013,0.632,confirmed,Forest Zone
11510,18,Rambutan,20.02,20.0,0.02,0.001,0.5602,confirmed,Forest Zone
11559,18,Rambutan,21.03,20.0,1.03,0.052,0.5293,confirmed,Forest Zone
11600,18,Rambutan,20.57,20.0,0.57,0.028,0.5907,confirmed,Forest Zone
11679,18,Rambutan,20.02,20.0,0.02,0.001,0.664,confirmed,Forest Zone
11690,18,Rambutan,20.82,20.0,0.82,0.041,0.5573,confirmed,Forest Zone
11831,18,Rambutan,21.09,20.0,1.09,0.055,0.5213,confirmed,Forest Zone
11890,18,Rambutan,20.82,20.0,0.82,0.041,0.5573,unconfirmed,
11907,18,Rambutan,21.04,20.0,1.04,0.052,0.528,confirmed,Forest Zone
11928,18,Rambutan,20.95,20.0,0.95,0.048,0.54,confirmed,Forest Zone
11932,18,Rambutan,20.82,20.0,0.82,0.041,0.5573,confirmed,Forest Zone
11966,18,Rambutan,20.04,20.0,0.04,0.002,0.6613,confirmed,Forest Zone
12007,18,Rambutan,20.87,20.0,0.87,0.044,0.5507,confirmed,Forest Zone
12169,18,Rambutan,21.03,20.0,1.03,0.052,0.5293,confirmed,Forest Zone
12223,18,Rambutan,20.11,20.0,0.11,0.006,0.652,unconfirmed,
12240,18,Rambutan,20.63,20.0,0.63,0.032,0.5827,confirmed,Forest Zone
12264,18,Rambutan,20.57,20.0,0.57,0.028,0.5907,confirmed,Forest Zone
12270,18,Rambutan,20.75,20.0,0.75,0.038,0.5667,confirmed,Forest Zone
12341,18,Rambutan,20.95,20.0,0.95,0.048,0.54,confirmed,Forest Zone
12354,18,Rambutan,20.51,20.0,0.51,0.026,0.5987,confirmed,Forest Zone
12357,18,Rambutan,20.57,20.0,0.57,0.028,0.5907,confirmed,Forest Zone
12361,18,Rambutan,20.63,20.0,0.63,0.032,0.5827,unconfirmed,
12464,18,Rambutan,20.54,20.0,0.54,0.027,0.5947,confirmed,Forest Zone
12584,18,Rambutan,20.28,20.0,0.28,0.014,0.6293,unconfirmed,
12590,18,Rambutan,21.11,20.0,1.11,0.056,0.5187,confirmed,Forest Zone
12675,18,Rambutan,20.24,20.0,0.24,0.012,0.6347,confirmed,Forest Zone
12735,18,Rambutan,20.03,20.0,0.03,0.002,0.6627,confirmed,Forest Zone
12782,18,Rambutan,20.14,20.0,0.14,0.007,0.648,confirmed,Forest Zone
12796,18,Rambutan,20.54,20.0,0.54,0.027,0.5947,confirmed,Forest Zone
12904,18,Rambutan,20.52,20.0,0.52,0.026,0.5973,confirmed,Forest Zone
13022,18,Rambutan,21.11,20.0,1.11,0.056,0.5187,unconfirmed,
13068,18,Rambutan,20.42,20.0,0.42,0.021,0.6107,confirmed,Forest Zone
13232,18,Rambutan,20.17,20.0,0.17,0.008,0.644,confirmed,Forest Zone
13271,18,Rambutan,20.51,20.0,0.51,0.026,0.5987,unconfirmed,
13273,18,Rambutan,20.73,20.0,0.73,0.036,0.5693,unconfirmed,
13508,18,Rambutan,20.53,20.0,0.53,0.027,0.596,confirmed,Forest Zone
13593,18,Rambutan,21.04,20.0,1.04,0.052,0.528,unconfirmed,
13601,18,Rambutan,21.25,20.0,1.25,0.062,0.5,unconfirmed,
13671,18,Rambutan,20.94,20.0,0.94,0.047,0.5413,confirmed,Forest Zone
13779,18,Rambutan,20.24,20.0,0.24,0.012,0.6347,confirmed,Forest Zone
13786,18,Rambutan,21.06,20.0,1.06,0.053,0.5253,unconfirmed,
13842,18,Rambutan,20.53,20.0,0.53,0.027,0.596,confirmed,Forest Zone
13903,18,Rambutan,21.23,20.0,1.23,0.062,0.5027,unconfirmed,
14008,18,Rambutan,20.31,20.0,0.31,0.016,0.6253,unconfirmed,
14046,18,Rambutan,20.26,20.0,0.26,0.013,0.632,unconfirmed,
14113,18,Rambutan,21.1,20.0,1.1,0.055,0.52,unconfirmed,
14158,18,Rambutan,20.57,20.0,0.57,0.028,0.5907,unconfirmed,
14160,18,Rambutan,20.81,20.0,0.81,0.04,0.5587,unconfirmed,
14232,18,Rambutan,20.01,20.0,0.01,0.0,0.6653,unconfirmed,
14557,18,Rambutan,21.24,20.0,1.24,0.062,0.5013,unconfirmed,
14994,18,Rambutan,20.26,20.0,0.26,0.013,0.632,unconfirmed,
15014,18,Rambutan,20.01,20.0,0.01,0.0,0.6653,unconfirmed,
15547,18,Rambutan,21.04,20.0,1.04,0.052,0.528,unconfirmed,
16111,18,Rambutan,20.31,20.0,0.31,0.016,0.6253,unconfirmed,
16216,18,Rambutan,20.63,20.0,0.63,0.032,0.5827,unconfirmed,
16322,18,Rambutan,20.73,20.0,0.73,0.036,0.5693,unconfirmed,
16437,18,Rambutan,21.03,20.0,1.03,0.052,0.5293,unconfirmed,
3852,19,Kasoy,40.55,40.0,0.55,0.014,0.5316,confirmed,High Density Residential - Mixed Use Zone
3989,19,Kasoy,40.95,40.0,0.95,0.024,0.5091,confirmed,Socialized Housing Zone
4295,19,Kasoy,40.29,40.0,0.29,0.007,0.5462,confirmed,Forest Zone
4517,19,Kasoy,40.42,40.0,0.42,0.01,0.5389,confirmed,Forest Zone
4610,19,Kasoy,40.08,40.0,0.08,0.002,0.558,confirmed,Forest Zone
4715,19,Kasoy,40.13,40.0,0.13,0.003,0.5552,confirmed,Forest Zone
5044,19,Kasoy,40.49,40.0,0.49,0.012,0.5349,confirmed,Forest Zone
5147,19,Kasoy,41.06,40.0,1.06,0.027,0.5029,confirmed,Forest Zone
5257,19,Kasoy,40.79,40.0,0.79,0.02,0.5181,confirmed,Forest Zone
5264,19,Kasoy,40.23,40.0,0.23,0.006,0.5496,confirmed,Forest Zone
5363,19,Kasoy,40.06,40.0,0.06,0.002,0.5591,confirmed,Forest Zone
5373,19,Kasoy,41.01,40.0,1.01,0.025,0.5057,confirmed,Forest Zone
5390,19,Kasoy,40.98,40.0,0.98,0.024,0.5074,confirmed,Forest Zone
5651,19,Kasoy,41.03,40.0,1.03,0.026,0.5046,confirmed,Forest Zone
5729,19,Kasoy,40.23,40.0,0.23,0.006,0.5496,confirmed,Medium Density Residential Zone
5831,19,Kasoy,40.32,40.0,0.32,0.008,0.5445,confirmed,Forest Zone
6261,19,Kasoy,40.91,40.0,0.91,0.023,0.5113,confirmed,Forest Zone
6266,19,Kasoy,40.79,40.0,0.79,0.02,0.5181,confirmed,Forest Zone
6369,19,Kasoy,40.25,40.0,0.25,0.006,0.5484,confirmed,Forest Zone
6387,19,Kasoy,40.53,40.0,0.53,0.013,0.5327,confirmed,Special Reserved Zone
6700,19,Kasoy,40.33,40.0,0.33,0.008,0.5439,confirmed,Forest Zone
6820,19,Kasoy,40.72,40.0,0.72,0.018,0.522,confirmed,Forest Zone
6915,19,Kasoy,41.38,40.0,1.38,0.034,0.5747,confirmed,Forest Zone
6938,19,Kasoy,40.94,40.0,0.94,0.024,0.5096,confirmed,Sanitary Landfill
6964,19,Kasoy,40.01,40.0,0.01,0.0,0.5619,confirmed,Forest Zone
7139,19,Kasoy,40.04,40.0,0.04,0.001,0.664,confirmed,Forest Zone
7250,19,Kasoy,42.19,40.0,2.19,0.055,0.5207,confirmed,Institutional Research Zone
7256,19,Kasoy,40.04,40.0,0.04,0.001,0.5602,confirmed,Forest Zone
7366,19,Kasoy,40.88,40.0,0.88,0.022,0.513,confirmed,Forest Zone
7472,19,Kasoy,41.11,40.0,1.11,0.028,0.5927,confirmed,Institutional Research Zone
7484,19,Kasoy,40.02,40.0,0.02,0.0,0.5614,confirmed,Forest Zone
7687,19,Kasoy,42.38,40.0,2.38,0.06,0.508,confirmed,Institutional Research Zone
7702,19,Kasoy,41.07,40.0,1.07,0.027,0.5023,confirmed,Forest Zone
7938,19,Kasoy,40.41,40.0,0.41,0.01,0.5394,confirmed,Forest Zone
8141,19,Kasoy,40.97,40.0,0.97,0.024,0.602,confirmed,Forest Zone
8165,19,Kasoy,40.46,40.0,0.46,0.012,0.5366,confirmed,Forest Zone
8168,19,Kasoy,40.59,40.0,0.59,0.015,0.5293,confirmed,Forest Zone
8241,19,Kasoy,40.53,40.0,0.53,0.013,0.6313,confirmed,Forest Zone
8388,19,Kasoy,41.06,40.0,1.06,0.027,0.5029,confirmed,Forest Zone
8684,19,Kasoy,40.18,40.0,0.18,0.004,0.6547,confirmed,Forest Zone
8688,19,Kasoy,40.32,40.0,0.32,0.008,0.6453,confirmed,Forest Zone
8714,19,Kasoy,41.04,40.0,1.04,0.026,0.504,confirmed,Forest Zone
8797,19,Kasoy,40.34,40.0,0.34,0.008,0.644,confirmed,Forest Zone
8828,19,Kasoy,41.02,40.0,1.02,0.026,0.5051,confirmed,Forest Zone
8927,19,Kasoy,41.01,40.0,1.01,0.025,0.5057,confirmed,Forest Zone
9010,19,Kasoy,41.61,40.0,1.61,0.04,0.5593,confirmed,Forest Zone
9044,19,Kasoy,40.04,40.0,0.04,0.001,0.5602,confirmed,Forest Zone
9151,19,Kasoy,40.72,40.0,0.72,0.018,0.522,confirmed,Forest Zone
9154,19,Kasoy,40.71,40.0,0.71,0.018,0.5226,confirmed,Forest Zone
9257,19,Kasoy,41.63,40.0,1.63,0.041,0.558,confirmed,Forest Zone
9280,19,Kasoy,40.36,40.0,0.36,0.009,0.5422,confirmed,Forest Zone
9364,19,Kasoy,41.83,40.0,1.83,0.046,0.5447,confirmed,Forest Zone
9389,19,Kasoy,41.01,40.0,1.01,0.025,0.5057,confirmed,Forest Zone
9390,19,Kasoy,40.4,40.0,0.4,0.01,0.54,confirmed,Forest Zone
9474,19,Kasoy,41.54,40.0,1.54,0.038,0.564,confirmed,Forest Zone
9496,19,Kasoy,40.25,40.0,0.25,0.006,0.5484,confirmed,Forest Zone
9497,19,Kasoy,40.72,40.0,0.72,0.018,0.522,confirmed,Forest Zone
9586,19,Kasoy,40.89,40.0,0.89,0.022,0.6073,confirmed,Forest Zone
9587,19,Kasoy,41.61,40.0,1.61,0.04,0.5593,confirmed,Forest Zone
9589,19,Kasoy,40.79,40.0,0.79,0.02,0.614,confirmed,Forest Zone
9603,19,Kasoy,40.03,40.0,0.03,0.001,0.5608,confirmed,Forest Zone
9604,19,Kasoy,40.81,40.0,0.81,0.02,0.5169,confirmed,Forest Zone
9675,19,Kasoy,41.45,40.0,1.45,0.036,0.57,confirmed,Forest Zone
9695,19,Kasoy,40.54,40.0,0.54,0.014,0.6307,confirmed,Forest Zone
9698,19,Kasoy,41.13,40.0,1.13,0.028,0.5913,confirmed,Forest Zone
9714,19,Kasoy,40.59,40.0,0.59,0.015,0.5293,confirmed,Forest Zone
9715,19,Kasoy,40.97,40.0,0.97,0.024,0.5079,confirmed,Forest Zone
9903,19,Kasoy,40.34,40.0,0.34,0.008,0.644,confirmed,Forest Zone
10025,19,Kasoy,42.1,40.0,2.1,0.053,0.5267,confirmed,Forest Zone
10135,19,Kasoy,40.12,40.0,0.12,0.003,0.6587,confirmed,Forest Zone
10243,19,Kasoy,41.23,40.0,1.23,0.031,0.5847,confirmed,Forest Zone
10343,19,Kasoy,41.3,40.0,1.3,0.032,0.58,confirmed,Forest Zone
10344,19,Kasoy,40.33,40.0,0.33,0.008,0.6447,confirmed,Forest Zone
10465,19,Kasoy,40.52,40.0,0.52,0.013,0.632,confirmed,Forest Zone
10567,19,Kasoy,41.06,40.0,1.06,0.027,0.596,confirmed,Forest Zone
10574,19,Kasoy,41.25,40.0,1.25,0.031,0.5833,confirmed,Forest Zone
10575,19,Kasoy,41.5,40.0,1.5,0.038,0.5667,confirmed,Forest Zone
10580,19,Kasoy,42.5,40.0,2.5,0.062,0.5,confirmed,Forest Zone
10582,19,Kasoy,42.44,40.0,2.44,0.061,0.504,confirmed,Forest Zone
10691,19,Kasoy,41.35,40.0,1.35,0.034,0.5767,confirmed,Forest Zone
10913,19,Kasoy,41.61,40.0,1.61,0.04,0.5593,confirmed,Forest Zone
10924,19,Kasoy,42.43,40.0,2.43,0.061,0.5047,confirmed,Forest Zone
11471,19,Kasoy,41.11,40.0,1.11,0.028,0.5927,confirmed,Forest Zone
11478,19,Kasoy,40.35,40.0,0.35,0.009,0.6433,confirmed,Forest Zone
11785,19,Kasoy,41.68,40.0,1.68,0.042,0.5547,confirmed,Forest Zone
11896,19,Kasoy,40.63,40.0,0.63,0.016,0.6247,confirmed,Forest Zone
12134,19,Kasoy,40.28,40.0,0.28,0.007,0.648,confirmed,Forest Zone
12153,19,Kasoy,42.32,40.0,2.32,0.058,0.512,confirmed,Forest Zone
12164,19,Kasoy,40.75,40.0,0.75,0.019,0.6167,confirmed,Forest Zone
12234,19,Kasoy,42.43,40.0,2.43,0.061,0.5047,confirmed,Forest Zone
12242,19,Kasoy,41.4,40.0,1.4,0.035,0.5733,confirmed,Forest Zone
12260,19,Kasoy,40.51,40.0,0.51,0.013,0.6327,confirmed,Forest Zone
12371,19,Kasoy,40.64,40.0,0.64,0.016,0.624,confirmed,Forest Zone
12372,19,Kasoy,41.31,40.0,1.31,0.033,0.5793,confirmed,Forest Zone
12381,19,Kasoy,42.1,40.0,2.1,0.053,0.5267,confirmed,Forest Zone
12391,19,Kasoy,40.13,40.0,0.13,0.003,0.658,confirmed,Forest Zone
12392,19,Kasoy,42.16,40.0,2.16,0.054,0.5227,confirmed,Forest Zone
12457,19,Kasoy,40.38,40.0,0.38,0.01,0.6413,confirmed,Forest Zone
12485,19,Kasoy,40.52,40.0,0.52,0.013,0.632,confirmed,Forest Zone
12487,19,Kasoy,41.81,40.0,1.81,0.045,0.546,confirmed,Forest Zone
12490,19,Kasoy,41.06,40.0,1.06,0.027,0.596,confirmed,Forest Zone
12563,19,Kasoy,40.28,40.0,0.28,0.007,0.648,confirmed,Forest Zone
12564,19,Kasoy,41.45,40.0,1.45,0.036,0.57,confirmed,Forest Zone
12602,19,Kasoy,41.85,40.0,1.85,0.046,0.5433,confirmed,Forest Zone
12607,19,Kasoy,40.18,40.0,0.18,0.004,0.6547,confirmed,Forest Zone
12706,19,Kasoy,42.46,40.0,2.46,0.062,0.5027,confirmed,Forest Zone
12709,19,Kasoy,42.1,40.0,2.1,0.053,0.5267,confirmed,Forest Zone
12723,19,Kasoy,42.02,40.0,2.02,0.05,0.532,confirmed,Forest Zone
12793,19,Kasoy,40.24,40.0,0.24,0.006,0.6507,confirmed,Forest Zone
12826,19,Kasoy,40.65,40.0,0.65,0.016,0.6233,confirmed,Forest Zone
12921,19,Kasoy,40.22,40.0,0.22,0.006,0.652,unconfirmed,
12944,19,Kasoy,41.61,40.0,1.61,0.04,0.5593,confirmed,Forest Zone
12952,19,Kasoy,41.62,40.0,1.62,0.04,0.5587,confirmed,Forest Zone
13010,19,Kasoy,40.42,40.0,0.42,0.01,0.6387,confirmed,Forest Zone
13012,19,Kasoy,41.39,40.0,1.39,0.035,0.574,confirmed,Forest Zone
13138,19,Kasoy,40.36,40.0,0.36,0.009,0.6427,unconfirmed,
13144,19,Kasoy,40.34,40.0,0.34,0.008,0.644,unconfirmed,
13164,19,Kasoy,42.4,40.0,2.4,0.06,0.5067,unconfirmed,
13173,19,Kasoy,41.77,40.0,1.77,0.044,0.5487,confirmed,Forest Zone
13174,19,Kasoy,41.25,40.0,1.25,0.031,0.5833,confirmed,Forest Zone
13184,19,Kasoy,40.86,40.0,0.86,0.022,0.6093,confirmed,Forest Zone
13231,19,Kasoy,40.24,40.0,0.24,0.006,0.6507,confirmed,Forest Zone
13238,19,Kasoy,41.26,40.0,1.26,0.032,0.5827,unconfirmed,
13239,19,Kasoy,41.7,40.0,1.7,0.042,0.5533,unconfirmed,
13268,19,Kasoy,40.56,40.0,0.56,0.014,0.6293,unconfirmed,
13292,19,Kasoy,42.12,40.0,2.12,0.053,0.5253,confirmed,Forest Zone
13341,19,Kasoy,41.94,40.0,1.94,0.048,0.5373,confirmed,Forest Zone
13370,19,Kasoy,41.25,40.0,1.25,0.031,0.5833,unconfirmed,
13372,19,Kasoy,40.08,40.0,0.08,0.002,0.6613,unconfirmed,
13373,19,Kasoy,42.22,40.0,2.22,0.056,0.5187,unconfirmed,
13397,19,Kasoy,40.36,40.0,0.36,0.009,0.6427,confirmed,Forest Zone
13465,19,Kasoy,41.51,40.0,1.51,0.038,0.566,unconfirmed,
13483,19,Kasoy,41.2,40.0,1.2,0.03,0.5867,unconfirmed,
13487,19,Kasoy,41.61,40.0,1.61,0.04,0.5593,unconfirmed,
13503,19,Kasoy,40.8,40.0,0.8,0.02,0.6133,confirmed,Forest Zone
13513,19,Kasoy,41.61,40.0,1.61,0.04,0.5593,confirmed,Forest Zone
13574,19,Kasoy,40.54,40.0,0.54,0.014,0.6307,unconfirmed,
13579,19,Kasoy,40.72,40.0,0.72,0.018,0.6187,unconfirmed,
13611,19,Kasoy,41.46,40.0,1.46,0.036,0.5693,unconfirmed,
13614,19,Kasoy,41.47,40.0,1.47,0.037,0.5687,confirmed,Forest Zone
13680,19,Kasoy,42.06,40.0,2.06,0.052,0.5293,unconfirmed,
13687,19,Kasoy,41.64,40.0,1.64,0.041,0.5573,unconfirmed,
13694,19,Kasoy,40.9,40.0,0.9,0.022,0.6067,unconfirmed,
13696,19,Kasoy,41.77,40.0,1.77,0.044,0.5487,unconfirmed,
13708,19,Kasoy,41.88,40.0,1.88,0.047,0.5413,unconfirmed,
13710,19,Kasoy,42.46,40.0,2.46,0.062,0.5027,unconfirmed,
13725,19,Kasoy,41.62,40.0,1.62,0.04,0.5587,confirmed,Forest Zone
13726,19,Kasoy,40.68,40.0,0.68,0.017,0.6213,confirmed,Forest Zone
13773,19,Kasoy,40.65,40.0,0.65,0.016,0.6233,unconfirmed,
13799,19,Kasoy,40.25,40.0,0.25,0.006,0.65,unconfirmed,
13805,19,Kasoy,40.8,40.0,0.8,0.02,0.6133,unconfirmed,
13818,19,Kasoy,42.47,40.0,2.47,0.062,0.502,unconfirmed,
13825,19,Kasoy,41.09,40.0,1.09,0.027,0.594,unconfirmed,
13830,19,Kasoy,40.43,40.0,0.43,0.011,0.638,unconfirmed,
13911,19,Kasoy,40.56,40.0,0.56,0.014,0.6293,unconfirmed,
14016,19,Kasoy,42.28,40.0,2.28,0.057,0.5147,unconfirmed,
14019,19,Kasoy,41.13,40.0,1.13,0.028,0.5913,unconfirmed,
14031,19,Kasoy,40.04,40.0,0.04,0.001,0.664,unconfirmed,
14127,19,Kasoy,41.53,40.0,1.53,0.038,0.5647,unconfirmed,
14142,19,Kasoy,40.92,40.0,0.92,0.023,0.6053,unconfirmed,
14156,19,Kasoy,41.88,40.0,1.88,0.047,0.5413,unconfirmed,
14161,19,Kasoy,40.92,40.0,0.92,0.023,0.6053,unconfirmed,
14220,19,Kasoy,40.33,40.0,0.33,0.008,0.6447,unconfirmed,
14246,19,Kasoy,41.4,40.0,1.4,0.035,0.5733,unconfirmed,
14257,19,Kasoy,42.0,40.0,2.0,0.05,0.5333,unconfirmed,
14265,19,Kasoy,40.02,40.0,0.02,0.0,0.6653,unconfirmed,
14272,19,Kasoy,41.31,40.0,1.31,0.033,0.5793,unconfirmed,
14346,19,Kasoy,42.08,40.0,2.08,0.052,0.528,unconfirmed,
14353,19,Kasoy,41.75,40.0,1.75,0.044,0.55,unconfirmed,
14372,19,Kasoy,42.47,40.0,2.47,0.062,0.502,unconfirmed,
14383,19,Kasoy,41.35,40.0,1.35,0.034,0.5767,unconfirmed,
14462,19,Kasoy,42.22,40.0,2.22,0.056,0.5187,unconfirmed,
14463,19,Kasoy,40.82,40.0,0.82,0.02,0.612,unconfirmed,
14469,19,Kasoy,41.52,40.0,1.52,0.038,0.5653,unconfirmed,
14573,19,Kasoy,40.05,40.0,0.05,0.001,0.6633,unconfirmed,
14575,19,Kasoy,41.25,40.0,1.25,0.031,0.5833,unconfirmed,
14671,19,Kasoy,41.11,40.0,1.11,0.028,0.5927,unconfirmed,
14673,19,Kasoy,41.64,40.0,1.64,0.041,0.5573,unconfirmed,
14887,19,Kasoy,40.53,40.0,0.53,0.013,0.6313,unconfirmed,
14903,19,Kasoy,41.95,40.0,1.95,0.049,0.5367,unconfirmed,
15000,19,Kasoy,41.57,40.0,1.57,0.039,0.562,unconfirmed,
15005,19,Kasoy,42.03,40.0,2.03,0.051,0.5313,unconfirmed,
15009,19,Kasoy,40.55,40.0,0.55,0.014,0.63,unconfirmed,
15116,19,Kasoy,40.53,40.0,0.53,0.013,0.6313,unconfirmed,
15224,19,Kasoy,41.64,40.0,1.64,0.041,0.5573,unconfirmed,
15335,19,Kasoy,42.18,40.0,2.18,0.055,0.5213,unconfirmed,
15445,19,Kasoy,41.76,40.0,1.76,0.044,0.5493,unconfirmed,
15557,19,Kasoy,41.84,40.0,1.84,0.046,0.544,unconfirmed,
15659,19,Kasoy,41.37,40.0,1.37,0.034,0.5753,unconfirmed,
15882,19,Kasoy,42.36,40.0,2.36,0.059,0.5093,unconfirmed,
15887,19,Kasoy,40.19,40.0,0.19,0.005,0.654,unconfirmed,
15888,19,Kasoy,41.23,40.0,1.23,0.031,0.5847,unconfirmed,
16100,19,Kasoy,41.23,40.0,1.23,0.031,0.5847,unconfirmed,
16218,19,Kasoy,40.24,40.0,0.24,0.006,0.6507,unconfirmed,
3763,20,Sampalok,32.28,30.0,2.28,0.076,0.522,confirmed,High Density Residential - Mixed Use Zone
3993,20,Sampalok,30.01,30.0,0.01,0.0,0.749,confirmed,Socialized Housing Zone
4073,20,Sampalok,31.42,30.0,1.42,0.047,0.608,confirmed,Forest Zone
4076,20,Sampalok,31.53,30.0,1.53,0.051,0.597,confirmed,Forest Zone
4103,20,Sampalok,31.42,30.0,1.42,0.047,0.608,confirmed,Socialized Housing Zone
4172,20,Sampalok,31.76,30.0,1.76,0.059,0.574,confirmed,Forest Zone
4298,20,Sampalok,31.92,30.0,1.92,0.064,0.558,confirmed,Forest Zone
4386,20,Sampalok,30.05,30.0,0.05,0.002,0.745,confirmed,Forest Zone
4401,20,Sampalok,30.02,30.0,0.02,0.001,0.748,confirmed,Medium Density Residential Zone
4407,20,Sampalok,30.78,30.0,0.78,0.026,0.672,confirmed,Forest Zone
4430,20,Sampalok,31.21,30.0,1.21,0.04,0.629,confirmed,Medium Density Residential Zone
4491,20,Sampalok,30.93,30.0,0.93,0.031,0.657,confirmed,Buffer Zone
4496,20,Sampalok,32.44,30.0,2.44,0.081,0.506,confirmed,Forest Zone
4508,20,Sampalok,32.27,30.0,2.27,0.076,0.523,confirmed,Minor Commercial - Mixed Use Zone
4513,20,Sampalok,30.47,30.0,0.47,0.016,0.703,confirmed,Medium Density Residential Zone
4602,20,Sampalok,32.08,30.0,2.08,0.069,0.542,confirmed,Forest Zone
4604,20,Sampalok,31.3,30.0,1.3,0.043,0.62,confirmed,Forest Zone
4705,20,Sampalok,30.54,30.0,0.54,0.018,0.696,confirmed,Buffer Zone
4712,20,Sampalok,31.03,30.0,1.03,0.034,0.647,confirmed,Forest Zone
4765,20,Sampalok,30.98,30.0,0.98,0.033,0.652,confirmed,Medium Density Residential Zone
4816,20,Sampalok,31.23,30.0,1.23,0.041,0.627,confirmed,Buffer Zone
4829,20,Sampalok,30.12,30.0,0.12,0.004,0.738,confirmed,Forest Zone
4847,20,Sampalok,31.64,30.0,1.64,0.055,0.586,confirmed,Medium Density Residential Zone
4854,20,Sampalok,31.41,30.0,1.41,0.047,0.609,confirmed,Medium Density Residential Zone
4924,20,Sampalok,31.76,30.0,1.76,0.059,0.574,confirmed,Buffer Zone
4931,20,Sampalok,30.09,30.0,0.09,0.003,0.741,confirmed,Forest Zone
4951,20,Sampalok,31.21,30.0,1.21,0.04,0.629,confirmed,Medium Density Residential Zone
5034,20,Sampalok,30.66,30.0,0.66,0.022,0.684,confirmed,Forest Zone
5041,20,Sampalok,30.56,30.0,0.56,0.019,0.694,confirmed,Forest Zone
5045,20,Sampalok,32.28,30.0,2.28,0.076,0.522,confirmed,Forest Zone
5053,20,Sampalok,30.63,30.0,0.63,0.021,0.687,confirmed,Forest Zone
5073,20,Sampalok,32.07,30.0,2.07,0.069,0.543,confirmed,Medium Density Residential Zone
5095,20,Sampalok,31.26,30.0,1.26,0.042,0.624,confirmed,Medium Density Residential Zone
5099,20,Sampalok,31.17,30.0,1.17,0.039,0.633,unconfirmed,
5155,20,Sampalok,30.51,30.0,0.51,0.017,0.699,confirmed,Forest Zone
5253,20,Sampalok,30.12,30.0,0.12,0.004,0.738,confirmed,Forest Zone
5267,20,Sampalok,32.43,30.0,2.43,0.081,0.507,confirmed,Forest Zone
5296,20,Sampalok,30.13,30.0,0.13,0.004,0.737,confirmed,Medium Density Residential Zone
5303,20,Sampalok,30.53,30.0,0.53,0.018,0.697,confirmed,Medium Density Residential Zone
5383,20,Sampalok,31.85,30.0,1.85,0.062,0.565,confirmed,Forest Zone
5476,20,Sampalok,31.6,30.0,1.6,0.053,0.59,confirmed,Forest Zone
5488,20,Sampalok,31.21,30.0,1.21,0.04,0.629,confirmed,Forest Zone
5492,20,Sampalok,30.06,30.0,0.06,0.002,0.744,confirmed,Forest Zone
5505,20,Sampalok,31.79,30.0,1.79,0.06,0.571,confirmed,Medium Density Residential Zone
5536,20,Sampalok,31.04,30.0,1.04,0.035,0.646,confirmed,Medium Density Residential Zone
5608,20,Sampalok,30.58,30.0,0.58,0.019,0.692,confirmed,Forest Zone
5612,20,Sampalok,30.2,30.0,0.2,0.007,0.73,confirmed,Forest Zone
5695,20,Sampalok,31.96,30.0,1.96,0.065,0.554,confirmed,Forest Zone
5696,20,Sampalok,31.12,30.0,1.12,0.037,0.638,confirmed,Forest Zone
5711,20,Sampalok,31.54,30.0,1.54,0.051,0.596,confirmed,Forest Zone
5714,20,Sampalok,32.17,30.0,2.17,0.072,0.533,confirmed,Forest Zone
5715,20,Sampalok,30.39,30.0,0.39,0.013,0.711,confirmed,Forest Zone
5850,20,Sampalok,31.8,30.0,1.8,0.06,0.57,confirmed,Medium Density Residential Zone
5949,20,Sampalok,31.06,30.0,1.06,0.035,0.644,confirmed,Forest Zone
6036,20,Sampalok,31.86,30.0,1.86,0.062,0.564,confirmed,Forest Zone
6047,20,Sampalok,30.81,30.0,0.81,0.027,0.669,confirmed,Forest Zone
6064,20,Sampalok,31.8,30.0,1.8,0.06,0.57,confirmed,Forest Zone
6168,20,Sampalok,30.69,30.0,0.69,0.023,0.681,confirmed,Forest Zone
6182,20,Sampalok,31.23,30.0,1.23,0.041,0.627,confirmed,Forest Zone
6248,20,Sampalok,32.16,30.0,2.16,0.072,0.534,confirmed,Forest Zone
6281,20,Sampalok,31.59,30.0,1.59,0.053,0.591,confirmed,Special Reserved Zone
6362,20,Sampalok,31.11,30.0,1.11,0.037,0.639,confirmed,Forest Zone
6406,20,Sampalok,31.53,30.0,1.53,0.051,0.597,confirmed,Forest Zone
6482,20,Sampalok,31.23,30.0,1.23,0.041,0.627,confirmed,Forest Zone
6510,20,Sampalok,32.39,30.0,2.39,0.08,0.511,confirmed,Forest Zone
6512,20,Sampalok,30.47,30.0,0.47,0.016,0.703,confirmed,Forest Zone
6514,20,Sampalok,30.28,30.0,0.28,0.009,0.722,confirmed,Forest Zone
6515,20,Sampalok,32.2,30.0,2.2,0.073,0.53,confirmed,Forest Zone
6516,20,Sampalok,31.65,30.0,1.65,0.055,0.585,confirmed,Forest Zone
6526,20,Sampalok,30.43,30.0,0.43,0.014,0.707,confirmed,Forest Zone
6530,20,Sampalok,30.54,30.0,0.54,0.018,0.696,confirmed,Forest Zone
6586,20,Sampalok,32.48,30.0,2.48,0.083,0.502,confirmed,Forest Zone
6749,20,Sampalok,31.2,30.0,1.2,0.04,0.63,confirmed,Forest Zone
6805,20,Sampalok,31.06,30.0,1.06,0.035,0.644,confirmed,Forest Zone
6924,20,Sampalok,30.97,30.0,0.97,0.032,0.653,confirmed,Forest Zone
6933,20,Sampalok,31.78,30.0,1.78,0.059,0.572,confirmed,Forest Zone
6976,20,Sampalok,30.03,30.0,0.03,0.001,0.747,confirmed,Medium Density Residential Zone
7048,20,Sampalok,30.63,30.0,0.63,0.021,0.687,confirmed,Sanitary Landfill
7197,20,Sampalok,30.11,30.0,0.11,0.004,0.739,confirmed,Forest Zone
7299,20,Sampalok,31.15,30.0,1.15,0.038,0.635,confirmed,Forest Zone
7362,20,Sampalok,30.16,30.0,0.16,0.005,0.734,confirmed,Institutional Research Zone
7495,20,Sampalok,30.03,30.0,0.03,0.001,0.747,confirmed,Forest Zone
7590,20,Sampalok,31.55,30.0,1.55,0.052,0.595,confirmed,Forest Zone
7596,20,Sampalok,30.02,30.0,0.02,0.001,0.748,confirmed,Forest Zone
7599,20,Sampalok,31.34,30.0,1.34,0.045,0.616,confirmed,Forest Zone
7735,20,Sampalok,31.79,30.0,1.79,0.06,0.571,confirmed,Special Reserved Zone
7801,20,Sampalok,30.36,30.0,0.36,0.012,0.714,confirmed,Institutional Research Zone
7853,20,Sampalok,30.66,30.0,0.66,0.022,0.684,confirmed,Forest Zone
7962,20,Sampalok,31.72,30.0,1.72,0.057,0.578,confirmed,Forest Zone
8074,20,Sampalok,32.33,30.0,2.33,0.078,0.517,confirmed,Forest Zone
8183,20,Sampalok,31.26,30.0,1.26,0.042,0.624,confirmed,Forest Zone
8256,20,Sampalok,30.82,30.0,0.82,0.027,0.668,confirmed,Forest Zone
8260,20,Sampalok,31.51,30.0,1.51,0.05,0.599,confirmed,Forest Zone
8268,20,Sampalok,32.03,30.0,2.03,0.068,0.547,confirmed,Forest Zone
8281,20,Sampalok,30.02,30.0,0.02,0.001,0.748,confirmed,Forest Zone
8460,20,Sampalok,30.05,30.0,0.05,0.002,0.745,confirmed,Forest Zone
8489,20,Sampalok,32.22,30.0,2.22,0.074,0.528,confirmed,Forest Zone
8493,20,Sampalok,30.87,30.0,0.87,0.029,0.663,confirmed,Forest Zone
8572,20,Sampalok,31.27,30.0,1.27,0.042,0.623,confirmed,Forest Zone
8575,20,Sampalok,32.11,30.0,2.11,0.07,0.539,confirmed,Forest Zone
8585,20,Sampalok,30.28,30.0,0.28,0.009,0.722,confirmed,Forest Zone
8603,20,Sampalok,30.91,30.0,0.91,0.03,0.659,confirmed,Forest Zone
8712,20,Sampalok,30.35,30.0,0.35,0.012,0.715,confirmed,Forest Zone
8716,20,Sampalok,30.03,30.0,0.03,0.001,0.747,confirmed,Forest Zone
8718,20,Sampalok,31.99,30.0,1.99,0.066,0.551,confirmed,Forest Zone
8720,20,Sampalok,32.22,30.0,2.22,0.074,0.528,confirmed,Forest Zone
8795,20,Sampalok,30.51,30.0,0.51,0.017,0.699,confirmed,Forest Zone
8796,20,Sampalok,30.55,30.0,0.55,0.018,0.695,confirmed,Forest Zone
8799,20,Sampalok,30.05,30.0,0.05,0.002,0.745,confirmed,Forest Zone
8803,20,Sampalok,32.46,30.0,2.46,0.082,0.504,confirmed,Forest Zone
8816,20,Sampalok,31.81,30.0,1.81,0.06,0.569,confirmed,Forest Zone
8818,20,Sampalok,32.4,30.0,2.4,0.08,0.51,confirmed,Forest Zone
8825,20,Sampalok,31.99,30.0,1.99,0.066,0.551,confirmed,Forest Zone
8904,20,Sampalok,30.93,30.0,0.93,0.031,0.657,confirmed,Forest Zone
8923,20,Sampalok,30.2,30.0,0.2,0.007,0.73,confirmed,Forest Zone
8942,20,Sampalok,30.38,30.0,0.38,0.013,0.712,confirmed,Forest Zone
8954,20,Sampalok,30.46,30.0,0.46,0.015,0.704,confirmed,Forest Zone
9035,20,Sampalok,32.16,30.0,2.16,0.072,0.534,confirmed,Forest Zone
9053,20,Sampalok,30.46,30.0,0.46,0.015,0.704,confirmed,Forest Zone
9058,20,Sampalok,32.47,30.0,2.47,0.082,0.503,confirmed,Forest Zone
9065,20,Sampalok,30.59,30.0,0.59,0.02,0.691,confirmed,Forest Zone
9161,20,Sampalok,31.53,30.0,1.53,0.051,0.597,confirmed,Forest Zone
9279,20,Sampalok,31.9,30.0,1.9,0.063,0.56,confirmed,Forest Zone
9287,20,Sampalok,32.19,30.0,2.19,0.073,0.531,confirmed,Forest Zone
9365,20,Sampalok,31.3,30.0,1.3,0.043,0.62,confirmed,Forest Zone
9370,20,Sampalok,31.11,30.0,1.11,0.037,0.639,confirmed,Forest Zone
9371,20,Sampalok,30.17,30.0,0.17,0.006,0.733,confirmed,Forest Zone
9379,20,Sampalok,31.91,30.0,1.91,0.064,0.559,confirmed,Forest Zone
9385,20,Sampalok,30.72,30.0,0.72,0.024,0.678,confirmed,Forest Zone
9391,20,Sampalok,31.4,30.0,1.4,0.047,0.61,confirmed,Forest Zone
9400,20,Sampalok,31.33,30.0,1.33,0.044,0.617,confirmed,Forest Zone
9480,20,Sampalok,30.91,30.0,0.91,0.03,0.659,confirmed,Forest Zone
9500,20,Sampalok,32.21,30.0,2.21,0.074,0.529,confirmed,Forest Zone
9511,20,Sampalok,31.02,30.0,1.02,0.034,0.648,confirmed,Forest Zone
9580,20,Sampalok,30.29,30.0,0.29,0.01,0.721,confirmed,Forest Zone
9596,20,Sampalok,31.01,30.0,1.01,0.034,0.649,confirmed,Forest Zone
9707,20,Sampalok,31.41,30.0,1.41,0.047,0.609,confirmed,Forest Zone
9721,20,Sampalok,31.53,30.0,1.53,0.051,0.597,confirmed,Forest Zone
9830,20,Sampalok,30.08,30.0,0.08,0.003,0.742,confirmed,Forest Zone
9904,20,Sampalok,31.51,30.0,1.51,0.05,0.599,confirmed,Forest Zone
9910,20,Sampalok,30.33,30.0,0.33,0.011,0.717,confirmed,Forest Zone
9931,20,Sampalok,30.01,30.0,0.01,0.0,0.749,confirmed,Forest Zone
10016,20,Sampalok,32.02,30.0,2.02,0.067,0.548,confirmed,Forest Zone
10020,20,Sampalok,30.22,30.0,0.22,0.007,0.728,confirmed,Forest Zone
10024,20,Sampalok,31.32,30.0,1.32,0.044,0.618,confirmed,Forest Zone
10036,20,Sampalok,31.54,30.0,1.54,0.051,0.596,confirmed,Forest Zone
10039,20,Sampalok,30.82,30.0,0.82,0.027,0.668,confirmed,Forest Zone
10128,20,Sampalok,30.01,30.0,0.01,0.0,0.749,confirmed,Forest Zone
10141,20,Sampalok,31.68,30.0,1.68,0.056,0.582,confirmed,Forest Zone
10142,20,Sampalok,30.53,30.0,0.53,0.018,0.697,confirmed,Forest Zone
10345,20,Sampalok,32.21,30.0,2.21,0.074,0.529,confirmed,Forest Zone
10353,20,Sampalok,31.91,30.0,1.91,0.064,0.559,confirmed,Forest Zone
10464,20,Sampalok,31.4,30.0,1.4,0.047,0.61,confirmed,Forest Zone
10469,20,Sampalok,30.54,30.0,0.54,0.018,0.696,confirmed,Forest Zone
10470,20,Sampalok,30.16,30.0,0.16,0.005,0.734,confirmed,Forest Zone
10491,20,Sampalok,32.09,30.0,2.09,0.07,0.541,confirmed,Institutional Research Zone
10581,20,Sampalok,30.93,30.0,0.93,0.031,0.657,confirmed,Forest Zone
10599,20,Sampalok,31.03,30.0,1.03,0.034,0.647,confirmed,Forest Zone
10602,20,Sampalok,30.98,30.0,0.98,0.033,0.652,confirmed,Institutional Research Zone
10678,20,Sampalok,30.71,30.0,0.71,0.024,0.679,confirmed,Forest Zone
10683,20,Sampalok,30.21,30.0,0.21,0.007,0.729,confirmed,Forest Zone
10693,20,Sampalok,30.2,30.0,0.2,0.007,0.73,confirmed,Forest Zone
10694,20,Sampalok,31.54,30.0,1.54,0.051,0.596,confirmed,Forest Zone
10701,20,Sampalok,31.5,30.0,1.5,0.05,0.6,confirmed,Forest Zone
10711,20,Sampalok,30.09,30.0,0.09,0.003,0.741,confirmed,Forest Zone
10712,20,Sampalok,32.26,30.0,2.26,0.075,0.524,confirmed,Forest Zone
10716,20,Sampalok,31.55,30.0,1.55,0.052,0.595,confirmed,Forest Zone
10797,20,Sampalok,31.01,30.0,1.01,0.034,0.649,confirmed,Forest Zone
10813,20,Sampalok,30.34,30.0,0.34,0.011,0.716,confirmed,Forest Zone
10833,20,Sampalok,32.17,30.0,2.17,0.072,0.533,confirmed,Institutional Research Zone
10845,20,Sampalok,31.83,30.0,1.83,0.061,0.567,confirmed,Forest Zone
10846,20,Sampalok,31.3,30.0,1.3,0.043,0.62,confirmed,Forest Zone
10896,20,Sampalok,31.41,30.0,1.41,0.047,0.609,confirmed,Forest Zone
10901,20,Sampalok,30.24,30.0,0.24,0.008,0.726,confirmed,Forest Zone
11005,20,Sampalok,31.78,30.0,1.78,0.059,0.572,confirmed,Forest Zone
11008,20,Sampalok,31.78,30.0,1.78,0.059,0.572,confirmed,Forest Zone
11031,20,Sampalok,32.05,30.0,2.05,0.068,0.545,confirmed,Forest Zone
11039,20,Sampalok,31.02,30.0,1.02,0.034,0.648,confirmed,Forest Zone
11065,20,Sampalok,32.42,30.0,2.42,0.081,0.508,confirmed,Forest Zone
11147,20,Sampalok,32.22,30.0,2.22,0.074,0.528,confirmed,Forest Zone
11150,20,Sampalok,31.08,30.0,1.08,0.036,0.642,confirmed,Forest Zone
11231,20,Sampalok,30.33,30.0,0.33,0.011,0.717,confirmed,Forest Zone
11234,20,Sampalok,32.42,30.0,2.42,0.081,0.508,confirmed,Forest Zone
11239,20,Sampalok,30.6,30.0,0.6,0.02,0.69,confirmed,Forest Zone
11258,20,Sampalok,30.55,30.0,0.55,0.018,0.695,confirmed,Forest Zone
11337,20,Sampalok,32.43,30.0,2.43,0.081,0.507,confirmed,Forest Zone
11344,20,Sampalok,31.8,30.0,1.8,0.06,0.57,confirmed,Forest Zone
11347,20,Sampalok,30.39,30.0,0.39,0.013,0.711,confirmed,Forest Zone
11348,20,Sampalok,31.91,30.0,1.91,0.064,0.559,confirmed,Forest Zone
11352,20,Sampalok,31.55,30.0,1.55,0.052,0.595,confirmed,Forest Zone
11353,20,Sampalok,31.43,30.0,1.43,0.048,0.607,confirmed,Forest Zone
11364,20,Sampalok,31.36,30.0,1.36,0.045,0.614,confirmed,Forest Zone
11369,20,Sampalok,30.06,30.0,0.06,0.002,0.744,confirmed,Forest Zone
11448,20,Sampalok,30.93,30.0,0.93,0.031,0.657,confirmed,Forest Zone
11451,20,Sampalok,31.17,30.0,1.17,0.039,0.633,confirmed,Forest Zone
11452,20,Sampalok,30.44,30.0,0.44,0.015,0.706,confirmed,Forest Zone
11457,20,Sampalok,31.13,30.0,1.13,0.038,0.637,confirmed,Forest Zone
11469,20,Sampalok,30.56,30.0,0.56,0.019,0.694,confirmed,Forest Zone
11476,20,Sampalok,30.05,30.0,0.05,0.002,0.745,confirmed,Forest Zone
11477,20,Sampalok,31.4,30.0,1.4,0.047,0.61,confirmed,Forest Zone
11480,20,Sampalok,32.45,30.0,2.45,0.082,0.505,confirmed,Forest Zone
11486,20,Sampalok,31.81,30.0,1.81,0.06,0.569,confirmed,Forest Zone
11561,20,Sampalok,32.09,30.0,2.09,0.07,0.541,confirmed,Forest Zone
11578,20,Sampalok,32.2,30.0,2.2,0.073,0.53,confirmed,Forest Zone
11581,20,Sampalok,31.01,30.0,1.01,0.034,0.649,confirmed,Forest Zone
11672,20,Sampalok,31.55,30.0,1.55,0.052,0.595,confirmed,Forest Zone
11674,20,Sampalok,32.21,30.0,2.21,0.074,0.529,confirmed,Forest Zone
11695,20,Sampalok,31.07,30.0,1.07,0.036,0.643,confirmed,Forest Zone
11799,20,Sampalok,30.69,30.0,0.69,0.023,0.681,confirmed,Forest Zone
11801,20,Sampalok,30.28,30.0,0.28,0.009,0.722,confirmed,Forest Zone
11811,20,Sampalok,31.36,30.0,1.36,0.045,0.614,confirmed,Forest Zone
11918,20,Sampalok,30.78,30.0,0.78,0.026,0.672,confirmed,Forest Zone
12005,20,Sampalok,32.17,30.0,2.17,0.072,0.533,confirmed,Forest Zone
12013,20,Sampalok,32.35,30.0,2.35,0.078,0.515,confirmed,Forest Zone
12027,20,Sampalok,31.82,30.0,1.82,0.061,0.568,confirmed,Forest Zone
12041,20,Sampalok,32.22,30.0,2.22,0.074,0.528,confirmed,Forest Zone
12055,20,Sampalok,31.4,30.0,1.4,0.047,0.61,confirmed,Forest Zone
12113,20,Sampalok,32.27,30.0,2.27,0.076,0.523,confirmed,Forest Zone
12233,20,Sampalok,30.09,30.0,0.09,0.003,0.741,confirmed,Forest Zone
12245,20,Sampalok,30.66,30.0,0.66,0.022,0.684,confirmed,Forest Zone
12248,20,Sampalok,32.08,30.0,2.08,0.069,0.542,confirmed,Forest Zone
12261,20,Sampalok,30.39,30.0,0.39,0.013,0.711,confirmed,Forest Zone
12262,20,Sampalok,31.66,30.0,1.66,0.055,0.584,confirmed,Forest Zone
12342,20,Sampalok,31.54,30.0,1.54,0.051,0.596,confirmed,Forest Zone
12343,20,Sampalok,32.04,30.0,2.04,0.068,0.546,confirmed,Forest Zone
12375,20,Sampalok,31.42,30.0,1.42,0.047,0.608,confirmed,Forest Zone
12388,20,Sampalok,30.55,30.0,0.55,0.018,0.695,confirmed,Forest Zone
12389,20,Sampalok,31.83,30.0,1.83,0.061,0.567,confirmed,Forest Zone
12408,20,Sampalok,31.34,30.0,1.34,0.045,0.616,confirmed,Forest Zone
12459,20,Sampalok,31.84,30.0,1.84,0.061,0.566,confirmed,Forest Zone
12460,20,Sampalok,30.68,30.0,0.68,0.023,0.682,confirmed,Forest Zone
12479,20,Sampalok,30.59,30.0,0.59,0.02,0.691,confirmed,Forest Zone
12480,20,Sampalok,31.56,30.0,1.56,0.052,0.594,confirmed,Forest Zone
12489,20,Sampalok,30.38,30.0,0.38,0.013,0.712,confirmed,Forest Zone
12504,20,Sampalok,31.58,30.0,1.58,0.053,0.592,confirmed,Forest Zone
12505,20,Sampalok,31.59,30.0,1.59,0.053,0.591,confirmed,Forest Zone
12561,20,Sampalok,30.51,30.0,0.51,0.017,0.699,confirmed,Forest Zone
12578,20,Sampalok,30.12,30.0,0.12,0.004,0.738,unconfirmed,
12581,20,Sampalok,31.26,30.0,1.26,0.042,0.624,unconfirmed,
12595,20,Sampalok,31.91,30.0,1.91,0.064,0.559,confirmed,Forest Zone
12667,20,Sampalok,30.07,30.0,0.07,0.002,0.743,unconfirmed,
12677,20,Sampalok,31.23,30.0,1.23,0.041,0.627,confirmed,Forest Zone
12682,20,Sampalok,30.12,30.0,0.12,0.004,0.738,confirmed,Forest Zone
12707,20,Sampalok,31.15,30.0,1.15,0.038,0.635,confirmed,Forest Zone
12729,20,Sampalok,30.46,30.0,0.46,0.015,0.704,confirmed,Forest Zone
12794,20,Sampalok,30.97,30.0,0.97,0.032,0.653,confirmed,Forest Zone
12795,20,Sampalok,30.67,30.0,0.67,0.022,0.683,confirmed,Forest Zone
12809,20,Sampalok,31.1,30.0,1.1,0.037,0.64,unconfirmed,
12818,20,Sampalok,30.05,30.0,0.05,0.002,0.745,confirmed,Forest Zone
12819,20,Sampalok,32.03,30.0,2.03,0.068,0.547,confirmed,Forest Zone
12843,20,Sampalok,30.23,30.0,0.23,0.008,0.727,confirmed,Forest Zone
12893,20,Sampalok,31.53,30.0,1.53,0.051,0.597,confirmed,Forest Zone
12894,20,Sampalok,30.29,30.0,0.29,0.01,0.721,confirmed,Forest Zone
12902,20,Sampalok,32.29,30.0,2.29,0.076,0.521,confirmed,Forest Zone
12939,20,Sampalok,30.45,30.0,0.45,0.015,0.705,confirmed,Forest Zone
12945,20,Sampalok,31.34,30.0,1.34,0.045,0.616,confirmed,Forest Zone
12946,20,Sampalok,30.35,30.0,0.35,0.012,0.715,confirmed,Forest Zone
12949,20,Sampalok,30.42,30.0,0.42,0.014,0.708,confirmed,Forest Zone
13006,20,Sampalok,31.67,30.0,1.67,0.056,0.583,confirmed,Forest Zone
13008,20,Sampalok,30.71,30.0,0.71,0.024,0.679,confirmed,Forest Zone
13017,20,Sampalok,32.35,30.0,2.35,0.078,0.515,unconfirmed,
13030,20,Sampalok,31.57,30.0,1.57,0.052,0.593,unconfirmed,
13049,20,Sampalok,31.34,30.0,1.34,0.045,0.616,confirmed,Forest Zone
13114,20,Sampalok,31.0,30.0,1.0,0.033,0.65,confirmed,Forest Zone
13182,20,Sampalok,32.28,30.0,2.28,0.076,0.522,confirmed,Forest Zone
13227,20,Sampalok,32.01,30.0,2.01,0.067,0.549,confirmed,Forest Zone
13250,20,Sampalok,30.23,30.0,0.23,0.008,0.727,unconfirmed,
13251,20,Sampalok,30.71,30.0,0.71,0.024,0.679,unconfirmed,
13259,20,Sampalok,30.46,30.0,0.46,0.015,0.704,unconfirmed,
13280,20,Sampalok,30.56,30.0,0.56,0.019,0.694,confirmed,Forest Zone
13283,20,Sampalok,31.14,30.0,1.14,0.038,0.636,confirmed,Forest Zone
13284,20,Sampalok,30.55,30.0,0.55,0.018,0.695,confirmed,Forest Zone
13338,20,Sampalok,30.05,30.0,0.05,0.002,0.745,confirmed,Forest Zone
13345,20,Sampalok,31.07,30.0,1.07,0.036,0.643,unconfirmed,
13358,20,Sampalok,32.33,30.0,2.33,0.078,0.517,unconfirmed,
13368,20,Sampalok,30.86,30.0,0.86,0.029,0.664,unconfirmed,
13384,20,Sampalok,30.78,30.0,0.78,0.026,0.672,unconfirmed,
13449,20,Sampalok,30.42,30.0,0.42,0.014,0.708,confirmed,Forest Zone
13452,20,Sampalok,30.16,30.0,0.16,0.005,0.734,confirmed,Forest Zone
13454,20,Sampalok,30.59,30.0,0.59,0.02,0.691,unconfirmed,
13455,20,Sampalok,31.42,30.0,1.42,0.047,0.608,unconfirmed,
13464,20,Sampalok,31.49,30.0,1.49,0.05,0.601,unconfirmed,
13466,20,Sampalok,31.8,30.0,1.8,0.06,0.57,unconfirmed,
13467,20,Sampalok,31.12,30.0,1.12,0.037,0.638,unconfirmed,
13468,20,Sampalok,30.44,30.0,0.44,0.015,0.706,unconfirmed,
13477,20,Sampalok,30.75,30.0,0.75,0.025,0.675,unconfirmed,
13482,20,Sampalok,31.99,30.0,1.99,0.066,0.551,unconfirmed,
13499,20,Sampalok,31.81,30.0,1.81,0.06,0.569,unconfirmed,
13500,20,Sampalok,30.75,30.0,0.75,0.025,0.675,unconfirmed,
13501,20,Sampalok,30.59,30.0,0.59,0.02,0.691,unconfirmed,
13555,20,Sampalok,30.87,30.0,0.87,0.029,0.663,unconfirmed,
13564,20,Sampalok,32.39,30.0,2.39,0.08,0.511,unconfirmed,
13566,20,Sampalok,30.83,30.0,0.83,0.028,0.667,unconfirmed,
13569,20,Sampalok,31.32,30.0,1.32,0.044,0.618,unconfirmed,
13570,20,Sampalok,31.01,30.0,1.01,0.034,0.649,unconfirmed,
13577,20,Sampalok,31.93,30.0,1.93,0.064,0.557,unconfirmed,
13578,20,Sampalok,31.04,30.0,1.04,0.035,0.646,unconfirmed,
13587,20,Sampalok,30.29,30.0,0.29,0.01,0.721,unconfirmed,
13591,20,Sampalok,30.05,30.0,0.05,0.002,0.745,unconfirmed,
13597,20,Sampalok,30.35,30.0,0.35,0.012,0.715,unconfirmed,
13605,20,Sampalok,31.49,30.0,1.49,0.05,0.601,unconfirmed,
13615,20,Sampalok,32.05,30.0,2.05,0.068,0.545,confirmed,Forest Zone
13667,20,Sampalok,31.04,30.0,1.04,0.035,0.646,confirmed,Forest Zone
13677,20,Sampalok,32.26,30.0,2.26,0.075,0.524,unconfirmed,
13678,20,Sampalok,32.2,30.0,2.2,0.073,0.53,unconfirmed,
13777,20,Sampalok,30.32,30.0,0.32,0.011,0.718,unconfirmed,
13780,20,Sampalok,31.53,30.0,1.53,0.051,0.597,confirmed,Forest Zone
13787,20,Sampalok,30.08,30.0,0.08,0.003,0.742,unconfirmed,
13789,20,Sampalok,30.25,30.0,0.25,0.008,0.725,unconfirmed,
13808,20,Sampalok,31.0,30.0,1.0,0.033,0.65,unconfirmed,
13810,20,Sampalok,30.17,30.0,0.17,0.006,0.733,unconfirmed,
13811,20,Sampalok,31.0,30.0,1.0,0.033,0.65,unconfirmed,
13888,20,Sampalok,31.78,30.0,1.78,0.059,0.572,unconfirmed,
13891,20,Sampalok,30.01,30.0,0.01,0.0,0.749,unconfirmed,
13915,20,Sampalok,30.03,30.0,0.03,0.001,0.747,unconfirmed,
13921,20,Sampalok,30.02,30.0,0.02,0.001,0.748,unconfirmed,
13923,20,Sampalok,32.33,30.0,2.33,0.078,0.517,unconfirmed,
13936,20,Sampalok,31.4,30.0,1.4,0.047,0.61,unconfirmed,
13937,20,Sampalok,30.63,30.0,0.63,0.021,0.687,unconfirmed,
13950,20,Sampalok,30.95,30.0,0.95,0.032,0.655,confirmed,Forest Zone
14015,20,Sampalok,30.05,30.0,0.05,0.002,0.745,unconfirmed,
14018,20,Sampalok,30.43,30.0,0.43,0.014,0.707,unconfirmed,
14026,20,Sampalok,30.03,30.0,0.03,0.001,0.747,unconfirmed,
14027,20,Sampalok,30.03,30.0,0.03,0.001,0.747,unconfirmed,
14039,20,Sampalok,30.01,30.0,0.01,0.0,0.749,unconfirmed,
14040,20,Sampalok,31.15,30.0,1.15,0.038,0.635,unconfirmed,
14148,20,Sampalok,31.65,30.0,1.65,0.055,0.585,unconfirmed,
14151,20,Sampalok,31.67,30.0,1.67,0.056,0.583,unconfirmed,
14157,20,Sampalok,31.53,30.0,1.53,0.051,0.597,unconfirmed,
14163,20,Sampalok,30.53,30.0,0.53,0.018,0.697,unconfirmed,
14224,20,Sampalok,32.33,30.0,2.33,0.078,0.517,unconfirmed,
14263,20,Sampalok,31.78,30.0,1.78,0.059,0.572,unconfirmed,
14269,20,Sampalok,32.17,30.0,2.17,0.072,0.533,unconfirmed,
14327,20,Sampalok,30.62,30.0,0.62,0.021,0.688,unconfirmed,
14335,20,Sampalok,30.21,30.0,0.21,0.007,0.729,unconfirmed,
14337,20,Sampalok,32.0,30.0,2.0,0.067,0.55,unconfirmed,
14350,20,Sampalok,30.06,30.0,0.06,0.002,0.744,unconfirmed,
14352,20,Sampalok,30.65,30.0,0.65,0.022,0.685,unconfirmed,
14394,20,Sampalok,31.11,30.0,1.11,0.037,0.639,confirmed,Forest Zone
14453,20,Sampalok,30.51,30.0,0.51,0.017,0.699,unconfirmed,
14459,20,Sampalok,31.42,30.0,1.42,0.047,0.608,unconfirmed,
14460,20,Sampalok,31.0,30.0,1.0,0.033,0.65,unconfirmed,
14558,20,Sampalok,32.26,30.0,2.26,0.075,0.524,unconfirmed,
14570,20,Sampalok,30.23,30.0,0.23,0.008,0.727,unconfirmed,
14580,20,Sampalok,30.88,30.0,0.88,0.029,0.662,unconfirmed,
14666,20,Sampalok,30.05,30.0,0.05,0.002,0.745,unconfirmed,
14682,20,Sampalok,32.01,30.0,2.01,0.067,0.549,unconfirmed,
14685,20,Sampalok,31.93,30.0,1.93,0.064,0.557,unconfirmed,
14771,20,Sampalok,32.05,30.0,2.05,0.068,0.545,unconfirmed,
14788,20,Sampalok,30.22,30.0,0.22,0.007,0.728,unconfirmed,
15001,20,Sampalok,30.84,30.0,0.84,0.028,0.666,unconfirmed,
15008,20,Sampalok,31.23,30.0,1.23,0.041,0.627,unconfirmed,
15010,20,Sampalok,31.72,30.0,1.72,0.057,0.578,unconfirmed,
15111,20,Sampalok,30.98,30.0,0.98,0.033,0.652,unconfirmed,
15117,20,Sampalok,30.08,30.0,0.08,0.003,0.742,unconfirmed,
15227,20,Sampalok,30.22,30.0,0.22,0.007,0.728,unconfirmed,
15440,20,Sampalok,32.35,30.0,2.35,0.078,0.515,unconfirmed,
15657,20,Sampalok,32.07,30.0,2.07,0.069,0.543,unconfirmed,
15658,20,Sampalok,31.7,30.0,1.7,0.057,0.58,unconfirmed,
15994,20,Sampalok,30.21,30.0,0.21,0.007,0.729,unconfirmed,
16104,20,Sampalok,30.93,30.0,0.93,0.031,0.657,unconfirmed,
16215,20,Sampalok,30.53,30.0,0.53,0.018,0.697,unconfirmed,
16324,20,Sampalok,30.77,30.0,0.77,0.026,0.673,unconfirmed,
16331,20,Sampalok,31.04,30.0,1.04,0.035,0.646,unconfirmed,
16438,20,Sampalok,31.9,30.0,1.9,0.063,0.56,unconfirmed,
16551,20,Sampalok,30.79,30.0,0.79,0.026,0.671,unconfirmed,
16662,20,Sampalok,31.34,30.0,1.34,0.045,0.616,unconfirmed,
16766,20,Sampalok,30.09,30.0,0.09,0.003,0.741,unconfirmed,
16767,20,Sampalok,30.09,30.0,0.09,0.003,0.741,unconfirmed,
16878,20,Sampalok,31.64,30.0,1.64,0.055,0.586,unconfirmed,
3991,21,Yakal,46.11,45.0,1.11,0.025,0.507,confirmed,Socialized Housing Zone
3992,21,Yakal,45.02,45.0,0.02,0.0,0.5615,confirmed,Socialized Housing Zone
4720,21,Yakal,45.82,45.0,0.82,0.018,0.5215,confirmed,Forest Zone
4830,21,Yakal,45.93,45.0,0.93,0.021,0.516,confirmed,Forest Zone
4942,21,Yakal,45.81,45.0,0.81,0.018,0.522,confirmed,Forest Zone
5051,21,Yakal,45.58,45.0,0.58,0.013,0.5335,confirmed,Forest Zone
5258,21,Yakal,45.74,45.0,0.74,0.016,0.5255,confirmed,Forest Zone
5375,21,Yakal,45.28,45.0,0.28,0.006,0.5485,confirmed,Forest Zone
5380,21,Yakal,45.67,45.0,0.67,0.015,0.529,confirmed,Forest Zone
5605,21,Yakal,46.13,45.0,1.13,0.025,0.506,confirmed,Forest Zone
5921,21,Yakal,46.07,45.0,1.07,0.024,0.509,confirmed,Forest Zone
6251,21,Yakal,45.51,45.0,0.51,0.011,0.537,confirmed,Forest Zone
6367,21,Yakal,45.56,45.0,0.56,0.012,0.5345,confirmed,Forest Zone
6424,21,Yakal,45.29,45.0,0.29,0.006,0.548,unconfirmed,
6475,21,Yakal,45.41,45.0,0.41,0.009,0.542,confirmed,Forest Zone
6814,21,Yakal,45.08,45.0,0.08,0.002,0.5585,confirmed,Forest Zone
6855,21,Yakal,45.28,45.0,0.28,0.006,0.5485,confirmed,Forest Zone
6856,21,Yakal,45.01,45.0,0.01,0.0,0.562,confirmed,Forest Zone
6930,21,Yakal,45.7,45.0,0.7,0.016,0.5275,confirmed,Forest Zone
6970,21,Yakal,45.85,45.0,0.85,0.019,0.52,confirmed,Forest Zone
7039,21,Yakal,45.31,45.0,0.31,0.007,0.547,confirmed,Forest Zone
7248,21,Yakal,45.83,45.0,0.83,0.018,0.6175,confirmed,Forest Zone
7251,21,Yakal,46.22,45.0,1.22,0.027,0.5944,confirmed,Forest Zone
7360,21,Yakal,45.86,45.0,0.86,0.019,0.6157,confirmed,Institutional Research Zone
7361,21,Yakal,47.46,45.0,2.46,0.055,0.5209,confirmed,Institutional Research Zone
7465,21,Yakal,45.57,45.0,0.57,0.013,0.6329,confirmed,Forest Zone
7471,21,Yakal,45.29,45.0,0.29,0.006,0.6495,confirmed,Institutional Research Zone
7594,21,Yakal,45.81,45.0,0.81,0.018,0.522,confirmed,Forest Zone
7716,21,Yakal,45.04,45.0,0.04,0.001,0.5605,confirmed,Forest Zone
7908,21,Yakal,45.03,45.0,0.03,0.001,0.6649,confirmed,Forest Zone
7909,21,Yakal,46.09,45.0,1.09,0.024,0.6021,confirmed,Institutional Research Zone
7910,21,Yakal,46.4,45.0,1.4,0.031,0.5837,confirmed,Institutional Research Zone
8267,21,Yakal,45.24,45.0,0.24,0.005,0.5505,confirmed,Forest Zone
8353,21,Yakal,45.25,45.0,0.25,0.006,0.6519,confirmed,Forest Zone
8469,21,Yakal,47.2,45.0,2.2,0.049,0.5363,confirmed,Forest Zone
8576,21,Yakal,47.04,45.0,2.04,0.045,0.5458,confirmed,Forest Zone
8581,21,Yakal,45.41,45.0,0.41,0.009,0.6424,confirmed,Forest Zone
8721,21,Yakal,45.9,45.0,0.9,0.02,0.5175,confirmed,Forest Zone
8925,21,Yakal,46.15,45.0,1.15,0.026,0.505,confirmed,Forest Zone
8926,21,Yakal,46.21,45.0,1.21,0.027,0.502,confirmed,Forest Zone
9034,21,Yakal,45.98,45.0,0.98,0.022,0.6086,confirmed,Forest Zone
9141,21,Yakal,45.66,45.0,0.66,0.015,0.6276,confirmed,Forest Zone
9277,21,Yakal,45.42,45.0,0.42,0.009,0.5415,confirmed,Forest Zone
9472,21,Yakal,46.95,45.0,1.95,0.043,0.5511,confirmed,Forest Zone
9696,21,Yakal,45.98,45.0,0.98,0.022,0.6086,confirmed,Forest Zone
9785,21,Yakal,46.63,45.0,1.63,0.036,0.5701,confirmed,Forest Zone
9791,21,Yakal,45.14,45.0,0.14,0.003,0.6584,confirmed,Forest Zone
10014,21,Yakal,45.93,45.0,0.93,0.021,0.6116,confirmed,Forest Zone
10341,21,Yakal,45.91,45.0,0.91,0.02,0.6127,confirmed,Forest Zone
10357,21,Yakal,45.24,45.0,0.24,0.005,0.6524,confirmed,Forest Zone
10579,21,Yakal,46.23,45.0,1.23,0.027,0.5938,confirmed,Forest Zone
10708,21,Yakal,46.2,45.0,1.2,0.027,0.5956,confirmed,Forest Zone
11032,21,Yakal,46.83,45.0,1.83,0.041,0.5582,confirmed,Forest Zone
11036,21,Yakal,45.61,45.0,0.61,0.014,0.6305,confirmed,Forest Zone
11038,21,Yakal,45.51,45.0,0.51,0.011,0.6364,confirmed,Forest Zone
11236,21,Yakal,45.52,45.0,0.52,0.012,0.6359,confirmed,Forest Zone
11260,21,Yakal,47.72,45.0,2.72,0.06,0.5055,confirmed,Forest Zone
11485,21,Yakal,47.04,45.0,2.04,0.045,0.5458,confirmed,Forest Zone
11703,21,Yakal,45.37,45.0,0.37,0.008,0.6447,confirmed,Forest Zone
11786,21,Yakal,46.06,45.0,1.06,0.024,0.6039,confirmed,Forest Zone
11794,21,Yakal,47.46,45.0,2.46,0.055,0.5209,confirmed,Forest Zone
11820,21,Yakal,45.65,45.0,0.65,0.014,0.6281,confirmed,Forest Zone
11904,21,Yakal,46.57,45.0,1.57,0.035,0.5736,confirmed,Forest Zone
11931,21,Yakal,47.2,45.0,2.2,0.049,0.5363,confirmed,Forest Zone
12044,21,Yakal,47.0,45.0,2.0,0.044,0.5481,confirmed,Forest Zone
12152,21,Yakal,45.91,45.0,0.91,0.02,0.6127,confirmed,Forest Zone
12274,21,Yakal,45.27,45.0,0.27,0.006,0.6507,confirmed,Forest Zone
12351,21,Yakal,45.02,45.0,0.02,0.0,0.6655,confirmed,Forest Zone
12452,21,Yakal,46.83,45.0,1.83,0.041,0.5582,confirmed,Forest Zone
12456,21,Yakal,46.74,45.0,1.74,0.039,0.5636,confirmed,Forest Zone
12486,21,Yakal,47.09,45.0,2.09,0.046,0.5428,confirmed,Forest Zone
12601,21,Yakal,46.55,45.0,1.55,0.034,0.5748,confirmed,Forest Zone
12611,21,Yakal,46.08,45.0,1.08,0.024,0.6027,confirmed,Forest Zone
12705,21,Yakal,46.3,45.0,1.3,0.029,0.5896,confirmed,Forest Zone
12712,21,Yakal,45.73,45.0,0.73,0.016,0.6234,confirmed,Forest Zone
12721,21,Yakal,46.01,45.0,1.01,0.022,0.6068,confirmed,Forest Zone
12777,21,Yakal,47.32,45.0,2.32,0.052,0.5292,unconfirmed,
12815,21,Yakal,46.4,45.0,1.4,0.031,0.5837,confirmed,Forest Zone
12816,21,Yakal,46.29,45.0,1.29,0.029,0.5902,confirmed,Forest Zone
12835,21,Yakal,47.53,45.0,2.53,0.056,0.5167,confirmed,Forest Zone
12942,21,Yakal,47.09,45.0,2.09,0.046,0.5428,confirmed,Forest Zone
13042,21,Yakal,45.51,45.0,0.51,0.011,0.6364,unconfirmed,
13043,21,Yakal,46.13,45.0,1.13,0.025,0.5997,unconfirmed,
13154,21,Yakal,46.83,45.0,1.83,0.041,0.5582,unconfirmed,
13183,21,Yakal,45.51,45.0,0.51,0.011,0.6364,confirmed,Forest Zone
13230,21,Yakal,45.64,45.0,0.64,0.014,0.6287,confirmed,Forest Zone
13237,21,Yakal,47.36,45.0,2.36,0.052,0.5268,unconfirmed,
13293,21,Yakal,47.2,45.0,2.2,0.049,0.5363,confirmed,Forest Zone
13294,21,Yakal,46.88,45.0,1.88,0.042,0.5553,confirmed,Forest Zone
13342,21,Yakal,47.09,45.0,2.09,0.046,0.5428,confirmed,Forest Zone
13361,21,Yakal,45.17,45.0,0.17,0.004,0.6566,unconfirmed,
13389,21,Yakal,46.56,45.0,1.56,0.035,0.5742,unconfirmed,
13399,21,Yakal,45.91,45.0,0.91,0.02,0.6127,confirmed,Forest Zone
13442,21,Yakal,45.73,45.0,0.73,0.016,0.6234,unconfirmed,
13443,21,Yakal,45.69,45.0,0.69,0.015,0.6258,unconfirmed,
13445,21,Yakal,47.06,45.0,2.06,0.046,0.5446,confirmed,Forest Zone
13451,21,Yakal,46.19,45.0,1.19,0.026,0.5961,confirmed,Forest Zone
13490,21,Yakal,47.04,45.0,2.04,0.045,0.5458,unconfirmed,
13512,21,Yakal,47.19,45.0,2.19,0.049,0.5369,confirmed,Forest Zone
13583,21,Yakal,45.67,45.0,0.67,0.015,0.627,unconfirmed,
13584,21,Yakal,45.55,45.0,0.55,0.012,0.6341,unconfirmed,
13602,21,Yakal,45.25,45.0,0.25,0.006,0.6519,unconfirmed,
13622,21,Yakal,45.24,45.0,0.24,0.005,0.6524,confirmed,Forest Zone
13685,21,Yakal,45.03,45.0,0.03,0.001,0.6649,unconfirmed,
13705,21,Yakal,47.79,45.0,2.79,0.062,0.5013,unconfirmed,
13707,21,Yakal,46.38,45.0,1.38,0.031,0.5849,unconfirmed,
13709,21,Yakal,45.03,45.0,0.03,0.001,0.6649,unconfirmed,
13925,21,Yakal,45.2,45.0,0.2,0.004,0.6548,unconfirmed,
13940,21,Yakal,46.84,45.0,1.84,0.041,0.5576,unconfirmed,
14112,21,Yakal,46.54,45.0,1.54,0.034,0.5754,unconfirmed,
14174,21,Yakal,46.68,45.0,1.68,0.037,0.5671,confirmed,Forest Zone
14216,21,Yakal,46.36,45.0,1.36,0.03,0.5861,unconfirmed,
14223,21,Yakal,47.73,45.0,2.73,0.061,0.5049,unconfirmed,
14261,21,Yakal,47.57,45.0,2.57,0.057,0.5144,unconfirmed,
14267,21,Yakal,46.73,45.0,1.73,0.038,0.5641,unconfirmed,
14273,21,Yakal,46.75,45.0,1.75,0.039,0.563,unconfirmed,
14358,21,Yakal,45.67,45.0,0.67,0.015,0.627,unconfirmed,
14370,21,Yakal,47.7,45.0,2.7,0.06,0.5067,unconfirmed,
14458,21,Yakal,45.67,45.0,0.67,0.015,0.627,unconfirmed,
14773,21,Yakal,46.25,45.0,1.25,0.028,0.5926,unconfirmed,
14775,21,Yakal,47.03,45.0,2.03,0.045,0.5464,unconfirmed,
14779,21,Yakal,46.11,45.0,1.11,0.025,0.6009,unconfirmed,
14790,21,Yakal,45.58,45.0,0.58,0.013,0.6323,unconfirmed,
14793,21,Yakal,46.45,45.0,1.45,0.032,0.5807,unconfirmed,
14893,21,Yakal,47.8,45.0,2.8,0.062,0.5007,unconfirmed,
14999,21,Yakal,45.13,45.0,0.13,0.003,0.659,unconfirmed,
15002,21,Yakal,45.39,45.0,0.39,0.009,0.6436,unconfirmed,
15107,21,Yakal,45.68,45.0,0.68,0.015,0.6264,unconfirmed,
15113,21,Yakal,46.55,45.0,1.55,0.034,0.5748,unconfirmed,
15218,21,Yakal,45.89,45.0,0.89,0.02,0.6139,unconfirmed,
15442,21,Yakal,47.57,45.0,2.57,0.057,0.5144,unconfirmed,
15444,21,Yakal,45.9,45.0,0.9,0.02,0.6133,unconfirmed,
15549,21,Yakal,45.93,45.0,0.93,0.021,0.6116,unconfirmed,
15551,21,Yakal,47.01,45.0,2.01,0.045,0.5476,unconfirmed,
15553,21,Yakal,46.37,45.0,1.37,0.03,0.5855,unconfirmed,
15771,21,Yakal,47.28,45.0,2.28,0.051,0.5316,unconfirmed,
15775,21,Yakal,47.8,45.0,2.8,0.062,0.5007,unconfirmed,
16220,21,Yakal,46.25,45.0,1.25,0.028,0.5926,unconfirmed,
3420,22,Indian/Carabao Mango,25.09,25.0,0.09,0.004,0.5544,confirmed,High Density Residential - Mixed Use Zone
3543,22,Indian/Carabao Mango,25.51,25.0,0.51,0.02,0.5166,confirmed,High Density Residential - Mixed Use Zone
3975,22,Indian/Carabao Mango,25.17,25.0,0.17,0.007,0.5472,confirmed,High Density Residential - Mixed Use Zone
3985,22,Indian/Carabao Mango,25.63,25.0,0.63,0.025,0.5058,confirmed,High Density Residential - Mixed Use Zone
4067,22,Indian/Carabao Mango,25.59,25.0,0.59,0.024,0.5094,confirmed,Medium Density Residential Zone
4290,22,Indian/Carabao Mango,25.48,25.0,0.48,0.019,0.5193,confirmed,Medium Density Residential Zone
4296,22,Indian/Carabao Mango,25.34,25.0,0.34,0.014,0.5319,confirmed,Forest Zone
4312,22,Indian/Carabao Mango,25.01,25.0,0.01,0.0,0.5616,confirmed,Medium Density Residential Zone
4428,22,Indian/Carabao Mango,25.13,25.0,0.13,0.005,0.5508,confirmed,Socialized Housing Zone
4627,22,Indian/Carabao Mango,25.32,25.0,0.32,0.013,0.5337,confirmed,Forest Zone
4714,22,Indian/Carabao Mango,25.53,25.0,0.53,0.021,0.5148,confirmed,Forest Zone
4744,22,Indian/Carabao Mango,25.51,25.0,0.51,0.02,0.5166,confirmed,Medium Density Residential Zone
4821,22,Indian/Carabao Mango,25.54,25.0,0.54,0.022,0.5139,confirmed,Forest Zone
4843,22,Indian/Carabao Mango,25.12,25.0,0.12,0.005,0.5517,confirmed,Medium Density Residential Zone
4966,22,Indian/Carabao Mango,25.37,25.0,0.37,0.015,0.5292,confirmed,Forest Zone
5039,22,Indian/Carabao Mango,25.07,25.0,0.07,0.003,0.5562,confirmed,Forest Zone
5049,22,Indian/Carabao Mango,25.32,25.0,0.32,0.013,0.5337,confirmed,Forest Zone
5145,22,Indian/Carabao Mango,25.01,25.0,0.01,0.0,0.5616,confirmed,Forest Zone
5279,22,Indian/Carabao Mango,25.17,25.0,0.17,0.007,0.5472,confirmed,Forest Zone
5514,22,Indian/Carabao Mango,25.51,25.0,0.51,0.02,0.5166,confirmed,Medium Density Residential Zone
5856,22,Indian/Carabao Mango,25.13,25.0,0.13,0.005,0.5508,confirmed,Forest Zone
5964,22,Indian/Carabao Mango,25.02,25.0,0.02,0.001,0.5607,confirmed,Forest Zone
5966,22,Indian/Carabao Mango,25.5,25.0,0.5,0.02,0.5175,confirmed,Forest Zone
5979,22,Indian/Carabao Mango,25.14,25.0,0.14,0.006,0.5499,confirmed,Forest Zone
6051,22,Indian/Carabao Mango,25.29,25.0,0.29,0.012,0.5364,confirmed,Forest Zone
6174,22,Indian/Carabao Mango,25.25,25.0,0.25,0.01,0.54,confirmed,Forest Zone
6192,22,Indian/Carabao Mango,25.5,25.0,0.5,0.02,0.5175,confirmed,Forest Zone
6264,22,Indian/Carabao Mango,25.65,25.0,0.65,0.026,0.504,confirmed,Forest Zone
6275,22,Indian/Carabao Mango,25.63,25.0,0.63,0.025,0.5058,confirmed,Forest Zone
6295,22,Indian/Carabao Mango,25.02,25.0,0.02,0.001,0.5607,confirmed,Forest Zone
6298,22,Indian/Carabao Mango,25.64,25.0,0.64,0.026,0.5049,confirmed,Forest Zone
6509,22,Indian/Carabao Mango,25.17,25.0,0.17,0.007,0.5472,confirmed,Forest Zone
6595,22,Indian/Carabao Mango,25.41,25.0,0.41,0.016,0.5256,confirmed,Forest Zone
6597,22,Indian/Carabao Mango,25.08,25.0,0.08,0.003,0.5553,confirmed,Forest Zone
6639,22,Indian/Carabao Mango,25.12,25.0,0.12,0.005,0.5517,confirmed,Forest Zone
6705,22,Indian/Carabao Mango,25.33,25.0,0.33,0.013,0.5328,confirmed,Forest Zone
6707,22,Indian/Carabao Mango,25.56,25.0,0.56,0.022,0.5121,confirmed,Forest Zone
6716,22,Indian/Carabao Mango,25.06,25.0,0.06,0.002,0.5571,confirmed,Forest Zone
6721,22,Indian/Carabao Mango,25.1,25.0,0.1,0.004,0.5535,confirmed,Special Reserved Zone
6830,22,Indian/Carabao Mango,25.33,25.0,0.33,0.013,0.5328,confirmed,Special Reserved Zone
6838,22,Indian/Carabao Mango,25.62,25.0,0.62,0.025,0.5067,confirmed,High Density Residential - Mixed Use Zone
6862,22,Indian/Carabao Mango,25.05,25.0,0.05,0.002,0.558,confirmed,Forest Zone
6913,22,Indian/Carabao Mango,25.25,25.0,0.25,0.01,0.64,confirmed,Forest Zone
6920,22,Indian/Carabao Mango,25.63,25.0,0.63,0.025,0.5058,confirmed,Forest Zone
7040,22,Indian/Carabao Mango,25.51,25.0,0.51,0.02,0.5166,confirmed,Forest Zone
7080,22,Indian/Carabao Mango,25.24,25.0,0.24,0.01,0.5409,confirmed,Forest Zone
7163,22,Indian/Carabao Mango,25.26,25.0,0.26,0.01,0.5391,confirmed,Special Reserved Zone
7374,22,Indian/Carabao Mango,25.18,25.0,0.18,0.007,0.5463,confirmed,Forest Zone
7375,22,Indian/Carabao Mango,25.51,25.0,0.51,0.02,0.5166,confirmed,Forest Zone
7416,22,Indian/Carabao Mango,25.25,25.0,0.25,0.01,0.54,confirmed,Forest Zone
7941,22,Indian/Carabao Mango,25.59,25.0,0.59,0.024,0.5094,confirmed,Forest Zone
8020,22,Indian/Carabao Mango,25.02,25.0,0.02,0.001,0.6645,confirmed,Forest Zone
8036,22,Indian/Carabao Mango,25.68,25.0,0.68,0.027,0.5013,confirmed,Forest Zone
8173,22,Indian/Carabao Mango,25.5,25.0,0.5,0.02,0.5175,confirmed,Forest Zone
8459,22,Indian/Carabao Mango,26.19,25.0,1.19,0.048,0.5397,confirmed,Forest Zone
8497,22,Indian/Carabao Mango,25.01,25.0,0.01,0.0,0.5616,confirmed,Forest Zone
8682,22,Indian/Carabao Mango,26.55,25.0,1.55,0.062,0.5013,confirmed,Forest Zone
8693,22,Indian/Carabao Mango,25.01,25.0,0.01,0.0,0.6656,confirmed,Forest Zone
8792,22,Indian/Carabao Mango,25.14,25.0,0.14,0.006,0.6517,confirmed,Forest Zone
8900,22,Indian/Carabao Mango,25.01,25.0,0.01,0.0,0.6656,confirmed,Forest Zone
8908,22,Indian/Carabao Mango,26.01,25.0,1.01,0.04,0.5589,confirmed,Forest Zone
8940,22,Indian/Carabao Mango,25.57,25.0,0.57,0.023,0.5112,confirmed,Forest Zone
8967,22,Indian/Carabao Mango,25.63,25.0,0.63,0.025,0.5058,confirmed,Forest Zone
9021,22,Indian/Carabao Mango,25.1,25.0,0.1,0.004,0.656,confirmed,Forest Zone
9366,22,Indian/Carabao Mango,26.11,25.0,1.11,0.044,0.5483,confirmed,Forest Zone
9565,22,Indian/Carabao Mango,25.51,25.0,0.51,0.02,0.6123,confirmed,Forest Zone
9579,22,Indian/Carabao Mango,25.2,25.0,0.2,0.008,0.6453,confirmed,Forest Zone
9700,22,Indian/Carabao Mango,25.13,25.0,0.13,0.005,0.6528,confirmed,Forest Zone
9940,22,Indian/Carabao Mango,25.63,25.0,0.63,0.025,0.5058,confirmed,Forest Zone
10021,22,Indian/Carabao Mango,26.44,25.0,1.44,0.058,0.5131,confirmed,Forest Zone
10022,22,Indian/Carabao Mango,26.0,25.0,1.0,0.04,0.56,confirmed,Forest Zone
10028,22,Indian/Carabao Mango,25.24,25.0,0.24,0.01,0.6411,confirmed,Forest Zone
10146,22,Indian/Carabao Mango,25.83,25.0,0.83,0.033,0.5781,confirmed,Forest Zone
10150,22,Indian/Carabao Mango,26.26,25.0,1.26,0.05,0.5323,confirmed,Forest Zone
10156,22,Indian/Carabao Mango,25.14,25.0,0.14,0.006,0.5499,confirmed,Forest Zone
10263,22,Indian/Carabao Mango,25.32,25.0,0.32,0.013,0.6325,confirmed,Forest Zone
10292,22,Indian/Carabao Mango,25.59,25.0,0.59,0.024,0.5094,confirmed,Forest Zone
10293,22,Indian/Carabao Mango,25.47,25.0,0.47,0.019,0.5202,confirmed,Forest Zone
10348,22,Indian/Carabao Mango,25.68,25.0,0.68,0.027,0.5941,confirmed,Forest Zone
10364,22,Indian/Carabao Mango,26.31,25.0,1.31,0.052,0.5269,confirmed,Forest Zone
10452,22,Indian/Carabao Mango,26.43,25.0,1.43,0.057,0.5141,confirmed,Forest Zone
10454,22,Indian/Carabao Mango,26.26,25.0,1.26,0.05,0.5323,confirmed,Forest Zone
10493,22,Indian/Carabao Mango,25.24,25.0,0.24,0.01,0.5409,confirmed,Institutional Research Zone
10562,22,Indian/Carabao Mango,25.65,25.0,0.65,0.026,0.5973,confirmed,Forest Zone
10565,22,Indian/Carabao Mango,25.53,25.0,0.53,0.021,0.6101,confirmed,Forest Zone
10572,22,Indian/Carabao Mango,25.61,25.0,0.61,0.024,0.6016,confirmed,Forest Zone
10586,22,Indian/Carabao Mango,25.84,25.0,0.84,0.034,0.5771,confirmed,Forest Zone
10609,22,Indian/Carabao Mango,25.13,25.0,0.13,0.005,0.5508,confirmed,Institutional Research Zone
10688,22,Indian/Carabao Mango,26.41,25.0,1.41,0.056,0.5163,confirmed,Forest Zone
10692,22,Indian/Carabao Mango,25.97,25.0,0.97,0.039,0.5632,confirmed,Forest Zone
10705,22,Indian/Carabao Mango,26.41,25.0,1.41,0.056,0.5163,confirmed,Forest Zone
10784,22,Indian/Carabao Mango,25.36,25.0,0.36,0.014,0.6283,confirmed,Forest Zone
10785,22,Indian/Carabao Mango,26.18,25.0,1.18,0.047,0.5408,confirmed,Forest Zone
10803,22,Indian/Carabao Mango,25.01,25.0,0.01,0.0,0.6656,confirmed,Forest Zone
10847,22,Indian/Carabao Mango,25.03,25.0,0.03,0.001,0.5598,confirmed,Forest Zone
10916,22,Indian/Carabao Mango,26.24,25.0,1.24,0.05,0.5344,confirmed,Forest Zone
10927,22,Indian/Carabao Mango,26.42,25.0,1.42,0.057,0.5152,confirmed,Forest Zone
10943,22,Indian/Carabao Mango,25.31,25.0,0.31,0.012,0.5346,confirmed,Institutional Research Zone
11120,22,Indian/Carabao Mango,26.06,25.0,1.06,0.042,0.5536,confirmed,Forest Zone
11161,22,Indian/Carabao Mango,26.09,25.0,1.09,0.044,0.5504,confirmed,Forest Zone
11167,22,Indian/Carabao Mango,25.36,25.0,0.36,0.014,0.5301,confirmed,Forest Zone
11174,22,Indian/Carabao Mango,25.41,25.0,0.41,0.016,0.5256,confirmed,Forest Zone
11182,22,Indian/Carabao Mango,25.59,25.0,0.59,0.024,0.5094,confirmed,Forest Zone
11224,22,Indian/Carabao Mango,25.96,25.0,0.96,0.038,0.5643,unconfirmed,
11228,22,Indian/Carabao Mango,25.91,25.0,0.91,0.036,0.5696,confirmed,Forest Zone
11243,22,Indian/Carabao Mango,26.55,25.0,1.55,0.062,0.5013,confirmed,Forest Zone
11293,22,Indian/Carabao Mango,25.25,25.0,0.25,0.01,0.54,confirmed,Forest Zone
11355,22,Indian/Carabao Mango,25.51,25.0,0.51,0.02,0.6123,confirmed,Forest Zone
11572,22,Indian/Carabao Mango,25.64,25.0,0.64,0.026,0.5984,confirmed,Forest Zone
11577,22,Indian/Carabao Mango,25.51,25.0,0.51,0.02,0.6123,confirmed,Forest Zone
11598,22,Indian/Carabao Mango,25.18,25.0,0.18,0.007,0.6475,confirmed,Forest Zone
11689,22,Indian/Carabao Mango,25.51,25.0,0.51,0.02,0.6123,confirmed,Forest Zone
11779,22,Indian/Carabao Mango,25.14,25.0,0.14,0.006,0.6517,unconfirmed,
11780,22,Indian/Carabao Mango,25.29,25.0,0.29,0.012,0.6357,unconfirmed,
11804,22,Indian/Carabao Mango,25.67,25.0,0.67,0.027,0.5952,confirmed,Forest Zone
11900,22,Indian/Carabao Mango,26.26,25.0,1.26,0.05,0.5323,confirmed,Forest Zone
11901,22,Indian/Carabao Mango,25.88,25.0,0.88,0.035,0.5728,confirmed,Forest Zone
11906,22,Indian/Carabao Mango,25.01,25.0,0.01,0.0,0.6656,confirmed,Forest Zone
11917,22,Indian/Carabao Mango,25.55,25.0,0.55,0.022,0.608,confirmed,Forest Zone
11945,22,Indian/Carabao Mango,25.02,25.0,0.02,0.001,0.5607,confirmed,Forest Zone
12000,22,Indian/Carabao Mango,25.23,25.0,0.23,0.009,0.6421,unconfirmed,
12002,22,Indian/Carabao Mango,25.51,25.0,0.51,0.02,0.6123,unconfirmed,
12045,22,Indian/Carabao Mango,25.25,25.0,0.25,0.01,0.64,confirmed,Forest Zone
12145,22,Indian/Carabao Mango,25.32,25.0,0.32,0.013,0.6325,unconfirmed,
12349,22,Indian/Carabao Mango,25.83,25.0,0.83,0.033,0.5781,confirmed,Forest Zone
12362,22,Indian/Carabao Mango,25.51,25.0,0.51,0.02,0.6123,unconfirmed,
12387,22,Indian/Carabao Mango,26.32,25.0,1.32,0.053,0.5259,confirmed,Forest Zone
12390,22,Indian/Carabao Mango,25.01,25.0,0.01,0.0,0.6656,confirmed,Forest Zone
12398,22,Indian/Carabao Mango,26.26,25.0,1.26,0.05,0.5323,confirmed,Forest Zone
12447,22,Indian/Carabao Mango,25.25,25.0,0.25,0.01,0.64,confirmed,Forest Zone
12451,22,Indian/Carabao Mango,26.31,25.0,1.31,0.052,0.5269,confirmed,Forest Zone
12466,22,Indian/Carabao Mango,26.03,25.0,1.03,0.041,0.5568,confirmed,Forest Zone
12467,22,Indian/Carabao Mango,25.51,25.0,0.51,0.02,0.6123,confirmed,Forest Zone
12470,22,Indian/Carabao Mango,25.63,25.0,0.63,0.025,0.5995,unconfirmed,
12517,22,Indian/Carabao Mango,26.41,25.0,1.41,0.056,0.5163,confirmed,Forest Zone
12518,22,Indian/Carabao Mango,26.51,25.0,1.51,0.06,0.5056,confirmed,Forest Zone
12555,22,Indian/Carabao Mango,25.14,25.0,0.14,0.006,0.6517,unconfirmed,
12557,22,Indian/Carabao Mango,25.14,25.0,0.14,0.006,0.6517,confirmed,Forest Zone
12560,22,Indian/Carabao Mango,25.14,25.0,0.14,0.006,0.6517,confirmed,Forest Zone
12580,22,Indian/Carabao Mango,25.72,25.0,0.72,0.029,0.5899,unconfirmed,
12627,22,Indian/Carabao Mango,26.42,25.0,1.42,0.057,0.5152,confirmed,Forest Zone
12807,22,Indian/Carabao Mango,26.01,25.0,1.01,0.04,0.5589,unconfirmed,
12824,22,Indian/Carabao Mango,25.14,25.0,0.14,0.006,0.6517,confirmed,Forest Zone
12842,22,Indian/Carabao Mango,26.44,25.0,1.44,0.058,0.5131,confirmed,Forest Zone
12850,22,Indian/Carabao Mango,26.11,25.0,1.11,0.044,0.5483,confirmed,Forest Zone
12895,22,Indian/Carabao Mango,26.55,25.0,1.55,0.062,0.5013,confirmed,Forest Zone
12897,22,Indian/Carabao Mango,25.78,25.0,0.78,0.031,0.5835,confirmed,Forest Zone
12923,22,Indian/Carabao Mango,25.51,25.0,0.51,0.02,0.6123,unconfirmed,
12962,22,Indian/Carabao Mango,26.52,25.0,1.52,0.061,0.5045,confirmed,Forest Zone
13001,22,Indian/Carabao Mango,25.14,25.0,0.14,0.006,0.6517,confirmed,Forest Zone
13028,22,Indian/Carabao Mango,26.19,25.0,1.19,0.048,0.5397,unconfirmed,
13140,22,Indian/Carabao Mango,25.71,25.0,0.71,0.028,0.5909,unconfirmed,
13162,22,Indian/Carabao Mango,25.1,25.0,0.1,0.004,0.656,unconfirmed,
13253,22,Indian/Carabao Mango,25.01,25.0,0.01,0.0,0.6656,unconfirmed,
13356,22,Indian/Carabao Mango,25.07,25.0,0.07,0.003,0.6592,unconfirmed,
13364,22,Indian/Carabao Mango,25.14,25.0,0.14,0.006,0.6517,unconfirmed,
13365,22,Indian/Carabao Mango,25.13,25.0,0.13,0.005,0.6528,unconfirmed,
13561,22,Indian/Carabao Mango,25.05,25.0,0.05,0.002,0.6613,confirmed,Forest Zone
13563,22,Indian/Carabao Mango,25.68,25.0,0.68,0.027,0.5941,unconfirmed,
13683,22,Indian/Carabao Mango,26.44,25.0,1.44,0.058,0.5131,unconfirmed,
13730,22,Indian/Carabao Mango,26.33,25.0,1.33,0.053,0.5248,confirmed,Forest Zone
13793,22,Indian/Carabao Mango,25.12,25.0,0.12,0.005,0.6539,unconfirmed,
13812,22,Indian/Carabao Mango,25.96,25.0,0.96,0.038,0.5643,unconfirmed,
13823,22,Indian/Carabao Mango,25.08,25.0,0.08,0.003,0.6581,unconfirmed,
13932,22,Indian/Carabao Mango,26.52,25.0,1.52,0.061,0.5045,unconfirmed,
13954,22,Indian/Carabao Mango,25.53,25.0,0.53,0.021,0.6101,confirmed,Forest Zone
13997,22,Indian/Carabao Mango,26.33,25.0,1.33,0.053,0.5248,unconfirmed,
14000,22,Indian/Carabao Mango,25.19,25.0,0.19,0.008,0.6464,unconfirmed,
14009,22,Indian/Carabao Mango,25.32,25.0,0.32,0.013,0.6325,unconfirmed,
14017,22,Indian/Carabao Mango,26.01,25.0,1.01,0.04,0.5589,unconfirmed,
14033,22,Indian/Carabao Mango,26.48,25.0,1.48,0.059,0.5088,unconfirmed,
14047,22,Indian/Carabao Mango,25.53,25.0,0.53,0.021,0.6101,unconfirmed,
14055,22,Indian/Carabao Mango,26.3,25.0,1.3,0.052,0.528,confirmed,Forest Zone
14136,22,Indian/Carabao Mango,25.16,25.0,0.16,0.006,0.6496,unconfirmed,
14144,22,Indian/Carabao Mango,25.06,25.0,0.06,0.002,0.6603,unconfirmed,
14172,22,Indian/Carabao Mango,25.12,25.0,0.12,0.005,0.6539,confirmed,Forest Zone
14217,22,Indian/Carabao Mango,25.79,25.0,0.79,0.032,0.5824,unconfirmed,
14248,22,Indian/Carabao Mango,26.4,25.0,1.4,0.056,0.5173,unconfirmed,
14262,22,Indian/Carabao Mango,26.18,25.0,1.18,0.047,0.5408,unconfirmed,
14274,22,Indian/Carabao Mango,26.42,25.0,1.42,0.057,0.5152,unconfirmed,
14275,22,Indian/Carabao Mango,25.28,25.0,0.28,0.011,0.6368,unconfirmed,
14377,22,Indian/Carabao Mango,25.82,25.0,0.82,0.033,0.5792,unconfirmed,
14395,22,Indian/Carabao Mango,25.13,25.0,0.13,0.005,0.6528,confirmed,Forest Zone
14449,22,Indian/Carabao Mango,26.02,25.0,1.02,0.041,0.5579,unconfirmed,
14450,22,Indian/Carabao Mango,26.09,25.0,1.09,0.044,0.5504,unconfirmed,
14896,22,Indian/Carabao Mango,26.24,25.0,1.24,0.05,0.5344,unconfirmed,
14993,22,Indian/Carabao Mango,26.4,25.0,1.4,0.056,0.5173,unconfirmed,
14995,22,Indian/Carabao Mango,25.01,25.0,0.01,0.0,0.6656,unconfirmed,
15229,22,Indian/Carabao Mango,25.51,25.0,0.51,0.02,0.6123,unconfirmed,
15326,22,Indian/Carabao Mango,25.91,25.0,0.91,0.036,0.5696,unconfirmed,
15338,22,Indian/Carabao Mango,26.1,25.0,1.1,0.044,0.5493,unconfirmed,
15340,22,Indian/Carabao Mango,26.18,25.0,1.18,0.047,0.5408,unconfirmed,
15437,22,Indian/Carabao Mango,26.48,25.0,1.48,0.059,0.5088,unconfirmed,
15660,22,Indian/Carabao Mango,25.76,25.0,0.76,0.03,0.5856,unconfirmed,
15777,22,Indian/Carabao Mango,25.83,25.0,0.83,0.033,0.5781,unconfirmed,
15989,22,Indian/Carabao Mango,25.51,25.0,0.51,0.02,0.6123,unconfirmed,
16327,22,Indian/Carabao Mango,25.33,25.0,0.33,0.013,0.6315,unconfirmed,
16441,22,Indian/Carabao Mango,25.76,25.0,0.76,0.03,0.5856,unconfirmed,
16545,22,Indian/Carabao Mango,25.05,25.0,0.05,0.002,0.6613,unconfirmed,
3993,23,Santol,30.01,30.0,0.01,0.0,0.5617,confirmed,Socialized Housing Zone
4386,23,Santol,30.05,30.0,0.05,0.002,0.5588,confirmed,Forest Zone
4401,23,Santol,30.02,30.0,0.02,0.001,0.561,confirmed,Medium Density Residential Zone
4407,23,Santol,30.78,30.0,0.78,0.026,0.504,confirmed,Forest Zone
4513,23,Santol,30.47,30.0,0.47,0.016,0.5273,confirmed,Medium Density Residential Zone
4705,23,Santol,30.54,30.0,0.54,0.018,0.522,confirmed,Buffer Zone
4829,23,Santol,30.12,30.0,0.12,0.004,0.5535,confirmed,Forest Zone
4931,23,Santol,30.09,30.0,0.09,0.003,0.5558,confirmed,Forest Zone
5034,23,Santol,30.66,30.0,0.66,0.022,0.513,confirmed,Forest Zone
5041,23,Santol,30.56,30.0,0.56,0.019,0.5205,confirmed,Forest Zone
5053,23,Santol,30.63,30.0,0.63,0.021,0.5153,confirmed,Forest Zone
5155,23,Santol,30.51,30.0,0.51,0.017,0.5242,confirmed,Forest Zone
5253,23,Santol,30.12,30.0,0.12,0.004,0.5535,confirmed,Forest Zone
5296,23,Santol,30.13,30.0,0.13,0.004,0.5528,confirmed,Medium Density Residential Zone
5303,23,Santol,30.53,30.0,0.53,0.018,0.5227,confirmed,Medium Density Residential Zone
5492,23,Santol,30.06,30.0,0.06,0.002,0.558,confirmed,Forest Zone
5608,23,Santol,30.58,30.0,0.58,0.019,0.519,confirmed,Forest Zone
5612,23,Santol,30.2,30.0,0.2,0.007,0.5475,confirmed,Forest Zone
5715,23,Santol,30.39,30.0,0.39,0.013,0.5332,confirmed,Forest Zone
6047,23,Santol,30.81,30.0,0.81,0.027,0.5018,confirmed,Forest Zone
6168,23,Santol,30.69,30.0,0.69,0.023,0.5107,confirmed,Forest Zone
6512,23,Santol,30.47,30.0,0.47,0.016,0.5273,confirmed,Forest Zone
6514,23,Santol,30.28,30.0,0.28,0.009,0.5415,confirmed,Forest Zone
6526,23,Santol,30.43,30.0,0.43,0.014,0.5302,confirmed,Forest Zone
6530,23,Santol,30.54,30.0,0.54,0.018,0.522,confirmed,Forest Zone
6976,23,Santol,30.03,30.0,0.03,0.001,0.5602,confirmed,Medium Density Residential Zone
7048,23,Santol,30.63,30.0,0.63,0.021,0.5153,confirmed,Sanitary Landfill
7197,23,Santol,30.11,30.0,0.11,0.004,0.5542,confirmed,Forest Zone
7362,23,Santol,30.16,30.0,0.16,0.005,0.6524,confirmed,Institutional Research Zone
7495,23,Santol,30.03,30.0,0.03,0.001,0.5602,confirmed,Forest Zone
7596,23,Santol,30.02,30.0,0.02,0.001,0.561,confirmed,Forest Zone
7801,23,Santol,30.36,30.0,0.36,0.012,0.6347,confirmed,Institutional Research Zone
7853,23,Santol,30.66,30.0,0.66,0.022,0.513,confirmed,Forest Zone
8256,23,Santol,30.82,30.0,0.82,0.027,0.5938,confirmed,Forest Zone
8281,23,Santol,30.02,30.0,0.02,0.001,0.561,confirmed,Forest Zone
8460,23,Santol,30.05,30.0,0.05,0.002,0.6622,confirmed,Forest Zone
8572,23,Santol,31.27,30.0,1.27,0.042,0.5538,confirmed,Forest Zone
8585,23,Santol,30.28,30.0,0.28,0.009,0.6418,confirmed,Forest Zone
8712,23,Santol,30.35,30.0,0.35,0.012,0.5362,confirmed,Forest Zone
8716,23,Santol,30.03,30.0,0.03,0.001,0.5602,confirmed,Forest Zone
8795,23,Santol,30.51,30.0,0.51,0.017,0.6213,confirmed,Forest Zone
8796,23,Santol,30.55,30.0,0.55,0.018,0.6178,confirmed,Forest Zone
8799,23,Santol,30.05,30.0,0.05,0.002,0.6622,confirmed,Forest Zone
8904,23,Santol,30.93,30.0,0.93,0.031,0.584,confirmed,Forest Zone
8923,23,Santol,30.2,30.0,0.2,0.007,0.6489,confirmed,Forest Zone
8942,23,Santol,30.38,30.0,0.38,0.013,0.534,confirmed,Forest Zone
8954,23,Santol,30.46,30.0,0.46,0.015,0.528,confirmed,Forest Zone
9053,23,Santol,30.46,30.0,0.46,0.015,0.528,confirmed,Forest Zone
9065,23,Santol,30.59,30.0,0.59,0.02,0.5182,confirmed,Forest Zone
9365,23,Santol,31.3,30.0,1.3,0.043,0.5511,confirmed,Forest Zone
9370,23,Santol,31.11,30.0,1.11,0.037,0.568,confirmed,Forest Zone
9371,23,Santol,30.17,30.0,0.17,0.006,0.6516,confirmed,Forest Zone
9385,23,Santol,30.72,30.0,0.72,0.024,0.5085,confirmed,Forest Zone
9480,23,Santol,30.91,30.0,0.91,0.03,0.5858,confirmed,Forest Zone
9580,23,Santol,30.29,30.0,0.29,0.01,0.6409,confirmed,Forest Zone
9830,23,Santol,30.08,30.0,0.08,0.003,0.5565,confirmed,Forest Zone
9904,23,Santol,31.51,30.0,1.51,0.05,0.5324,confirmed,Forest Zone
9910,23,Santol,30.33,30.0,0.33,0.011,0.6373,confirmed,Forest Zone
9931,23,Santol,30.01,30.0,0.01,0.0,0.5617,confirmed,Forest Zone
10020,23,Santol,30.22,30.0,0.22,0.007,0.6471,confirmed,Forest Zone
10024,23,Santol,31.32,30.0,1.32,0.044,0.5493,confirmed,Forest Zone
10036,23,Santol,31.54,30.0,1.54,0.051,0.5298,confirmed,Forest Zone
10039,23,Santol,30.82,30.0,0.82,0.027,0.5938,confirmed,Forest Zone
10128,23,Santol,30.01,30.0,0.01,0.0,0.6658,confirmed,Forest Zone
10141,23,Santol,31.68,30.0,1.68,0.056,0.5173,confirmed,Forest Zone
10142,23,Santol,30.53,30.0,0.53,0.018,0.6196,confirmed,Forest Zone
10464,23,Santol,31.4,30.0,1.4,0.047,0.5422,confirmed,Forest Zone
10469,23,Santol,30.54,30.0,0.54,0.018,0.6187,confirmed,Forest Zone
10470,23,Santol,30.16,30.0,0.16,0.005,0.6524,confirmed,Forest Zone
10581,23,Santol,30.93,30.0,0.93,0.031,0.584,confirmed,Forest Zone
10599,23,Santol,31.03,30.0,1.03,0.034,0.5751,confirmed,Forest Zone
10602,23,Santol,30.98,30.0,0.98,0.033,0.5796,confirmed,Institutional Research Zone
10678,23,Santol,30.71,30.0,0.71,0.024,0.6036,confirmed,Forest Zone
10683,23,Santol,30.21,30.0,0.21,0.007,0.648,confirmed,Forest Zone
10693,23,Santol,30.2,30.0,0.2,0.007,0.6489,confirmed,Forest Zone
10694,23,Santol,31.54,30.0,1.54,0.051,0.5298,confirmed,Forest Zone
10701,23,Santol,31.5,30.0,1.5,0.05,0.5333,confirmed,Forest Zone
10711,23,Santol,30.09,30.0,0.09,0.003,0.6587,confirmed,Forest Zone
10797,23,Santol,31.01,30.0,1.01,0.034,0.5769,confirmed,Forest Zone
10813,23,Santol,30.34,30.0,0.34,0.011,0.6364,confirmed,Forest Zone
10896,23,Santol,31.41,30.0,1.41,0.047,0.5413,confirmed,Forest Zone
10901,23,Santol,30.24,30.0,0.24,0.008,0.6453,confirmed,Forest Zone
11005,23,Santol,31.78,30.0,1.78,0.059,0.5084,confirmed,Forest Zone
11008,23,Santol,31.78,30.0,1.78,0.059,0.5084,confirmed,Forest Zone
11039,23,Santol,31.02,30.0,1.02,0.034,0.576,confirmed,Forest Zone
11150,23,Santol,31.08,30.0,1.08,0.036,0.5707,confirmed,Forest Zone
11231,23,Santol,30.33,30.0,0.33,0.011,0.6373,confirmed,Forest Zone
11239,23,Santol,30.6,30.0,0.6,0.02,0.6133,confirmed,Forest Zone
11258,23,Santol,30.55,30.0,0.55,0.018,0.6178,confirmed,Forest Zone
11344,23,Santol,31.8,30.0,1.8,0.06,0.5067,confirmed,Forest Zone
11347,23,Santol,30.39,30.0,0.39,0.013,0.632,confirmed,Forest Zone
11352,23,Santol,31.55,30.0,1.55,0.052,0.5289,confirmed,Forest Zone
11353,23,Santol,31.43,30.0,1.43,0.048,0.5396,confirmed,Forest Zone
11364,23,Santol,31.36,30.0,1.36,0.045,0.5458,confirmed,Forest Zone
11369,23,Santol,30.06,30.0,0.06,0.002,0.6613,confirmed,Forest Zone
11448,23,Santol,30.93,30.0,0.93,0.031,0.584,confirmed,Forest Zone
11451,23,Santol,31.17,30.0,1.17,0.039,0.5627,confirmed,Forest Zone
11452,23,Santol,30.44,30.0,0.44,0.015,0.6276,confirmed,Forest Zone
11457,23,Santol,31.13,30.0,1.13,0.038,0.5662,confirmed,Forest Zone
11469,23,Santol,30.56,30.0,0.56,0.019,0.6169,confirmed,Forest Zone
11476,23,Santol,30.05,30.0,0.05,0.002,0.6622,confirmed,Forest Zone
11477,23,Santol,31.4,30.0,1.4,0.047,0.5422,confirmed,Forest Zone
11486,23,Santol,31.81,30.0,1.81,0.06,0.5058,confirmed,Forest Zone
11581,23,Santol,31.01,30.0,1.01,0.034,0.5769,confirmed,Forest Zone
11672,23,Santol,31.55,30.0,1.55,0.052,0.5289,confirmed,Forest Zone
11695,23,Santol,31.07,30.0,1.07,0.036,0.5716,confirmed,Forest Zone
11799,23,Santol,30.69,30.0,0.69,0.023,0.6053,confirmed,Forest Zone
11801,23,Santol,30.28,30.0,0.28,0.009,0.6418,confirmed,Forest Zone
11811,23,Santol,31.36,30.0,1.36,0.045,0.5458,confirmed,Forest Zone
11918,23,Santol,30.78,30.0,0.78,0.026,0.5973,confirmed,Forest Zone
12027,23,Santol,31.82,30.0,1.82,0.061,0.5049,confirmed,Forest Zone
12055,23,Santol,31.4,30.0,1.4,0.047,0.5422,confirmed,Forest Zone
12233,23,Santol,30.09,30.0,0.09,0.003,0.6587,confirmed,Forest Zone
12245,23,Santol,30.66,30.0,0.66,0.022,0.608,confirmed,Forest Zone
12261,23,Santol,30.39,30.0,0.39,0.013,0.632,confirmed,Forest Zone
12262,23,Santol,31.66,30.0,1.66,0.055,0.5191,confirmed,Forest Zone
12342,23,Santol,31.54,30.0,1.54,0.051,0.5298,confirmed,Forest Zone
12375,23,Santol,31.42,30.0,1.42,0.047,0.5404,confirmed,Forest Zone
12388,23,Santol,30.55,30.0,0.55,0.018,0.6178,confirmed,Forest Zone
12389,23,Santol,31.83,30.0,1.83,0.061,0.504,confirmed,Forest Zone
12408,23,Santol,31.34,30.0,1.34,0.045,0.5476,confirmed,Forest Zone
12459,23,Santol,31.84,30.0,1.84,0.061,0.5031,confirmed,Forest Zone
12460,23,Santol,30.68,30.0,0.68,0.023,0.6062,confirmed,Forest Zone
12479,23,Santol,30.59,30.0,0.59,0.02,0.6142,confirmed,Forest Zone
12480,23,Santol,31.56,30.0,1.56,0.052,0.528,confirmed,Forest Zone
12489,23,Santol,30.38,30.0,0.38,0.013,0.6329,confirmed,Forest Zone
12504,23,Santol,31.58,30.0,1.58,0.053,0.5262,confirmed,Forest Zone
12505,23,Santol,31.59,30.0,1.59,0.053,0.5253,confirmed,Forest Zone
12561,23,Santol,30.51,30.0,0.51,0.017,0.6213,confirmed,Forest Zone
12578,23,Santol,30.12,30.0,0.12,0.004,0.656,unconfirmed,
12581,23,Santol,31.26,30.0,1.26,0.042,0.5547,unconfirmed,
12667,23,Santol,30.07,30.0,0.07,0.002,0.6604,unconfirmed,
12677,23,Santol,31.23,30.0,1.23,0.041,0.5573,confirmed,Forest Zone
12682,23,Santol,30.12,30.0,0.12,0.004,0.656,confirmed,Forest Zone
12707,23,Santol,31.15,30.0,1.15,0.038,0.5644,confirmed,Forest Zone
12729,23,Santol,30.46,30.0,0.46,0.015,0.6258,confirmed,Forest Zone
12794,23,Santol,30.97,30.0,0.97,0.032,0.5804,confirmed,Forest Zone
12795,23,Santol,30.67,30.0,0.67,0.022,0.6071,confirmed,Forest Zone
12809,23,Santol,31.1,30.0,1.1,0.037,0.5689,unconfirmed,
12818,23,Santol,30.05,30.0,0.05,0.002,0.6622,confirmed,Forest Zone
12843,23,Santol,30.23,30.0,0.23,0.008,0.6462,confirmed,Forest Zone
12893,23,Santol,31.53,30.0,1.53,0.051,0.5307,confirmed,Forest Zone
12894,23,Santol,30.29,30.0,0.29,0.01,0.6409,confirmed,Forest Zone
12939,23,Santol,30.45,30.0,0.45,0.015,0.6267,confirmed,Forest Zone
12945,23,Santol,31.34,30.0,1.34,0.045,0.5476,confirmed,Forest Zone
12946,23,Santol,30.35,30.0,0.35,0.012,0.6356,confirmed,Forest Zone
12949,23,Santol,30.42,30.0,0.42,0.014,0.6293,confirmed,Forest Zone
13006,23,Santol,31.67,30.0,1.67,0.056,0.5182,confirmed,Forest Zone
13008,23,Santol,30.71,30.0,0.71,0.024,0.6036,confirmed,Forest Zone
13030,23,Santol,31.57,30.0,1.57,0.052,0.5271,unconfirmed,
13049,23,Santol,31.34,30.0,1.34,0.045,0.5476,confirmed,Forest Zone
13114,23,Santol,31.0,30.0,1.0,0.033,0.5778,confirmed,Forest Zone
13250,23,Santol,30.23,30.0,0.23,0.008,0.6462,unconfirmed,
13251,23,Santol,30.71,30.0,0.71,0.024,0.6036,unconfirmed,
13259,23,Santol,30.46,30.0,0.46,0.015,0.6258,unconfirmed,
13280,23,Santol,30.56,30.0,0.56,0.019,0.6169,confirmed,Forest Zone
13283,23,Santol,31.14,30.0,1.14,0.038,0.5653,confirmed,Forest Zone
13284,23,Santol,30.55,30.0,0.55,0.018,0.6178,confirmed,Forest Zone
13338,23,Santol,30.05,30.0,0.05,0.002,0.6622,confirmed,Forest Zone
13345,23,Santol,31.07,30.0,1.07,0.036,0.5716,unconfirmed,
13368,23,Santol,30.86,30.0,0.86,0.029,0.5902,unconfirmed,
13384,23,Santol,30.78,30.0,0.78,0.026,0.5973,unconfirmed,
13449,23,Santol,30.42,30.0,0.42,0.014,0.6293,confirmed,Forest Zone
13452,23,Santol,30.16,30.0,0.16,0.005,0.6524,confirmed,Forest Zone
13454,23,Santol,30.59,30.0,0.59,0.02,0.6142,unconfirmed,
13455,23,Santol,31.42,30.0,1.42,0.047,0.5404,unconfirmed,
13464,23,Santol,31.49,30.0,1.49,0.05,0.5342,unconfirmed,
13466,23,Santol,31.8,30.0,1.8,0.06,0.5067,unconfirmed,
13467,23,Santol,31.12,30.0,1.12,0.037,0.5671,unconfirmed,
13468,23,Santol,30.44,30.0,0.44,0.015,0.6276,unconfirmed,
13477,23,Santol,30.75,30.0,0.75,0.025,0.6,unconfirmed,
13499,23,Santol,31.81,30.0,1.81,0.06,0.5058,unconfirmed,
13500,23,Santol,30.75,30.0,0.75,0.025,0.6,unconfirmed,
13501,23,Santol,30.59,30.0,0.59,0.02,0.6142,unconfirmed,
13555,23,Santol,30.87,30.0,0.87,0.029,0.5893,unconfirmed,
13566,23,Santol,30.83,30.0,0.83,0.028,0.5929,unconfirmed,
13569,23,Santol,31.32,30.0,1.32,0.044,0.5493,unconfirmed,
13570,23,Santol,31.01,30.0,1.01,0.034,0.5769,unconfirmed,
13578,23,Santol,31.04,30.0,1.04,0.035,0.5742,unconfirmed,
13587,23,Santol,30.29,30.0,0.29,0.01,0.6409,unconfirmed,
13591,23,Santol,30.05,30.0,0.05,0.002,0.6622,unconfirmed,
13597,23,Santol,30.35,30.0,0.35,0.012,0.6356,unconfirmed,
13605,23,Santol,31.49,30.0,1.49,0.05,0.5342,unconfirmed,
13667,23,Santol,31.04,30.0,1.04,0.035,0.5742,confirmed,Forest Zone
13777,23,Santol,30.32,30.0,0.32,0.011,0.6382,unconfirmed,
13780,23,Santol,31.53,30.0,1.53,0.051,0.5307,confirmed,Forest Zone
13787,23,Santol,30.08,30.0,0.08,0.003,0.6596,unconfirmed,
13789,23,Santol,30.25,30.0,0.25,0.008,0.6444,unconfirmed,
13808,23,Santol,31.0,30.0,1.0,0.033,0.5778,unconfirmed,
13810,23,Santol,30.17,30.0,0.17,0.006,0.6516,unconfirmed,
13811,23,Santol,31.0,30.0,1.0,0.033,0.5778,unconfirmed,
13888,23,Santol,31.78,30.0,1.78,0.059,0.5084,unconfirmed,
13891,23,Santol,30.01,30.0,0.01,0.0,0.6658,unconfirmed,
13915,23,Santol,30.03,30.0,0.03,0.001,0.664,unconfirmed,
13921,23,Santol,30.02,30.0,0.02,0.001,0.6649,unconfirmed,
13936,23,Santol,31.4,30.0,1.4,0.047,0.5422,unconfirmed,
13937,23,Santol,30.63,30.0,0.63,0.021,0.6107,unconfirmed,
13950,23,Santol,30.95,30.0,0.95,0.032,0.5822,confirmed,Forest Zone
14015,23,Santol,30.05,30.0,0.05,0.002,0.6622,unconfirmed,
14018,23,Santol,30.43,30.0,0.43,0.014,0.6284,unconfirmed,
14026,23,Santol,30.03,30.0,0.03,0.001,0.664,unconfirmed,
14027,23,Santol,30.03,30.0,0.03,0.001,0.664,unconfirmed,
14039,23,Santol,30.01,30.0,0.01,0.0,0.6658,unconfirmed,
14040,23,Santol,31.15,30.0,1.15,0.038,0.5644,unconfirmed,
14148,23,Santol,31.65,30.0,1.65,0.055,0.52,unconfirmed,
14151,23,Santol,31.67,30.0,1.67,0.056,0.5182,unconfirmed,
14157,23,Santol,31.53,30.0,1.53,0.051,0.5307,unconfirmed,
14163,23,Santol,30.53,30.0,0.53,0.018,0.6196,unconfirmed,
14263,23,Santol,31.78,30.0,1.78,0.059,0.5084,unconfirmed,
14327,23,Santol,30.62,30.0,0.62,0.021,0.6116,unconfirmed,
14335,23,Santol,30.21,30.0,0.21,0.007,0.648,unconfirmed,
14350,23,Santol,30.06,30.0,0.06,0.002,0.6613,unconfirmed,
14352,23,Santol,30.65,30.0,0.65,0.022,0.6089,unconfirmed,
14394,23,Santol,31.11,30.0,1.11,0.037,0.568,confirmed,Forest Zone
14453,23,Santol,30.51,30.0,0.51,0.017,0.6213,unconfirmed,
14459,23,Santol,31.42,30.0,1.42,0.047,0.5404,unconfirmed,
14460,23,Santol,31.0,30.0,1.0,0.033,0.5778,unconfirmed,
14570,23,Santol,30.23,30.0,0.23,0.008,0.6462,unconfirmed,
14580,23,Santol,30.88,30.0,0.88,0.029,0.5884,unconfirmed,
14666,23,Santol,30.05,30.0,0.05,0.002,0.6622,unconfirmed,
14788,23,Santol,30.22,30.0,0.22,0.007,0.6471,unconfirmed,
15001,23,Santol,30.84,30.0,0.84,0.028,0.592,unconfirmed,
15008,23,Santol,31.23,30.0,1.23,0.041,0.5573,unconfirmed,
15010,23,Santol,31.72,30.0,1.72,0.057,0.5138,unconfirmed,
15111,23,Santol,30.98,30.0,0.98,0.033,0.5796,unconfirmed,
15117,23,Santol,30.08,30.0,0.08,0.003,0.6596,unconfirmed,
15227,23,Santol,30.22,30.0,0.22,0.007,0.6471,unconfirmed,
15658,23,Santol,31.7,30.0,1.7,0.057,0.5156,unconfirmed,
15994,23,Santol,30.21,30.0,0.21,0.007,0.648,unconfirmed,
16104,23,Santol,30.93,30.0,0.93,0.031,0.584,unconfirmed,
16215,23,Santol,30.53,30.0,0.53,0.018,0.6196,unconfirmed,
16324,23,Santol,30.77,30.0,0.77,0.026,0.5982,unconfirmed,
16331,23,Santol,31.04,30.0,1.04,0.035,0.5742,unconfirmed,
16551,23,Santol,30.79,30.0,0.79,0.026,0.5964,unconfirmed,
16662,23,Santol,31.34,30.0,1.34,0.045,0.5476,unconfirmed,
16766,23,Santol,30.09,30.0,0.09,0.003,0.6587,unconfirmed,
16767,23,Santol,30.09,30.0,0.09,0.003,0.6587,unconfirmed,
16878,23,Santol,31.64,30.0,1.64,0.055,0.5209,unconfirmed,
3420,24,Malunggay,25.09,25.0,0.09,0.004,0.5544,confirmed,High Density Residential - Mixed Use Zone
3543,24,Malunggay,25.51,25.0,0.51,0.02,0.5166,confirmed,High Density Residential - Mixed Use Zone
3975,24,Malunggay,25.17,25.0,0.17,0.007,0.5472,confirmed,High Density Residential - Mixed Use Zone
3985,24,Malunggay,25.63,25.0,0.63,0.025,0.5058,confirmed,High Density Residential - Mixed Use Zone
4067,24,Malunggay,25.59,25.0,0.59,0.024,0.5094,confirmed,Medium Density Residential Zone
4290,24,Malunggay,25.48,25.0,0.48,0.019,0.5193,confirmed,Medium Density Residential Zone
4296,24,Malunggay,25.34,25.0,0.34,0.014,0.5319,confirmed,Forest Zone
4312,24,Malunggay,25.01,25.0,0.01,0.0,0.5616,confirmed,Medium Density Residential Zone
4428,24,Malunggay,25.13,25.0,0.13,0.005,0.5508,confirmed,Socialized Housing Zone
4627,24,Malunggay,25.32,25.0,0.32,0.013,0.5337,confirmed,Forest Zone
4714,24,Malunggay,25.53,25.0,0.53,0.021,0.5148,confirmed,Forest Zone
4744,24,Malunggay,25.51,25.0,0.51,0.02,0.5166,confirmed,Medium Density Residential Zone
4821,24,Malunggay,25.54,25.0,0.54,0.022,0.5139,confirmed,Forest Zone
4843,24,Malunggay,25.12,25.0,0.12,0.005,0.5517,confirmed,Medium Density Residential Zone
4966,24,Malunggay,25.37,25.0,0.37,0.015,0.5292,confirmed,Forest Zone
5039,24,Malunggay,25.07,25.0,0.07,0.003,0.5562,confirmed,Forest Zone
5049,24,Malunggay,25.32,25.0,0.32,0.013,0.5337,confirmed,Forest Zone
5145,24,Malunggay,25.01,25.0,0.01,0.0,0.5616,confirmed,Forest Zone
5279,24,Malunggay,25.17,25.0,0.17,0.007,0.5472,confirmed,Forest Zone
5514,24,Malunggay,25.51,25.0,0.51,0.02,0.5166,confirmed,Medium Density Residential Zone
5856,24,Malunggay,25.13,25.0,0.13,0.005,0.5508,confirmed,Forest Zone
5964,24,Malunggay,25.02,25.0,0.02,0.001,0.5607,confirmed,Forest Zone
5966,24,Malunggay,25.5,25.0,0.5,0.02,0.5175,confirmed,Forest Zone
5979,24,Malunggay,25.14,25.0,0.14,0.006,0.5499,confirmed,Forest Zone
6051,24,Malunggay,25.29,25.0,0.29,0.012,0.5364,confirmed,Forest Zone
6174,24,Malunggay,25.25,25.0,0.25,0.01,0.54,confirmed,Forest Zone
6192,24,Malunggay,25.5,25.0,0.5,0.02,0.5175,confirmed,Forest Zone
6264,24,Malunggay,25.65,25.0,0.65,0.026,0.504,confirmed,Forest Zone
6275,24,Malunggay,25.63,25.0,0.63,0.025,0.5058,confirmed,Forest Zone
6295,24,Malunggay,25.02,25.0,0.02,0.001,0.5607,confirmed,Forest Zone
6298,24,Malunggay,25.64,25.0,0.64,0.026,0.5049,confirmed,Forest Zone
6509,24,Malunggay,25.17,25.0,0.17,0.007,0.5472,confirmed,Forest Zone
6595,24,Malunggay,25.41,25.0,0.41,0.016,0.5256,confirmed,Forest Zone
6597,24,Malunggay,25.08,25.0,0.08,0.003,0.5553,confirmed,Forest Zone
6639,24,Malunggay,25.12,25.0,0.12,0.005,0.5517,confirmed,Forest Zone
6705,24,Malunggay,25.33,25.0,0.33,0.013,0.5328,confirmed,Forest Zone
6707,24,Malunggay,25.56,25.0,0.56,0.022,0.5121,confirmed,Forest Zone
6716,24,Malunggay,25.06,25.0,0.06,0.002,0.5571,confirmed,Forest Zone
6721,24,Malunggay,25.1,25.0,0.1,0.004,0.5535,confirmed,Special Reserved Zone
6830,24,Malunggay,25.33,25.0,0.33,0.013,0.5328,confirmed,Special Reserved Zone
6838,24,Malunggay,25.62,25.0,0.62,0.025,0.5067,confirmed,High Density Residential - Mixed Use Zone
6862,24,Malunggay,25.05,25.0,0.05,0.002,0.558,confirmed,Forest Zone
6913,24,Malunggay,25.25,25.0,0.25,0.01,0.64,confirmed,Forest Zone
6920,24,Malunggay,25.63,25.0,0.63,0.025,0.5058,confirmed,Forest Zone
7040,24,Malunggay,25.51,25.0,0.51,0.02,0.5166,confirmed,Forest Zone
7080,24,Malunggay,25.24,25.0,0.24,0.01,0.5409,confirmed,Forest Zone
7163,24,Malunggay,25.26,25.0,0.26,0.01,0.5391,confirmed,Special Reserved Zone
7374,24,Malunggay,25.18,25.0,0.18,0.007,0.5463,confirmed,Forest Zone
7375,24,Malunggay,25.51,25.0,0.51,0.02,0.5166,confirmed,Forest Zone
7416,24,Malunggay,25.25,25.0,0.25,0.01,0.54,confirmed,Forest Zone
7941,24,Malunggay,25.59,25.0,0.59,0.024,0.5094,confirmed,Forest Zone
8020,24,Malunggay,25.02,25.0,0.02,0.001,0.6645,confirmed,Forest Zone
8036,24,Malunggay,25.68,25.0,0.68,0.027,0.5013,confirmed,Forest Zone
8173,24,Malunggay,25.5,25.0,0.5,0.02,0.5175,confirmed,Forest Zone
8459,24,Malunggay,26.19,25.0,1.19,0.048,0.5397,confirmed,Forest Zone
8497,24,Malunggay,25.01,25.0,0.01,0.0,0.5616,confirmed,Forest Zone
8682,24,Malunggay,26.55,25.0,1.55,0.062,0.5013,confirmed,Forest Zone
8693,24,Malunggay,25.01,25.0,0.01,0.0,0.6656,confirmed,Forest Zone
8792,24,Malunggay,25.14,25.0,0.14,0.006,0.6517,confirmed,Forest Zone
8900,24,Malunggay,25.01,25.0,0.01,0.0,0.6656,confirmed,Forest Zone
8908,24,Malunggay,26.01,25.0,1.01,0.04,0.5589,confirmed,Forest Zone
8940,24,Malunggay,25.57,25.0,0.57,0.023,0.5112,confirmed,Forest Zone
8967,24,Malunggay,25.63,25.0,0.63,0.025,0.5058,confirmed,Forest Zone
9021,24,Malunggay,25.1,25.0,0.1,0.004,0.656,confirmed,Forest Zone
9366,24,Malunggay,26.11,25.0,1.11,0.044,0.5483,confirmed,Forest Zone
9565,24,Malunggay,25.51,25.0,0.51,0.02,0.6123,confirmed,Forest Zone
9579,24,Malunggay,25.2,25.0,0.2,0.008,0.6453,confirmed,Forest Zone
9700,24,Malunggay,25.13,25.0,0.13,0.005,0.6528,confirmed,Forest Zone
9940,24,Malunggay,25.63,25.0,0.63,0.025,0.5058,confirmed,Forest Zone
10021,24,Malunggay,26.44,25.0,1.44,0.058,0.5131,confirmed,Forest Zone
10022,24,Malunggay,26.0,25.0,1.0,0.04,0.56,confirmed,Forest Zone
10028,24,Malunggay,25.24,25.0,0.24,0.01,0.6411,confirmed,Forest Zone
10146,24,Malunggay,25.83,25.0,0.83,0.033,0.5781,confirmed,Forest Zone
10150,24,Malunggay,26.26,25.0,1.26,0.05,0.5323,confirmed,Forest Zone
10156,24,Malunggay,25.14,25.0,0.14,0.006,0.5499,confirmed,Forest Zone
10263,24,Malunggay,25.32,25.0,0.32,0.013,0.6325,confirmed,Forest Zone
10292,24,Malunggay,25.59,25.0,0.59,0.024,0.5094,confirmed,Forest Zone
10293,24,Malunggay,25.47,25.0,0.47,0.019,0.5202,confirmed,Forest Zone
10348,24,Malunggay,25.68,25.0,0.68,0.027,0.5941,confirmed,Forest Zone
10364,24,Malunggay,26.31,25.0,1.31,0.052,0.5269,confirmed,Forest Zone
10452,24,Malunggay,26.43,25.0,1.43,0.057,0.5141,confirmed,Forest Zone
10454,24,Malunggay,26.26,25.0,1.26,0.05,0.5323,confirmed,Forest Zone
10493,24,Malunggay,25.24,25.0,0.24,0.01,0.5409,confirmed,Institutional Research Zone
10562,24,Malunggay,25.65,25.0,0.65,0.026,0.5973,confirmed,Forest Zone
10565,24,Malunggay,25.53,25.0,0.53,0.021,0.6101,confirmed,Forest Zone
10572,24,Malunggay,25.61,25.0,0.61,0.024,0.6016,confirmed,Forest Zone
10586,24,Malunggay,25.84,25.0,0.84,0.034,0.5771,confirmed,Forest Zone
10609,24,Malunggay,25.13,25.0,0.13,0.005,0.5508,confirmed,Institutional Research Zone
10688,24,Malunggay,26.41,25.0,1.41,0.056,0.5163,confirmed,Forest Zone
10692,24,Malunggay,25.97,25.0,0.97,0.039,0.5632,confirmed,Forest Zone
10705,24,Malunggay,26.41,25.0,1.41,0.056,0.5163,confirmed,Forest Zone
10784,24,Malunggay,25.36,25.0,0.36,0.014,0.6283,confirmed,Forest Zone
10785,24,Malunggay,26.18,25.0,1.18,0.047,0.5408,confirmed,Forest Zone
10803,24,Malunggay,25.01,25.0,0.01,0.0,0.6656,confirmed,Forest Zone
10847,24,Malunggay,25.03,25.0,0.03,0.001,0.5598,confirmed,Forest Zone
10916,24,Malunggay,26.24,25.0,1.24,0.05,0.5344,confirmed,Forest Zone
10927,24,Malunggay,26.42,25.0,1.42,0.057,0.5152,confirmed,Forest Zone
10943,24,Malunggay,25.31,25.0,0.31,0.012,0.5346,confirmed,Institutional Research Zone
11120,24,Malunggay,26.06,25.0,1.06,0.042,0.5536,confirmed,Forest Zone
11161,24,Malunggay,26.09,25.0,1.09,0.044,0.5504,confirmed,Forest Zone
11167,24,Malunggay,25.36,25.0,0.36,0.014,0.5301,confirmed,Forest Zone
11174,24,Malunggay,25.41,25.0,0.41,0.016,0.5256,confirmed,Forest Zone
11182,24,Malunggay,25.59,25.0,0.59,0.024,0.5094,confirmed,Forest Zone
11224,24,Malunggay,25.96,25.0,0.96,0.038,0.5643,unconfirmed,
11228,24,Malunggay,25.91,25.0,0.91,0.036,0.5696,confirmed,Forest Zone
11243,24,Malunggay,26.55,25.0,1.55,0.062,0.5013,confirmed,Forest Zone
11293,24,Malunggay,25.25,25.0,0.25,0.01,0.54,confirmed,Forest Zone
11355,24,Malunggay,25.51,25.0,0.51,0.02,0.6123,confirmed,Forest Zone
11572,24,Malunggay,25.64,25.0,0.64,0.026,0.5984,confirmed,Forest Zone
11577,24,Malunggay,25.51,25.0,0.51,0.02,0.6123,confirmed,Forest Zone
11598,24,Malunggay,25.18,25.0,0.18,0.007,0.6475,confirmed,Forest Zone
11689,24,Malunggay,25.51,25.0,0.51,0.02,0.6123,confirmed,Forest Zone
11779,24,Malunggay,25.14,25.0,0.14,0.006,0.6517,unconfirmed,
11780,24,Malunggay,25.29,25.0,0.29,0.012,0.6357,unconfirmed,
11804,24,Malunggay,25.67,25.0,0.67,0.027,0.5952,confirmed,Forest Zone
11900,24,Malunggay,26.26,25.0,1.26,0.05,0.5323,confirmed,Forest Zone
11901,24,Malunggay,25.88,25.0,0.88,0.035,0.5728,confirmed,Forest Zone
11906,24,Malunggay,25.01,25.0,0.01,0.0,0.6656,confirmed,Forest Zone
11917,24,Malunggay,25.55,25.0,0.55,0.022,0.608,confirmed,Forest Zone
11945,24,Malunggay,25.02,25.0,0.02,0.001,0.5607,confirmed,Forest Zone
12000,24,Malunggay,25.23,25.0,0.23,0.009,0.6421,unconfirmed,
12002,24,Malunggay,25.51,25.0,0.51,0.02,0.6123,unconfirmed,
12045,24,Malunggay,25.25,25.0,0.25,0.01,0.64,confirmed,Forest Zone
12145,24,Malunggay,25.32,25.0,0.32,0.013,0.6325,unconfirmed,
12349,24,Malunggay,25.83,25.0,0.83,0.033,0.5781,confirmed,Forest Zone
12362,24,Malunggay,25.51,25.0,0.51,0.02,0.6123,unconfirmed,
12387,24,Malunggay,26.32,25.0,1.32,0.053,0.5259,confirmed,Forest Zone
12390,24,Malunggay,25.01,25.0,0.01,0.0,0.6656,confirmed,Forest Zone
12398,24,Malunggay,26.26,25.0,1.26,0.05,0.5323,confirmed,Forest Zone
12447,24,Malunggay,25.25,25.0,0.25,0.01,0.64,confirmed,Forest Zone
12451,24,Malunggay,26.31,25.0,1.31,0.052,0.5269,confirmed,Forest Zone
12466,24,Malunggay,26.03,25.0,1.03,0.041,0.5568,confirmed,Forest Zone
12467,24,Malunggay,25.51,25.0,0.51,0.02,0.6123,confirmed,Forest Zone
12470,24,Malunggay,25.63,25.0,0.63,0.025,0.5995,unconfirmed,
12517,24,Malunggay,26.41,25.0,1.41,0.056,0.5163,confirmed,Forest Zone
12518,24,Malunggay,26.51,25.0,1.51,0.06,0.5056,confirmed,Forest Zone
12555,24,Malunggay,25.14,25.0,0.14,0.006,0.6517,unconfirmed,
12557,24,Malunggay,25.14,25.0,0.14,0.006,0.6517,confirmed,Forest Zone
12560,24,Malunggay,25.14,25.0,0.14,0.006,0.6517,confirmed,Forest Zone
12580,24,Malunggay,25.72,25.0,0.72,0.029,0.5899,unconfirmed,
12627,24,Malunggay,26.42,25.0,1.42,0.057,0.5152,confirmed,Forest Zone
12807,24,Malunggay,26.01,25.0,1.01,0.04,0.5589,unconfirmed,
12824,24,Malunggay,25.14,25.0,0.14,0.006,0.6517,confirmed,Forest Zone
12842,24,Malunggay,26.44,25.0,1.44,0.058,0.5131,confirmed,Forest Zone
12850,24,Malunggay,26.11,25.0,1.11,0.044,0.5483,confirmed,Forest Zone
12895,24,Malunggay,26.55,25.0,1.55,0.062,0.5013,confirmed,Forest Zone
12897,24,Malunggay,25.78,25.0,0.78,0.031,0.5835,confirmed,Forest Zone
12923,24,Malunggay,25.51,25.0,0.51,0.02,0.6123,unconfirmed,
12962,24,Malunggay,26.52,25.0,1.52,0.061,0.5045,confirmed,Forest Zone
13001,24,Malunggay,25.14,25.0,0.14,0.006,0.6517,confirmed,Forest Zone
13028,24,Malunggay,26.19,25.0,1.19,0.048,0.5397,unconfirmed,
13140,24,Malunggay,25.71,25.0,0.71,0.028,0.5909,unconfirmed,
13162,24,Malunggay,25.1,25.0,0.1,0.004,0.656,unconfirmed,
13253,24,Malunggay,25.01,25.0,0.01,0.0,0.6656,unconfirmed,
13356,24,Malunggay,25.07,25.0,0.07,0.003,0.6592,unconfirmed,
13364,24,Malunggay,25.14,25.0,0.14,0.006,0.6517,unconfirmed,
13365,24,Malunggay,25.13,25.0,0.13,0.005,0.6528,unconfirmed,
13561,24,Malunggay,25.05,25.0,0.05,0.002,0.6613,confirmed,Forest Zone
13563,24,Malunggay,25.68,25.0,0.68,0.027,0.5941,unconfirmed,
13683,24,Malunggay,26.44,25.0,1.44,0.058,0.5131,unconfirmed,
13730,24,Malunggay,26.33,25.0,1.33,0.053,0.5248,confirmed,Forest Zone
13793,24,Malunggay,25.12,25.0,0.12,0.005,0.6539,unconfirmed,
13812,24,Malunggay,25.96,25.0,0.96,0.038,0.5643,unconfirmed,
13823,24,Malunggay,25.08,25.0,0.08,0.003,0.6581,unconfirmed,
13932,24,Malunggay,26.52,25.0,1.52,0.061,0.5045,unconfirmed,
13954,24,Malunggay,25.53,25.0,0.53,0.021,0.6101,confirmed,Forest Zone
13997,24,Malunggay,26.33,25.0,1.33,0.053,0.5248,unconfirmed,
14000,24,Malunggay,25.19,25.0,0.19,0.008,0.6464,unconfirmed,
14009,24,Malunggay,25.32,25.0,0.32,0.013,0.6325,unconfirmed,
14017,24,Malunggay,26.01,25.0,1.01,0.04,0.5589,unconfirmed,
14033,24,Malunggay,26.48,25.0,1.48,0.059,0.5088,unconfirmed,
14047,24,Malunggay,25.53,25.0,0.53,0.021,0.6101,unconfirmed,
14055,24,Malunggay,26.3,25.0,1.3,0.052,0.528,confirmed,Forest Zone
14136,24,Malunggay,25.16,25.0,0.16,0.006,0.6496,unconfirmed,
14144,24,Malunggay,25.06,25.0,0.06,0.002,0.6603,unconfirmed,
14172,24,Malunggay,25.12,25.0,0.12,0.005,0.6539,confirmed,Forest Zone
14217,24,Malunggay,25.79,25.0,0.79,0.032,0.5824,unconfirmed,
14248,24,Malunggay,26.4,25.0,1.4,0.056,0.5173,unconfirmed,
14262,24,Malunggay,26.18,25.0,1.18,0.047,0.5408,unconfirmed,
14274,24,Malunggay,26.42,25.0,1.42,0.057,0.5152,unconfirmed,
14275,24,Malunggay,25.28,25.0,0.28,0.011,0.6368,unconfirmed,
14377,24,Malunggay,25.82,25.0,0.82,0.033,0.5792,unconfirmed,
14395,24,Malunggay,25.13,25.0,0.13,0.005,0.6528,confirmed,Forest Zone
14449,24,Malunggay,26.02,25.0,1.02,0.041,0.5579,unconfirmed,
14450,24,Malunggay,26.09,25.0,1.09,0.044,0.5504,unconfirmed,
14896,24,Malunggay,26.24,25.0,1.24,0.05,0.5344,unconfirmed,
14993,24,Malunggay,26.4,25.0,1.4,0.056,0.5173,unconfirmed,
14995,24,Malunggay,25.01,25.0,0.01,0.0,0.6656,unconfirmed,
15229,24,Malunggay,25.51,25.0,0.51,0.02,0.6123,unconfirmed,
15326,24,Malunggay,25.91,25.0,0.91,0.036,0.5696,unconfirmed,
15338,24,Malunggay,26.1,25.0,1.1,0.044,0.5493,unconfirmed,
15340,24,Malunggay,26.18,25.0,1.18,0.047,0.5408,unconfirmed,
15437,24,Malunggay,26.48,25.0,1.48,0.059,0.5088,unconfirmed,
15660,24,Malunggay,25.76,25.0,0.76,0.03,0.5856,unconfirmed,
15777,24,Malunggay,25.83,25.0,0.83,0.033,0.5781,unconfirmed,
15989,24,Malunggay,25.51,25.0,0.51,0.02,0.6123,unconfirmed,
16327,24,Malunggay,25.33,25.0,0.33,0.013,0.6315,unconfirmed,
16441,24,Malunggay,25.76,25.0,0.76,0.03,0.5856,unconfirmed,
16545,24,Malunggay,25.05,25.0,0.05,0.002,0.6613,unconfirmed,
3420,25,Star Apple,25.09,25.0,0.09,0.004,0.5544,confirmed,High Density Residential - Mixed Use Zone
3543,25,Star Apple,25.51,25.0,0.51,0.02,0.5166,confirmed,High Density Residential - Mixed Use Zone
3975,25,Star Apple,25.17,25.0,0.17,0.007,0.5472,confirmed,High Density Residential - Mixed Use Zone
3985,25,Star Apple,25.63,25.0,0.63,0.025,0.5058,confirmed,High Density Residential - Mixed Use Zone
4067,25,Star Apple,25.59,25.0,0.59,0.024,0.5094,confirmed,Medium Density Residential Zone
4290,25,Star Apple,25.48,25.0,0.48,0.019,0.5193,confirmed,Medium Density Residential Zone
4296,25,Star Apple,25.34,25.0,0.34,0.014,0.5319,confirmed,Forest Zone
4312,25,Star Apple,25.01,25.0,0.01,0.0,0.5616,confirmed,Medium Density Residential Zone
4428,25,Star Apple,25.13,25.0,0.13,0.005,0.5508,confirmed,Socialized Housing Zone
4627,25,Star Apple,25.32,25.0,0.32,0.013,0.5337,confirmed,Forest Zone
4714,25,Star Apple,25.53,25.0,0.53,0.021,0.5148,confirmed,Forest Zone
4744,25,Star Apple,25.51,25.0,0.51,0.02,0.5166,confirmed,Medium Density Residential Zone
4821,25,Star Apple,25.54,25.0,0.54,0.022,0.5139,confirmed,Forest Zone
4843,25,Star Apple,25.12,25.0,0.12,0.005,0.5517,confirmed,Medium Density Residential Zone
4966,25,Star Apple,25.37,25.0,0.37,0.015,0.5292,confirmed,Forest Zone
5039,25,Star Apple,25.07,25.0,0.07,0.003,0.5562,confirmed,Forest Zone
5049,25,Star Apple,25.32,25.0,0.32,0.013,0.5337,confirmed,Forest Zone
5145,25,Star Apple,25.01,25.0,0.01,0.0,0.5616,confirmed,Forest Zone
5279,25,Star Apple,25.17,25.0,0.17,0.007,0.5472,confirmed,Forest Zone
5514,25,Star Apple,25.51,25.0,0.51,0.02,0.5166,confirmed,Medium Density Residential Zone
5856,25,Star Apple,25.13,25.0,0.13,0.005,0.5508,confirmed,Forest Zone
5964,25,Star Apple,25.02,25.0,0.02,0.001,0.5607,confirmed,Forest Zone
5966,25,Star Apple,25.5,25.0,0.5,0.02,0.5175,confirmed,Forest Zone
5979,25,Star Apple,25.14,25.0,0.14,0.006,0.5499,confirmed,Forest Zone
6051,25,Star Apple,25.29,25.0,0.29,0.012,0.5364,confirmed,Forest Zone
6174,25,Star Apple,25.25,25.0,0.25,0.01,0.54,confirmed,Forest Zone
6192,25,Star Apple,25.5,25.0,0.5,0.02,0.5175,confirmed,Forest Zone
6264,25,Star Apple,25.65,25.0,0.65,0.026,0.504,confirmed,Forest Zone
6275,25,Star Apple,25.63,25.0,0.63,0.025,0.5058,confirmed,Forest Zone
6295,25,Star Apple,25.02,25.0,0.02,0.001,0.5607,confirmed,Forest Zone
6298,25,Star Apple,25.64,25.0,0.64,0.026,0.5049,confirmed,Forest Zone
6509,25,Star Apple,25.17,25.0,0.17,0.007,0.5472,confirmed,Forest Zone
6595,25,Star Apple,25.41,25.0,0.41,0.016,0.5256,confirmed,Forest Zone
6597,25,Star Apple,25.08,25.0,0.08,0.003,0.5553,confirmed,Forest Zone
6639,25,Star Apple,25.12,25.0,0.12,0.005,0.5517,confirmed,Forest Zone
6705,25,Star Apple,25.33,25.0,0.33,0.013,0.5328,confirmed,Forest Zone
6707,25,Star Apple,25.56,25.0,0.56,0.022,0.5121,confirmed,Forest Zone
6716,25,Star Apple,25.06,25.0,0.06,0.002,0.5571,confirmed,Forest Zone
6721,25,Star Apple,25.1,25.0,0.1,0.004,0.5535,confirmed,Special Reserved Zone
6830,25,Star Apple,25.33,25.0,0.33,0.013,0.5328,confirmed,Special Reserved Zone
6838,25,Star Apple,25.62,25.0,0.62,0.025,0.5067,confirmed,High Density Residential - Mixed Use Zone
6862,25,Star Apple,25.05,25.0,0.05,0.002,0.558,confirmed,Forest Zone
6913,25,Star Apple,25.25,25.0,0.25,0.01,0.64,confirmed,Forest Zone
6920,25,Star Apple,25.63,25.0,0.63,0.025,0.5058,confirmed,Forest Zone
7040,25,Star Apple,25.51,25.0,0.51,0.02,0.5166,confirmed,Forest Zone
7080,25,Star Apple,25.24,25.0,0.24,0.01,0.5409,confirmed,Forest Zone
7163,25,Star Apple,25.26,25.0,0.26,0.01,0.5391,confirmed,Special Reserved Zone
7374,25,Star Apple,25.18,25.0,0.18,0.007,0.5463,confirmed,Forest Zone
7375,25,Star Apple,25.51,25.0,0.51,0.02,0.5166,confirmed,Forest Zone
7416,25,Star Apple,25.25,25.0,0.25,0.01,0.54,confirmed,Forest Zone
7941,25,Star Apple,25.59,25.0,0.59,0.024,0.5094,confirmed,Forest Zone
8020,25,Star Apple,25.02,25.0,0.02,0.001,0.6645,confirmed,Forest Zone
8036,25,Star Apple,25.68,25.0,0.68,0.027,0.5013,confirmed,Forest Zone
8173,25,Star Apple,25.5,25.0,0.5,0.02,0.5175,confirmed,Forest Zone
8459,25,Star Apple,26.19,25.0,1.19,0.048,0.5397,confirmed,Forest Zone
8497,25,Star Apple,25.01,25.0,0.01,0.0,0.5616,confirmed,Forest Zone
8682,25,Star Apple,26.55,25.0,1.55,0.062,0.5013,confirmed,Forest Zone
8693,25,Star Apple,25.01,25.0,0.01,0.0,0.6656,confirmed,Forest Zone
8792,25,Star Apple,25.14,25.0,0.14,0.006,0.6517,confirmed,Forest Zone
8900,25,Star Apple,25.01,25.0,0.01,0.0,0.6656,confirmed,Forest Zone
8908,25,Star Apple,26.01,25.0,1.01,0.04,0.5589,confirmed,Forest Zone
8940,25,Star Apple,25.57,25.0,0.57,0.023,0.5112,confirmed,Forest Zone
8967,25,Star Apple,25.63,25.0,0.63,0.025,0.5058,confirmed,Forest Zone
9021,25,Star Apple,25.1,25.0,0.1,0.004,0.656,confirmed,Forest Zone
9366,25,Star Apple,26.11,25.0,1.11,0.044,0.5483,confirmed,Forest Zone
9565,25,Star Apple,25.51,25.0,0.51,0.02,0.6123,confirmed,Forest Zone
9579,25,Star Apple,25.2,25.0,0.2,0.008,0.6453,confirmed,Forest Zone
9700,25,Star Apple,25.13,25.0,0.13,0.005,0.6528,confirmed,Forest Zone
9940,25,Star Apple,25.63,25.0,0.63,0.025,0.5058,confirmed,Forest Zone
10021,25,Star Apple,26.44,25.0,1.44,0.058,0.5131,confirmed,Forest Zone
10022,25,Star Apple,26.0,25.0,1.0,0.04,0.56,confirmed,Forest Zone
10028,25,Star Apple,25.24,25.0,0.24,0.01,0.6411,confirmed,Forest Zone
10146,25,Star Apple,25.83,25.0,0.83,0.033,0.5781,confirmed,Forest Zone
10150,25,Star Apple,26.26,25.0,1.26,0.05,0.5323,confirmed,Forest Zone
10156,25,Star Apple,25.14,25.0,0.14,0.006,0.5499,confirmed,Forest Zone
10263,25,Star Apple,25.32,25.0,0.32,0.013,0.6325,confirmed,Forest Zone
10292,25,Star Apple,25.59,25.0,0.59,0.024,0.5094,confirmed,Forest Zone
10293,25,Star Apple,25.47,25.0,0.47,0.019,0.5202,confirmed,Forest Zone
10348,25,Star Apple,25.68,25.0,0.68,0.027,0.5941,confirmed,Forest Zone
10364,25,Star Apple,26.31,25.0,1.31,0.052,0.5269,confirmed,Forest Zone
10452,25,Star Apple,26.43,25.0,1.43,0.057,0.5141,confirmed,Forest Zone
10454,25,Star Apple,26.26,25.0,1.26,0.05,0.5323,confirmed,Forest Zone
10493,25,Star Apple,25.24,25.0,0.24,0.01,0.5409,confirmed,Institutional Research Zone
10562,25,Star Apple,25.65,25.0,0.65,0.026,0.5973,confirmed,Forest Zone
10565,25,Star Apple,25.53,25.0,0.53,0.021,0.6101,confirmed,Forest Zone
10572,25,Star Apple,25.61,25.0,0.61,0.024,0.6016,confirmed,Forest Zone
10586,25,Star Apple,25.84,25.0,0.84,0.034,0.5771,confirmed,Forest Zone
10609,25,Star Apple,25.13,25.0,0.13,0.005,0.5508,confirmed,Institutional Research Zone
10688,25,Star Apple,26.41,25.0,1.41,0.056,0.5163,confirmed,Forest Zone
10692,25,Star Apple,25.97,25.0,0.97,0.039,0.5632,confirmed,Forest Zone
10705,25,Star Apple,26.41,25.0,1.41,0.056,0.5163,confirmed,Forest Zone
10784,25,Star Apple,25.36,25.0,0.36,0.014,0.6283,confirmed,Forest Zone
10785,25,Star Apple,26.18,25.0,1.18,0.047,0.5408,confirmed,Forest Zone
10803,25,Star Apple,25.01,25.0,0.01,0.0,0.6656,confirmed,Forest Zone
10847,25,Star Apple,25.03,25.0,0.03,0.001,0.5598,confirmed,Forest Zone
10916,25,Star Apple,26.24,25.0,1.24,0.05,0.5344,confirmed,Forest Zone
10927,25,Star Apple,26.42,25.0,1.42,0.057,0.5152,confirmed,Forest Zone
10943,25,Star Apple,25.31,25.0,0.31,0.012,0.5346,confirmed,Institutional Research Zone
11120,25,Star Apple,26.06,25.0,1.06,0.042,0.5536,confirmed,Forest Zone
11161,25,Star Apple,26.09,25.0,1.09,0.044,0.5504,confirmed,Forest Zone
11167,25,Star Apple,25.36,25.0,0.36,0.014,0.5301,confirmed,Forest Zone
11174,25,Star Apple,25.41,25.0,0.41,0.016,0.5256,confirmed,Forest Zone
11182,25,Star Apple,25.59,25.0,0.59,0.024,0.5094,confirmed,Forest Zone
11224,25,Star Apple,25.96,25.0,0.96,0.038,0.5643,unconfirmed,
11228,25,Star Apple,25.91,25.0,0.91,0.036,0.5696,confirmed,Forest Zone
11243,25,Star Apple,26.55,25.0,1.55,0.062,0.5013,confirmed,Forest Zone
11293,25,Star Apple,25.25,25.0,0.25,0.01,0.54,confirmed,Forest Zone
11355,25,Star Apple,25.51,25.0,0.51,0.02,0.6123,confirmed,Forest Zone
11572,25,Star Apple,25.64,25.0,0.64,0.026,0.5984,confirmed,Forest Zone
11577,25,Star Apple,25.51,25.0,0.51,0.02,0.6123,confirmed,Forest Zone
11598,25,Star Apple,25.18,25.0,0.18,0.007,0.6475,confirmed,Forest Zone
11689,25,Star Apple,25.51,25.0,0.51,0.02,0.6123,confirmed,Forest Zone
11779,25,Star Apple,25.14,25.0,0.14,0.006,0.6517,unconfirmed,
11780,25,Star Apple,25.29,25.0,0.29,0.012,0.6357,unconfirmed,
11804,25,Star Apple,25.67,25.0,0.67,0.027,0.5952,confirmed,Forest Zone
11900,25,Star Apple,26.26,25.0,1.26,0.05,0.5323,confirmed,Forest Zone
11901,25,Star Apple,25.88,25.0,0.88,0.035,0.5728,confirmed,Forest Zone
11906,25,Star Apple,25.01,25.0,0.01,0.0,0.6656,confirmed,Forest Zone
11917,25,Star Apple,25.55,25.0,0.55,0.022,0.608,confirmed,Forest Zone
11945,25,Star Apple,25.02,25.0,0.02,0.001,0.5607,confirmed,Forest Zone
12000,25,Star Apple,25.23,25.0,0.23,0.009,0.6421,unconfirmed,
12002,25,Star Apple,25.51,25.0,0.51,0.02,0.6123,unconfirmed,
12045,25,Star Apple,25.25,25.0,0.25,0.01,0.64,confirmed,Forest Zone
12145,25,Star Apple,25.32,25.0,0.32,0.013,0.6325,unconfirmed,
12349,25,Star Apple,25.83,25.0,0.83,0.033,0.5781,confirmed,Forest Zone
12362,25,Star Apple,25.51,25.0,0.51,0.02,0.6123,unconfirmed,
12387,25,Star Apple,26.32,25.0,1.32,0.053,0.5259,confirmed,Forest Zone
12390,25,Star Apple,25.01,25.0,0.01,0.0,0.6656,confirmed,Forest Zone
12398,25,Star Apple,26.26,25.0,1.26,0.05,0.5323,confirmed,Forest Zone
12447,25,Star Apple,25.25,25.0,0.25,0.01,0.64,confirmed,Forest Zone
12451,25,Star Apple,26.31,25.0,1.31,0.052,0.5269,confirmed,Forest Zone
12466,25,Star Apple,26.03,25.0,1.03,0.041,0.5568,confirmed,Forest Zone
12467,25,Star Apple,25.51,25.0,0.51,0.02,0.6123,confirmed,Forest Zone
12470,25,Star Apple,25.63,25.0,0.63,0.025,0.5995,unconfirmed,
12517,25,Star Apple,26.41,25.0,1.41,0.056,0.5163,confirmed,Forest Zone
12518,25,Star Apple,26.51,25.0,1.51,0.06,0.5056,confirmed,Forest Zone
12555,25,Star Apple,25.14,25.0,0.14,0.006,0.6517,unconfirmed,
12557,25,Star Apple,25.14,25.0,0.14,0.006,0.6517,confirmed,Forest Zone
12560,25,Star Apple,25.14,25.0,0.14,0.006,0.6517,confirmed,Forest Zone
12580,25,Star Apple,25.72,25.0,0.72,0.029,0.5899,unconfirmed,
12627,25,Star Apple,26.42,25.0,1.42,0.057,0.5152,confirmed,Forest Zone
12807,25,Star Apple,26.01,25.0,1.01,0.04,0.5589,unconfirmed,
12824,25,Star Apple,25.14,25.0,0.14,0.006,0.6517,confirmed,Forest Zone
12842,25,Star Apple,26.44,25.0,1.44,0.058,0.5131,confirmed,Forest Zone
12850,25,Star Apple,26.11,25.0,1.11,0.044,0.5483,confirmed,Forest Zone
12895,25,Star Apple,26.55,25.0,1.55,0.062,0.5013,confirmed,Forest Zone
12897,25,Star Apple,25.78,25.0,0.78,0.031,0.5835,confirmed,Forest Zone
12923,25,Star Apple,25.51,25.0,0.51,0.02,0.6123,unconfirmed,
12962,25,Star Apple,26.52,25.0,1.52,0.061,0.5045,confirmed,Forest Zone
13001,25,Star Apple,25.14,25.0,0.14,0.006,0.6517,confirmed,Forest Zone
13028,25,Star Apple,26.19,25.0,1.19,0.048,0.5397,unconfirmed,
13140,25,Star Apple,25.71,25.0,0.71,0.028,0.5909,unconfirmed,
13162,25,Star Apple,25.1,25.0,0.1,0.004,0.656,unconfirmed,
13253,25,Star Apple,25.01,25.0,0.01,0.0,0.6656,unconfirmed,
13356,25,Star Apple,25.07,25.0,0.07,0.003,0.6592,unconfirmed,
13364,25,Star Apple,25.14,25.0,0.14,0.006,0.6517,unconfirmed,
13365,25,Star Apple,25.13,25.0,0.13,0.005,0.6528,unconfirmed,
13561,25,Star Apple,25.05,25.0,0.05,0.002,0.6613,confirmed,Forest Zone
13563,25,Star Apple,25.68,25.0,0.68,0.027,0.5941,unconfirmed,
13683,25,Star Apple,26.44,25.0,1.44,0.058,0.5131,unconfirmed,
13730,25,Star Apple,26.33,25.0,1.33,0.053,0.5248,confirmed,Forest Zone
13793,25,Star Apple,25.12,25.0,0.12,0.005,0.6539,unconfirmed,
13812,25,Star Apple,25.96,25.0,0.96,0.038,0.5643,unconfirmed,
13823,25,Star Apple,25.08,25.0,0.08,0.003,0.6581,unconfirmed,
13932,25,Star Apple,26.52,25.0,1.52,0.061,0.5045,unconfirmed,
13954,25,Star Apple,25.53,25.0,0.53,0.021,0.6101,confirmed,Forest Zone
13997,25,Star Apple,26.33,25.0,1.33,0.053,0.5248,unconfirmed,
14000,25,Star Apple,25.19,25.0,0.19,0.008,0.6464,unconfirmed,
14009,25,Star Apple,25.32,25.0,0.32,0.013,0.6325,unconfirmed,
14017,25,Star Apple,26.01,25.0,1.01,0.04,0.5589,unconfirmed,
14033,25,Star Apple,26.48,25.0,1.48,0.059,0.5088,unconfirmed,
14047,25,Star Apple,25.53,25.0,0.53,0.021,0.6101,unconfirmed,
14055,25,Star Apple,26.3,25.0,1.3,0.052,0.528,confirmed,Forest Zone
14136,25,Star Apple,25.16,25.0,0.16,0.006,0.6496,unconfirmed,
14144,25,Star Apple,25.06,25.0,0.06,0.002,0.6603,unconfirmed,
14172,25,Star Apple,25.12,25.0,0.12,0.005,0.6539,confirmed,Forest Zone
14217,25,Star Apple,25.79,25.0,0.79,0.032,0.5824,unconfirmed,
14248,25,Star Apple,26.4,25.0,1.4,0.056,0.5173,unconfirmed,
14262,25,Star Apple,26.18,25.0,1.18,0.047,0.5408,unconfirmed,
14274,25,Star Apple,26.42,25.0,1.42,0.057,0.5152,unconfirmed,
14275,25,Star Apple,25.28,25.0,0.28,0.011,0.6368,unconfirmed,
14377,25,Star Apple,25.82,25.0,0.82,0.033,0.5792,unconfirmed,
14395,25,Star Apple,25.13,25.0,0.13,0.005,0.6528,confirmed,Forest Zone
14449,25,Star Apple,26.02,25.0,1.02,0.041,0.5579,unconfirmed,
14450,25,Star Apple,26.09,25.0,1.09,0.044,0.5504,unconfirmed,
14896,25,Star Apple,26.24,25.0,1.24,0.05,0.5344,unconfirmed,
14993,25,Star Apple,26.4,25.0,1.4,0.056,0.5173,unconfirmed,
14995,25,Star Apple,25.01,25.0,0.01,0.0,0.6656,unconfirmed,
15229,25,Star Apple,25.51,25.0,0.51,0.02,0.6123,unconfirmed,
15326,25,Star Apple,25.91,25.0,0.91,0.036,0.5696,unconfirmed,
15338,25,Star Apple,26.1,25.0,1.1,0.044,0.5493,unconfirmed,
15340,25,Star Apple,26.18,25.0,1.18,0.047,0.5408,unconfirmed,
15437,25,Star Apple,26.48,25.0,1.48,0.059,0.5088,unconfirmed,
15660,25,Star Apple,25.76,25.0,0.76,0.03,0.5856,unconfirmed,
15777,25,Star Apple,25.83,25.0,0.83,0.033,0.5781,unconfirmed,
15989,25,Star Apple,25.51,25.0,0.51,0.02,0.6123,unconfirmed,
16327,25,Star Apple,25.33,25.0,0.33,0.013,0.6315,unconfirmed,
16441,25,Star Apple,25.76,25.0,0.76,0.03,0.5856,unconfirmed,
16545,25,Star Apple,25.05,25.0,0.05,0.002,0.6613,unconfirmed,
3420,26,Banana - Saba,25.09,25.0,0.09,0.004,0.5544,confirmed,High Density Residential - Mixed Use Zone
3543,26,Banana - Saba,25.51,25.0,0.51,0.02,0.5166,confirmed,High Density Residential - Mixed Use Zone
3975,26,Banana - Saba,25.17,25.0,0.17,0.007,0.5472,confirmed,High Density Residential - Mixed Use Zone
3985,26,Banana - Saba,25.63,25.0,0.63,0.025,0.5058,confirmed,High Density Residential - Mixed Use Zone
4067,26,Banana - Saba,25.59,25.0,0.59,0.024,0.5094,confirmed,Medium Density Residential Zone
4290,26,Banana - Saba,25.48,25.0,0.48,0.019,0.5193,confirmed,Medium Density Residential Zone
4296,26,Banana - Saba,25.34,25.0,0.34,0.014,0.5319,confirmed,Forest Zone
4312,26,Banana - Saba,25.01,25.0,0.01,0.0,0.5616,confirmed,Medium Density Residential Zone
4428,26,Banana - Saba,25.13,25.0,0.13,0.005,0.5508,confirmed,Socialized Housing Zone
4627,26,Banana - Saba,25.32,25.0,0.32,0.013,0.5337,confirmed,Forest Zone
4714,26,Banana - Saba,25.53,25.0,0.53,0.021,0.5148,confirmed,Forest Zone
4744,26,Banana - Saba,25.51,25.0,0.51,0.02,0.5166,confirmed,Medium Density Residential Zone
4821,26,Banana - Saba,25.54,25.0,0.54,0.022,0.5139,confirmed,Forest Zone
4843,26,Banana - Saba,25.12,25.0,0.12,0.005,0.5517,confirmed,Medium Density Residential Zone
4966,26,Banana - Saba,25.37,25.0,0.37,0.015,0.5292,confirmed,Forest Zone
5039,26,Banana - Saba,25.07,25.0,0.07,0.003,0.5562,confirmed,Forest Zone
5049,26,Banana - Saba,25.32,25.0,0.32,0.013,0.5337,confirmed,Forest Zone
5145,26,Banana - Saba,25.01,25.0,0.01,0.0,0.5616,confirmed,Forest Zone
5279,26,Banana - Saba,25.17,25.0,0.17,0.007,0.5472,confirmed,Forest Zone
5514,26,Banana - Saba,25.51,25.0,0.51,0.02,0.5166,confirmed,Medium Density Residential Zone
5856,26,Banana - Saba,25.13,25.0,0.13,0.005,0.5508,confirmed,Forest Zone
5964,26,Banana - Saba,25.02,25.0,0.02,0.001,0.5607,confirmed,Forest Zone
5966,26,Banana - Saba,25.5,25.0,0.5,0.02,0.5175,confirmed,Forest Zone
5979,26,Banana - Saba,25.14,25.0,0.14,0.006,0.5499,confirmed,Forest Zone
6051,26,Banana - Saba,25.29,25.0,0.29,0.012,0.5364,confirmed,Forest Zone
6174,26,Banana - Saba,25.25,25.0,0.25,0.01,0.54,confirmed,Forest Zone
6192,26,Banana - Saba,25.5,25.0,0.5,0.02,0.5175,confirmed,Forest Zone
6264,26,Banana - Saba,25.65,25.0,0.65,0.026,0.504,confirmed,Forest Zone
6275,26,Banana - Saba,25.63,25.0,0.63,0.025,0.5058,confirmed,Forest Zone
6295,26,Banana - Saba,25.02,25.0,0.02,0.001,0.5607,confirmed,Forest Zone
6298,26,Banana - Saba,25.64,25.0,0.64,0.026,0.5049,confirmed,Forest Zone
6509,26,Banana - Saba,25.17,25.0,0.17,0.007,0.5472,confirmed,Forest Zone
6595,26,Banana - Saba,25.41,25.0,0.41,0.016,0.5256,confirmed,Forest Zone
6597,26,Banana - Saba,25.08,25.0,0.08,0.003,0.5553,confirmed,Forest Zone
6639,26,Banana - Saba,25.12,25.0,0.12,0.005,0.5517,confirmed,Forest Zone
6705,26,Banana - Saba,25.33,25.0,0.33,0.013,0.5328,confirmed,Forest Zone
6707,26,Banana - Saba,25.56,25.0,0.56,0.022,0.5121,confirmed,Forest Zone
6716,26,Banana - Saba,25.06,25.0,0.06,0.002,0.5571,confirmed,Forest Zone
6721,26,Banana - Saba,25.1,25.0,0.1,0.004,0.5535,confirmed,Special Reserved Zone
6830,26,Banana - Saba,25.33,25.0,0.33,0.013,0.5328,confirmed,Special Reserved Zone
6838,26,Banana - Saba,25.62,25.0,0.62,0.025,0.5067,confirmed,High Density Residential - Mixed Use Zone
6862,26,Banana - Saba,25.05,25.0,0.05,0.002,0.558,confirmed,Forest Zone
6913,26,Banana - Saba,25.25,25.0,0.25,0.01,0.64,confirmed,Forest Zone
6920,26,Banana - Saba,25.63,25.0,0.63,0.025,0.5058,confirmed,Forest Zone
7040,26,Banana - Saba,25.51,25.0,0.51,0.02,0.5166,confirmed,Forest Zone
7080,26,Banana - Saba,25.24,25.0,0.24,0.01,0.5409,confirmed,Forest Zone
7163,26,Banana - Saba,25.26,25.0,0.26,0.01,0.5391,confirmed,Special Reserved Zone
7374,26,Banana - Saba,25.18,25.0,0.18,0.007,0.5463,confirmed,Forest Zone
7375,26,Banana - Saba,25.51,25.0,0.51,0.02,0.5166,confirmed,Forest Zone
7416,26,Banana - Saba,25.25,25.0,0.25,0.01,0.54,confirmed,Forest Zone
7941,26,Banana - Saba,25.59,25.0,0.59,0.024,0.5094,confirmed,Forest Zone
8020,26,Banana - Saba,25.02,25.0,0.02,0.001,0.6645,confirmed,Forest Zone
8036,26,Banana - Saba,25.68,25.0,0.68,0.027,0.5013,confirmed,Forest Zone
8173,26,Banana - Saba,25.5,25.0,0.5,0.02,0.5175,confirmed,Forest Zone
8459,26,Banana - Saba,26.19,25.0,1.19,0.048,0.5397,confirmed,Forest Zone
8497,26,Banana - Saba,25.01,25.0,0.01,0.0,0.5616,confirmed,Forest Zone
8682,26,Banana - Saba,26.55,25.0,1.55,0.062,0.5013,confirmed,Forest Zone
8693,26,Banana - Saba,25.01,25.0,0.01,0.0,0.6656,confirmed,Forest Zone
8792,26,Banana - Saba,25.14,25.0,0.14,0.006,0.6517,confirmed,Forest Zone
8900,26,Banana - Saba,25.01,25.0,0.01,0.0,0.6656,confirmed,Forest Zone
8908,26,Banana - Saba,26.01,25.0,1.01,0.04,0.5589,confirmed,Forest Zone
8940,26,Banana - Saba,25.57,25.0,0.57,0.023,0.5112,confirmed,Forest Zone
8967,26,Banana - Saba,25.63,25.0,0.63,0.025,0.5058,confirmed,Forest Zone
9021,26,Banana - Saba,25.1,25.0,0.1,0.004,0.656,confirmed,Forest Zone
9366,26,Banana - Saba,26.11,25.0,1.11,0.044,0.5483,confirmed,Forest Zone
9565,26,Banana - Saba,25.51,25.0,0.51,0.02,0.6123,confirmed,Forest Zone
9579,26,Banana - Saba,25.2,25.0,0.2,0.008,0.6453,confirmed,Forest Zone
9700,26,Banana - Saba,25.13,25.0,0.13,0.005,0.6528,confirmed,Forest Zone
9940,26,Banana - Saba,25.63,25.0,0.63,0.025,0.5058,confirmed,Forest Zone
10021,26,Banana - Saba,26.44,25.0,1.44,0.058,0.5131,confirmed,Forest Zone
10022,26,Banana - Saba,26.0,25.0,1.0,0.04,0.56,confirmed,Forest Zone
10028,26,Banana - Saba,25.24,25.0,0.24,0.01,0.6411,confirmed,Forest Zone
10146,26,Banana - Saba,25.83,25.0,0.83,0.033,0.5781,confirmed,Forest Zone
10150,26,Banana - Saba,26.26,25.0,1.26,0.05,0.5323,confirmed,Forest Zone
10156,26,Banana - Saba,25.14,25.0,0.14,0.006,0.5499,confirmed,Forest Zone
10263,26,Banana - Saba,25.32,25.0,0.32,0.013,0.6325,confirmed,Forest Zone
10292,26,Banana - Saba,25.59,25.0,0.59,0.024,0.5094,confirmed,Forest Zone
10293,26,Banana - Saba,25.47,25.0,0.47,0.019,0.5202,confirmed,Forest Zone
10348,26,Banana - Saba,25.68,25.0,0.68,0.027,0.5941,confirmed,Forest Zone
10364,26,Banana - Saba,26.31,25.0,1.31,0.052,0.5269,confirmed,Forest Zone
10452,26,Banana - Saba,26.43,25.0,1.43,0.057,0.5141,confirmed,Forest Zone
10454,26,Banana - Saba,26.26,25.0,1.26,0.05,0.5323,confirmed,Forest Zone
10493,26,Banana - Saba,25.24,25.0,0.24,0.01,0.5409,confirmed,Institutional Research Zone
10562,26,Banana - Saba,25.65,25.0,0.65,0.026,0.5973,confirmed,Forest Zone
10565,26,Banana - Saba,25.53,25.0,0.53,0.021,0.6101,confirmed,Forest Zone
10572,26,Banana - Saba,25.61,25.0,0.61,0.024,0.6016,confirmed,Forest Zone
10586,26,Banana - Saba,25.84,25.0,0.84,0.034,0.5771,confirmed,Forest Zone
10609,26,Banana - Saba,25.13,25.0,0.13,0.005,0.5508,confirmed,Institutional Research Zone
10688,26,Banana - Saba,26.41,25.0,1.41,0.056,0.5163,confirmed,Forest Zone
10692,26,Banana - Saba,25.97,25.0,0.97,0.039,0.5632,confirmed,Forest Zone
10705,26,Banana - Saba,26.41,25.0,1.41,0.056,0.5163,confirmed,Forest Zone
10784,26,Banana - Saba,25.36,25.0,0.36,0.014,0.6283,confirmed,Forest Zone
10785,26,Banana - Saba,26.18,25.0,1.18,0.047,0.5408,confirmed,Forest Zone
10803,26,Banana - Saba,25.01,25.0,0.01,0.0,0.6656,confirmed,Forest Zone
10847,26,Banana - Saba,25.03,25.0,0.03,0.001,0.5598,confirmed,Forest Zone
10916,26,Banana - Saba,26.24,25.0,1.24,0.05,0.5344,confirmed,Forest Zone
10927,26,Banana - Saba,26.42,25.0,1.42,0.057,0.5152,confirmed,Forest Zone
10943,26,Banana - Saba,25.31,25.0,0.31,0.012,0.5346,confirmed,Institutional Research Zone
11120,26,Banana - Saba,26.06,25.0,1.06,0.042,0.5536,confirmed,Forest Zone
11161,26,Banana - Saba,26.09,25.0,1.09,0.044,0.5504,confirmed,Forest Zone
11167,26,Banana - Saba,25.36,25.0,0.36,0.014,0.5301,confirmed,Forest Zone
11174,26,Banana - Saba,25.41,25.0,0.41,0.016,0.5256,confirmed,Forest Zone
11182,26,Banana - Saba,25.59,25.0,0.59,0.024,0.5094,confirmed,Forest Zone
11224,26,Banana - Saba,25.96,25.0,0.96,0.038,0.5643,unconfirmed,
11228,26,Banana - Saba,25.91,25.0,0.91,0.036,0.5696,confirmed,Forest Zone
11243,26,Banana - Saba,26.55,25.0,1.55,0.062,0.5013,confirmed,Forest Zone
11293,26,Banana - Saba,25.25,25.0,0.25,0.01,0.54,confirmed,Forest Zone
11355,26,Banana - Saba,25.51,25.0,0.51,0.02,0.6123,confirmed,Forest Zone
11572,26,Banana - Saba,25.64,25.0,0.64,0.026,0.5984,confirmed,Forest Zone
11577,26,Banana - Saba,25.51,25.0,0.51,0.02,0.6123,confirmed,Forest Zone
11598,26,Banana - Saba,25.18,25.0,0.18,0.007,0.6475,confirmed,Forest Zone
11689,26,Banana - Saba,25.51,25.0,0.51,0.02,0.6123,confirmed,Forest Zone
11779,26,Banana - Saba,25.14,25.0,0.14,0.006,0.6517,unconfirmed,
11780,26,Banana - Saba,25.29,25.0,0.29,0.012,0.6357,unconfirmed,
11804,26,Banana - Saba,25.67,25.0,0.67,0.027,0.5952,confirmed,Forest Zone
11900,26,Banana - Saba,26.26,25.0,1.26,0.05,0.5323,confirmed,Forest Zone
11901,26,Banana - Saba,25.88,25.0,0.88,0.035,0.5728,confirmed,Forest Zone
11906,26,Banana - Saba,25.01,25.0,0.01,0.0,0.6656,confirmed,Forest Zone
11917,26,Banana - Saba,25.55,25.0,0.55,0.022,0.608,confirmed,Forest Zone
11945,26,Banana - Saba,25.02,25.0,0.02,0.001,0.5607,confirmed,Forest Zone
12000,26,Banana - Saba,25.23,25.0,0.23,0.009,0.6421,unconfirmed,
12002,26,Banana - Saba,25.51,25.0,0.51,0.02,0.6123,unconfirmed,
12045,26,Banana - Saba,25.25,25.0,0.25,0.01,0.64,confirmed,Forest Zone
12145,26,Banana - Saba,25.32,25.0,0.32,0.013,0.6325,unconfirmed,
12349,26,Banana - Saba,25.83,25.0,0.83,0.033,0.5781,confirmed,Forest Zone
12362,26,Banana - Saba,25.51,25.0,0.51,0.02,0.6123,unconfirmed,
12387,26,Banana - Saba,26.32,25.0,1.32,0.053,0.5259,confirmed,Forest Zone
12390,26,Banana - Saba,25.01,25.0,0.01,0.0,0.6656,confirmed,Forest Zone
12398,26,Banana - Saba,26.26,25.0,1.26,0.05,0.5323,confirmed,Forest Zone
12447,26,Banana - Saba,25.25,25.0,0.25,0.01,0.64,confirmed,Forest Zone
12451,26,Banana - Saba,26.31,25.0,1.31,0.052,0.5269,confirmed,Forest Zone
12466,26,Banana - Saba,26.03,25.0,1.03,0.041,0.5568,confirmed,Forest Zone
12467,26,Banana - Saba,25.51,25.0,0.51,0.02,0.6123,confirmed,Forest Zone
12470,26,Banana - Saba,25.63,25.0,0.63,0.025,0.5995,unconfirmed,
12517,26,Banana - Saba,26.41,25.0,1.41,0.056,0.5163,confirmed,Forest Zone
12518,26,Banana - Saba,26.51,25.0,1.51,0.06,0.5056,confirmed,Forest Zone
12555,26,Banana - Saba,25.14,25.0,0.14,0.006,0.6517,unconfirmed,
12557,26,Banana - Saba,25.14,25.0,0.14,0.006,0.6517,confirmed,Forest Zone
12560,26,Banana - Saba,25.14,25.0,0.14,0.006,0.6517,confirmed,Forest Zone
12580,26,Banana - Saba,25.72,25.0,0.72,0.029,0.5899,unconfirmed,
12627,26,Banana - Saba,26.42,25.0,1.42,0.057,0.5152,confirmed,Forest Zone
12807,26,Banana - Saba,26.01,25.0,1.01,0.04,0.5589,unconfirmed,
12824,26,Banana - Saba,25.14,25.0,0.14,0.006,0.6517,confirmed,Forest Zone
12842,26,Banana - Saba,26.44,25.0,1.44,0.058,0.5131,confirmed,Forest Zone
12850,26,Banana - Saba,26.11,25.0,1.11,0.044,0.5483,confirmed,Forest Zone
12895,26,Banana - Saba,26.55,25.0,1.55,0.062,0.5013,confirmed,Forest Zone
12897,26,Banana - Saba,25.78,25.0,0.78,0.031,0.5835,confirmed,Forest Zone
12923,26,Banana - Saba,25.51,25.0,0.51,0.02,0.6123,unconfirmed,
12962,26,Banana - Saba,26.52,25.0,1.52,0.061,0.5045,confirmed,Forest Zone
13001,26,Banana - Saba,25.14,25.0,0.14,0.006,0.6517,confirmed,Forest Zone
13028,26,Banana - Saba,26.19,25.0,1.19,0.048,0.5397,unconfirmed,
13140,26,Banana - Saba,25.71,25.0,0.71,0.028,0.5909,unconfirmed,
13162,26,Banana - Saba,25.1,25.0,0.1,0.004,0.656,unconfirmed,
13253,26,Banana - Saba,25.01,25.0,0.01,0.0,0.6656,unconfirmed,
13356,26,Banana - Saba,25.07,25.0,0.07,0.003,0.6592,unconfirmed,
13364,26,Banana - Saba,25.14,25.0,0.14,0.006,0.6517,unconfirmed,
13365,26,Banana - Saba,25.13,25.0,0.13,0.005,0.6528,unconfirmed,
13561,26,Banana - Saba,25.05,25.0,0.05,0.002,0.6613,confirmed,Forest Zone
13563,26,Banana - Saba,25.68,25.0,0.68,0.027,0.5941,unconfirmed,
13683,26,Banana - Saba,26.44,25.0,1.44,0.058,0.5131,unconfirmed,
13730,26,Banana - Saba,26.33,25.0,1.33,0.053,0.5248,confirmed,Forest Zone
13793,26,Banana - Saba,25.12,25.0,0.12,0.005,0.6539,unconfirmed,
13812,26,Banana - Saba,25.96,25.0,0.96,0.038,0.5643,unconfirmed,
13823,26,Banana - Saba,25.08,25.0,0.08,0.003,0.6581,unconfirmed,
13932,26,Banana - Saba,26.52,25.0,1.52,0.061,0.5045,unconfirmed,
13954,26,Banana - Saba,25.53,25.0,0.53,0.021,0.6101,confirmed,Forest Zone
13997,26,Banana - Saba,26.33,25.0,1.33,0.053,0.5248,unconfirmed,
14000,26,Banana - Saba,25.19,25.0,0.19,0.008,0.6464,unconfirmed,
14009,26,Banana - Saba,25.32,25.0,0.32,0.013,0.6325,unconfirmed,
14017,26,Banana - Saba,26.01,25.0,1.01,0.04,0.5589,unconfirmed,
14033,26,Banana - Saba,26.48,25.0,1.48,0.059,0.5088,unconfirmed,
14047,26,Banana - Saba,25.53,25.0,0.53,0.021,0.6101,unconfirmed,
14055,26,Banana - Saba,26.3,25.0,1.3,0.052,0.528,confirmed,Forest Zone
14136,26,Banana - Saba,25.16,25.0,0.16,0.006,0.6496,unconfirmed,
14144,26,Banana - Saba,25.06,25.0,0.06,0.002,0.6603,unconfirmed,
14172,26,Banana - Saba,25.12,25.0,0.12,0.005,0.6539,confirmed,Forest Zone
14217,26,Banana - Saba,25.79,25.0,0.79,0.032,0.5824,unconfirmed,
14248,26,Banana - Saba,26.4,25.0,1.4,0.056,0.5173,unconfirmed,
14262,26,Banana - Saba,26.18,25.0,1.18,0.047,0.5408,unconfirmed,
14274,26,Banana - Saba,26.42,25.0,1.42,0.057,0.5152,unconfirmed,
14275,26,Banana - Saba,25.28,25.0,0.28,0.011,0.6368,unconfirmed,
14377,26,Banana - Saba,25.82,25.0,0.82,0.033,0.5792,unconfirmed,
14395,26,Banana - Saba,25.13,25.0,0.13,0.005,0.6528,confirmed,Forest Zone
14449,26,Banana - Saba,26.02,25.0,1.02,0.041,0.5579,unconfirmed,
14450,26,Banana - Saba,26.09,25.0,1.09,0.044,0.5504,unconfirmed,
14896,26,Banana - Saba,26.24,25.0,1.24,0.05,0.5344,unconfirmed,
14993,26,Banana - Saba,26.4,25.0,1.4,0.056,0.5173,unconfirmed,
14995,26,Banana - Saba,25.01,25.0,0.01,0.0,0.6656,unconfirmed,
15229,26,Banana - Saba,25.51,25.0,0.51,0.02,0.6123,unconfirmed,
15326,26,Banana - Saba,25.91,25.0,0.91,0.036,0.5696,unconfirmed,
15338,26,Banana - Saba,26.1,25.0,1.1,0.044,0.5493,unconfirmed,
15340,26,Banana - Saba,26.18,25.0,1.18,0.047,0.5408,unconfirmed,
15437,26,Banana - Saba,26.48,25.0,1.48,0.059,0.5088,unconfirmed,
15660,26,Banana - Saba,25.76,25.0,0.76,0.03,0.5856,unconfirmed,
15777,26,Banana - Saba,25.83,25.0,0.83,0.033,0.5781,unconfirmed,
15989,26,Banana - Saba,25.51,25.0,0.51,0.02,0.6123,unconfirmed,
16327,26,Banana - Saba,25.33,25.0,0.33,0.013,0.6315,unconfirmed,
16441,26,Banana - Saba,25.76,25.0,0.76,0.03,0.5856,unconfirmed,
16545,26,Banana - Saba,25.05,25.0,0.05,0.002,0.6613,unconfirmed,
3420,27,Banana - Latundan,25.09,25.0,0.09,0.004,0.5544,confirmed,High Density Residential - Mixed Use Zone
3543,27,Banana - Latundan,25.51,25.0,0.51,0.02,0.5166,confirmed,High Density Residential - Mixed Use Zone
3975,27,Banana - Latundan,25.17,25.0,0.17,0.007,0.5472,confirmed,High Density Residential - Mixed Use Zone
3985,27,Banana - Latundan,25.63,25.0,0.63,0.025,0.5058,confirmed,High Density Residential - Mixed Use Zone
4067,27,Banana - Latundan,25.59,25.0,0.59,0.024,0.5094,confirmed,Medium Density Residential Zone
4290,27,Banana - Latundan,25.48,25.0,0.48,0.019,0.5193,confirmed,Medium Density Residential Zone
4296,27,Banana - Latundan,25.34,25.0,0.34,0.014,0.5319,confirmed,Forest Zone
4312,27,Banana - Latundan,25.01,25.0,0.01,0.0,0.5616,confirmed,Medium Density Residential Zone
4428,27,Banana - Latundan,25.13,25.0,0.13,0.005,0.5508,confirmed,Socialized Housing Zone
4627,27,Banana - Latundan,25.32,25.0,0.32,0.013,0.5337,confirmed,Forest Zone
4714,27,Banana - Latundan,25.53,25.0,0.53,0.021,0.5148,confirmed,Forest Zone
4744,27,Banana - Latundan,25.51,25.0,0.51,0.02,0.5166,confirmed,Medium Density Residential Zone
4821,27,Banana - Latundan,25.54,25.0,0.54,0.022,0.5139,confirmed,Forest Zone
4843,27,Banana - Latundan,25.12,25.0,0.12,0.005,0.5517,confirmed,Medium Density Residential Zone
4966,27,Banana - Latundan,25.37,25.0,0.37,0.015,0.5292,confirmed,Forest Zone
5039,27,Banana - Latundan,25.07,25.0,0.07,0.003,0.5562,confirmed,Forest Zone
5049,27,Banana - Latundan,25.32,25.0,0.32,0.013,0.5337,confirmed,Forest Zone
5145,27,Banana - Latundan,25.01,25.0,0.01,0.0,0.5616,confirmed,Forest Zone
5279,27,Banana - Latundan,25.17,25.0,0.17,0.007,0.5472,confirmed,Forest Zone
5514,27,Banana - Latundan,25.51,25.0,0.51,0.02,0.5166,confirmed,Medium Density Residential Zone
5856,27,Banana - Latundan,25.13,25.0,0.13,0.005,0.5508,confirmed,Forest Zone
5964,27,Banana - Latundan,25.02,25.0,0.02,0.001,0.5607,confirmed,Forest Zone
5966,27,Banana - Latundan,25.5,25.0,0.5,0.02,0.5175,confirmed,Forest Zone
5979,27,Banana - Latundan,25.14,25.0,0.14,0.006,0.5499,confirmed,Forest Zone
6051,27,Banana - Latundan,25.29,25.0,0.29,0.012,0.5364,confirmed,Forest Zone
6174,27,Banana - Latundan,25.25,25.0,0.25,0.01,0.54,confirmed,Forest Zone
6192,27,Banana - Latundan,25.5,25.0,0.5,0.02,0.5175,confirmed,Forest Zone
6264,27,Banana - Latundan,25.65,25.0,0.65,0.026,0.504,confirmed,Forest Zone
6275,27,Banana - Latundan,25.63,25.0,0.63,0.025,0.5058,confirmed,Forest Zone
6295,27,Banana - Latundan,25.02,25.0,0.02,0.001,0.5607,confirmed,Forest Zone
6298,27,Banana - Latundan,25.64,25.0,0.64,0.026,0.5049,confirmed,Forest Zone
6509,27,Banana - Latundan,25.17,25.0,0.17,0.007,0.5472,confirmed,Forest Zone
6595,27,Banana - Latundan,25.41,25.0,0.41,0.016,0.5256,confirmed,Forest Zone
6597,27,Banana - Latundan,25.08,25.0,0.08,0.003,0.5553,confirmed,Forest Zone
6639,27,Banana - Latundan,25.12,25.0,0.12,0.005,0.5517,confirmed,Forest Zone
6705,27,Banana - Latundan,25.33,25.0,0.33,0.013,0.5328,confirmed,Forest Zone
6707,27,Banana - Latundan,25.56,25.0,0.56,0.022,0.5121,confirmed,Forest Zone
6716,27,Banana - Latundan,25.06,25.0,0.06,0.002,0.5571,confirmed,Forest Zone
6721,27,Banana - Latundan,25.1,25.0,0.1,0.004,0.5535,confirmed,Special Reserved Zone
6830,27,Banana - Latundan,25.33,25.0,0.33,0.013,0.5328,confirmed,Special Reserved Zone
6838,27,Banana - Latundan,25.62,25.0,0.62,0.025,0.5067,confirmed,High Density Residential - Mixed Use Zone
6862,27,Banana - Latundan,25.05,25.0,0.05,0.002,0.558,confirmed,Forest Zone
6913,27,Banana - Latundan,25.25,25.0,0.25,0.01,0.64,confirmed,Forest Zone
6920,27,Banana - Latundan,25.63,25.0,0.63,0.025,0.5058,confirmed,Forest Zone
7040,27,Banana - Latundan,25.51,25.0,0.51,0.02,0.5166,confirmed,Forest Zone
7080,27,Banana - Latundan,25.24,25.0,0.24,0.01,0.5409,confirmed,Forest Zone
7163,27,Banana - Latundan,25.26,25.0,0.26,0.01,0.5391,confirmed,Special Reserved Zone
7374,27,Banana - Latundan,25.18,25.0,0.18,0.007,0.5463,confirmed,Forest Zone
7375,27,Banana - Latundan,25.51,25.0,0.51,0.02,0.5166,confirmed,Forest Zone
7416,27,Banana - Latundan,25.25,25.0,0.25,0.01,0.54,confirmed,Forest Zone
7941,27,Banana - Latundan,25.59,25.0,0.59,0.024,0.5094,confirmed,Forest Zone
8020,27,Banana - Latundan,25.02,25.0,0.02,0.001,0.6645,confirmed,Forest Zone
8036,27,Banana - Latundan,25.68,25.0,0.68,0.027,0.5013,confirmed,Forest Zone
8173,27,Banana - Latundan,25.5,25.0,0.5,0.02,0.5175,confirmed,Forest Zone
8459,27,Banana - Latundan,26.19,25.0,1.19,0.048,0.5397,confirmed,Forest Zone
8497,27,Banana - Latundan,25.01,25.0,0.01,0.0,0.5616,confirmed,Forest Zone
8682,27,Banana - Latundan,26.55,25.0,1.55,0.062,0.5013,confirmed,Forest Zone
8693,27,Banana - Latundan,25.01,25.0,0.01,0.0,0.6656,confirmed,Forest Zone
8792,27,Banana - Latundan,25.14,25.0,0.14,0.006,0.6517,confirmed,Forest Zone
8900,27,Banana - Latundan,25.01,25.0,0.01,0.0,0.6656,confirmed,Forest Zone
8908,27,Banana - Latundan,26.01,25.0,1.01,0.04,0.5589,confirmed,Forest Zone
8940,27,Banana - Latundan,25.57,25.0,0.57,0.023,0.5112,confirmed,Forest Zone
8967,27,Banana - Latundan,25.63,25.0,0.63,0.025,0.5058,confirmed,Forest Zone
9021,27,Banana - Latundan,25.1,25.0,0.1,0.004,0.656,confirmed,Forest Zone
9366,27,Banana - Latundan,26.11,25.0,1.11,0.044,0.5483,confirmed,Forest Zone
9565,27,Banana - Latundan,25.51,25.0,0.51,0.02,0.6123,confirmed,Forest Zone
9579,27,Banana - Latundan,25.2,25.0,0.2,0.008,0.6453,confirmed,Forest Zone
9700,27,Banana - Latundan,25.13,25.0,0.13,0.005,0.6528,confirmed,Forest Zone
9940,27,Banana - Latundan,25.63,25.0,0.63,0.025,0.5058,confirmed,Forest Zone
10021,27,Banana - Latundan,26.44,25.0,1.44,0.058,0.5131,confirmed,Forest Zone
10022,27,Banana - Latundan,26.0,25.0,1.0,0.04,0.56,confirmed,Forest Zone
10028,27,Banana - Latundan,25.24,25.0,0.24,0.01,0.6411,confirmed,Forest Zone
10146,27,Banana - Latundan,25.83,25.0,0.83,0.033,0.5781,confirmed,Forest Zone
10150,27,Banana - Latundan,26.26,25.0,1.26,0.05,0.5323,confirmed,Forest Zone
10156,27,Banana - Latundan,25.14,25.0,0.14,0.006,0.5499,confirmed,Forest Zone
10263,27,Banana - Latundan,25.32,25.0,0.32,0.013,0.6325,confirmed,Forest Zone
10292,27,Banana - Latundan,25.59,25.0,0.59,0.024,0.5094,confirmed,Forest Zone
10293,27,Banana - Latundan,25.47,25.0,0.47,0.019,0.5202,confirmed,Forest Zone
10348,27,Banana - Latundan,25.68,25.0,0.68,0.027,0.5941,confirmed,Forest Zone
10364,27,Banana - Latundan,26.31,25.0,1.31,0.052,0.5269,confirmed,Forest Zone
10452,27,Banana - Latundan,26.43,25.0,1.43,0.057,0.5141,confirmed,Forest Zone
10454,27,Banana - Latundan,26.26,25.0,1.26,0.05,0.5323,confirmed,Forest Zone
10493,27,Banana - Latundan,25.24,25.0,0.24,0.01,0.5409,confirmed,Institutional Research Zone
10562,27,Banana - Latundan,25.65,25.0,0.65,0.026,0.5973,confirmed,Forest Zone
10565,27,Banana - Latundan,25.53,25.0,0.53,0.021,0.6101,confirmed,Forest Zone
10572,27,Banana - Latundan,25.61,25.0,0.61,0.024,0.6016,confirmed,Forest Zone
10586,27,Banana - Latundan,25.84,25.0,0.84,0.034,0.5771,confirmed,Forest Zone
10609,27,Banana - Latundan,25.13,25.0,0.13,0.005,0.5508,confirmed,Institutional Research Zone
10688,27,Banana - Latundan,26.41,25.0,1.41,0.056,0.5163,confirmed,Forest Zone
10692,27,Banana - Latundan,25.97,25.0,0.97,0.039,0.5632,confirmed,Forest Zone
10705,27,Banana - Latundan,26.41,25.0,1.41,0.056,0.5163,confirmed,Forest Zone
10784,27,Banana - Latundan,25.36,25.0,0.36,0.014,0.6283,confirmed,Forest Zone
10785,27,Banana - Latundan,26.18,25.0,1.18,0.047,0.5408,confirmed,Forest Zone
10803,27,Banana - Latundan,25.01,25.0,0.01,0.0,0.6656,confirmed,Forest Zone
10847,27,Banana - Latundan,25.03,25.0,0.03,0.001,0.5598,confirmed,Forest Zone
10916,27,Banana - Latundan,26.24,25.0,1.24,0.05,0.5344,confirmed,Forest Zone
10927,27,Banana - Latundan,26.42,25.0,1.42,0.057,0.5152,confirmed,Forest Zone
10943,27,Banana - Latundan,25.31,25.0,0.31,0.012,0.5346,confirmed,Institutional Research Zone
11120,27,Banana - Latundan,26.06,25.0,1.06,0.042,0.5536,confirmed,Forest Zone
11161,27,Banana - Latundan,26.09,25.0,1.09,0.044,0.5504,confirmed,Forest Zone
11167,27,Banana - Latundan,25.36,25.0,0.36,0.014,0.5301,confirmed,Forest Zone
11174,27,Banana - Latundan,25.41,25.0,0.41,0.016,0.5256,confirmed,Forest Zone
11182,27,Banana - Latundan,25.59,25.0,0.59,0.024,0.5094,confirmed,Forest Zone
11224,27,Banana - Latundan,25.96,25.0,0.96,0.038,0.5643,unconfirmed,
11228,27,Banana - Latundan,25.91,25.0,0.91,0.036,0.5696,confirmed,Forest Zone
11243,27,Banana - Latundan,26.55,25.0,1.55,0.062,0.5013,confirmed,Forest Zone
11293,27,Banana - Latundan,25.25,25.0,0.25,0.01,0.54,confirmed,Forest Zone
11355,27,Banana - Latundan,25.51,25.0,0.51,0.02,0.6123,confirmed,Forest Zone
11572,27,Banana - Latundan,25.64,25.0,0.64,0.026,0.5984,confirmed,Forest Zone
11577,27,Banana - Latundan,25.51,25.0,0.51,0.02,0.6123,confirmed,Forest Zone
11598,27,Banana - Latundan,25.18,25.0,0.18,0.007,0.6475,confirmed,Forest Zone
11689,27,Banana - Latundan,25.51,25.0,0.51,0.02,0.6123,confirmed,Forest Zone
11779,27,Banana - Latundan,25.14,25.0,0.14,0.006,0.6517,unconfirmed,
11780,27,Banana - Latundan,25.29,25.0,0.29,0.012,0.6357,unconfirmed,
11804,27,Banana - Latundan,25.67,25.0,0.67,0.027,0.5952,confirmed,Forest Zone
11900,27,Banana - Latundan,26.26,25.0,1.26,0.05,0.5323,confirmed,Forest Zone
11901,27,Banana - Latundan,25.88,25.0,0.88,0.035,0.5728,confirmed,Forest Zone
11906,27,Banana - Latundan,25.01,25.0,0.01,0.0,0.6656,confirmed,Forest Zone
11917,27,Banana - Latundan,25.55,25.0,0.55,0.022,0.608,confirmed,Forest Zone
11945,27,Banana - Latundan,25.02,25.0,0.02,0.001,0.5607,confirmed,Forest Zone
12000,27,Banana - Latundan,25.23,25.0,0.23,0.009,0.6421,unconfirmed,
12002,27,Banana - Latundan,25.51,25.0,0.51,0.02,0.6123,unconfirmed,
12045,27,Banana - Latundan,25.25,25.0,0.25,0.01,0.64,confirmed,Forest Zone
12145,27,Banana - Latundan,25.32,25.0,0.32,0.013,0.6325,unconfirmed,
12349,27,Banana - Latundan,25.83,25.0,0.83,0.033,0.5781,confirmed,Forest Zone
12362,27,Banana - Latundan,25.51,25.0,0.51,0.02,0.6123,unconfirmed,
12387,27,Banana - Latundan,26.32,25.0,1.32,0.053,0.5259,confirmed,Forest Zone
12390,27,Banana - Latundan,25.01,25.0,0.01,0.0,0.6656,confirmed,Forest Zone
12398,27,Banana - Latundan,26.26,25.0,1.26,0.05,0.5323,confirmed,Forest Zone
12447,27,Banana - Latundan,25.25,25.0,0.25,0.01,0.64,confirmed,Forest Zone
12451,27,Banana - Latundan,26.31,25.0,1.31,0.052,0.5269,confirmed,Forest Zone
12466,27,Banana - Latundan,26.03,25.0,1.03,0.041,0.5568,confirmed,Forest Zone
12467,27,Banana - Latundan,25.51,25.0,0.51,0.02,0.6123,confirmed,Forest Zone
12470,27,Banana - Latundan,25.63,25.0,0.63,0.025,0.5995,unconfirmed,
12517,27,Banana - Latundan,26.41,25.0,1.41,0.056,0.5163,confirmed,Forest Zone
12518,27,Banana - Latundan,26.51,25.0,1.51,0.06,0.5056,confirmed,Forest Zone
12555,27,Banana - Latundan,25.14,25.0,0.14,0.006,0.6517,unconfirmed,
12557,27,Banana - Latundan,25.14,25.0,0.14,0.006,0.6517,confirmed,Forest Zone
12560,27,Banana - Latundan,25.14,25.0,0.14,0.006,0.6517,confirmed,Forest Zone
12580,27,Banana - Latundan,25.72,25.0,0.72,0.029,0.5899,unconfirmed,
12627,27,Banana - Latundan,26.42,25.0,1.42,0.057,0.5152,confirmed,Forest Zone
12807,27,Banana - Latundan,26.01,25.0,1.01,0.04,0.5589,unconfirmed,
12824,27,Banana - Latundan,25.14,25.0,0.14,0.006,0.6517,confirmed,Forest Zone
12842,27,Banana - Latundan,26.44,25.0,1.44,0.058,0.5131,confirmed,Forest Zone
12850,27,Banana - Latundan,26.11,25.0,1.11,0.044,0.5483,confirmed,Forest Zone
12895,27,Banana - Latundan,26.55,25.0,1.55,0.062,0.5013,confirmed,Forest Zone
12897,27,Banana - Latundan,25.78,25.0,0.78,0.031,0.5835,confirmed,Forest Zone
12923,27,Banana - Latundan,25.51,25.0,0.51,0.02,0.6123,unconfirmed,
12962,27,Banana - Latundan,26.52,25.0,1.52,0.061,0.5045,confirmed,Forest Zone
13001,27,Banana - Latundan,25.14,25.0,0.14,0.006,0.6517,confirmed,Forest Zone
13028,27,Banana - Latundan,26.19,25.0,1.19,0.048,0.5397,unconfirmed,
13140,27,Banana - Latundan,25.71,25.0,0.71,0.028,0.5909,unconfirmed,
13162,27,Banana - Latundan,25.1,25.0,0.1,0.004,0.656,unconfirmed,
13253,27,Banana - Latundan,25.01,25.0,0.01,0.0,0.6656,unconfirmed,
13356,27,Banana - Latundan,25.07,25.0,0.07,0.003,0.6592,unconfirmed,
13364,27,Banana - Latundan,25.14,25.0,0.14,0.006,0.6517,unconfirmed,
13365,27,Banana - Latundan,25.13,25.0,0.13,0.005,0.6528,unconfirmed,
13561,27,Banana - Latundan,25.05,25.0,0.05,0.002,0.6613,confirmed,Forest Zone
13563,27,Banana - Latundan,25.68,25.0,0.68,0.027,0.5941,unconfirmed,
13683,27,Banana - Latundan,26.44,25.0,1.44,0.058,0.5131,unconfirmed,
13730,27,Banana - Latundan,26.33,25.0,1.33,0.053,0.5248,confirmed,Forest Zone
13793,27,Banana - Latundan,25.12,25.0,0.12,0.005,0.6539,unconfirmed,
13812,27,Banana - Latundan,25.96,25.0,0.96,0.038,0.5643,unconfirmed,
13823,27,Banana - Latundan,25.08,25.0,0.08,0.003,0.6581,unconfirmed,
13932,27,Banana - Latundan,26.52,25.0,1.52,0.061,0.5045,unconfirmed,
13954,27,Banana - Latundan,25.53,25.0,0.53,0.021,0.6101,confirmed,Forest Zone
13997,27,Banana - Latundan,26.33,25.0,1.33,0.053,0.5248,unconfirmed,
14000,27,Banana - Latundan,25.19,25.0,0.19,0.008,0.6464,unconfirmed,
14009,27,Banana - Latundan,25.32,25.0,0.32,0.013,0.6325,unconfirmed,
14017,27,Banana - Latundan,26.01,25.0,1.01,0.04,0.5589,unconfirmed,
14033,27,Banana - Latundan,26.48,25.0,1.48,0.059,0.5088,unconfirmed,
14047,27,Banana - Latundan,25.53,25.0,0.53,0.021,0.6101,unconfirmed,
14055,27,Banana - Latundan,26.3,25.0,1.3,0.052,0.528,confirmed,Forest Zone
14136,27,Banana - Latundan,25.16,25.0,0.16,0.006,0.6496,unconfirmed,
14144,27,Banana - Latundan,25.06,25.0,0.06,0.002,0.6603,unconfirmed,
14172,27,Banana - Latundan,25.12,25.0,0.12,0.005,0.6539,confirmed,Forest Zone
14217,27,Banana - Latundan,25.79,25.0,0.79,0.032,0.5824,unconfirmed,
14248,27,Banana - Latundan,26.4,25.0,1.4,0.056,0.5173,unconfirmed,
14262,27,Banana - Latundan,26.18,25.0,1.18,0.047,0.5408,unconfirmed,
14274,27,Banana - Latundan,26.42,25.0,1.42,0.057,0.5152,unconfirmed,
14275,27,Banana - Latundan,25.28,25.0,0.28,0.011,0.6368,unconfirmed,
14377,27,Banana - Latundan,25.82,25.0,0.82,0.033,0.5792,unconfirmed,
14395,27,Banana - Latundan,25.13,25.0,0.13,0.005,0.6528,confirmed,Forest Zone
14449,27,Banana - Latundan,26.02,25.0,1.02,0.041,0.5579,unconfirmed,
14450,27,Banana - Latundan,26.09,25.0,1.09,0.044,0.5504,unconfirmed,
14896,27,Banana - Latundan,26.24,25.0,1.24,0.05,0.5344,unconfirmed,
14993,27,Banana - Latundan,26.4,25.0,1.4,0.056,0.5173,unconfirmed,
14995,27,Banana - Latundan,25.01,25.0,0.01,0.0,0.6656,unconfirmed,
15229,27,Banana - Latundan,25.51,25.0,0.51,0.02,0.6123,unconfirmed,
15326,27,Banana - Latundan,25.91,25.0,0.91,0.036,0.5696,unconfirmed,
15338,27,Banana - Latundan,26.1,25.0,1.1,0.044,0.5493,unconfirmed,
15340,27,Banana - Latundan,26.18,25.0,1.18,0.047,0.5408,unconfirmed,
15437,27,Banana - Latundan,26.48,25.0,1.48,0.059,0.5088,unconfirmed,
15660,27,Banana - Latundan,25.76,25.0,0.76,0.03,0.5856,unconfirmed,
15777,27,Banana - Latundan,25.83,25.0,0.83,0.033,0.5781,unconfirmed,
15989,27,Banana - Latundan,25.51,25.0,0.51,0.02,0.6123,unconfirmed,
16327,27,Banana - Latundan,25.33,25.0,0.33,0.013,0.6315,unconfirmed,
16441,27,Banana - Latundan,25.76,25.0,0.76,0.03,0.5856,unconfirmed,
16545,27,Banana - Latundan,25.05,25.0,0.05,0.002,0.6613,unconfirmed,
3420,28,Coconut,25.09,25.0,0.09,0.004,0.5544,confirmed,High Density Residential - Mixed Use Zone
3543,28,Coconut,25.51,25.0,0.51,0.02,0.5166,confirmed,High Density Residential - Mixed Use Zone
3975,28,Coconut,25.17,25.0,0.17,0.007,0.5472,confirmed,High Density Residential - Mixed Use Zone
3985,28,Coconut,25.63,25.0,0.63,0.025,0.5058,confirmed,High Density Residential - Mixed Use Zone
4067,28,Coconut,25.59,25.0,0.59,0.024,0.5094,confirmed,Medium Density Residential Zone
4290,28,Coconut,25.48,25.0,0.48,0.019,0.5193,confirmed,Medium Density Residential Zone
4296,28,Coconut,25.34,25.0,0.34,0.014,0.5319,confirmed,Forest Zone
4312,28,Coconut,25.01,25.0,0.01,0.0,0.5616,confirmed,Medium Density Residential Zone
4428,28,Coconut,25.13,25.0,0.13,0.005,0.5508,confirmed,Socialized Housing Zone
4627,28,Coconut,25.32,25.0,0.32,0.013,0.5337,confirmed,Forest Zone
4714,28,Coconut,25.53,25.0,0.53,0.021,0.5148,confirmed,Forest Zone
4744,28,Coconut,25.51,25.0,0.51,0.02,0.5166,confirmed,Medium Density Residential Zone
4821,28,Coconut,25.54,25.0,0.54,0.022,0.5139,confirmed,Forest Zone
4843,28,Coconut,25.12,25.0,0.12,0.005,0.5517,confirmed,Medium Density Residential Zone
4966,28,Coconut,25.37,25.0,0.37,0.015,0.5292,confirmed,Forest Zone
5039,28,Coconut,25.07,25.0,0.07,0.003,0.5562,confirmed,Forest Zone
5049,28,Coconut,25.32,25.0,0.32,0.013,0.5337,confirmed,Forest Zone
5145,28,Coconut,25.01,25.0,0.01,0.0,0.5616,confirmed,Forest Zone
5279,28,Coconut,25.17,25.0,0.17,0.007,0.5472,confirmed,Forest Zone
5514,28,Coconut,25.51,25.0,0.51,0.02,0.5166,confirmed,Medium Density Residential Zone
5856,28,Coconut,25.13,25.0,0.13,0.005,0.5508,confirmed,Forest Zone
5964,28,Coconut,25.02,25.0,0.02,0.001,0.5607,confirmed,Forest Zone
5966,28,Coconut,25.5,25.0,0.5,0.02,0.5175,confirmed,Forest Zone
5979,28,Coconut,25.14,25.0,0.14,0.006,0.5499,confirmed,Forest Zone
6051,28,Coconut,25.29,25.0,0.29,0.012,0.5364,confirmed,Forest Zone
6174,28,Coconut,25.25,25.0,0.25,0.01,0.54,confirmed,Forest Zone
6192,28,Coconut,25.5,25.0,0.5,0.02,0.5175,confirmed,Forest Zone
6264,28,Coconut,25.65,25.0,0.65,0.026,0.504,confirmed,Forest Zone
6275,28,Coconut,25.63,25.0,0.63,0.025,0.5058,confirmed,Forest Zone
6295,28,Coconut,25.02,25.0,0.02,0.001,0.5607,confirmed,Forest Zone
6298,28,Coconut,25.64,25.0,0.64,0.026,0.5049,confirmed,Forest Zone
6509,28,Coconut,25.17,25.0,0.17,0.007,0.5472,confirmed,Forest Zone
6595,28,Coconut,25.41,25.0,0.41,0.016,0.5256,confirmed,Forest Zone
6597,28,Coconut,25.08,25.0,0.08,0.003,0.5553,confirmed,Forest Zone
6639,28,Coconut,25.12,25.0,0.12,0.005,0.5517,confirmed,Forest Zone
6705,28,Coconut,25.33,25.0,0.33,0.013,0.5328,confirmed,Forest Zone
6707,28,Coconut,25.56,25.0,0.56,0.022,0.5121,confirmed,Forest Zone
6716,28,Coconut,25.06,25.0,0.06,0.002,0.5571,confirmed,Forest Zone
6721,28,Coconut,25.1,25.0,0.1,0.004,0.5535,confirmed,Special Reserved Zone
6830,28,Coconut,25.33,25.0,0.33,0.013,0.5328,confirmed,Special Reserved Zone
6838,28,Coconut,25.62,25.0,0.62,0.025,0.5067,confirmed,High Density Residential - Mixed Use Zone
6862,28,Coconut,25.05,25.0,0.05,0.002,0.558,confirmed,Forest Zone
6913,28,Coconut,25.25,25.0,0.25,0.01,0.64,confirmed,Forest Zone
6920,28,Coconut,25.63,25.0,0.63,0.025,0.5058,confirmed,Forest Zone
7040,28,Coconut,25.51,25.0,0.51,0.02,0.5166,confirmed,Forest Zone
7080,28,Coconut,25.24,25.0,0.24,0.01,0.5409,confirmed,Forest Zone
7163,28,Coconut,25.26,25.0,0.26,0.01,0.5391,confirmed,Special Reserved Zone
7374,28,Coconut,25.18,25.0,0.18,0.007,0.5463,confirmed,Forest Zone
7375,28,Coconut,25.51,25.0,0.51,0.02,0.5166,confirmed,Forest Zone
7416,28,Coconut,25.25,25.0,0.25,0.01,0.54,confirmed,Forest Zone
7941,28,Coconut,25.59,25.0,0.59,0.024,0.5094,confirmed,Forest Zone
8020,28,Coconut,25.02,25.0,0.02,0.001,0.6645,confirmed,Forest Zone
8036,28,Coconut,25.68,25.0,0.68,0.027,0.5013,confirmed,Forest Zone
8173,28,Coconut,25.5,25.0,0.5,0.02,0.5175,confirmed,Forest Zone
8459,28,Coconut,26.19,25.0,1.19,0.048,0.5397,confirmed,Forest Zone
8497,28,Coconut,25.01,25.0,0.01,0.0,0.5616,confirmed,Forest Zone
8682,28,Coconut,26.55,25.0,1.55,0.062,0.5013,confirmed,Forest Zone
8693,28,Coconut,25.01,25.0,0.01,0.0,0.6656,confirmed,Forest Zone
8792,28,Coconut,25.14,25.0,0.14,0.006,0.6517,confirmed,Forest Zone
8900,28,Coconut,25.01,25.0,0.01,0.0,0.6656,confirmed,Forest Zone
8908,28,Coconut,26.01,25.0,1.01,0.04,0.5589,confirmed,Forest Zone
8940,28,Coconut,25.57,25.0,0.57,0.023,0.5112,confirmed,Forest Zone
8967,28,Coconut,25.63,25.0,0.63,0.025,0.5058,confirmed,Forest Zone
9021,28,Coconut,25.1,25.0,0.1,0.004,0.656,confirmed,Forest Zone
9366,28,Coconut,26.11,25.0,1.11,0.044,0.5483,confirmed,Forest Zone
9565,28,Coconut,25.51,25.0,0.51,0.02,0.6123,confirmed,Forest Zone
9579,28,Coconut,25.2,25.0,0.2,0.008,0.6453,confirmed,Forest Zone
9700,28,Coconut,25.13,25.0,0.13,0.005,0.6528,confirmed,Forest Zone
9940,28,Coconut,25.63,25.0,0.63,0.025,0.5058,confirmed,Forest Zone
10021,28,Coconut,26.44,25.0,1.44,0.058,0.5131,confirmed,Forest Zone
10022,28,Coconut,26.0,25.0,1.0,0.04,0.56,confirmed,Forest Zone
10028,28,Coconut,25.24,25.0,0.24,0.01,0.6411,confirmed,Forest Zone
10146,28,Coconut,25.83,25.0,0.83,0.033,0.5781,confirmed,Forest Zone
10150,28,Coconut,26.26,25.0,1.26,0.05,0.5323,confirmed,Forest Zone
10156,28,Coconut,25.14,25.0,0.14,0.006,0.5499,confirmed,Forest Zone
10263,28,Coconut,25.32,25.0,0.32,0.013,0.6325,confirmed,Forest Zone
10292,28,Coconut,25.59,25.0,0.59,0.024,0.5094,confirmed,Forest Zone
10293,28,Coconut,25.47,25.0,0.47,0.019,0.5202,confirmed,Forest Zone
10348,28,Coconut,25.68,25.0,0.68,0.027,0.5941,confirmed,Forest Zone
10364,28,Coconut,26.31,25.0,1.31,0.052,0.5269,confirmed,Forest Zone
10452,28,Coconut,26.43,25.0,1.43,0.057,0.5141,confirmed,Forest Zone
10454,28,Coconut,26.26,25.0,1.26,0.05,0.5323,confirmed,Forest Zone
10493,28,Coconut,25.24,25.0,0.24,0.01,0.5409,confirmed,Institutional Research Zone
10562,28,Coconut,25.65,25.0,0.65,0.026,0.5973,confirmed,Forest Zone
10565,28,Coconut,25.53,25.0,0.53,0.021,0.6101,confirmed,Forest Zone
10572,28,Coconut,25.61,25.0,0.61,0.024,0.6016,confirmed,Forest Zone
10586,28,Coconut,25.84,25.0,0.84,0.034,0.5771,confirmed,Forest Zone
10609,28,Coconut,25.13,25.0,0.13,0.005,0.5508,confirmed,Institutional Research Zone
10688,28,Coconut,26.41,25.0,1.41,0.056,0.5163,confirmed,Forest Zone
10692,28,Coconut,25.97,25.0,0.97,0.039,0.5632,confirmed,Forest Zone
10705,28,Coconut,26.41,25.0,1.41,0.056,0.5163,confirmed,Forest Zone
10784,28,Coconut,25.36,25.0,0.36,0.014,0.6283,confirmed,Forest Zone
10785,28,Coconut,26.18,25.0,1.18,0.047,0.5408,confirmed,Forest Zone
10803,28,Coconut,25.01,25.0,0.01,0.0,0.6656,confirmed,Forest Zone
10847,28,Coconut,25.03,25.0,0.03,0.001,0.5598,confirmed,Forest Zone
10916,28,Coconut,26.24,25.0,1.24,0.05,0.5344,confirmed,Forest Zone
10927,28,Coconut,26.42,25.0,1.42,0.057,0.5152,confirmed,Forest Zone
10943,28,Coconut,25.31,25.0,0.31,0.012,0.5346,confirmed,Institutional Research Zone
11120,28,Coconut,26.06,25.0,1.06,0.042,0.5536,confirmed,Forest Zone
11161,28,Coconut,26.09,25.0,1.09,0.044,0.5504,confirmed,Forest Zone
11167,28,Coconut,25.36,25.0,0.36,0.014,0.5301,confirmed,Forest Zone
11174,28,Coconut,25.41,25.0,0.41,0.016,0.5256,confirmed,Forest Zone
11182,28,Coconut,25.59,25.0,0.59,0.024,0.5094,confirmed,Forest Zone
11224,28,Coconut,25.96,25.0,0.96,0.038,0.5643,unconfirmed,
11228,28,Coconut,25.91,25.0,0.91,0.036,0.5696,confirmed,Forest Zone
11243,28,Coconut,26.55,25.0,1.55,0.062,0.5013,confirmed,Forest Zone
11293,28,Coconut,25.25,25.0,0.25,0.01,0.54,confirmed,Forest Zone
11355,28,Coconut,25.51,25.0,0.51,0.02,0.6123,confirmed,Forest Zone
11572,28,Coconut,25.64,25.0,0.64,0.026,0.5984,confirmed,Forest Zone
11577,28,Coconut,25.51,25.0,0.51,0.02,0.6123,confirmed,Forest Zone
11598,28,Coconut,25.18,25.0,0.18,0.007,0.6475,confirmed,Forest Zone
11689,28,Coconut,25.51,25.0,0.51,0.02,0.6123,confirmed,Forest Zone
11779,28,Coconut,25.14,25.0,0.14,0.006,0.6517,unconfirmed,
11780,28,Coconut,25.29,25.0,0.29,0.012,0.6357,unconfirmed,
11804,28,Coconut,25.67,25.0,0.67,0.027,0.5952,confirmed,Forest Zone
11900,28,Coconut,26.26,25.0,1.26,0.05,0.5323,confirmed,Forest Zone
11901,28,Coconut,25.88,25.0,0.88,0.035,0.5728,confirmed,Forest Zone
11906,28,Coconut,25.01,25.0,0.01,0.0,0.6656,confirmed,Forest Zone
11917,28,Coconut,25.55,25.0,0.55,0.022,0.608,confirmed,Forest Zone
11945,28,Coconut,25.02,25.0,0.02,0.001,0.5607,confirmed,Forest Zone
12000,28,Coconut,25.23,25.0,0.23,0.009,0.6421,unconfirmed,
12002,28,Coconut,25.51,25.0,0.51,0.02,0.6123,unconfirmed,
12045,28,Coconut,25.25,25.0,0.25,0.01,0.64,confirmed,Forest Zone
12145,28,Coconut,25.32,25.0,0.32,0.013,0.6325,unconfirmed,
12349,28,Coconut,25.83,25.0,0.83,0.033,0.5781,confirmed,Forest Zone
12362,28,Coconut,25.51,25.0,0.51,0.02,0.6123,unconfirmed,
12387,28,Coconut,26.32,25.0,1.32,0.053,0.5259,confirmed,Forest Zone
12390,28,Coconut,25.01,25.0,0.01,0.0,0.6656,confirmed,Forest Zone
12398,28,Coconut,26.26,25.0,1.26,0.05,0.5323,confirmed,Forest Zone
12447,28,Coconut,25.25,25.0,0.25,0.01,0.64,confirmed,Forest Zone
12451,28,Coconut,26.31,25.0,1.31,0.052,0.5269,confirmed,Forest Zone
12466,28,Coconut,26.03,25.0,1.03,0.041,0.5568,confirmed,Forest Zone
12467,28,Coconut,25.51,25.0,0.51,0.02,0.6123,confirmed,Forest Zone
12470,28,Coconut,25.63,25.0,0.63,0.025,0.5995,unconfirmed,
12517,28,Coconut,26.41,25.0,1.41,0.056,0.5163,confirmed,Forest Zone
12518,28,Coconut,26.51,25.0,1.51,0.06,0.5056,confirmed,Forest Zone
12555,28,Coconut,25.14,25.0,0.14,0.006,0.6517,unconfirmed,
12557,28,Coconut,25.14,25.0,0.14,0.006,0.6517,confirmed,Forest Zone
12560,28,Coconut,25.14,25.0,0.14,0.006,0.6517,confirmed,Forest Zone
12580,28,Coconut,25.72,25.0,0.72,0.029,0.5899,unconfirmed,
12627,28,Coconut,26.42,25.0,1.42,0.057,0.5152,confirmed,Forest Zone
12807,28,Coconut,26.01,25.0,1.01,0.04,0.5589,unconfirmed,
12824,28,Coconut,25.14,25.0,0.14,0.006,0.6517,confirmed,Forest Zone
12842,28,Coconut,26.44,25.0,1.44,0.058,0.5131,confirmed,Forest Zone
12850,28,Coconut,26.11,25.0,1.11,0.044,0.5483,confirmed,Forest Zone
12895,28,Coconut,26.55,25.0,1.55,0.062,0.5013,confirmed,Forest Zone
12897,28,Coconut,25.78,25.0,0.78,0.031,0.5835,confirmed,Forest Zone
12923,28,Coconut,25.51,25.0,0.51,0.02,0.6123,unconfirmed,
12962,28,Coconut,26.52,25.0,1.52,0.061,0.5045,confirmed,Forest Zone
13001,28,Coconut,25.14,25.0,0.14,0.006,0.6517,confirmed,Forest Zone
13028,28,Coconut,26.19,25.0,1.19,0.048,0.5397,unconfirmed,
13140,28,Coconut,25.71,25.0,0.71,0.028,0.5909,unconfirmed,
13162,28,Coconut,25.1,25.0,0.1,0.004,0.656,unconfirmed,
13253,28,Coconut,25.01,25.0,0.01,0.0,0.6656,unconfirmed,
13356,28,Coconut,25.07,25.0,0.07,0.003,0.6592,unconfirmed,
13364,28,Coconut,25.14,25.0,0.14,0.006,0.6517,unconfirmed,
13365,28,Coconut,25.13,25.0,0.13,0.005,0.6528,unconfirmed,
13561,28,Coconut,25.05,25.0,0.05,0.002,0.6613,confirmed,Forest Zone
13563,28,Coconut,25.68,25.0,0.68,0.027,0.5941,unconfirmed,
13683,28,Coconut,26.44,25.0,1.44,0.058,0.5131,unconfirmed,
13730,28,Coconut,26.33,25.0,1.33,0.053,0.5248,confirmed,Forest Zone
13793,28,Coconut,25.12,25.0,0.12,0.005,0.6539,unconfirmed,
13812,28,Coconut,25.96,25.0,0.96,0.038,0.5643,unconfirmed,
13823,28,Coconut,25.08,25.0,0.08,0.003,0.6581,unconfirmed,
13932,28,Coconut,26.52,25.0,1.52,0.061,0.5045,unconfirmed,
13954,28,Coconut,25.53,25.0,0.53,0.021,0.6101,confirmed,Forest Zone
13997,28,Coconut,26.33,25.0,1.33,0.053,0.5248,unconfirmed,
14000,28,Coconut,25.19,25.0,0.19,0.008,0.6464,unconfirmed,
14009,28,Coconut,25.32,25.0,0.32,0.013,0.6325,unconfirmed,
14017,28,Coconut,26.01,25.0,1.01,0.04,0.5589,unconfirmed,
14033,28,Coconut,26.48,25.0,1.48,0.059,0.5088,unconfirmed,
14047,28,Coconut,25.53,25.0,0.53,0.021,0.6101,unconfirmed,
14055,28,Coconut,26.3,25.0,1.3,0.052,0.528,confirmed,Forest Zone
14136,28,Coconut,25.16,25.0,0.16,0.006,0.6496,unconfirmed,
14144,28,Coconut,25.06,25.0,0.06,0.002,0.6603,unconfirmed,
14172,28,Coconut,25.12,25.0,0.12,0.005,0.6539,confirmed,Forest Zone
14217,28,Coconut,25.79,25.0,0.79,0.032,0.5824,unconfirmed,
14248,28,Coconut,26.4,25.0,1.4,0.056,0.5173,unconfirmed,
14262,28,Coconut,26.18,25.0,1.18,0.047,0.5408,unconfirmed,
14274,28,Coconut,26.42,25.0,1.42,0.057,0.5152,unconfirmed,
14275,28,Coconut,25.28,25.0,0.28,0.011,0.6368,unconfirmed,
14377,28,Coconut,25.82,25.0,0.82,0.033,0.5792,unconfirmed,
14395,28,Coconut,25.13,25.0,0.13,0.005,0.6528,confirmed,Forest Zone
14449,28,Coconut,26.02,25.0,1.02,0.041,0.5579,unconfirmed,
14450,28,Coconut,26.09,25.0,1.09,0.044,0.5504,unconfirmed,
14896,28,Coconut,26.24,25.0,1.24,0.05,0.5344,unconfirmed,
14993,28,Coconut,26.4,25.0,1.4,0.056,0.5173,unconfirmed,
14995,28,Coconut,25.01,25.0,0.01,0.0,0.6656,unconfirmed,
15229,28,Coconut,25.51,25.0,0.51,0.02,0.6123,unconfirmed,
15326,28,Coconut,25.91,25.0,0.91,0.036,0.5696,unconfirmed,
15338,28,Coconut,26.1,25.0,1.1,0.044,0.5493,unconfirmed,
15340,28,Coconut,26.18,25.0,1.18,0.047,0.5408,unconfirmed,
15437,28,Coconut,26.48,25.0,1.48,0.059,0.5088,unconfirmed,
15660,28,Coconut,25.76,25.0,0.76,0.03,0.5856,unconfirmed,
15777,28,Coconut,25.83,25.0,0.83,0.033,0.5781,unconfirmed,
15989,28,Coconut,25.51,25.0,0.51,0.02,0.6123,unconfirmed,
16327,28,Coconut,25.33,25.0,0.33,0.013,0.6315,unconfirmed,
16441,28,Coconut,25.76,25.0,0.76,0.03,0.5856,unconfirmed,
16545,28,Coconut,25.05,25.0,0.05,0.002,0.6613,unconfirmed,
3420,29,Calamansi,25.09,25.0,0.09,0.004,0.5544,confirmed,High Density Residential - Mixed Use Zone
3543,29,Calamansi,25.51,25.0,0.51,0.02,0.5166,confirmed,High Density Residential - Mixed Use Zone
3975,29,Calamansi,25.17,25.0,0.17,0.007,0.5472,confirmed,High Density Residential - Mixed Use Zone
3985,29,Calamansi,25.63,25.0,0.63,0.025,0.5058,confirmed,High Density Residential - Mixed Use Zone
4067,29,Calamansi,25.59,25.0,0.59,0.024,0.5094,confirmed,Medium Density Residential Zone
4290,29,Calamansi,25.48,25.0,0.48,0.019,0.5193,confirmed,Medium Density Residential Zone
4296,29,Calamansi,25.34,25.0,0.34,0.014,0.5319,confirmed,Forest Zone
4312,29,Calamansi,25.01,25.0,0.01,0.0,0.5616,confirmed,Medium Density Residential Zone
4428,29,Calamansi,25.13,25.0,0.13,0.005,0.5508,confirmed,Socialized Housing Zone
4627,29,Calamansi,25.32,25.0,0.32,0.013,0.5337,confirmed,Forest Zone
4714,29,Calamansi,25.53,25.0,0.53,0.021,0.5148,confirmed,Forest Zone
4744,29,Calamansi,25.51,25.0,0.51,0.02,0.5166,confirmed,Medium Density Residential Zone
4821,29,Calamansi,25.54,25.0,0.54,0.022,0.5139,confirmed,Forest Zone
4843,29,Calamansi,25.12,25.0,0.12,0.005,0.5517,confirmed,Medium Density Residential Zone
4966,29,Calamansi,25.37,25.0,0.37,0.015,0.5292,confirmed,Forest Zone
5039,29,Calamansi,25.07,25.0,0.07,0.003,0.5562,confirmed,Forest Zone
5049,29,Calamansi,25.32,25.0,0.32,0.013,0.5337,confirmed,Forest Zone
5145,29,Calamansi,25.01,25.0,0.01,0.0,0.5616,confirmed,Forest Zone
5279,29,Calamansi,25.17,25.0,0.17,0.007,0.5472,confirmed,Forest Zone
5514,29,Calamansi,25.51,25.0,0.51,0.02,0.5166,confirmed,Medium Density Residential Zone
5856,29,Calamansi,25.13,25.0,0.13,0.005,0.5508,confirmed,Forest Zone
5964,29,Calamansi,25.02,25.0,0.02,0.001,0.5607,confirmed,Forest Zone
5966,29,Calamansi,25.5,25.0,0.5,0.02,0.5175,confirmed,Forest Zone
5979,29,Calamansi,25.14,25.0,0.14,0.006,0.5499,confirmed,Forest Zone
6051,29,Calamansi,25.29,25.0,0.29,0.012,0.5364,confirmed,Forest Zone
6174,29,Calamansi,25.25,25.0,0.25,0.01,0.54,confirmed,Forest Zone
6192,29,Calamansi,25.5,25.0,0.5,0.02,0.5175,confirmed,Forest Zone
6264,29,Calamansi,25.65,25.0,0.65,0.026,0.504,confirmed,Forest Zone
6275,29,Calamansi,25.63,25.0,0.63,0.025,0.5058,confirmed,Forest Zone
6295,29,Calamansi,25.02,25.0,0.02,0.001,0.5607,confirmed,Forest Zone
6298,29,Calamansi,25.64,25.0,0.64,0.026,0.5049,confirmed,Forest Zone
6509,29,Calamansi,25.17,25.0,0.17,0.007,0.5472,confirmed,Forest Zone
6595,29,Calamansi,25.41,25.0,0.41,0.016,0.5256,confirmed,Forest Zone
6597,29,Calamansi,25.08,25.0,0.08,0.003,0.5553,confirmed,Forest Zone
6639,29,Calamansi,25.12,25.0,0.12,0.005,0.5517,confirmed,Forest Zone
6705,29,Calamansi,25.33,25.0,0.33,0.013,0.5328,confirmed,Forest Zone
6707,29,Calamansi,25.56,25.0,0.56,0.022,0.5121,confirmed,Forest Zone
6716,29,Calamansi,25.06,25.0,0.06,0.002,0.5571,confirmed,Forest Zone
6721,29,Calamansi,25.1,25.0,0.1,0.004,0.5535,confirmed,Special Reserved Zone
6830,29,Calamansi,25.33,25.0,0.33,0.013,0.5328,confirmed,Special Reserved Zone
6838,29,Calamansi,25.62,25.0,0.62,0.025,0.5067,confirmed,High Density Residential - Mixed Use Zone
6862,29,Calamansi,25.05,25.0,0.05,0.002,0.558,confirmed,Forest Zone
6913,29,Calamansi,25.25,25.0,0.25,0.01,0.64,confirmed,Forest Zone
6920,29,Calamansi,25.63,25.0,0.63,0.025,0.5058,confirmed,Forest Zone
7040,29,Calamansi,25.51,25.0,0.51,0.02,0.5166,confirmed,Forest Zone
7080,29,Calamansi,25.24,25.0,0.24,0.01,0.5409,confirmed,Forest Zone
7163,29,Calamansi,25.26,25.0,0.26,0.01,0.5391,confirmed,Special Reserved Zone
7374,29,Calamansi,25.18,25.0,0.18,0.007,0.5463,confirmed,Forest Zone
7375,29,Calamansi,25.51,25.0,0.51,0.02,0.5166,confirmed,Forest Zone
7416,29,Calamansi,25.25,25.0,0.25,0.01,0.54,confirmed,Forest Zone
7941,29,Calamansi,25.59,25.0,0.59,0.024,0.5094,confirmed,Forest Zone
8020,29,Calamansi,25.02,25.0,0.02,0.001,0.6645,confirmed,Forest Zone
8036,29,Calamansi,25.68,25.0,0.68,0.027,0.5013,confirmed,Forest Zone
8173,29,Calamansi,25.5,25.0,0.5,0.02,0.5175,confirmed,Forest Zone
8459,29,Calamansi,26.19,25.0,1.19,0.048,0.5397,confirmed,Forest Zone
8497,29,Calamansi,25.01,25.0,0.01,0.0,0.5616,confirmed,Forest Zone
8682,29,Calamansi,26.55,25.0,1.55,0.062,0.5013,confirmed,Forest Zone
8693,29,Calamansi,25.01,25.0,0.01,0.0,0.6656,confirmed,Forest Zone
8792,29,Calamansi,25.14,25.0,0.14,0.006,0.6517,confirmed,Forest Zone
8900,29,Calamansi,25.01,25.0,0.01,0.0,0.6656,confirmed,Forest Zone
8908,29,Calamansi,26.01,25.0,1.01,0.04,0.5589,confirmed,Forest Zone
8940,29,Calamansi,25.57,25.0,0.57,0.023,0.5112,confirmed,Forest Zone
8967,29,Calamansi,25.63,25.0,0.63,0.025,0.5058,confirmed,Forest Zone
9021,29,Calamansi,25.1,25.0,0.1,0.004,0.656,confirmed,Forest Zone
9366,29,Calamansi,26.11,25.0,1.11,0.044,0.5483,confirmed,Forest Zone
9565,29,Calamansi,25.51,25.0,0.51,0.02,0.6123,confirmed,Forest Zone
9579,29,Calamansi,25.2,25.0,0.2,0.008,0.6453,confirmed,Forest Zone
9700,29,Calamansi,25.13,25.0,0.13,0.005,0.6528,confirmed,Forest Zone
9940,29,Calamansi,25.63,25.0,0.63,0.025,0.5058,confirmed,Forest Zone
10021,29,Calamansi,26.44,25.0,1.44,0.058,0.5131,confirmed,Forest Zone
10022,29,Calamansi,26.0,25.0,1.0,0.04,0.56,confirmed,Forest Zone
10028,29,Calamansi,25.24,25.0,0.24,0.01,0.6411,confirmed,Forest Zone
10146,29,Calamansi,25.83,25.0,0.83,0.033,0.5781,confirmed,Forest Zone
10150,29,Calamansi,26.26,25.0,1.26,0.05,0.5323,confirmed,Forest Zone
10156,29,Calamansi,25.14,25.0,0.14,0.006,0.5499,confirmed,Forest Zone
10263,29,Calamansi,25.32,25.0,0.32,0.013,0.6325,confirmed,Forest Zone
10292,29,Calamansi,25.59,25.0,0.59,0.024,0.5094,confirmed,Forest Zone
10293,29,Calamansi,25.47,25.0,0.47,0.019,0.5202,confirmed,Forest Zone
10348,29,Calamansi,25.68,25.0,0.68,0.027,0.5941,confirmed,Forest Zone
10364,29,Calamansi,26.31,25.0,1.31,0.052,0.5269,confirmed,Forest Zone
10452,29,Calamansi,26.43,25.0,1.43,0.057,0.5141,confirmed,Forest Zone
10454,29,Calamansi,26.26,25.0,1.26,0.05,0.5323,confirmed,Forest Zone
10493,29,Calamansi,25.24,25.0,0.24,0.01,0.5409,confirmed,Institutional Research Zone
10562,29,Calamansi,25.65,25.0,0.65,0.026,0.5973,confirmed,Forest Zone
10565,29,Calamansi,25.53,25.0,0.53,0.021,0.6101,confirmed,Forest Zone
10572,29,Calamansi,25.61,25.0,0.61,0.024,0.6016,confirmed,Forest Zone
10586,29,Calamansi,25.84,25.0,0.84,0.034,0.5771,confirmed,Forest Zone
10609,29,Calamansi,25.13,25.0,0.13,0.005,0.5508,confirmed,Institutional Research Zone
10688,29,Calamansi,26.41,25.0,1.41,0.056,0.5163,confirmed,Forest Zone
10692,29,Calamansi,25.97,25.0,0.97,0.039,0.5632,confirmed,Forest Zone
10705,29,Calamansi,26.41,25.0,1.41,0.056,0.5163,confirmed,Forest Zone
10784,29,Calamansi,25.36,25.0,0.36,0.014,0.6283,confirmed,Forest Zone
10785,29,Calamansi,26.18,25.0,1.18,0.047,0.5408,confirmed,Forest Zone
10803,29,Calamansi,25.01,25.0,0.01,0.0,0.6656,confirmed,Forest Zone
10847,29,Calamansi,25.03,25.0,0.03,0.001,0.5598,confirmed,Forest Zone
10916,29,Calamansi,26.24,25.0,1.24,0.05,0.5344,confirmed,Forest Zone
10927,29,Calamansi,26.42,25.0,1.42,0.057,0.5152,confirmed,Forest Zone
10943,29,Calamansi,25.31,25.0,0.31,0.012,0.5346,confirmed,Institutional Research Zone
11120,29,Calamansi,26.06,25.0,1.06,0.042,0.5536,confirmed,Forest Zone
11161,29,Calamansi,26.09,25.0,1.09,0.044,0.5504,confirmed,Forest Zone
11167,29,Calamansi,25.36,25.0,0.36,0.014,0.5301,confirmed,Forest Zone
11174,29,Calamansi,25.41,25.0,0.41,0.016,0.5256,confirmed,Forest Zone
11182,29,Calamansi,25.59,25.0,0.59,0.024,0.5094,confirmed,Forest Zone
11224,29,Calamansi,25.96,25.0,0.96,0.038,0.5643,unconfirmed,
11228,29,Calamansi,25.91,25.0,0.91,0.036,0.5696,confirmed,Forest Zone
11243,29,Calamansi,26.55,25.0,1.55,0.062,0.5013,confirmed,Forest Zone
11293,29,Calamansi,25.25,25.0,0.25,0.01,0.54,confirmed,Forest Zone
11355,29,Calamansi,25.51,25.0,0.51,0.02,0.6123,confirmed,Forest Zone
11572,29,Calamansi,25.64,25.0,0.64,0.026,0.5984,confirmed,Forest Zone
11577,29,Calamansi,25.51,25.0,0.51,0.02,0.6123,confirmed,Forest Zone
11598,29,Calamansi,25.18,25.0,0.18,0.007,0.6475,confirmed,Forest Zone
11689,29,Calamansi,25.51,25.0,0.51,0.02,0.6123,confirmed,Forest Zone
11779,29,Calamansi,25.14,25.0,0.14,0.006,0.6517,unconfirmed,
11780,29,Calamansi,25.29,25.0,0.29,0.012,0.6357,unconfirmed,
11804,29,Calamansi,25.67,25.0,0.67,0.027,0.5952,confirmed,Forest Zone
11900,29,Calamansi,26.26,25.0,1.26,0.05,0.5323,confirmed,Forest Zone
11901,29,Calamansi,25.88,25.0,0.88,0.035,0.5728,confirmed,Forest Zone
11906,29,Calamansi,25.01,25.0,0.01,0.0,0.6656,confirmed,Forest Zone
11917,29,Calamansi,25.55,25.0,0.55,0.022,0.608,confirmed,Forest Zone
11945,29,Calamansi,25.02,25.0,0.02,0.001,0.5607,confirmed,Forest Zone
12000,29,Calamansi,25.23,25.0,0.23,0.009,0.6421,unconfirmed,
12002,29,Calamansi,25.51,25.0,0.51,0.02,0.6123,unconfirmed,
12045,29,Calamansi,25.25,25.0,0.25,0.01,0.64,confirmed,Forest Zone
12145,29,Calamansi,25.32,25.0,0.32,0.013,0.6325,unconfirmed,
12349,29,Calamansi,25.83,25.0,0.83,0.033,0.5781,confirmed,Forest Zone
12362,29,Calamansi,25.51,25.0,0.51,0.02,0.6123,unconfirmed,
12387,29,Calamansi,26.32,25.0,1.32,0.053,0.5259,confirmed,Forest Zone
12390,29,Calamansi,25.01,25.0,0.01,0.0,0.6656,confirmed,Forest Zone
12398,29,Calamansi,26.26,25.0,1.26,0.05,0.5323,confirmed,Forest Zone
12447,29,Calamansi,25.25,25.0,0.25,0.01,0.64,confirmed,Forest Zone
12451,29,Calamansi,26.31,25.0,1.31,0.052,0.5269,confirmed,Forest Zone
12466,29,Calamansi,26.03,25.0,1.03,0.041,0.5568,confirmed,Forest Zone
12467,29,Calamansi,25.51,25.0,0.51,0.02,0.6123,confirmed,Forest Zone
12470,29,Calamansi,25.63,25.0,0.63,0.025,0.5995,unconfirmed,
12517,29,Calamansi,26.41,25.0,1.41,0.056,0.5163,confirmed,Forest Zone
12518,29,Calamansi,26.51,25.0,1.51,0.06,0.5056,confirmed,Forest Zone
12555,29,Calamansi,25.14,25.0,0.14,0.006,0.6517,unconfirmed,
12557,29,Calamansi,25.14,25.0,0.14,0.006,0.6517,confirmed,Forest Zone
12560,29,Calamansi,25.14,25.0,0.14,0.006,0.6517,confirmed,Forest Zone
12580,29,Calamansi,25.72,25.0,0.72,0.029,0.5899,unconfirmed,
12627,29,Calamansi,26.42,25.0,1.42,0.057,0.5152,confirmed,Forest Zone
12807,29,Calamansi,26.01,25.0,1.01,0.04,0.5589,unconfirmed,
12824,29,Calamansi,25.14,25.0,0.14,0.006,0.6517,confirmed,Forest Zone
12842,29,Calamansi,26.44,25.0,1.44,0.058,0.5131,confirmed,Forest Zone
12850,29,Calamansi,26.11,25.0,1.11,0.044,0.5483,confirmed,Forest Zone
12895,29,Calamansi,26.55,25.0,1.55,0.062,0.5013,confirmed,Forest Zone
12897,29,Calamansi,25.78,25.0,0.78,0.031,0.5835,confirmed,Forest Zone
12923,29,Calamansi,25.51,25.0,0.51,0.02,0.6123,unconfirmed,
12962,29,Calamansi,26.52,25.0,1.52,0.061,0.5045,confirmed,Forest Zone
13001,29,Calamansi,25.14,25.0,0.14,0.006,0.6517,confirmed,Forest Zone
13028,29,Calamansi,26.19,25.0,1.19,0.048,0.5397,unconfirmed,
13140,29,Calamansi,25.71,25.0,0.71,0.028,0.5909,unconfirmed,
13162,29,Calamansi,25.1,25.0,0.1,0.004,0.656,unconfirmed,
13253,29,Calamansi,25.01,25.0,0.01,0.0,0.6656,unconfirmed,
13356,29,Calamansi,25.07,25.0,0.07,0.003,0.6592,unconfirmed,
13364,29,Calamansi,25.14,25.0,0.14,0.006,0.6517,unconfirmed,
13365,29,Calamansi,25.13,25.0,0.13,0.005,0.6528,unconfirmed,
13561,29,Calamansi,25.05,25.0,0.05,0.002,0.6613,confirmed,Forest Zone
13563,29,Calamansi,25.68,25.0,0.68,0.027,0.5941,unconfirmed,
13683,29,Calamansi,26.44,25.0,1.44,0.058,0.5131,unconfirmed,
13730,29,Calamansi,26.33,25.0,1.33,0.053,0.5248,confirmed,Forest Zone
13793,29,Calamansi,25.12,25.0,0.12,0.005,0.6539,unconfirmed,
13812,29,Calamansi,25.96,25.0,0.96,0.038,0.5643,unconfirmed,
13823,29,Calamansi,25.08,25.0,0.08,0.003,0.6581,unconfirmed,
13932,29,Calamansi,26.52,25.0,1.52,0.061,0.5045,unconfirmed,
13954,29,Calamansi,25.53,25.0,0.53,0.021,0.6101,confirmed,Forest Zone
13997,29,Calamansi,26.33,25.0,1.33,0.053,0.5248,unconfirmed,
14000,29,Calamansi,25.19,25.0,0.19,0.008,0.6464,unconfirmed,
14009,29,Calamansi,25.32,25.0,0.32,0.013,0.6325,unconfirmed,
14017,29,Calamansi,26.01,25.0,1.01,0.04,0.5589,unconfirmed,
14033,29,Calamansi,26.48,25.0,1.48,0.059,0.5088,unconfirmed,
14047,29,Calamansi,25.53,25.0,0.53,0.021,0.6101,unconfirmed,
14055,29,Calamansi,26.3,25.0,1.3,0.052,0.528,confirmed,Forest Zone
14136,29,Calamansi,25.16,25.0,0.16,0.006,0.6496,unconfirmed,
14144,29,Calamansi,25.06,25.0,0.06,0.002,0.6603,unconfirmed,
14172,29,Calamansi,25.12,25.0,0.12,0.005,0.6539,confirmed,Forest Zone
14217,29,Calamansi,25.79,25.0,0.79,0.032,0.5824,unconfirmed,
14248,29,Calamansi,26.4,25.0,1.4,0.056,0.5173,unconfirmed,
14262,29,Calamansi,26.18,25.0,1.18,0.047,0.5408,unconfirmed,
14274,29,Calamansi,26.42,25.0,1.42,0.057,0.5152,unconfirmed,
14275,29,Calamansi,25.28,25.0,0.28,0.011,0.6368,unconfirmed,
14377,29,Calamansi,25.82,25.0,0.82,0.033,0.5792,unconfirmed,
14395,29,Calamansi,25.13,25.0,0.13,0.005,0.6528,confirmed,Forest Zone
14449,29,Calamansi,26.02,25.0,1.02,0.041,0.5579,unconfirmed,
14450,29,Calamansi,26.09,25.0,1.09,0.044,0.5504,unconfirmed,
14896,29,Calamansi,26.24,25.0,1.24,0.05,0.5344,unconfirmed,
14993,29,Calamansi,26.4,25.0,1.4,0.056,0.5173,unconfirmed,
14995,29,Calamansi,25.01,25.0,0.01,0.0,0.6656,unconfirmed,
15229,29,Calamansi,25.51,25.0,0.51,0.02,0.6123,unconfirmed,
15326,29,Calamansi,25.91,25.0,0.91,0.036,0.5696,unconfirmed,
15338,29,Calamansi,26.1,25.0,1.1,0.044,0.5493,unconfirmed,
15340,29,Calamansi,26.18,25.0,1.18,0.047,0.5408,unconfirmed,
15437,29,Calamansi,26.48,25.0,1.48,0.059,0.5088,unconfirmed,
15660,29,Calamansi,25.76,25.0,0.76,0.03,0.5856,unconfirmed,
15777,29,Calamansi,25.83,25.0,0.83,0.033,0.5781,unconfirmed,
15989,29,Calamansi,25.51,25.0,0.51,0.02,0.6123,unconfirmed,
16327,29,Calamansi,25.33,25.0,0.33,0.013,0.6315,unconfirmed,
16441,29,Calamansi,25.76,25.0,0.76,0.03,0.5856,unconfirmed,
16545,29,Calamansi,25.05,25.0,0.05,0.002,0.6613,unconfirmed,
1160,30,Papaya,15.27,15.0,0.27,0.018,0.522,confirmed,General Institutional Zone
1362,30,Papaya,15.54,15.0,0.54,0.036,0.642,confirmed,Agricultural Zone
2744,30,Papaya,15.01,15.0,0.01,0.001,0.561,confirmed,High Density Residential - Mixed Use Zone
3620,30,Papaya,15.24,15.0,0.24,0.016,0.5265,confirmed,Parks and Recreation Zone
3865,30,Papaya,15.05,15.0,0.05,0.003,0.555,confirmed,High Density Residential - Mixed Use Zone
4194,30,Papaya,15.41,15.0,0.41,0.027,0.501,confirmed,High Density Residential - Mixed Use Zone
4422,30,Papaya,15.24,15.0,0.24,0.016,0.5265,confirmed,Medium Density Residential Zone
4423,30,Papaya,15.41,15.0,0.41,0.027,0.501,confirmed,Medium Density Residential Zone
4638,30,Papaya,15.19,15.0,0.19,0.013,0.534,confirmed,Medium Density Residential Zone
4719,30,Papaya,15.41,15.0,0.41,0.027,0.501,confirmed,Forest Zone
4978,30,Papaya,15.01,15.0,0.01,0.001,0.561,confirmed,Medium Density Residential Zone
5178,30,Papaya,15.34,15.0,0.34,0.023,0.5115,confirmed,Medium Density Residential Zone
5207,30,Papaya,15.22,15.0,0.22,0.015,0.5295,confirmed,Socialized Housing Zone
5317,30,Papaya,15.13,15.0,0.13,0.009,0.543,confirmed,Medium Density Residential Zone
5537,30,Papaya,15.19,15.0,0.19,0.013,0.534,confirmed,Forest Zone
5736,30,Papaya,15.05,15.0,0.05,0.003,0.555,confirmed,Medium Density Residential Zone
6753,30,Papaya,15.01,15.0,0.01,0.001,0.561,confirmed,Medium Density Residential Zone
6827,30,Papaya,15.21,15.0,0.21,0.014,0.531,confirmed,Sanitary Landfill
6831,30,Papaya,15.19,15.0,0.19,0.013,0.534,confirmed,Special Reserved Zone
7060,30,Papaya,15.01,15.0,0.01,0.001,0.561,confirmed,High Density Residential - Mixed Use Zone
7062,30,Papaya,15.22,15.0,0.22,0.015,0.5295,confirmed,Special Reserved Zone
7072,30,Papaya,15.21,15.0,0.21,0.014,0.531,confirmed,Forest Zone
7191,30,Papaya,15.31,15.0,0.31,0.021,0.516,confirmed,Forest Zone
7275,30,Papaya,15.01,15.0,0.01,0.001,0.561,confirmed,Special Reserved Zone
7279,30,Papaya,15.04,15.0,0.04,0.003,0.5565,confirmed,Special Reserved Zone
7414,30,Papaya,15.01,15.0,0.01,0.001,0.561,confirmed,Forest Zone
7491,30,Papaya,15.14,15.0,0.14,0.009,0.5415,confirmed,Forest Zone
7518,30,Papaya,15.04,15.0,0.04,0.003,0.5565,confirmed,Forest Zone
7626,30,Papaya,15.27,15.0,0.27,0.018,0.522,confirmed,Special Reserved Zone
7742,30,Papaya,15.24,15.0,0.24,0.016,0.5265,confirmed,Forest Zone
7748,30,Papaya,15.12,15.0,0.12,0.008,0.5445,confirmed,Forest Zone
7802,30,Papaya,15.13,15.0,0.13,0.009,0.6436,confirmed,Institutional Research Zone
7972,30,Papaya,15.31,15.0,0.31,0.021,0.516,confirmed,Forest Zone
8078,30,Papaya,15.01,15.0,0.01,0.001,0.561,confirmed,Forest Zone
8192,30,Papaya,15.27,15.0,0.27,0.018,0.522,confirmed,Forest Zone
8263,30,Papaya,15.34,15.0,0.34,0.023,0.5115,confirmed,Forest Zone
8297,30,Papaya,15.24,15.0,0.24,0.016,0.5265,confirmed,Special Reserved Zone
8508,30,Papaya,15.41,15.0,0.41,0.027,0.501,confirmed,Forest Zone
8618,30,Papaya,15.21,15.0,0.21,0.014,0.531,confirmed,Forest Zone
8620,30,Papaya,15.12,15.0,0.12,0.008,0.5445,confirmed,Forest Zone
8724,30,Papaya,15.27,15.0,0.27,0.018,0.522,confirmed,Forest Zone
8912,30,Papaya,15.7,15.0,0.7,0.047,0.5422,confirmed,Forest Zone
9025,30,Papaya,15.53,15.0,0.53,0.035,0.5724,confirmed,Forest Zone
9123,30,Papaya,15.51,15.0,0.51,0.034,0.576,confirmed,Forest Zone
9129,30,Papaya,15.25,15.0,0.25,0.017,0.6222,confirmed,Forest Zone
9139,30,Papaya,15.35,15.0,0.35,0.023,0.6044,confirmed,Forest Zone
9192,30,Papaya,15.34,15.0,0.34,0.023,0.5115,confirmed,Forest Zone
9572,30,Papaya,15.71,15.0,0.71,0.047,0.5404,confirmed,Forest Zone
9672,30,Papaya,15.41,15.0,0.41,0.027,0.5938,confirmed,Forest Zone
9808,30,Papaya,15.41,15.0,0.41,0.027,0.5938,confirmed,Forest Zone
9838,30,Papaya,15.14,15.0,0.14,0.009,0.5415,confirmed,Forest Zone
9906,30,Papaya,15.63,15.0,0.63,0.042,0.5547,confirmed,Forest Zone
9919,30,Papaya,15.19,15.0,0.19,0.013,0.6329,confirmed,Forest Zone
10030,30,Papaya,15.71,15.0,0.71,0.047,0.5404,confirmed,Forest Zone
10068,30,Papaya,15.25,15.0,0.25,0.017,0.525,confirmed,Forest Zone
10168,30,Papaya,15.05,15.0,0.05,0.003,0.555,confirmed,Forest Zone
10256,30,Papaya,15.24,15.0,0.24,0.016,0.624,confirmed,Forest Zone
10459,30,Papaya,15.3,15.0,0.3,0.02,0.6133,confirmed,Forest Zone
10466,30,Papaya,15.27,15.0,0.27,0.018,0.6187,confirmed,Forest Zone
10590,30,Papaya,15.41,15.0,0.41,0.027,0.5938,confirmed,Forest Zone
10607,30,Papaya,15.01,15.0,0.01,0.001,0.561,confirmed,Institutional Research Zone
10627,30,Papaya,15.31,15.0,0.31,0.021,0.516,confirmed,Forest Zone
10631,30,Papaya,15.04,15.0,0.04,0.003,0.5565,confirmed,Special Reserved Zone
10799,30,Papaya,15.82,15.0,0.82,0.055,0.5209,confirmed,Forest Zone
10850,30,Papaya,15.01,15.0,0.01,0.001,0.561,confirmed,Forest Zone
11020,30,Papaya,15.45,15.0,0.45,0.03,0.5867,confirmed,Forest Zone
11117,30,Papaya,15.01,15.0,0.01,0.001,0.6649,confirmed,Forest Zone
11118,30,Papaya,15.45,15.0,0.45,0.03,0.5867,confirmed,Forest Zone
11144,30,Papaya,15.01,15.0,0.01,0.001,0.6649,confirmed,Forest Zone
11276,30,Papaya,15.21,15.0,0.21,0.014,0.531,confirmed,Forest Zone
11336,30,Papaya,15.31,15.0,0.31,0.021,0.6116,unconfirmed,
11346,30,Papaya,15.66,15.0,0.66,0.044,0.5493,confirmed,Forest Zone
11383,30,Papaya,15.31,15.0,0.31,0.021,0.6116,confirmed,Forest Zone
11455,30,Papaya,15.22,15.0,0.22,0.015,0.6276,confirmed,Forest Zone
11491,30,Papaya,15.05,15.0,0.05,0.003,0.6578,confirmed,Forest Zone
11605,30,Papaya,15.02,15.0,0.02,0.001,0.6631,confirmed,Forest Zone
11608,30,Papaya,15.92,15.0,0.92,0.061,0.5031,confirmed,Forest Zone
11719,30,Papaya,15.45,15.0,0.45,0.03,0.5867,confirmed,Forest Zone
11782,30,Papaya,15.12,15.0,0.12,0.008,0.6453,confirmed,Forest Zone
11855,30,Papaya,15.05,15.0,0.05,0.003,0.6578,confirmed,Forest Zone
11943,30,Papaya,15.09,15.0,0.09,0.006,0.6507,confirmed,Forest Zone
12004,30,Papaya,15.92,15.0,0.92,0.061,0.5031,confirmed,Forest Zone
12159,30,Papaya,15.31,15.0,0.31,0.021,0.6116,confirmed,Forest Zone
12295,30,Papaya,15.12,15.0,0.12,0.008,0.6453,confirmed,Forest Zone
12373,30,Papaya,15.05,15.0,0.05,0.003,0.6578,confirmed,Forest Zone
12379,30,Papaya,15.5,15.0,0.5,0.033,0.5778,confirmed,Forest Zone
12472,30,Papaya,15.09,15.0,0.09,0.006,0.6507,unconfirmed,
12474,30,Papaya,15.63,15.0,0.63,0.042,0.5547,unconfirmed,
12477,30,Papaya,15.27,15.0,0.27,0.018,0.6187,confirmed,Forest Zone
12568,30,Papaya,15.51,15.0,0.51,0.034,0.576,confirmed,Forest Zone
12670,30,Papaya,15.44,15.0,0.44,0.029,0.5884,confirmed,Forest Zone
12693,30,Papaya,15.9,15.0,0.9,0.06,0.5067,unconfirmed,
12799,30,Papaya,15.9,15.0,0.9,0.06,0.5067,unconfirmed,
12804,30,Papaya,15.01,15.0,0.01,0.001,0.6649,unconfirmed,
12845,30,Papaya,15.63,15.0,0.63,0.042,0.5547,confirmed,Forest Zone
12889,30,Papaya,15.7,15.0,0.7,0.047,0.5422,unconfirmed,
12905,30,Papaya,15.66,15.0,0.66,0.044,0.5493,confirmed,Forest Zone
12915,30,Papaya,15.82,15.0,0.82,0.055,0.5209,unconfirmed,
13046,30,Papaya,15.54,15.0,0.54,0.036,0.5707,confirmed,Forest Zone
13507,30,Papaya,15.54,15.0,0.54,0.036,0.5707,confirmed,Forest Zone
13665,30,Papaya,15.14,15.0,0.14,0.009,0.6418,unconfirmed,
14218,30,Papaya,15.21,15.0,0.21,0.014,0.6293,unconfirmed,
14388,30,Papaya,15.82,15.0,0.82,0.055,0.5209,confirmed,Forest Zone
14444,30,Papaya,15.92,15.0,0.92,0.061,0.5031,unconfirmed,
15325,30,Papaya,15.05,15.0,0.05,0.003,0.6578,unconfirmed,
15779,30,Papaya,15.41,15.0,0.41,0.027,0.5938,unconfirmed,
16000,30,Papaya,15.22,15.0,0.22,0.015,0.6276,unconfirmed,
1581,31,Fire Tree,20.51,20.0,0.51,0.026,0.6735,confirmed,Agricultural Zone
3640,31,Fire Tree,20.4,20.0,0.4,0.02,0.5175,confirmed,High Density Residential - Mixed Use Zone
3851,31,Fire Tree,20.24,20.0,0.24,0.012,0.5355,confirmed,High Density Residential - Mixed Use Zone
3869,31,Fire Tree,20.01,20.0,0.01,0.0,0.5614,confirmed,High Density Residential - Mixed Use Zone
3956,31,Fire Tree,20.11,20.0,0.11,0.006,0.5501,confirmed,Medium Density Residential Zone
4061,31,Fire Tree,20.23,20.0,0.23,0.012,0.5366,confirmed,Forest Zone
4082,31,Fire Tree,20.26,20.0,0.26,0.013,0.5332,confirmed,High Density Residential - Mixed Use Zone
4207,31,Fire Tree,20.11,20.0,0.11,0.006,0.5501,confirmed,High Density Residential - Mixed Use Zone
4208,31,Fire Tree,20.02,20.0,0.02,0.001,0.5602,confirmed,High Density Residential - Mixed Use Zone
4286,31,Fire Tree,20.27,20.0,0.27,0.014,0.5321,confirmed,Minor Commercial - Mixed Use Zone
4405,31,Fire Tree,20.04,20.0,0.04,0.002,0.558,confirmed,Forest Zone
4424,31,Fire Tree,20.51,20.0,0.51,0.026,0.5051,confirmed,Medium Density Residential Zone
4492,31,Fire Tree,20.01,20.0,0.01,0.0,0.5614,confirmed,Buffer Zone
4626,31,Fire Tree,20.03,20.0,0.03,0.002,0.5591,confirmed,Medium Density Residential Zone
4630,31,Fire Tree,20.4,20.0,0.4,0.02,0.5175,confirmed,Medium Density Residential Zone
4727,31,Fire Tree,20.53,20.0,0.53,0.027,0.5029,confirmed,Forest Zone
4753,31,Fire Tree,20.24,20.0,0.24,0.012,0.5355,confirmed,Medium Density Residential Zone
4929,31,Fire Tree,20.24,20.0,0.24,0.012,0.5355,confirmed,Forest Zone
4939,31,Fire Tree,20.43,20.0,0.43,0.022,0.5141,confirmed,Forest Zone
4954,31,Fire Tree,20.24,20.0,0.24,0.012,0.5355,confirmed,Medium Density Residential Zone
4961,31,Fire Tree,20.31,20.0,0.31,0.016,0.5276,confirmed,Medium Density Residential Zone
5277,31,Fire Tree,20.19,20.0,0.19,0.01,0.5411,confirmed,Forest Zone
5298,31,Fire Tree,20.53,20.0,0.53,0.027,0.5029,confirmed,Forest Zone
5321,31,Fire Tree,20.53,20.0,0.53,0.027,0.5029,confirmed,Socialized Housing Zone
5742,31,Fire Tree,20.42,20.0,0.42,0.021,0.5152,confirmed,Forest Zone
5814,31,Fire Tree,20.12,20.0,0.12,0.006,0.549,confirmed,Forest Zone
5848,31,Fire Tree,20.03,20.0,0.03,0.002,0.5591,confirmed,Medium Density Residential Zone
6071,31,Fire Tree,20.24,20.0,0.24,0.012,0.5355,confirmed,Medium Density Residential Zone
6171,31,Fire Tree,20.41,20.0,0.41,0.02,0.5164,confirmed,Forest Zone
6172,31,Fire Tree,20.17,20.0,0.17,0.008,0.5434,confirmed,Forest Zone
6308,31,Fire Tree,20.11,20.0,0.11,0.006,0.5501,confirmed,Medium Density Residential Zone
6404,31,Fire Tree,20.41,20.0,0.41,0.02,0.5164,confirmed,Forest Zone
6815,31,Fire Tree,20.4,20.0,0.4,0.02,0.5175,confirmed,Forest Zone
6843,31,Fire Tree,20.01,20.0,0.01,0.0,0.5614,confirmed,Forest Zone
6931,31,Fire Tree,20.16,20.0,0.16,0.008,0.5445,confirmed,Forest Zone
6972,31,Fire Tree,20.27,20.0,0.27,0.014,0.5321,confirmed,Forest Zone
7164,31,Fire Tree,20.54,20.0,0.54,0.027,0.5018,confirmed,Special Reserved Zone
7265,31,Fire Tree,20.52,20.0,0.52,0.026,0.504,confirmed,Forest Zone
7377,31,Fire Tree,20.26,20.0,0.26,0.013,0.5332,confirmed,Forest Zone
7412,31,Fire Tree,20.17,20.0,0.17,0.008,0.5434,confirmed,Forest Zone
7488,31,Fire Tree,20.16,20.0,0.16,0.008,0.5445,confirmed,Forest Zone
7740,31,Fire Tree,20.23,20.0,0.23,0.012,0.5366,confirmed,Forest Zone
7824,31,Fire Tree,20.02,20.0,0.02,0.001,0.5602,confirmed,Forest Zone
7933,31,Fire Tree,20.16,20.0,0.16,0.008,0.5445,confirmed,Forest Zone
8019,31,Fire Tree,21.02,20.0,1.02,0.051,0.5307,confirmed,Forest Zone
8040,31,Fire Tree,20.02,20.0,0.02,0.001,0.5602,confirmed,Forest Zone
8150,31,Fire Tree,20.01,20.0,0.01,0.0,0.5614,confirmed,Forest Zone
8250,31,Fire Tree,21.06,20.0,1.06,0.053,0.5253,confirmed,Forest Zone
8270,31,Fire Tree,20.01,20.0,0.01,0.0,0.5614,confirmed,Forest Zone
8571,31,Fire Tree,20.81,20.0,0.81,0.04,0.5587,confirmed,Forest Zone
8604,31,Fire Tree,20.14,20.0,0.14,0.007,0.5468,confirmed,Forest Zone
8615,31,Fire Tree,20.13,20.0,0.13,0.007,0.5479,confirmed,Forest Zone
8749,31,Fire Tree,20.13,20.0,0.13,0.007,0.5479,confirmed,Forest Zone
8812,31,Fire Tree,21.02,20.0,1.02,0.051,0.5307,confirmed,Forest Zone
8858,31,Fire Tree,20.43,20.0,0.43,0.022,0.5141,confirmed,Forest Zone
8930,31,Fire Tree,20.37,20.0,0.37,0.018,0.5209,confirmed,Forest Zone
9022,31,Fire Tree,20.32,20.0,0.32,0.016,0.624,confirmed,Forest Zone
9026,31,Fire Tree,20.03,20.0,0.03,0.002,0.6627,confirmed,Forest Zone
9066,31,Fire Tree,20.42,20.0,0.42,0.021,0.5152,confirmed,Forest Zone
9122,31,Fire Tree,20.11,20.0,0.11,0.006,0.652,confirmed,Forest Zone
9236,31,Fire Tree,20.14,20.0,0.14,0.007,0.648,confirmed,Forest Zone
9237,31,Fire Tree,20.62,20.0,0.62,0.031,0.584,confirmed,Forest Zone
9289,31,Fire Tree,20.03,20.0,0.03,0.002,0.5591,confirmed,Forest Zone
9349,31,Fire Tree,20.71,20.0,0.71,0.036,0.572,confirmed,Forest Zone
9412,31,Fire Tree,20.16,20.0,0.16,0.008,0.5445,confirmed,Forest Zone
9460,31,Fire Tree,21.1,20.0,1.1,0.055,0.52,confirmed,Forest Zone
9685,31,Fire Tree,21.22,20.0,1.22,0.061,0.504,confirmed,Forest Zone
9699,31,Fire Tree,20.57,20.0,0.57,0.028,0.5907,confirmed,Forest Zone
9807,31,Fire Tree,20.53,20.0,0.53,0.027,0.596,confirmed,Forest Zone
9809,31,Fire Tree,21.04,20.0,1.04,0.052,0.528,confirmed,Forest Zone
9914,31,Fire Tree,20.42,20.0,0.42,0.021,0.6107,confirmed,Forest Zone
10009,31,Fire Tree,21.01,20.0,1.01,0.05,0.532,confirmed,Forest Zone
10368,31,Fire Tree,20.68,20.0,0.68,0.034,0.576,confirmed,Forest Zone
10451,31,Fire Tree,20.75,20.0,0.75,0.038,0.5667,confirmed,Forest Zone
10453,31,Fire Tree,20.56,20.0,0.56,0.028,0.592,confirmed,Forest Zone
10457,31,Fire Tree,20.51,20.0,0.51,0.026,0.5987,confirmed,Forest Zone
10473,31,Fire Tree,20.42,20.0,0.42,0.021,0.6107,confirmed,Forest Zone
10474,31,Fire Tree,20.56,20.0,0.56,0.028,0.592,confirmed,Forest Zone
10494,31,Fire Tree,20.41,20.0,0.41,0.02,0.5164,confirmed,Institutional Research Zone
10497,31,Fire Tree,20.42,20.0,0.42,0.021,0.5152,confirmed,Institutional Research Zone
10591,31,Fire Tree,20.31,20.0,0.31,0.016,0.6253,confirmed,Forest Zone
10592,31,Fire Tree,20.26,20.0,0.26,0.013,0.632,confirmed,Forest Zone
10593,31,Fire Tree,20.81,20.0,0.81,0.04,0.5587,confirmed,Forest Zone
10671,31,Fire Tree,20.01,20.0,0.01,0.0,0.6653,confirmed,Forest Zone
10699,31,Fire Tree,20.63,20.0,0.63,0.032,0.5827,confirmed,Forest Zone
10795,31,Fire Tree,21.11,20.0,1.11,0.056,0.5187,confirmed,Forest Zone
10796,31,Fire Tree,20.56,20.0,0.56,0.028,0.592,confirmed,Forest Zone
10811,31,Fire Tree,20.57,20.0,0.57,0.028,0.5907,confirmed,Forest Zone
10843,31,Fire Tree,20.01,20.0,0.01,0.0,0.5614,confirmed,Forest Zone
10855,31,Fire Tree,20.14,20.0,0.14,0.007,0.5468,confirmed,Special Reserved Zone
10934,31,Fire Tree,21.01,20.0,1.01,0.05,0.532,confirmed,Forest Zone
11030,31,Fire Tree,20.19,20.0,0.19,0.01,0.6413,confirmed,Forest Zone
11044,31,Fire Tree,20.95,20.0,0.95,0.048,0.54,confirmed,Forest Zone
11114,31,Fire Tree,21.04,20.0,1.04,0.052,0.528,unconfirmed,
11184,31,Fire Tree,20.43,20.0,0.43,0.022,0.5141,confirmed,Forest Zone
11225,31,Fire Tree,20.41,20.0,0.41,0.02,0.612,unconfirmed,
11254,31,Fire Tree,20.53,20.0,0.53,0.027,0.596,confirmed,Forest Zone
11256,31,Fire Tree,20.07,20.0,0.07,0.004,0.6573,confirmed,Forest Zone
11268,31,Fire Tree,21.09,20.0,1.09,0.055,0.5213,confirmed,Forest Zone
11273,31,Fire Tree,20.19,20.0,0.19,0.01,0.5411,confirmed,Forest Zone
11292,31,Fire Tree,20.23,20.0,0.23,0.012,0.5366,confirmed,Forest Zone
11368,31,Fire Tree,20.87,20.0,0.87,0.044,0.5507,confirmed,Forest Zone
11375,31,Fire Tree,20.52,20.0,0.52,0.026,0.5973,confirmed,Forest Zone
11489,31,Fire Tree,20.37,20.0,0.37,0.018,0.6173,confirmed,Forest Zone
11496,31,Fire Tree,20.26,20.0,0.26,0.013,0.632,confirmed,Forest Zone
11510,31,Fire Tree,20.02,20.0,0.02,0.001,0.5602,confirmed,Forest Zone
11559,31,Fire Tree,21.03,20.0,1.03,0.052,0.5293,confirmed,Forest Zone
11600,31,Fire Tree,20.57,20.0,0.57,0.028,0.5907,confirmed,Forest Zone
11679,31,Fire Tree,20.02,20.0,0.02,0.001,0.664,confirmed,Forest Zone
11690,31,Fire Tree,20.82,20.0,0.82,0.041,0.5573,confirmed,Forest Zone
11831,31,Fire Tree,21.09,20.0,1.09,0.055,0.5213,confirmed,Forest Zone
11890,31,Fire Tree,20.82,20.0,0.82,0.041,0.5573,unconfirmed,
11907,31,Fire Tree,21.04,20.0,1.04,0.052,0.528,confirmed,Forest Zone
11928,31,Fire Tree,20.95,20.0,0.95,0.048,0.54,confirmed,Forest Zone
11932,31,Fire Tree,20.82,20.0,0.82,0.041,0.5573,confirmed,Forest Zone
11966,31,Fire Tree,20.04,20.0,0.04,0.002,0.6613,confirmed,Forest Zone
12007,31,Fire Tree,20.87,20.0,0.87,0.044,0.5507,confirmed,Forest Zone
12169,31,Fire Tree,21.03,20.0,1.03,0.052,0.5293,confirmed,Forest Zone
12223,31,Fire Tree,20.11,20.0,0.11,0.006,0.652,unconfirmed,
12240,31,Fire Tree,20.63,20.0,0.63,0.032,0.5827,confirmed,Forest Zone
12264,31,Fire Tree,20.57,20.0,0.57,0.028,0.5907,confirmed,Forest Zone
12270,31,Fire Tree,20.75,20.0,0.75,0.038,0.5667,confirmed,Forest Zone
12341,31,Fire Tree,20.95,20.0,0.95,0.048,0.54,confirmed,Forest Zone
12354,31,Fire Tree,20.51,20.0,0.51,0.026,0.5987,confirmed,Forest Zone
12357,31,Fire Tree,20.57,20.0,0.57,0.028,0.5907,confirmed,Forest Zone
12361,31,Fire Tree,20.63,20.0,0.63,0.032,0.5827,unconfirmed,
12464,31,Fire Tree,20.54,20.0,0.54,0.027,0.5947,confirmed,Forest Zone
12584,31,Fire Tree,20.28,20.0,0.28,0.014,0.6293,unconfirmed,
12590,31,Fire Tree,21.11,20.0,1.11,0.056,0.5187,confirmed,Forest Zone
12675,31,Fire Tree,20.24,20.0,0.24,0.012,0.6347,confirmed,Forest Zone
12735,31,Fire Tree,20.03,20.0,0.03,0.002,0.6627,confirmed,Forest Zone
12782,31,Fire Tree,20.14,20.0,0.14,0.007,0.648,confirmed,Forest Zone
12796,31,Fire Tree,20.54,20.0,0.54,0.027,0.5947,confirmed,Forest Zone
12904,31,Fire Tree,20.52,20.0,0.52,0.026,0.5973,confirmed,Forest Zone
13022,31,Fire Tree,21.11,20.0,1.11,0.056,0.5187,unconfirmed,
13068,31,Fire Tree,20.42,20.0,0.42,0.021,0.6107,confirmed,Forest Zone
13232,31,Fire Tree,20.17,20.0,0.17,0.008,0.644,confirmed,Forest Zone
13271,31,Fire Tree,20.51,20.0,0.51,0.026,0.5987,unconfirmed,
13273,31,Fire Tree,20.73,20.0,0.73,0.036,0.5693,unconfirmed,
13508,31,Fire Tree,20.53,20.0,0.53,0.027,0.596,confirmed,Forest Zone
13593,31,Fire Tree,21.04,20.0,1.04,0.052,0.528,unconfirmed,
13601,31,Fire Tree,21.25,20.0,1.25,0.062,0.5,unconfirmed,
13671,31,Fire Tree,20.94,20.0,0.94,0.047,0.5413,confirmed,Forest Zone
13779,31,Fire Tree,20.24,20.0,0.24,0.012,0.6347,confirmed,Forest Zone
13786,31,Fire Tree,21.06,20.0,1.06,0.053,0.5253,unconfirmed,
13842,31,Fire Tree,20.53,20.0,0.53,0.027,0.596,confirmed,Forest Zone
13903,31,Fire Tree,21.23,20.0,1.23,0.062,0.5027,unconfirmed,
14008,31,Fire Tree,20.31,20.0,0.31,0.016,0.6253,unconfirmed,
14046,31,Fire Tree,20.26,20.0,0.26,0.013,0.632,unconfirmed,
14113,31,Fire Tree,21.1,20.0,1.1,0.055,0.52,unconfirmed,
14158,31,Fire Tree,20.57,20.0,0.57,0.028,0.5907,unconfirmed,
14160,31,Fire Tree,20.81,20.0,0.81,0.04,0.5587,unconfirmed,
14232,31,Fire Tree,20.01,20.0,0.01,0.0,0.6653,unconfirmed,
14557,31,Fire Tree,21.24,20.0,1.24,0.062,0.5013,unconfirmed,
14994,31,Fire Tree,20.26,20.0,0.26,0.013,0.632,unconfirmed,
15014,31,Fire Tree,20.01,20.0,0.01,0.0,0.6653,unconfirmed,
15547,31,Fire Tree,21.04,20.0,1.04,0.052,0.528,unconfirmed,
16111,31,Fire Tree,20.31,20.0,0.31,0.016,0.6253,unconfirmed,
16216,31,Fire Tree,20.63,20.0,0.63,0.032,0.5827,unconfirmed,
16322,31,Fire Tree,20.73,20.0,0.73,0.036,0.5693,unconfirmed,
16437,31,Fire Tree,21.03,20.0,1.03,0.052,0.5293,unconfirmed,
3993,32,Salinggogon,30.01,30.0,0.01,0.0,0.5617,confirmed,Socialized Housing Zone
4386,32,Salinggogon,30.05,30.0,0.05,0.002,0.5588,confirmed,Forest Zone
4401,32,Salinggogon,30.02,30.0,0.02,0.001,0.561,confirmed,Medium Density Residential Zone
4407,32,Salinggogon,30.78,30.0,0.78,0.026,0.504,confirmed,Forest Zone
4513,32,Salinggogon,30.47,30.0,0.47,0.016,0.5273,confirmed,Medium Density Residential Zone
4705,32,Salinggogon,30.54,30.0,0.54,0.018,0.522,confirmed,Buffer Zone
4829,32,Salinggogon,30.12,30.0,0.12,0.004,0.5535,confirmed,Forest Zone
4931,32,Salinggogon,30.09,30.0,0.09,0.003,0.5558,confirmed,Forest Zone
5034,32,Salinggogon,30.66,30.0,0.66,0.022,0.513,confirmed,Forest Zone
5041,32,Salinggogon,30.56,30.0,0.56,0.019,0.5205,confirmed,Forest Zone
5053,32,Salinggogon,30.63,30.0,0.63,0.021,0.5153,confirmed,Forest Zone
5155,32,Salinggogon,30.51,30.0,0.51,0.017,0.5242,confirmed,Forest Zone
5253,32,Salinggogon,30.12,30.0,0.12,0.004,0.5535,confirmed,Forest Zone
5296,32,Salinggogon,30.13,30.0,0.13,0.004,0.5528,confirmed,Medium Density Residential Zone
5303,32,Salinggogon,30.53,30.0,0.53,0.018,0.5227,confirmed,Medium Density Residential Zone
5492,32,Salinggogon,30.06,30.0,0.06,0.002,0.558,confirmed,Forest Zone
5608,32,Salinggogon,30.58,30.0,0.58,0.019,0.519,confirmed,Forest Zone
5612,32,Salinggogon,30.2,30.0,0.2,0.007,0.5475,confirmed,Forest Zone
5715,32,Salinggogon,30.39,30.0,0.39,0.013,0.5332,confirmed,Forest Zone
6047,32,Salinggogon,30.81,30.0,0.81,0.027,0.5018,confirmed,Forest Zone
6168,32,Salinggogon,30.69,30.0,0.69,0.023,0.5107,confirmed,Forest Zone
6512,32,Salinggogon,30.47,30.0,0.47,0.016,0.5273,confirmed,Forest Zone
6514,32,Salinggogon,30.28,30.0,0.28,0.009,0.5415,confirmed,Forest Zone
6526,32,Salinggogon,30.43,30.0,0.43,0.014,0.5302,confirmed,Forest Zone
6530,32,Salinggogon,30.54,30.0,0.54,0.018,0.522,confirmed,Forest Zone
6976,32,Salinggogon,30.03,30.0,0.03,0.001,0.5602,confirmed,Medium Density Residential Zone
7048,32,Salinggogon,30.63,30.0,0.63,0.021,0.5153,confirmed,Sanitary Landfill
7197,32,Salinggogon,30.11,30.0,0.11,0.004,0.5542,confirmed,Forest Zone
7362,32,Salinggogon,30.16,30.0,0.16,0.005,0.6524,confirmed,Institutional Research Zone
7495,32,Salinggogon,30.03,30.0,0.03,0.001,0.5602,confirmed,Forest Zone
7596,32,Salinggogon,30.02,30.0,0.02,0.001,0.561,confirmed,Forest Zone
7801,32,Salinggogon,30.36,30.0,0.36,0.012,0.6347,confirmed,Institutional Research Zone
7853,32,Salinggogon,30.66,30.0,0.66,0.022,0.513,confirmed,Forest Zone
8256,32,Salinggogon,30.82,30.0,0.82,0.027,0.5938,confirmed,Forest Zone
8281,32,Salinggogon,30.02,30.0,0.02,0.001,0.561,confirmed,Forest Zone
8460,32,Salinggogon,30.05,30.0,0.05,0.002,0.6622,confirmed,Forest Zone
8572,32,Salinggogon,31.27,30.0,1.27,0.042,0.5538,confirmed,Forest Zone
8585,32,Salinggogon,30.28,30.0,0.28,0.009,0.6418,confirmed,Forest Zone
8712,32,Salinggogon,30.35,30.0,0.35,0.012,0.5362,confirmed,Forest Zone
8716,32,Salinggogon,30.03,30.0,0.03,0.001,0.5602,confirmed,Forest Zone
8795,32,Salinggogon,30.51,30.0,0.51,0.017,0.6213,confirmed,Forest Zone
8796,32,Salinggogon,30.55,30.0,0.55,0.018,0.6178,confirmed,Forest Zone
8799,32,Salinggogon,30.05,30.0,0.05,0.002,0.6622,confirmed,Forest Zone
8904,32,Salinggogon,30.93,30.0,0.93,0.031,0.584,confirmed,Forest Zone
8923,32,Salinggogon,30.2,30.0,0.2,0.007,0.6489,confirmed,Forest Zone
8942,32,Salinggogon,30.38,30.0,0.38,0.013,0.534,confirmed,Forest Zone
8954,32,Salinggogon,30.46,30.0,0.46,0.015,0.528,confirmed,Forest Zone
9053,32,Salinggogon,30.46,30.0,0.46,0.015,0.528,confirmed,Forest Zone
9065,32,Salinggogon,30.59,30.0,0.59,0.02,0.5182,confirmed,Forest Zone
9365,32,Salinggogon,31.3,30.0,1.3,0.043,0.5511,confirmed,Forest Zone
9370,32,Salinggogon,31.11,30.0,1.11,0.037,0.568,confirmed,Forest Zone
9371,32,Salinggogon,30.17,30.0,0.17,0.006,0.6516,confirmed,Forest Zone
9385,32,Salinggogon,30.72,30.0,0.72,0.024,0.5085,confirmed,Forest Zone
9480,32,Salinggogon,30.91,30.0,0.91,0.03,0.5858,confirmed,Forest Zone
9580,32,Salinggogon,30.29,30.0,0.29,0.01,0.6409,confirmed,Forest Zone
9830,32,Salinggogon,30.08,30.0,0.08,0.003,0.5565,confirmed,Forest Zone
9904,32,Salinggogon,31.51,30.0,1.51,0.05,0.5324,confirmed,Forest Zone
9910,32,Salinggogon,30.33,30.0,0.33,0.011,0.6373,confirmed,Forest Zone
9931,32,Salinggogon,30.01,30.0,0.01,0.0,0.5617,confirmed,Forest Zone
10020,32,Salinggogon,30.22,30.0,0.22,0.007,0.6471,confirmed,Forest Zone
10024,32,Salinggogon,31.32,30.0,1.32,0.044,0.5493,confirmed,Forest Zone
10036,32,Salinggogon,31.54,30.0,1.54,0.051,0.5298,confirmed,Forest Zone
10039,32,Salinggogon,30.82,30.0,0.82,0.027,0.5938,confirmed,Forest Zone
10128,32,Salinggogon,30.01,30.0,0.01,0.0,0.6658,confirmed,Forest Zone
10141,32,Salinggogon,31.68,30.0,1.68,0.056,0.5173,confirmed,Forest Zone
10142,32,Salinggogon,30.53,30.0,0.53,0.018,0.6196,confirmed,Forest Zone
10464,32,Salinggogon,31.4,30.0,1.4,0.047,0.5422,confirmed,Forest Zone
10469,32,Salinggogon,30.54,30.0,0.54,0.018,0.6187,confirmed,Forest Zone
10470,32,Salinggogon,30.16,30.0,0.16,0.005,0.6524,confirmed,Forest Zone
10581,32,Salinggogon,30.93,30.0,0.93,0.031,0.584,confirmed,Forest Zone
10599,32,Salinggogon,31.03,30.0,1.03,0.034,0.5751,confirmed,Forest Zone
10602,32,Salinggogon,30.98,30.0,0.98,0.033,0.5796,confirmed,Institutional Research Zone
10678,32,Salinggogon,30.71,30.0,0.71,0.024,0.6036,confirmed,Forest Zone
10683,32,Salinggogon,30.21,30.0,0.21,0.007,0.648,confirmed,Forest Zone
10693,32,Salinggogon,30.2,30.0,0.2,0.007,0.6489,confirmed,Forest Zone
10694,32,Salinggogon,31.54,30.0,1.54,0.051,0.5298,confirmed,Forest Zone
10701,32,Salinggogon,31.5,30.0,1.5,0.05,0.5333,confirmed,Forest Zone
10711,32,Salinggogon,30.09,30.0,0.09,0.003,0.6587,confirmed,Forest Zone
10797,32,Salinggogon,31.01,30.0,1.01,0.034,0.5769,confirmed,Forest Zone
10813,32,Salinggogon,30.34,30.0,0.34,0.011,0.6364,confirmed,Forest Zone
10896,32,Salinggogon,31.41,30.0,1.41,0.047,0.5413,confirmed,Forest Zone
10901,32,Salinggogon,30.24,30.0,0.24,0.008,0.6453,confirmed,Forest Zone
11005,32,Salinggogon,31.78,30.0,1.78,0.059,0.5084,confirmed,Forest Zone
11008,32,Salinggogon,31.78,30.0,1.78,0.059,0.5084,confirmed,Forest Zone
11039,32,Salinggogon,31.02,30.0,1.02,0.034,0.576,confirmed,Forest Zone
11150,32,Salinggogon,31.08,30.0,1.08,0.036,0.5707,confirmed,Forest Zone
11231,32,Salinggogon,30.33,30.0,0.33,0.011,0.6373,confirmed,Forest Zone
11239,32,Salinggogon,30.6,30.0,0.6,0.02,0.6133,confirmed,Forest Zone
11258,32,Salinggogon,30.55,30.0,0.55,0.018,0.6178,confirmed,Forest Zone
11344,32,Salinggogon,31.8,30.0,1.8,0.06,0.5067,confirmed,Forest Zone
11347,32,Salinggogon,30.39,30.0,0.39,0.013,0.632,confirmed,Forest Zone
11352,32,Salinggogon,31.55,30.0,1.55,0.052,0.5289,confirmed,Forest Zone
11353,32,Salinggogon,31.43,30.0,1.43,0.048,0.5396,confirmed,Forest Zone
11364,32,Salinggogon,31.36,30.0,1.36,0.045,0.5458,confirmed,Forest Zone
11369,32,Salinggogon,30.06,30.0,0.06,0.002,0.6613,confirmed,Forest Zone
11448,32,Salinggogon,30.93,30.0,0.93,0.031,0.584,confirmed,Forest Zone
11451,32,Salinggogon,31.17,30.0,1.17,0.039,0.5627,confirmed,Forest Zone
11452,32,Salinggogon,30.44,30.0,0.44,0.015,0.6276,confirmed,Forest Zone
11457,32,Salinggogon,31.13,30.0,1.13,0.038,0.5662,confirmed,Forest Zone
11469,32,Salinggogon,30.56,30.0,0.56,0.019,0.6169,confirmed,Forest Zone
11476,32,Salinggogon,30.05,30.0,0.05,0.002,0.6622,confirmed,Forest Zone
11477,32,Salinggogon,31.4,30.0,1.4,0.047,0.5422,confirmed,Forest Zone
11486,32,Salinggogon,31.81,30.0,1.81,0.06,0.5058,confirmed,Forest Zone
11581,32,Salinggogon,31.01,30.0,1.01,0.034,0.5769,confirmed,Forest Zone
11672,32,Salinggogon,31.55,30.0,1.55,0.052,0.5289,confirmed,Forest Zone
11695,32,Salinggogon,31.07,30.0,1.07,0.036,0.5716,confirmed,Forest Zone
11799,32,Salinggogon,30.69,30.0,0.69,0.023,0.6053,confirmed,Forest Zone
11801,32,Salinggogon,30.28,30.0,0.28,0.009,0.6418,confirmed,Forest Zone
11811,32,Salinggogon,31.36,30.0,1.36,0.045,0.5458,confirmed,Forest Zone
11918,32,Salinggogon,30.78,30.0,0.78,0.026,0.5973,confirmed,Forest Zone
12027,32,Salinggogon,31.82,30.0,1.82,0.061,0.5049,confirmed,Forest Zone
12055,32,Salinggogon,31.4,30.0,1.4,0.047,0.5422,confirmed,Forest Zone
12233,32,Salinggogon,30.09,30.0,0.09,0.003,0.6587,confirmed,Forest Zone
12245,32,Salinggogon,30.66,30.0,0.66,0.022,0.608,confirmed,Forest Zone
12261,32,Salinggogon,30.39,30.0,0.39,0.013,0.632,confirmed,Forest Zone
12262,32,Salinggogon,31.66,30.0,1.66,0.055,0.5191,confirmed,Forest Zone
12342,32,Salinggogon,31.54,30.0,1.54,0.051,0.5298,confirmed,Forest Zone
12375,32,Salinggogon,31.42,30.0,1.42,0.047,0.5404,confirmed,Forest Zone
12388,32,Salinggogon,30.55,30.0,0.55,0.018,0.6178,confirmed,Forest Zone
12389,32,Salinggogon,31.83,30.0,1.83,0.061,0.504,confirmed,Forest Zone
12408,32,Salinggogon,31.34,30.0,1.34,0.045,0.5476,confirmed,Forest Zone
12459,32,Salinggogon,31.84,30.0,1.84,0.061,0.5031,confirmed,Forest Zone
12460,32,Salinggogon,30.68,30.0,0.68,0.023,0.6062,confirmed,Forest Zone
12479,32,Salinggogon,30.59,30.0,0.59,0.02,0.6142,confirmed,Forest Zone
12480,32,Salinggogon,31.56,30.0,1.56,0.052,0.528,confirmed,Forest Zone
12489,32,Salinggogon,30.38,30.0,0.38,0.013,0.6329,confirmed,Forest Zone
12504,32,Salinggogon,31.58,30.0,1.58,0.053,0.5262,confirmed,Forest Zone
12505,32,Salinggogon,31.59,30.0,1.59,0.053,0.5253,confirmed,Forest Zone
12561,32,Salinggogon,30.51,30.0,0.51,0.017,0.6213,confirmed,Forest Zone
12578,32,Salinggogon,30.12,30.0,0.12,0.004,0.656,unconfirmed,
12581,32,Salinggogon,31.26,30.0,1.26,0.042,0.5547,unconfirmed,
12667,32,Salinggogon,30.07,30.0,0.07,0.002,0.6604,unconfirmed,
12677,32,Salinggogon,31.23,30.0,1.23,0.041,0.5573,confirmed,Forest Zone
12682,32,Salinggogon,30.12,30.0,0.12,0.004,0.656,confirmed,Forest Zone
12707,32,Salinggogon,31.15,30.0,1.15,0.038,0.5644,confirmed,Forest Zone
12729,32,Salinggogon,30.46,30.0,0.46,0.015,0.6258,confirmed,Forest Zone
12794,32,Salinggogon,30.97,30.0,0.97,0.032,0.5804,confirmed,Forest Zone
12795,32,Salinggogon,30.67,30.0,0.67,0.022,0.6071,confirmed,Forest Zone
12809,32,Salinggogon,31.1,30.0,1.1,0.037,0.5689,unconfirmed,
12818,32,Salinggogon,30.05,30.0,0.05,0.002,0.6622,confirmed,Forest Zone
12843,32,Salinggogon,30.23,30.0,0.23,0.008,0.6462,confirmed,Forest Zone
12893,32,Salinggogon,31.53,30.0,1.53,0.051,0.5307,confirmed,Forest Zone
12894,32,Salinggogon,30.29,30.0,0.29,0.01,0.6409,confirmed,Forest Zone
12939,32,Salinggogon,30.45,30.0,0.45,0.015,0.6267,confirmed,Forest Zone
12945,32,Salinggogon,31.34,30.0,1.34,0.045,0.5476,confirmed,Forest Zone
12946,32,Salinggogon,30.35,30.0,0.35,0.012,0.6356,confirmed,Forest Zone
12949,32,Salinggogon,30.42,30.0,0.42,0.014,0.6293,confirmed,Forest Zone
13006,32,Salinggogon,31.67,30.0,1.67,0.056,0.5182,confirmed,Forest Zone
13008,32,Salinggogon,30.71,30.0,0.71,0.024,0.6036,confirmed,Forest Zone
13030,32,Salinggogon,31.57,30.0,1.57,0.052,0.5271,unconfirmed,
13049,32,Salinggogon,31.34,30.0,1.34,0.045,0.5476,confirmed,Forest Zone
13114,32,Salinggogon,31.0,30.0,1.0,0.033,0.5778,confirmed,Forest Zone
13250,32,Salinggogon,30.23,30.0,0.23,0.008,0.6462,unconfirmed,
13251,32,Salinggogon,30.71,30.0,0.71,0.024,0.6036,unconfirmed,
13259,32,Salinggogon,30.46,30.0,0.46,0.015,0.6258,unconfirmed,
13280,32,Salinggogon,30.56,30.0,0.56,0.019,0.6169,confirmed,Forest Zone
13283,32,Salinggogon,31.14,30.0,1.14,0.038,0.5653,confirmed,Forest Zone
13284,32,Salinggogon,30.55,30.0,0.55,0.018,0.6178,confirmed,Forest Zone
13338,32,Salinggogon,30.05,30.0,0.05,0.002,0.6622,confirmed,Forest Zone
13345,32,Salinggogon,31.07,30.0,1.07,0.036,0.5716,unconfirmed,
13368,32,Salinggogon,30.86,30.0,0.86,0.029,0.5902,unconfirmed,
13384,32,Salinggogon,30.78,30.0,0.78,0.026,0.5973,unconfirmed,
13449,32,Salinggogon,30.42,30.0,0.42,0.014,0.6293,confirmed,Forest Zone
13452,32,Salinggogon,30.16,30.0,0.16,0.005,0.6524,confirmed,Forest Zone
13454,32,Salinggogon,30.59,30.0,0.59,0.02,0.6142,unconfirmed,
13455,32,Salinggogon,31.42,30.0,1.42,0.047,0.5404,unconfirmed,
13464,32,Salinggogon,31.49,30.0,1.49,0.05,0.5342,unconfirmed,
13466,32,Salinggogon,31.8,30.0,1.8,0.06,0.5067,unconfirmed,
13467,32,Salinggogon,31.12,30.0,1.12,0.037,0.5671,unconfirmed,
13468,32,Salinggogon,30.44,30.0,0.44,0.015,0.6276,unconfirmed,
13477,32,Salinggogon,30.75,30.0,0.75,0.025,0.6,unconfirmed,
13499,32,Salinggogon,31.81,30.0,1.81,0.06,0.5058,unconfirmed,
13500,32,Salinggogon,30.75,30.0,0.75,0.025,0.6,unconfirmed,
13501,32,Salinggogon,30.59,30.0,0.59,0.02,0.6142,unconfirmed,
13555,32,Salinggogon,30.87,30.0,0.87,0.029,0.5893,unconfirmed,
13566,32,Salinggogon,30.83,30.0,0.83,0.028,0.5929,unconfirmed,
13569,32,Salinggogon,31.32,30.0,1.32,0.044,0.5493,unconfirmed,
13570,32,Salinggogon,31.01,30.0,1.01,0.034,0.5769,unconfirmed,
13578,32,Salinggogon,31.04,30.0,1.04,0.035,0.5742,unconfirmed,
13587,32,Salinggogon,30.29,30.0,0.29,0.01,0.6409,unconfirmed,
13591,32,Salinggogon,30.05,30.0,0.05,0.002,0.6622,unconfirmed,
13597,32,Salinggogon,30.35,30.0,0.35,0.012,0.6356,unconfirmed,
13605,32,Salinggogon,31.49,30.0,1.49,0.05,0.5342,unconfirmed,
13667,32,Salinggogon,31.04,30.0,1.04,0.035,0.5742,confirmed,Forest Zone
13777,32,Salinggogon,30.32,30.0,0.32,0.011,0.6382,unconfirmed,
13780,32,Salinggogon,31.53,30.0,1.53,0.051,0.5307,confirmed,Forest Zone
13787,32,Salinggogon,30.08,30.0,0.08,0.003,0.6596,unconfirmed,
13789,32,Salinggogon,30.25,30.0,0.25,0.008,0.6444,unconfirmed,
13808,32,Salinggogon,31.0,30.0,1.0,0.033,0.5778,unconfirmed,
13810,32,Salinggogon,30.17,30.0,0.17,0.006,0.6516,unconfirmed,
13811,32,Salinggogon,31.0,30.0,1.0,0.033,0.5778,unconfirmed,
13888,32,Salinggogon,31.78,30.0,1.78,0.059,0.5084,unconfirmed,
13891,32,Salinggogon,30.01,30.0,0.01,0.0,0.6658,unconfirmed,
13915,32,Salinggogon,30.03,30.0,0.03,0.001,0.664,unconfirmed,
13921,32,Salinggogon,30.02,30.0,0.02,0.001,0.6649,unconfirmed,
13936,32,Salinggogon,31.4,30.0,1.4,0.047,0.5422,unconfirmed,
13937,32,Salinggogon,30.63,30.0,0.63,0.021,0.6107,unconfirmed,
13950,32,Salinggogon,30.95,30.0,0.95,0.032,0.5822,confirmed,Forest Zone
14015,32,Salinggogon,30.05,30.0,0.05,0.002,0.6622,unconfirmed,
14018,32,Salinggogon,30.43,30.0,0.43,0.014,0.6284,unconfirmed,
14026,32,Salinggogon,30.03,30.0,0.03,0.001,0.664,unconfirmed,
14027,32,Salinggogon,30.03,30.0,0.03,0.001,0.664,unconfirmed,
14039,32,Salinggogon,30.01,30.0,0.01,0.0,0.6658,unconfirmed,
14040,32,Salinggogon,31.15,30.0,1.15,0.038,0.5644,unconfirmed,
14148,32,Salinggogon,31.65,30.0,1.65,0.055,0.52,unconfirmed,
14151,32,Salinggogon,31.67,30.0,1.67,0.056,0.5182,unconfirmed,
14157,32,Salinggogon,31.53,30.0,1.53,0.051,0.5307,unconfirmed,
14163,32,Salinggogon,30.53,30.0,0.53,0.018,0.6196,unconfirmed,
14263,32,Salinggogon,31.78,30.0,1.78,0.059,0.5084,unconfirmed,
14327,32,Salinggogon,30.62,30.0,0.62,0.021,0.6116,unconfirmed,
14335,32,Salinggogon,30.21,30.0,0.21,0.007,0.648,unconfirmed,
14350,32,Salinggogon,30.06,30.0,0.06,0.002,0.6613,unconfirmed,
14352,32,Salinggogon,30.65,30.0,0.65,0.022,0.6089,unconfirmed,
14394,32,Salinggogon,31.11,30.0,1.11,0.037,0.568,confirmed,Forest Zone
14453,32,Salinggogon,30.51,30.0,0.51,0.017,0.6213,unconfirmed,
14459,32,Salinggogon,31.42,30.0,1.42,0.047,0.5404,unconfirmed,
14460,32,Salinggogon,31.0,30.0,1.0,0.033,0.5778,unconfirmed,
14570,32,Salinggogon,30.23,30.0,0.23,0.008,0.6462,unconfirmed,
14580,32,Salinggogon,30.88,30.0,0.88,0.029,0.5884,unconfirmed,
14666,32,Salinggogon,30.05,30.0,0.05,0.002,0.6622,unconfirmed,
14788,32,Salinggogon,30.22,30.0,0.22,0.007,0.6471,unconfirmed,
15001,32,Salinggogon,30.84,30.0,0.84,0.028,0.592,unconfirmed,
15008,32,Salinggogon,31.23,30.0,1.23,0.041,0.5573,unconfirmed,
15010,32,Salinggogon,31.72,30.0,1.72,0.057,0.5138,unconfirmed,
15111,32,Salinggogon,30.98,30.0,0.98,0.033,0.5796,unconfirmed,
15117,32,Salinggogon,30.08,30.0,0.08,0.003,0.6596,unconfirmed,
15227,32,Salinggogon,30.22,30.0,0.22,0.007,0.6471,unconfirmed,
15658,32,Salinggogon,31.7,30.0,1.7,0.057,0.5156,unconfirmed,
15994,32,Salinggogon,30.21,30.0,0.21,0.007,0.648,unconfirmed,
16104,32,Salinggogon,30.93,30.0,0.93,0.031,0.584,unconfirmed,
16215,32,Salinggogon,30.53,30.0,0.53,0.018,0.6196,unconfirmed,
16324,32,Salinggogon,30.77,30.0,0.77,0.026,0.5982,unconfirmed,
16331,32,Salinggogon,31.04,30.0,1.04,0.035,0.5742,unconfirmed,
16551,32,Salinggogon,30.79,30.0,0.79,0.026,0.5964,unconfirmed,
16662,32,Salinggogon,31.34,30.0,1.34,0.045,0.5476,unconfirmed,
16766,32,Salinggogon,30.09,30.0,0.09,0.003,0.6587,unconfirmed,
16767,32,Salinggogon,30.09,30.0,0.09,0.003,0.6587,unconfirmed,
16878,32,Salinggogon,31.64,30.0,1.64,0.055,0.5209,unconfirmed,
3991,33,White Lauan,46.11,45.0,1.11,0.025,0.507,confirmed,Socialized Housing Zone
3992,33,White Lauan,45.02,45.0,0.02,0.0,0.5615,confirmed,Socialized Housing Zone
4720,33,White Lauan,45.82,45.0,0.82,0.018,0.5215,confirmed,Forest Zone
4830,33,White Lauan,45.93,45.0,0.93,0.021,0.516,confirmed,Forest Zone
4942,33,White Lauan,45.81,45.0,0.81,0.018,0.522,confirmed,Forest Zone
5051,33,White Lauan,45.58,45.0,0.58,0.013,0.5335,confirmed,Forest Zone
5258,33,White Lauan,45.74,45.0,0.74,0.016,0.5255,confirmed,Forest Zone
5375,33,White Lauan,45.28,45.0,0.28,0.006,0.5485,confirmed,Forest Zone
5380,33,White Lauan,45.67,45.0,0.67,0.015,0.529,confirmed,Forest Zone
5605,33,White Lauan,46.13,45.0,1.13,0.025,0.506,confirmed,Forest Zone
5921,33,White Lauan,46.07,45.0,1.07,0.024,0.509,confirmed,Forest Zone
6251,33,White Lauan,45.51,45.0,0.51,0.011,0.537,confirmed,Forest Zone
6367,33,White Lauan,45.56,45.0,0.56,0.012,0.5345,confirmed,Forest Zone
6424,33,White Lauan,45.29,45.0,0.29,0.006,0.548,unconfirmed,
6475,33,White Lauan,45.41,45.0,0.41,0.009,0.542,confirmed,Forest Zone
6814,33,White Lauan,45.08,45.0,0.08,0.002,0.5585,confirmed,Forest Zone
6855,33,White Lauan,45.28,45.0,0.28,0.006,0.5485,confirmed,Forest Zone
6856,33,White Lauan,45.01,45.0,0.01,0.0,0.562,confirmed,Forest Zone
6930,33,White Lauan,45.7,45.0,0.7,0.016,0.5275,confirmed,Forest Zone
6970,33,White Lauan,45.85,45.0,0.85,0.019,0.52,confirmed,Forest Zone
7039,33,White Lauan,45.31,45.0,0.31,0.007,0.547,confirmed,Forest Zone
7248,33,White Lauan,45.83,45.0,0.83,0.018,0.6175,confirmed,Forest Zone
7251,33,White Lauan,46.22,45.0,1.22,0.027,0.5944,confirmed,Forest Zone
7360,33,White Lauan,45.86,45.0,0.86,0.019,0.6157,confirmed,Institutional Research Zone
7361,33,White Lauan,47.46,45.0,2.46,0.055,0.5209,confirmed,Institutional Research Zone
7465,33,White Lauan,45.57,45.0,0.57,0.013,0.6329,confirmed,Forest Zone
7471,33,White Lauan,45.29,45.0,0.29,0.006,0.6495,confirmed,Institutional Research Zone
7594,33,White Lauan,45.81,45.0,0.81,0.018,0.522,confirmed,Forest Zone
7716,33,White Lauan,45.04,45.0,0.04,0.001,0.5605,confirmed,Forest Zone
7908,33,White Lauan,45.03,45.0,0.03,0.001,0.6649,confirmed,Forest Zone
7909,33,White Lauan,46.09,45.0,1.09,0.024,0.6021,confirmed,Institutional Research Zone
7910,33,White Lauan,46.4,45.0,1.4,0.031,0.5837,confirmed,Institutional Research Zone
8267,33,White Lauan,45.24,45.0,0.24,0.005,0.5505,confirmed,Forest Zone
8353,33,White Lauan,45.25,45.0,0.25,0.006,0.6519,confirmed,Forest Zone
8469,33,White Lauan,47.2,45.0,2.2,0.049,0.5363,confirmed,Forest Zone
8576,33,White Lauan,47.04,45.0,2.04,0.045,0.5458,confirmed,Forest Zone
8581,33,White Lauan,45.41,45.0,0.41,0.009,0.6424,confirmed,Forest Zone
8721,33,White Lauan,45.9,45.0,0.9,0.02,0.5175,confirmed,Forest Zone
8925,33,White Lauan,46.15,45.0,1.15,0.026,0.505,confirmed,Forest Zone
8926,33,White Lauan,46.21,45.0,1.21,0.027,0.502,confirmed,Forest Zone
9034,33,White Lauan,45.98,45.0,0.98,0.022,0.6086,confirmed,Forest Zone
9141,33,White Lauan,45.66,45.0,0.66,0.015,0.6276,confirmed,Forest Zone
9277,33,White Lauan,45.42,45.0,0.42,0.009,0.5415,confirmed,Forest Zone
9472,33,White Lauan,46.95,45.0,1.95,0.043,0.5511,confirmed,Forest Zone
9696,33,White Lauan,45.98,45.0,0.98,0.022,0.6086,confirmed,Forest Zone
9785,33,White Lauan,46.63,45.0,1.63,0.036,0.5701,confirmed,Forest Zone
9791,33,White Lauan,45.14,45.0,0.14,0.003,0.6584,confirmed,Forest Zone
10014,33,White Lauan,45.93,45.0,0.93,0.021,0.6116,confirmed,Forest Zone
10341,33,White Lauan,45.91,45.0,0.91,0.02,0.6127,confirmed,Forest Zone
10357,33,White Lauan,45.24,45.0,0.24,0.005,0.6524,confirmed,Forest Zone
10579,33,White Lauan,46.23,45.0,1.23,0.027,0.5938,confirmed,Forest Zone
10708,33,White Lauan,46.2,45.0,1.2,0.027,0.5956,confirmed,Forest Zone
11032,33,White Lauan,46.83,45.0,1.83,0.041,0.5582,confirmed,Forest Zone
11036,33,White Lauan,45.61,45.0,0.61,0.014,0.6305,confirmed,Forest Zone
11038,33,White Lauan,45.51,45.0,0.51,0.011,0.6364,confirmed,Forest Zone
11236,33,White Lauan,45.52,45.0,0.52,0.012,0.6359,confirmed,Forest Zone
11260,33,White Lauan,47.72,45.0,2.72,0.06,0.5055,confirmed,Forest Zone
11485,33,White Lauan,47.04,45.0,2.04,0.045,0.5458,confirmed,Forest Zone
11703,33,White Lauan,45.37,45.0,0.37,0.008,0.6447,confirmed,Forest Zone
11786,33,White Lauan,46.06,45.0,1.06,0.024,0.6039,confirmed,Forest Zone
11794,33,White Lauan,47.46,45.0,2.46,0.055,0.5209,confirmed,Forest Zone
11820,33,White Lauan,45.65,45.0,0.65,0.014,0.6281,confirmed,Forest Zone
11904,33,White Lauan,46.57,45.0,1.57,0.035,0.5736,confirmed,Forest Zone
11931,33,White Lauan,47.2,45.0,2.2,0.049,0.5363,confirmed,Forest Zone
12044,33,White Lauan,47.0,45.0,2.0,0.044,0.5481,confirmed,Forest Zone
12152,33,White Lauan,45.91,45.0,0.91,0.02,0.6127,confirmed,Forest Zone
12274,33,White Lauan,45.27,45.0,0.27,0.006,0.6507,confirmed,Forest Zone
12351,33,White Lauan,45.02,45.0,0.02,0.0,0.6655,confirmed,Forest Zone
12452,33,White Lauan,46.83,45.0,1.83,0.041,0.5582,confirmed,Forest Zone
12456,33,White Lauan,46.74,45.0,1.74,0.039,0.5636,confirmed,Forest Zone
12486,33,White Lauan,47.09,45.0,2.09,0.046,0.5428,confirmed,Forest Zone
12601,33,White Lauan,46.55,45.0,1.55,0.034,0.5748,confirmed,Forest Zone
12611,33,White Lauan,46.08,45.0,1.08,0.024,0.6027,confirmed,Forest Zone
12705,33,White Lauan,46.3,45.0,1.3,0.029,0.5896,confirmed,Forest Zone
12712,33,White Lauan,45.73,45.0,0.73,0.016,0.6234,confirmed,Forest Zone
12721,33,White Lauan,46.01,45.0,1.01,0.022,0.6068,confirmed,Forest Zone
12777,33,White Lauan,47.32,45.0,2.32,0.052,0.5292,unconfirmed,
12815,33,White Lauan,46.4,45.0,1.4,0.031,0.5837,confirmed,Forest Zone
12816,33,White Lauan,46.29,45.0,1.29,0.029,0.5902,confirmed,Forest Zone
12835,33,White Lauan,47.53,45.0,2.53,0.056,0.5167,confirmed,Forest Zone
12942,33,White Lauan,47.09,45.0,2.09,0.046,0.5428,confirmed,Forest Zone
13042,33,White Lauan,45.51,45.0,0.51,0.011,0.6364,unconfirmed,
13043,33,White Lauan,46.13,45.0,1.13,0.025,0.5997,unconfirmed,
13154,33,White Lauan,46.83,45.0,1.83,0.041,0.5582,unconfirmed,
13183,33,White Lauan,45.51,45.0,0.51,0.011,0.6364,confirmed,Forest Zone
13230,33,White Lauan,45.64,45.0,0.64,0.014,0.6287,confirmed,Forest Zone
13237,33,White Lauan,47.36,45.0,2.36,0.052,0.5268,unconfirmed,
13293,33,White Lauan,47.2,45.0,2.2,0.049,0.5363,confirmed,Forest Zone
13294,33,White Lauan,46.88,45.0,1.88,0.042,0.5553,confirmed,Forest Zone
13342,33,White Lauan,47.09,45.0,2.09,0.046,0.5428,confirmed,Forest Zone
13361,33,White Lauan,45.17,45.0,0.17,0.004,0.6566,unconfirmed,
13389,33,White Lauan,46.56,45.0,1.56,0.035,0.5742,unconfirmed,
13399,33,White Lauan,45.91,45.0,0.91,0.02,0.6127,confirmed,Forest Zone
13442,33,White Lauan,45.73,45.0,0.73,0.016,0.6234,unconfirmed,
13443,33,White Lauan,45.69,45.0,0.69,0.015,0.6258,unconfirmed,
13445,33,White Lauan,47.06,45.0,2.06,0.046,0.5446,confirmed,Forest Zone
13451,33,White Lauan,46.19,45.0,1.19,0.026,0.5961,confirmed,Forest Zone
13490,33,White Lauan,47.04,45.0,2.04,0.045,0.5458,unconfirmed,
13512,33,White Lauan,47.19,45.0,2.19,0.049,0.5369,confirmed,Forest Zone
13583,33,White Lauan,45.67,45.0,0.67,0.015,0.627,unconfirmed,
13584,33,White Lauan,45.55,45.0,0.55,0.012,0.6341,unconfirmed,
13602,33,White Lauan,45.25,45.0,0.25,0.006,0.6519,unconfirmed,
13622,33,White Lauan,45.24,45.0,0.24,0.005,0.6524,confirmed,Forest Zone
13685,33,White Lauan,45.03,45.0,0.03,0.001,0.6649,unconfirmed,
13705,33,White Lauan,47.79,45.0,2.79,0.062,0.5013,unconfirmed,
13707,33,White Lauan,46.38,45.0,1.38,0.031,0.5849,unconfirmed,
13709,33,White Lauan,45.03,45.0,0.03,0.001,0.6649,unconfirmed,
13925,33,White Lauan,45.2,45.0,0.2,0.004,0.6548,unconfirmed,
13940,33,White Lauan,46.84,45.0,1.84,0.041,0.5576,unconfirmed,
14112,33,White Lauan,46.54,45.0,1.54,0.034,0.5754,unconfirmed,
14174,33,White Lauan,46.68,45.0,1.68,0.037,0.5671,confirmed,Forest Zone
14216,33,White Lauan,46.36,45.0,1.36,0.03,0.5861,unconfirmed,
14223,33,White Lauan,47.73,45.0,2.73,0.061,0.5049,unconfirmed,
14261,33,White Lauan,47.57,45.0,2.57,0.057,0.5144,unconfirmed,
14267,33,White Lauan,46.73,45.0,1.73,0.038,0.5641,unconfirmed,
14273,33,White Lauan,46.75,45.0,1.75,0.039,0.563,unconfirmed,
14358,33,White Lauan,45.67,45.0,0.67,0.015,0.627,unconfirmed,
14370,33,White Lauan,47.7,45.0,2.7,0.06,0.5067,unconfirmed,
14458,33,White Lauan,45.67,45.0,0.67,0.015,0.627,unconfirmed,
14773,33,White Lauan,46.25,45.0,1.25,0.028,0.5926,unconfirmed,
14775,33,White Lauan,47.03,45.0,2.03,0.045,0.5464,unconfirmed,
14779,33,White Lauan,46.11,45.0,1.11,0.025,0.6009,unconfirmed,
14790,33,White Lauan,45.58,45.0,0.58,0.013,0.6323,unconfirmed,
14793,33,White Lauan,46.45,45.0,1.45,0.032,0.5807,unconfirmed,
14893,33,White Lauan,47.8,45.0,2.8,0.062,0.5007,unconfirmed,
14999,33,White Lauan,45.13,45.0,0.13,0.003,0.659,unconfirmed,
15002,33,White Lauan,45.39,45.0,0.39,0.009,0.6436,unconfirmed,
15107,33,White Lauan,45.68,45.0,0.68,0.015,0.6264,unconfirmed,
15113,33,White Lauan,46.55,45.0,1.55,0.034,0.5748,unconfirmed,
15218,33,White Lauan,45.89,45.0,0.89,0.02,0.6139,unconfirmed,
15442,33,White Lauan,47.57,45.0,2.57,0.057,0.5144,unconfirmed,
15444,33,White Lauan,45.9,45.0,0.9,0.02,0.6133,unconfirmed,
15549,33,White Lauan,45.93,45.0,0.93,0.021,0.6116,unconfirmed,
15551,33,White Lauan,47.01,45.0,2.01,0.045,0.5476,unconfirmed,
15553,33,White Lauan,46.37,45.0,1.37,0.03,0.5855,unconfirmed,
15771,33,White Lauan,47.28,45.0,2.28,0.051,0.5316,unconfirmed,
15775,33,White Lauan,47.8,45.0,2.8,0.062,0.5007,unconfirmed,
16220,33,White Lauan,46.25,45.0,1.25,0.028,0.5926,unconfirmed,
3991,34,Red Lauan,46.11,45.0,1.11,0.025,0.507,confirmed,Socialized Housing Zone
3992,34,Red Lauan,45.02,45.0,0.02,0.0,0.5615,confirmed,Socialized Housing Zone
4720,34,Red Lauan,45.82,45.0,0.82,0.018,0.5215,confirmed,Forest Zone
4830,34,Red Lauan,45.93,45.0,0.93,0.021,0.516,confirmed,Forest Zone
4942,34,Red Lauan,45.81,45.0,0.81,0.018,0.522,confirmed,Forest Zone
5051,34,Red Lauan,45.58,45.0,0.58,0.013,0.5335,confirmed,Forest Zone
5258,34,Red Lauan,45.74,45.0,0.74,0.016,0.5255,confirmed,Forest Zone
5375,34,Red Lauan,45.28,45.0,0.28,0.006,0.5485,confirmed,Forest Zone
5380,34,Red Lauan,45.67,45.0,0.67,0.015,0.529,confirmed,Forest Zone
5605,34,Red Lauan,46.13,45.0,1.13,0.025,0.506,confirmed,Forest Zone
5921,34,Red Lauan,46.07,45.0,1.07,0.024,0.509,confirmed,Forest Zone
6251,34,Red Lauan,45.51,45.0,0.51,0.011,0.537,confirmed,Forest Zone
6367,34,Red Lauan,45.56,45.0,0.56,0.012,0.5345,confirmed,Forest Zone
6424,34,Red Lauan,45.29,45.0,0.29,0.006,0.548,unconfirmed,
6475,34,Red Lauan,45.41,45.0,0.41,0.009,0.542,confirmed,Forest Zone
6814,34,Red Lauan,45.08,45.0,0.08,0.002,0.5585,confirmed,Forest Zone
6855,34,Red Lauan,45.28,45.0,0.28,0.006,0.5485,confirmed,Forest Zone
6856,34,Red Lauan,45.01,45.0,0.01,0.0,0.562,confirmed,Forest Zone
6930,34,Red Lauan,45.7,45.0,0.7,0.016,0.5275,confirmed,Forest Zone
6970,34,Red Lauan,45.85,45.0,0.85,0.019,0.52,confirmed,Forest Zone
7039,34,Red Lauan,45.31,45.0,0.31,0.007,0.547,confirmed,Forest Zone
7248,34,Red Lauan,45.83,45.0,0.83,0.018,0.6175,confirmed,Forest Zone
7251,34,Red Lauan,46.22,45.0,1.22,0.027,0.5944,confirmed,Forest Zone
7360,34,Red Lauan,45.86,45.0,0.86,0.019,0.6157,confirmed,Institutional Research Zone
7361,34,Red Lauan,47.46,45.0,2.46,0.055,0.5209,confirmed,Institutional Research Zone
7465,34,Red Lauan,45.57,45.0,0.57,0.013,0.6329,confirmed,Forest Zone
7471,34,Red Lauan,45.29,45.0,0.29,0.006,0.6495,confirmed,Institutional Research Zone
7594,34,Red Lauan,45.81,45.0,0.81,0.018,0.522,confirmed,Forest Zone
7716,34,Red Lauan,45.04,45.0,0.04,0.001,0.5605,confirmed,Forest Zone
7908,34,Red Lauan,45.03,45.0,0.03,0.001,0.6649,confirmed,Forest Zone
7909,34,Red Lauan,46.09,45.0,1.09,0.024,0.6021,confirmed,Institutional Research Zone
7910,34,Red Lauan,46.4,45.0,1.4,0.031,0.5837,confirmed,Institutional Research Zone
8267,34,Red Lauan,45.24,45.0,0.24,0.005,0.5505,confirmed,Forest Zone
8353,34,Red Lauan,45.25,45.0,0.25,0.006,0.6519,confirmed,Forest Zone
8469,34,Red Lauan,47.2,45.0,2.2,0.049,0.5363,confirmed,Forest Zone
8576,34,Red Lauan,47.04,45.0,2.04,0.045,0.5458,confirmed,Forest Zone
8581,34,Red Lauan,45.41,45.0,0.41,0.009,0.6424,confirmed,Forest Zone
8721,34,Red Lauan,45.9,45.0,0.9,0.02,0.5175,confirmed,Forest Zone
8925,34,Red Lauan,46.15,45.0,1.15,0.026,0.505,confirmed,Forest Zone
8926,34,Red Lauan,46.21,45.0,1.21,0.027,0.502,confirmed,Forest Zone
9034,34,Red Lauan,45.98,45.0,0.98,0.022,0.6086,confirmed,Forest Zone
9141,34,Red Lauan,45.66,45.0,0.66,0.015,0.6276,confirmed,Forest Zone
9277,34,Red Lauan,45.42,45.0,0.42,0.009,0.5415,confirmed,Forest Zone
9472,34,Red Lauan,46.95,45.0,1.95,0.043,0.5511,confirmed,Forest Zone
9696,34,Red Lauan,45.98,45.0,0.98,0.022,0.6086,confirmed,Forest Zone
9785,34,Red Lauan,46.63,45.0,1.63,0.036,0.5701,confirmed,Forest Zone
9791,34,Red Lauan,45.14,45.0,0.14,0.003,0.6584,confirmed,Forest Zone
10014,34,Red Lauan,45.93,45.0,0.93,0.021,0.6116,confirmed,Forest Zone
10341,34,Red Lauan,45.91,45.0,0.91,0.02,0.6127,confirmed,Forest Zone
10357,34,Red Lauan,45.24,45.0,0.24,0.005,0.6524,confirmed,Forest Zone
10579,34,Red Lauan,46.23,45.0,1.23,0.027,0.5938,confirmed,Forest Zone
10708,34,Red Lauan,46.2,45.0,1.2,0.027,0.5956,confirmed,Forest Zone
11032,34,Red Lauan,46.83,45.0,1.83,0.041,0.5582,confirmed,Forest Zone
11036,34,Red Lauan,45.61,45.0,0.61,0.014,0.6305,confirmed,Forest Zone
11038,34,Red Lauan,45.51,45.0,0.51,0.011,0.6364,confirmed,Forest Zone
11236,34,Red Lauan,45.52,45.0,0.52,0.012,0.6359,confirmed,Forest Zone
11260,34,Red Lauan,47.72,45.0,2.72,0.06,0.5055,confirmed,Forest Zone
11485,34,Red Lauan,47.04,45.0,2.04,0.045,0.5458,confirmed,Forest Zone
11703,34,Red Lauan,45.37,45.0,0.37,0.008,0.6447,confirmed,Forest Zone
11786,34,Red Lauan,46.06,45.0,1.06,0.024,0.6039,confirmed,Forest Zone
11794,34,Red Lauan,47.46,45.0,2.46,0.055,0.5209,confirmed,Forest Zone
11820,34,Red Lauan,45.65,45.0,0.65,0.014,0.6281,confirmed,Forest Zone
11904,34,Red Lauan,46.57,45.0,1.57,0.035,0.5736,confirmed,Forest Zone
11931,34,Red Lauan,47.2,45.0,2.2,0.049,0.5363,confirmed,Forest Zone
12044,34,Red Lauan,47.0,45.0,2.0,0.044,0.5481,confirmed,Forest Zone
12152,34,Red Lauan,45.91,45.0,0.91,0.02,0.6127,confirmed,Forest Zone
12274,34,Red Lauan,45.27,45.0,0.27,0.006,0.6507,confirmed,Forest Zone
12351,34,Red Lauan,45.02,45.0,0.02,0.0,0.6655,confirmed,Forest Zone
12452,34,Red Lauan,46.83,45.0,1.83,0.041,0.5582,confirmed,Forest Zone
12456,34,Red Lauan,46.74,45.0,1.74,0.039,0.5636,confirmed,Forest Zone
12486,34,Red Lauan,47.09,45.0,2.09,0.046,0.5428,confirmed,Forest Zone
12601,34,Red Lauan,46.55,45.0,1.55,0.034,0.5748,confirmed,Forest Zone
12611,34,Red Lauan,46.08,45.0,1.08,0.024,0.6027,confirmed,Forest Zone
12705,34,Red Lauan,46.3,45.0,1.3,0.029,0.5896,confirmed,Forest Zone
12712,34,Red Lauan,45.73,45.0,0.73,0.016,0.6234,confirmed,Forest Zone
12721,34,Red Lauan,46.01,45.0,1.01,0.022,0.6068,confirmed,Forest Zone
12777,34,Red Lauan,47.32,45.0,2.32,0.052,0.5292,unconfirmed,
12815,34,Red Lauan,46.4,45.0,1.4,0.031,0.5837,confirmed,Forest Zone
12816,34,Red Lauan,46.29,45.0,1.29,0.029,0.5902,confirmed,Forest Zone
12835,34,Red Lauan,47.53,45.0,2.53,0.056,0.5167,confirmed,Forest Zone
12942,34,Red Lauan,47.09,45.0,2.09,0.046,0.5428,confirmed,Forest Zone
13042,34,Red Lauan,45.51,45.0,0.51,0.011,0.6364,unconfirmed,
13043,34,Red Lauan,46.13,45.0,1.13,0.025,0.5997,unconfirmed,
13154,34,Red Lauan,46.83,45.0,1.83,0.041,0.5582,unconfirmed,
13183,34,Red Lauan,45.51,45.0,0.51,0.011,0.6364,confirmed,Forest Zone
13230,34,Red Lauan,45.64,45.0,0.64,0.014,0.6287,confirmed,Forest Zone
13237,34,Red Lauan,47.36,45.0,2.36,0.052,0.5268,unconfirmed,
13293,34,Red Lauan,47.2,45.0,2.2,0.049,0.5363,confirmed,Forest Zone
13294,34,Red Lauan,46.88,45.0,1.88,0.042,0.5553,confirmed,Forest Zone
13342,34,Red Lauan,47.09,45.0,2.09,0.046,0.5428,confirmed,Forest Zone
13361,34,Red Lauan,45.17,45.0,0.17,0.004,0.6566,unconfirmed,
13389,34,Red Lauan,46.56,45.0,1.56,0.035,0.5742,unconfirmed,
13399,34,Red Lauan,45.91,45.0,0.91,0.02,0.6127,confirmed,Forest Zone
13442,34,Red Lauan,45.73,45.0,0.73,0.016,0.6234,unconfirmed,
13443,34,Red Lauan,45.69,45.0,0.69,0.015,0.6258,unconfirmed,
13445,34,Red Lauan,47.06,45.0,2.06,0.046,0.5446,confirmed,Forest Zone
13451,34,Red Lauan,46.19,45.0,1.19,0.026,0.5961,confirmed,Forest Zone
13490,34,Red Lauan,47.04,45.0,2.04,0.045,0.5458,unconfirmed,
13512,34,Red Lauan,47.19,45.0,2.19,0.049,0.5369,confirmed,Forest Zone
13583,34,Red Lauan,45.67,45.0,0.67,0.015,0.627,unconfirmed,
13584,34,Red Lauan,45.55,45.0,0.55,0.012,0.6341,unconfirmed,
13602,34,Red Lauan,45.25,45.0,0.25,0.006,0.6519,unconfirmed,
13622,34,Red Lauan,45.24,45.0,0.24,0.005,0.6524,confirmed,Forest Zone
13685,34,Red Lauan,45.03,45.0,0.03,0.001,0.6649,unconfirmed,
13705,34,Red Lauan,47.79,45.0,2.79,0.062,0.5013,unconfirmed,
13707,34,Red Lauan,46.38,45.0,1.38,0.031,0.5849,unconfirmed,
13709,34,Red Lauan,45.03,45.0,0.03,0.001,0.6649,unconfirmed,
13925,34,Red Lauan,45.2,45.0,0.2,0.004,0.6548,unconfirmed,
13940,34,Red Lauan,46.84,45.0,1.84,0.041,0.5576,unconfirmed,
14112,34,Red Lauan,46.54,45.0,1.54,0.034,0.5754,unconfirmed,
14174,34,Red Lauan,46.68,45.0,1.68,0.037,0.5671,confirmed,Forest Zone
14216,34,Red Lauan,46.36,45.0,1.36,0.03,0.5861,unconfirmed,
14223,34,Red Lauan,47.73,45.0,2.73,0.061,0.5049,unconfirmed,
14261,34,Red Lauan,47.57,45.0,2.57,0.057,0.5144,unconfirmed,
14267,34,Red Lauan,46.73,45.0,1.73,0.038,0.5641,unconfirmed,
14273,34,Red Lauan,46.75,45.0,1.75,0.039,0.563,unconfirmed,
14358,34,Red Lauan,45.67,45.0,0.67,0.015,0.627,unconfirmed,
14370,34,Red Lauan,47.7,45.0,2.7,0.06,0.5067,unconfirmed,
14458,34,Red Lauan,45.67,45.0,0.67,0.015,0.627,unconfirmed,
14773,34,Red Lauan,46.25,45.0,1.25,0.028,0.5926,unconfirmed,
14775,34,Red Lauan,47.03,45.0,2.03,0.045,0.5464,unconfirmed,
14779,34,Red Lauan,46.11,45.0,1.11,0.025,0.6009,unconfirmed,
14790,34,Red Lauan,45.58,45.0,0.58,0.013,0.6323,unconfirmed,
14793,34,Red Lauan,46.45,45.0,1.45,0.032,0.5807,unconfirmed,
14893,34,Red Lauan,47.8,45.0,2.8,0.062,0.5007,unconfirmed,
14999,34,Red Lauan,45.13,45.0,0.13,0.003,0.659,unconfirmed,
15002,34,Red Lauan,45.39,45.0,0.39,0.009,0.6436,unconfirmed,
15107,34,Red Lauan,45.68,45.0,0.68,0.015,0.6264,unconfirmed,
15113,34,Red Lauan,46.55,45.0,1.55,0.034,0.5748,unconfirmed,
15218,34,Red Lauan,45.89,45.0,0.89,0.02,0.6139,unconfirmed,
15442,34,Red Lauan,47.57,45.0,2.57,0.057,0.5144,unconfirmed,
15444,34,Red Lauan,45.9,45.0,0.9,0.02,0.6133,unconfirmed,
15549,34,Red Lauan,45.93,45.0,0.93,0.021,0.6116,unconfirmed,
15551,34,Red Lauan,47.01,45.0,2.01,0.045,0.5476,unconfirmed,
15553,34,Red Lauan,46.37,45.0,1.37,0.03,0.5855,unconfirmed,
15771,34,Red Lauan,47.28,45.0,2.28,0.051,0.5316,unconfirmed,
15775,34,Red Lauan,47.8,45.0,2.8,0.062,0.5007,unconfirmed,
16220,34,Red Lauan,46.25,45.0,1.25,0.028,0.5926,unconfirmed,
3991,35,Bagtikan,46.11,45.0,1.11,0.025,0.507,confirmed,Socialized Housing Zone
3992,35,Bagtikan,45.02,45.0,0.02,0.0,0.5615,confirmed,Socialized Housing Zone
4720,35,Bagtikan,45.82,45.0,0.82,0.018,0.5215,confirmed,Forest Zone
4830,35,Bagtikan,45.93,45.0,0.93,0.021,0.516,confirmed,Forest Zone
4942,35,Bagtikan,45.81,45.0,0.81,0.018,0.522,confirmed,Forest Zone
5051,35,Bagtikan,45.58,45.0,0.58,0.013,0.5335,confirmed,Forest Zone
5258,35,Bagtikan,45.74,45.0,0.74,0.016,0.5255,confirmed,Forest Zone
5375,35,Bagtikan,45.28,45.0,0.28,0.006,0.5485,confirmed,Forest Zone
5380,35,Bagtikan,45.67,45.0,0.67,0.015,0.529,confirmed,Forest Zone
5605,35,Bagtikan,46.13,45.0,1.13,0.025,0.506,confirmed,Forest Zone
5921,35,Bagtikan,46.07,45.0,1.07,0.024,0.509,confirmed,Forest Zone
6251,35,Bagtikan,45.51,45.0,0.51,0.011,0.537,confirmed,Forest Zone
6367,35,Bagtikan,45.56,45.0,0.56,0.012,0.5345,confirmed,Forest Zone
6424,35,Bagtikan,45.29,45.0,0.29,0.006,0.548,unconfirmed,
6475,35,Bagtikan,45.41,45.0,0.41,0.009,0.542,confirmed,Forest Zone
6814,35,Bagtikan,45.08,45.0,0.08,0.002,0.5585,confirmed,Forest Zone
6855,35,Bagtikan,45.28,45.0,0.28,0.006,0.5485,confirmed,Forest Zone
6856,35,Bagtikan,45.01,45.0,0.01,0.0,0.562,confirmed,Forest Zone
6930,35,Bagtikan,45.7,45.0,0.7,0.016,0.5275,confirmed,Forest Zone
6970,35,Bagtikan,45.85,45.0,0.85,0.019,0.52,confirmed,Forest Zone
7039,35,Bagtikan,45.31,45.0,0.31,0.007,0.547,confirmed,Forest Zone
7248,35,Bagtikan,45.83,45.0,0.83,0.018,0.6175,confirmed,Forest Zone
7251,35,Bagtikan,46.22,45.0,1.22,0.027,0.5944,confirmed,Forest Zone
7360,35,Bagtikan,45.86,45.0,0.86,0.019,0.6157,confirmed,Institutional Research Zone
7361,35,Bagtikan,47.46,45.0,2.46,0.055,0.5209,confirmed,Institutional Research Zone
7465,35,Bagtikan,45.57,45.0,0.57,0.013,0.6329,confirmed,Forest Zone
7471,35,Bagtikan,45.29,45.0,0.29,0.006,0.6495,confirmed,Institutional Research Zone
7594,35,Bagtikan,45.81,45.0,0.81,0.018,0.522,confirmed,Forest Zone
7716,35,Bagtikan,45.04,45.0,0.04,0.001,0.5605,confirmed,Forest Zone
7908,35,Bagtikan,45.03,45.0,0.03,0.001,0.6649,confirmed,Forest Zone
7909,35,Bagtikan,46.09,45.0,1.09,0.024,0.6021,confirmed,Institutional Research Zone
7910,35,Bagtikan,46.4,45.0,1.4,0.031,0.5837,confirmed,Institutional Research Zone
8267,35,Bagtikan,45.24,45.0,0.24,0.005,0.5505,confirmed,Forest Zone
8353,35,Bagtikan,45.25,45.0,0.25,0.006,0.6519,confirmed,Forest Zone
8469,35,Bagtikan,47.2,45.0,2.2,0.049,0.5363,confirmed,Forest Zone
8576,35,Bagtikan,47.04,45.0,2.04,0.045,0.5458,confirmed,Forest Zone
8581,35,Bagtikan,45.41,45.0,0.41,0.009,0.6424,confirmed,Forest Zone
8721,35,Bagtikan,45.9,45.0,0.9,0.02,0.5175,confirmed,Forest Zone
8925,35,Bagtikan,46.15,45.0,1.15,0.026,0.505,confirmed,Forest Zone
8926,35,Bagtikan,46.21,45.0,1.21,0.027,0.502,confirmed,Forest Zone
9034,35,Bagtikan,45.98,45.0,0.98,0.022,0.6086,confirmed,Forest Zone
9141,35,Bagtikan,45.66,45.0,0.66,0.015,0.6276,confirmed,Forest Zone
9277,35,Bagtikan,45.42,45.0,0.42,0.009,0.5415,confirmed,Forest Zone
9472,35,Bagtikan,46.95,45.0,1.95,0.043,0.5511,confirmed,Forest Zone
9696,35,Bagtikan,45.98,45.0,0.98,0.022,0.6086,confirmed,Forest Zone
9785,35,Bagtikan,46.63,45.0,1.63,0.036,0.5701,confirmed,Forest Zone
9791,35,Bagtikan,45.14,45.0,0.14,0.003,0.6584,confirmed,Forest Zone
10014,35,Bagtikan,45.93,45.0,0.93,0.021,0.6116,confirmed,Forest Zone
10341,35,Bagtikan,45.91,45.0,0.91,0.02,0.6127,confirmed,Forest Zone
10357,35,Bagtikan,45.24,45.0,0.24,0.005,0.6524,confirmed,Forest Zone
10579,35,Bagtikan,46.23,45.0,1.23,0.027,0.5938,confirmed,Forest Zone
10708,35,Bagtikan,46.2,45.0,1.2,0.027,0.5956,confirmed,Forest Zone
11032,35,Bagtikan,46.83,45.0,1.83,0.041,0.5582,confirmed,Forest Zone
11036,35,Bagtikan,45.61,45.0,0.61,0.014,0.6305,confirmed,Forest Zone
11038,35,Bagtikan,45.51,45.0,0.51,0.011,0.6364,confirmed,Forest Zone
11236,35,Bagtikan,45.52,45.0,0.52,0.012,0.6359,confirmed,Forest Zone
11260,35,Bagtikan,47.72,45.0,2.72,0.06,0.5055,confirmed,Forest Zone
11485,35,Bagtikan,47.04,45.0,2.04,0.045,0.5458,confirmed,Forest Zone
11703,35,Bagtikan,45.37,45.0,0.37,0.008,0.6447,confirmed,Forest Zone
11786,35,Bagtikan,46.06,45.0,1.06,0.024,0.6039,confirmed,Forest Zone
11794,35,Bagtikan,47.46,45.0,2.46,0.055,0.5209,confirmed,Forest Zone
11820,35,Bagtikan,45.65,45.0,0.65,0.014,0.6281,confirmed,Forest Zone
11904,35,Bagtikan,46.57,45.0,1.57,0.035,0.5736,confirmed,Forest Zone
11931,35,Bagtikan,47.2,45.0,2.2,0.049,0.5363,confirmed,Forest Zone
12044,35,Bagtikan,47.0,45.0,2.0,0.044,0.5481,confirmed,Forest Zone
12152,35,Bagtikan,45.91,45.0,0.91,0.02,0.6127,confirmed,Forest Zone
12274,35,Bagtikan,45.27,45.0,0.27,0.006,0.6507,confirmed,Forest Zone
12351,35,Bagtikan,45.02,45.0,0.02,0.0,0.6655,confirmed,Forest Zone
12452,35,Bagtikan,46.83,45.0,1.83,0.041,0.5582,confirmed,Forest Zone
12456,35,Bagtikan,46.74,45.0,1.74,0.039,0.5636,confirmed,Forest Zone
12486,35,Bagtikan,47.09,45.0,2.09,0.046,0.5428,confirmed,Forest Zone
12601,35,Bagtikan,46.55,45.0,1.55,0.034,0.5748,confirmed,Forest Zone
12611,35,Bagtikan,46.08,45.0,1.08,0.024,0.6027,confirmed,Forest Zone
12705,35,Bagtikan,46.3,45.0,1.3,0.029,0.5896,confirmed,Forest Zone
12712,35,Bagtikan,45.73,45.0,0.73,0.016,0.6234,confirmed,Forest Zone
12721,35,Bagtikan,46.01,45.0,1.01,0.022,0.6068,confirmed,Forest Zone
12777,35,Bagtikan,47.32,45.0,2.32,0.052,0.5292,unconfirmed,
12815,35,Bagtikan,46.4,45.0,1.4,0.031,0.5837,confirmed,Forest Zone
12816,35,Bagtikan,46.29,45.0,1.29,0.029,0.5902,confirmed,Forest Zone
12835,35,Bagtikan,47.53,45.0,2.53,0.056,0.5167,confirmed,Forest Zone
12942,35,Bagtikan,47.09,45.0,2.09,0.046,0.5428,confirmed,Forest Zone
13042,35,Bagtikan,45.51,45.0,0.51,0.011,0.6364,unconfirmed,
13043,35,Bagtikan,46.13,45.0,1.13,0.025,0.5997,unconfirmed,
13154,35,Bagtikan,46.83,45.0,1.83,0.041,0.5582,unconfirmed,
13183,35,Bagtikan,45.51,45.0,0.51,0.011,0.6364,confirmed,Forest Zone
13230,35,Bagtikan,45.64,45.0,0.64,0.014,0.6287,confirmed,Forest Zone
13237,35,Bagtikan,47.36,45.0,2.36,0.052,0.5268,unconfirmed,
13293,35,Bagtikan,47.2,45.0,2.2,0.049,0.5363,confirmed,Forest Zone
13294,35,Bagtikan,46.88,45.0,1.88,0.042,0.5553,confirmed,Forest Zone
13342,35,Bagtikan,47.09,45.0,2.09,0.046,0.5428,confirmed,Forest Zone
13361,35,Bagtikan,45.17,45.0,0.17,0.004,0.6566,unconfirmed,
13389,35,Bagtikan,46.56,45.0,1.56,0.035,0.5742,unconfirmed,
13399,35,Bagtikan,45.91,45.0,0.91,0.02,0.6127,confirmed,Forest Zone
13442,35,Bagtikan,45.73,45.0,0.73,0.016,0.6234,unconfirmed,
13443,35,Bagtikan,45.69,45.0,0.69,0.015,0.6258,unconfirmed,
13445,35,Bagtikan,47.06,45.0,2.06,0.046,0.5446,confirmed,Forest Zone
13451,35,Bagtikan,46.19,45.0,1.19,0.026,0.5961,confirmed,Forest Zone
13490,35,Bagtikan,47.04,45.0,2.04,0.045,0.5458,unconfirmed,
13512,35,Bagtikan,47.19,45.0,2.19,0.049,0.5369,confirmed,Forest Zone
13583,35,Bagtikan,45.67,45.0,0.67,0.015,0.627,unconfirmed,
13584,35,Bagtikan,45.55,45.0,0.55,0.012,0.6341,unconfirmed,
13602,35,Bagtikan,45.25,45.0,0.25,0.006,0.6519,unconfirmed,
13622,35,Bagtikan,45.24,45.0,0.24,0.005,0.6524,confirmed,Forest Zone
13685,35,Bagtikan,45.03,45.0,0.03,0.001,0.6649,unconfirmed,
13705,35,Bagtikan,47.79,45.0,2.79,0.062,0.5013,unconfirmed,
13707,35,Bagtikan,46.38,45.0,1.38,0.031,0.5849,unconfirmed,
13709,35,Bagtikan,45.03,45.0,0.03,0.001,0.6649,unconfirmed,
13925,35,Bagtikan,45.2,45.0,0.2,0.004,0.6548,unconfirmed,
13940,35,Bagtikan,46.84,45.0,1.84,0.041,0.5576,unconfirmed,
14112,35,Bagtikan,46.54,45.0,1.54,0.034,0.5754,unconfirmed,
14174,35,Bagtikan,46.68,45.0,1.68,0.037,0.5671,confirmed,Forest Zone
14216,35,Bagtikan,46.36,45.0,1.36,0.03,0.5861,unconfirmed,
14223,35,Bagtikan,47.73,45.0,2.73,0.061,0.5049,unconfirmed,
14261,35,Bagtikan,47.57,45.0,2.57,0.057,0.5144,unconfirmed,
14267,35,Bagtikan,46.73,45.0,1.73,0.038,0.5641,unconfirmed,
14273,35,Bagtikan,46.75,45.0,1.75,0.039,0.563,unconfirmed,
14358,35,Bagtikan,45.67,45.0,0.67,0.015,0.627,unconfirmed,
14370,35,Bagtikan,47.7,45.0,2.7,0.06,0.5067,unconfirmed,
14458,35,Bagtikan,45.67,45.0,0.67,0.015,0.627,unconfirmed,
14773,35,Bagtikan,46.25,45.0,1.25,0.028,0.5926,unconfirmed,
14775,35,Bagtikan,47.03,45.0,2.03,0.045,0.5464,unconfirmed,
14779,35,Bagtikan,46.11,45.0,1.11,0.025,0.6009,unconfirmed,
14790,35,Bagtikan,45.58,45.0,0.58,0.013,0.6323,unconfirmed,
14793,35,Bagtikan,46.45,45.0,1.45,0.032,0.5807,unconfirmed,
14893,35,Bagtikan,47.8,45.0,2.8,0.062,0.5007,unconfirmed,
14999,35,Bagtikan,45.13,45.0,0.13,0.003,0.659,unconfirmed,
15002,35,Bagtikan,45.39,45.0,0.39,0.009,0.6436,unconfirmed,
15107,35,Bagtikan,45.68,45.0,0.68,0.015,0.6264,unconfirmed,
15113,35,Bagtikan,46.55,45.0,1.55,0.034,0.5748,unconfirmed,
15218,35,Bagtikan,45.89,45.0,0.89,0.02,0.6139,unconfirmed,
15442,35,Bagtikan,47.57,45.0,2.57,0.057,0.5144,unconfirmed,
15444,35,Bagtikan,45.9,45.0,0.9,0.02,0.6133,unconfirmed,
15549,35,Bagtikan,45.93,45.0,0.93,0.021,0.6116,unconfirmed,
15551,35,Bagtikan,47.01,45.0,2.01,0.045,0.5476,unconfirmed,
15553,35,Bagtikan,46.37,45.0,1.37,0.03,0.5855,unconfirmed,
15771,35,Bagtikan,47.28,45.0,2.28,0.051,0.5316,unconfirmed,
15775,35,Bagtikan,47.8,45.0,2.8,0.062,0.5007,unconfirmed,
16220,35,Bagtikan,46.25,45.0,1.25,0.028,0.5926,unconfirmed,
5492,36,Robusta (Coffee),30.06,30.0,0.06,0.002,0.558,confirmed,Forest Zone
6168,36,Robusta (Coffee),30.69,30.0,0.69,0.023,0.5107,confirmed,Forest Zone
7048,36,Robusta (Coffee),30.63,30.0,0.63,0.021,0.5153,confirmed,Sanitary Landfill
7495,36,Robusta (Coffee),30.03,30.0,0.03,0.001,0.5602,confirmed,Forest Zone
7853,36,Robusta (Coffee),30.66,30.0,0.66,0.022,0.513,confirmed,Forest Zone
9365,36,Robusta (Coffee),31.3,30.0,1.3,0.043,0.5511,confirmed,Forest Zone
10602,36,Robusta (Coffee),30.98,30.0,0.98,0.033,0.5042,confirmed,Institutional Research Zone
10711,36,Robusta (Coffee),30.09,30.0,0.09,0.003,0.5599,confirmed,Forest Zone
12055,36,Robusta (Coffee),31.4,30.0,1.4,0.047,0.5422,confirmed,Forest Zone
12388,36,Robusta (Coffee),30.55,30.0,0.55,0.018,0.6178,confirmed,Forest Zone
12389,36,Robusta (Coffee),31.83,30.0,1.83,0.061,0.504,confirmed,Forest Zone
12408,36,Robusta (Coffee),31.34,30.0,1.34,0.045,0.5476,confirmed,Forest Zone
12504,36,Robusta (Coffee),31.58,30.0,1.58,0.053,0.5262,confirmed,Forest Zone
12505,36,Robusta (Coffee),31.59,30.0,1.59,0.053,0.5253,confirmed,Forest Zone
12729,36,Robusta (Coffee),30.46,30.0,0.46,0.015,0.6258,confirmed,Forest Zone
12843,36,Robusta (Coffee),30.23,30.0,0.23,0.008,0.6462,confirmed,Forest Zone
13345,36,Robusta (Coffee),31.07,30.0,1.07,0.036,0.5716,unconfirmed,
13449,36,Robusta (Coffee),30.42,30.0,0.42,0.014,0.5161,confirmed,Forest Zone
13454,36,Robusta (Coffee),30.59,30.0,0.59,0.02,0.6142,unconfirmed,
13455,36,Robusta (Coffee),31.42,30.0,1.42,0.047,0.5404,unconfirmed,
13555,36,Robusta (Coffee),30.87,30.0,0.87,0.029,0.5893,unconfirmed,
13566,36,Robusta (Coffee),30.83,30.0,0.83,0.028,0.5929,unconfirmed,
13569,36,Robusta (Coffee),31.32,30.0,1.32,0.044,0.5493,unconfirmed,
13570,36,Robusta (Coffee),31.01,30.0,1.01,0.034,0.5769,unconfirmed,
13667,36,Robusta (Coffee),31.04,30.0,1.04,0.035,0.5742,confirmed,Forest Zone
13777,36,Robusta (Coffee),30.32,30.0,0.32,0.011,0.6382,unconfirmed,
13787,36,Robusta (Coffee),30.08,30.0,0.08,0.003,0.6596,unconfirmed,
13789,36,Robusta (Coffee),30.25,30.0,0.25,0.008,0.6444,unconfirmed,
13888,36,Robusta (Coffee),31.78,30.0,1.78,0.059,0.5084,unconfirmed,
13891,36,Robusta (Coffee),30.01,30.0,0.01,0.0,0.6658,unconfirmed,
14015,36,Robusta (Coffee),30.05,30.0,0.05,0.002,0.5828,unconfirmed,
14018,36,Robusta (Coffee),30.43,30.0,0.43,0.014,0.6284,unconfirmed,
14039,36,Robusta (Coffee),30.01,30.0,0.01,0.0,0.6658,unconfirmed,
14040,36,Robusta (Coffee),31.15,30.0,1.15,0.038,0.5644,unconfirmed,
14151,36,Robusta (Coffee),31.67,30.0,1.67,0.056,0.5182,unconfirmed,
14263,36,Robusta (Coffee),31.78,30.0,1.78,0.059,0.5084,unconfirmed,
14327,36,Robusta (Coffee),30.62,30.0,0.62,0.021,0.6116,unconfirmed,
14335,36,Robusta (Coffee),30.21,30.0,0.21,0.007,0.648,unconfirmed,
14453,36,Robusta (Coffee),30.51,30.0,0.51,0.017,0.6213,unconfirmed,
14666,36,Robusta (Coffee),30.05,30.0,0.05,0.002,0.6622,unconfirmed,
15658,36,Robusta (Coffee),31.7,30.0,1.7,0.057,0.5156,unconfirmed,
3991,37,Apitong,46.11,45.0,1.11,0.025,0.507,confirmed,Socialized Housing Zone
3992,37,Apitong,45.02,45.0,0.02,0.0,0.5615,confirmed,Socialized Housing Zone
4720,37,Apitong,45.82,45.0,0.82,0.018,0.5215,confirmed,Forest Zone
4830,37,Apitong,45.93,45.0,0.93,0.021,0.516,confirmed,Forest Zone
4942,37,Apitong,45.81,45.0,0.81,0.018,0.522,confirmed,Forest Zone
5051,37,Apitong,45.58,45.0,0.58,0.013,0.5335,confirmed,Forest Zone
5258,37,Apitong,45.74,45.0,0.74,0.016,0.5255,confirmed,Forest Zone
5375,37,Apitong,45.28,45.0,0.28,0.006,0.5485,confirmed,Forest Zone
5380,37,Apitong,45.67,45.0,0.67,0.015,0.529,confirmed,Forest Zone
5605,37,Apitong,46.13,45.0,1.13,0.025,0.506,confirmed,Forest Zone
5921,37,Apitong,46.07,45.0,1.07,0.024,0.509,confirmed,Forest Zone
6251,37,Apitong,45.51,45.0,0.51,0.011,0.537,confirmed,Forest Zone
6367,37,Apitong,45.56,45.0,0.56,0.012,0.5345,confirmed,Forest Zone
6424,37,Apitong,45.29,45.0,0.29,0.006,0.548,unconfirmed,
6475,37,Apitong,45.41,45.0,0.41,0.009,0.542,confirmed,Forest Zone
6814,37,Apitong,45.08,45.0,0.08,0.002,0.5585,confirmed,Forest Zone
6855,37,Apitong,45.28,45.0,0.28,0.006,0.5485,confirmed,Forest Zone
6856,37,Apitong,45.01,45.0,0.01,0.0,0.562,confirmed,Forest Zone
6930,37,Apitong,45.7,45.0,0.7,0.016,0.5275,confirmed,Forest Zone
6970,37,Apitong,45.85,45.0,0.85,0.019,0.52,confirmed,Forest Zone
7039,37,Apitong,45.31,45.0,0.31,0.007,0.547,confirmed,Forest Zone
7248,37,Apitong,45.83,45.0,0.83,0.018,0.6175,confirmed,Forest Zone
7251,37,Apitong,46.22,45.0,1.22,0.027,0.5944,confirmed,Forest Zone
7360,37,Apitong,45.86,45.0,0.86,0.019,0.6157,confirmed,Institutional Research Zone
7361,37,Apitong,47.46,45.0,2.46,0.055,0.5209,confirmed,Institutional Research Zone
7465,37,Apitong,45.57,45.0,0.57,0.013,0.6329,confirmed,Forest Zone
7471,37,Apitong,45.29,45.0,0.29,0.006,0.6495,confirmed,Institutional Research Zone
7594,37,Apitong,45.81,45.0,0.81,0.018,0.522,confirmed,Forest Zone
7716,37,Apitong,45.04,45.0,0.04,0.001,0.5605,confirmed,Forest Zone
7908,37,Apitong,45.03,45.0,0.03,0.001,0.6649,confirmed,Forest Zone
7909,37,Apitong,46.09,45.0,1.09,0.024,0.6021,confirmed,Institutional Research Zone
7910,37,Apitong,46.4,45.0,1.4,0.031,0.5837,confirmed,Institutional Research Zone
8267,37,Apitong,45.24,45.0,0.24,0.005,0.5505,confirmed,Forest Zone
8353,37,Apitong,45.25,45.0,0.25,0.006,0.6519,confirmed,Forest Zone
8469,37,Apitong,47.2,45.0,2.2,0.049,0.5363,confirmed,Forest Zone
8576,37,Apitong,47.04,45.0,2.04,0.045,0.5458,confirmed,Forest Zone
8581,37,Apitong,45.41,45.0,0.41,0.009,0.6424,confirmed,Forest Zone
8721,37,Apitong,45.9,45.0,0.9,0.02,0.5175,confirmed,Forest Zone
8925,37,Apitong,46.15,45.0,1.15,0.026,0.505,confirmed,Forest Zone
8926,37,Apitong,46.21,45.0,1.21,0.027,0.502,confirmed,Forest Zone
9034,37,Apitong,45.98,45.0,0.98,0.022,0.6086,confirmed,Forest Zone
9141,37,Apitong,45.66,45.0,0.66,0.015,0.6276,confirmed,Forest Zone
9277,37,Apitong,45.42,45.0,0.42,0.009,0.5415,confirmed,Forest Zone
9472,37,Apitong,46.95,45.0,1.95,0.043,0.5511,confirmed,Forest Zone
9696,37,Apitong,45.98,45.0,0.98,0.022,0.6086,confirmed,Forest Zone
9785,37,Apitong,46.63,45.0,1.63,0.036,0.5701,confirmed,Forest Zone
9791,37,Apitong,45.14,45.0,0.14,0.003,0.6584,confirmed,Forest Zone
10014,37,Apitong,45.93,45.0,0.93,0.021,0.6116,confirmed,Forest Zone
10341,37,Apitong,45.91,45.0,0.91,0.02,0.6127,confirmed,Forest Zone
10357,37,Apitong,45.24,45.0,0.24,0.005,0.6524,confirmed,Forest Zone
10579,37,Apitong,46.23,45.0,1.23,0.027,0.5938,confirmed,Forest Zone
10708,37,Apitong,46.2,45.0,1.2,0.027,0.5956,confirmed,Forest Zone
11032,37,Apitong,46.83,45.0,1.83,0.041,0.5582,confirmed,Forest Zone
11036,37,Apitong,45.61,45.0,0.61,0.014,0.6305,confirmed,Forest Zone
11038,37,Apitong,45.51,45.0,0.51,0.011,0.6364,confirmed,Forest Zone
11236,37,Apitong,45.52,45.0,0.52,0.012,0.6359,confirmed,Forest Zone
11260,37,Apitong,47.72,45.0,2.72,0.06,0.5055,confirmed,Forest Zone
11485,37,Apitong,47.04,45.0,2.04,0.045,0.5458,confirmed,Forest Zone
11703,37,Apitong,45.37,45.0,0.37,0.008,0.6447,confirmed,Forest Zone
11786,37,Apitong,46.06,45.0,1.06,0.024,0.6039,confirmed,Forest Zone
11794,37,Apitong,47.46,45.0,2.46,0.055,0.5209,confirmed,Forest Zone
11820,37,Apitong,45.65,45.0,0.65,0.014,0.6281,confirmed,Forest Zone
11904,37,Apitong,46.57,45.0,1.57,0.035,0.5736,confirmed,Forest Zone
11931,37,Apitong,47.2,45.0,2.2,0.049,0.5363,confirmed,Forest Zone
12044,37,Apitong,47.0,45.0,2.0,0.044,0.5481,confirmed,Forest Zone
12152,37,Apitong,45.91,45.0,0.91,0.02,0.6127,confirmed,Forest Zone
12274,37,Apitong,45.27,45.0,0.27,0.006,0.6507,confirmed,Forest Zone
12351,37,Apitong,45.02,45.0,0.02,0.0,0.6655,confirmed,Forest Zone
12452,37,Apitong,46.83,45.0,1.83,0.041,0.5582,confirmed,Forest Zone
12456,37,Apitong,46.74,45.0,1.74,0.039,0.5636,confirmed,Forest Zone
12486,37,Apitong,47.09,45.0,2.09,0.046,0.5428,confirmed,Forest Zone
12601,37,Apitong,46.55,45.0,1.55,0.034,0.5748,confirmed,Forest Zone
12611,37,Apitong,46.08,45.0,1.08,0.024,0.6027,confirmed,Forest Zone
12705,37,Apitong,46.3,45.0,1.3,0.029,0.5896,confirmed,Forest Zone
12712,37,Apitong,45.73,45.0,0.73,0.016,0.6234,confirmed,Forest Zone
12721,37,Apitong,46.01,45.0,1.01,0.022,0.6068,confirmed,Forest Zone
12777,37,Apitong,47.32,45.0,2.32,0.052,0.5292,unconfirmed,
12815,37,Apitong,46.4,45.0,1.4,0.031,0.5837,confirmed,Forest Zone
12816,37,Apitong,46.29,45.0,1.29,0.029,0.5902,confirmed,Forest Zone
12835,37,Apitong,47.53,45.0,2.53,0.056,0.5167,confirmed,Forest Zone
12942,37,Apitong,47.09,45.0,2.09,0.046,0.5428,confirmed,Forest Zone
13042,37,Apitong,45.51,45.0,0.51,0.011,0.6364,unconfirmed,
13043,37,Apitong,46.13,45.0,1.13,0.025,0.5997,unconfirmed,
13154,37,Apitong,46.83,45.0,1.83,0.041,0.5582,unconfirmed,
13183,37,Apitong,45.51,45.0,0.51,0.011,0.6364,confirmed,Forest Zone
13230,37,Apitong,45.64,45.0,0.64,0.014,0.6287,confirmed,Forest Zone
13237,37,Apitong,47.36,45.0,2.36,0.052,0.5268,unconfirmed,
13293,37,Apitong,47.2,45.0,2.2,0.049,0.5363,confirmed,Forest Zone
13294,37,Apitong,46.88,45.0,1.88,0.042,0.5553,confirmed,Forest Zone
13342,37,Apitong,47.09,45.0,2.09,0.046,0.5428,confirmed,Forest Zone
13361,37,Apitong,45.17,45.0,0.17,0.004,0.6566,unconfirmed,
13389,37,Apitong,46.56,45.0,1.56,0.035,0.5742,unconfirmed,
13399,37,Apitong,45.91,45.0,0.91,0.02,0.6127,confirmed,Forest Zone
13442,37,Apitong,45.73,45.0,0.73,0.016,0.6234,unconfirmed,
13443,37,Apitong,45.69,45.0,0.69,0.015,0.6258,unconfirmed,
13445,37,Apitong,47.06,45.0,2.06,0.046,0.5446,confirmed,Forest Zone
13451,37,Apitong,46.19,45.0,1.19,0.026,0.5961,confirmed,Forest Zone
13490,37,Apitong,47.04,45.0,2.04,0.045,0.5458,unconfirmed,
13512,37,Apitong,47.19,45.0,2.19,0.049,0.5369,confirmed,Forest Zone
13583,37,Apitong,45.67,45.0,0.67,0.015,0.627,unconfirmed,
13584,37,Apitong,45.55,45.0,0.55,0.012,0.6341,unconfirmed,
13602,37,Apitong,45.25,45.0,0.25,0.006,0.6519,unconfirmed,
13622,37,Apitong,45.24,45.0,0.24,0.005,0.6524,confirmed,Forest Zone
13685,37,Apitong,45.03,45.0,0.03,0.001,0.6649,unconfirmed,
13705,37,Apitong,47.79,45.0,2.79,0.062,0.5013,unconfirmed,
13707,37,Apitong,46.38,45.0,1.38,0.031,0.5849,unconfirmed,
13709,37,Apitong,45.03,45.0,0.03,0.001,0.6649,unconfirmed,
13925,37,Apitong,45.2,45.0,0.2,0.004,0.6548,unconfirmed,
13940,37,Apitong,46.84,45.0,1.84,0.041,0.5576,unconfirmed,
14112,37,Apitong,46.54,45.0,1.54,0.034,0.5754,unconfirmed,
14174,37,Apitong,46.68,45.0,1.68,0.037,0.5671,confirmed,Forest Zone
14216,37,Apitong,46.36,45.0,1.36,0.03,0.5861,unconfirmed,
14223,37,Apitong,47.73,45.0,2.73,0.061,0.5049,unconfirmed,
14261,37,Apitong,47.57,45.0,2.57,0.057,0.5144,unconfirmed,
14267,37,Apitong,46.73,45.0,1.73,0.038,0.5641,unconfirmed,
14273,37,Apitong,46.75,45.0,1.75,0.039,0.563,unconfirmed,
14358,37,Apitong,45.67,45.0,0.67,0.015,0.627,unconfirmed,
14370,37,Apitong,47.7,45.0,2.7,0.06,0.5067,unconfirmed,
14458,37,Apitong,45.67,45.0,0.67,0.015,0.627,unconfirmed,
14773,37,Apitong,46.25,45.0,1.25,0.028,0.5926,unconfirmed,
14775,37,Apitong,47.03,45.0,2.03,0.045,0.5464,unconfirmed,
14779,37,Apitong,46.11,45.0,1.11,0.025,0.6009,unconfirmed,
14790,37,Apitong,45.58,45.0,0.58,0.013,0.6323,unconfirmed,
14793,37,Apitong,46.45,45.0,1.45,0.032,0.5807,unconfirmed,
14893,37,Apitong,47.8,45.0,2.8,0.062,0.5007,unconfirmed,
14999,37,Apitong,45.13,45.0,0.13,0.003,0.659,unconfirmed,
15002,37,Apitong,45.39,45.0,0.39,0.009,0.6436,unconfirmed,
15107,37,Apitong,45.68,45.0,0.68,0.015,0.6264,unconfirmed,
15113,37,Apitong,46.55,45.0,1.55,0.034,0.5748,unconfirmed,
15218,37,Apitong,45.89,45.0,0.89,0.02,0.6139,unconfirmed,
15442,37,Apitong,47.57,45.0,2.57,0.057,0.5144,unconfirmed,
15444,37,Apitong,45.9,45.0,0.9,0.02,0.6133,unconfirmed,
15549,37,Apitong,45.93,45.0,0.93,0.021,0.6116,unconfirmed,
15551,37,Apitong,47.01,45.0,2.01,0.045,0.5476,unconfirmed,
15553,37,Apitong,46.37,45.0,1.37,0.03,0.5855,unconfirmed,
15771,37,Apitong,47.28,45.0,2.28,0.051,0.5316,unconfirmed,
15775,37,Apitong,47.8,45.0,2.8,0.062,0.5007,unconfirmed,
16220,37,Apitong,46.25,45.0,1.25,0.028,0.5926,unconfirmed,
3420,38,Chesa/Tiesa,25.09,25.0,0.09,0.004,0.5544,confirmed,High Density Residential - Mixed Use Zone
3543,38,Chesa/Tiesa,25.51,25.0,0.51,0.02,0.5166,confirmed,High Density Residential - Mixed Use Zone
3975,38,Chesa/Tiesa,25.17,25.0,0.17,0.007,0.5472,confirmed,High Density Residential - Mixed Use Zone
3985,38,Chesa/Tiesa,25.63,25.0,0.63,0.025,0.5058,confirmed,High Density Residential - Mixed Use Zone
4067,38,Chesa/Tiesa,25.59,25.0,0.59,0.024,0.5094,confirmed,Medium Density Residential Zone
4290,38,Chesa/Tiesa,25.48,25.0,0.48,0.019,0.5193,confirmed,Medium Density Residential Zone
4296,38,Chesa/Tiesa,25.34,25.0,0.34,0.014,0.5319,confirmed,Forest Zone
4312,38,Chesa/Tiesa,25.01,25.0,0.01,0.0,0.5616,confirmed,Medium Density Residential Zone
4428,38,Chesa/Tiesa,25.13,25.0,0.13,0.005,0.5508,confirmed,Socialized Housing Zone
4627,38,Chesa/Tiesa,25.32,25.0,0.32,0.013,0.5337,confirmed,Forest Zone
4714,38,Chesa/Tiesa,25.53,25.0,0.53,0.021,0.5148,confirmed,Forest Zone
4744,38,Chesa/Tiesa,25.51,25.0,0.51,0.02,0.5166,confirmed,Medium Density Residential Zone
4821,38,Chesa/Tiesa,25.54,25.0,0.54,0.022,0.5139,confirmed,Forest Zone
4843,38,Chesa/Tiesa,25.12,25.0,0.12,0.005,0.5517,confirmed,Medium Density Residential Zone
4966,38,Chesa/Tiesa,25.37,25.0,0.37,0.015,0.5292,confirmed,Forest Zone
5039,38,Chesa/Tiesa,25.07,25.0,0.07,0.003,0.5562,confirmed,Forest Zone
5049,38,Chesa/Tiesa,25.32,25.0,0.32,0.013,0.5337,confirmed,Forest Zone
5145,38,Chesa/Tiesa,25.01,25.0,0.01,0.0,0.5616,confirmed,Forest Zone
5279,38,Chesa/Tiesa,25.17,25.0,0.17,0.007,0.5472,confirmed,Forest Zone
5514,38,Chesa/Tiesa,25.51,25.0,0.51,0.02,0.5166,confirmed,Medium Density Residential Zone
5856,38,Chesa/Tiesa,25.13,25.0,0.13,0.005,0.5508,confirmed,Forest Zone
5964,38,Chesa/Tiesa,25.02,25.0,0.02,0.001,0.5607,confirmed,Forest Zone
5966,38,Chesa/Tiesa,25.5,25.0,0.5,0.02,0.5175,confirmed,Forest Zone
5979,38,Chesa/Tiesa,25.14,25.0,0.14,0.006,0.5499,confirmed,Forest Zone
6051,38,Chesa/Tiesa,25.29,25.0,0.29,0.012,0.5364,confirmed,Forest Zone
6174,38,Chesa/Tiesa,25.25,25.0,0.25,0.01,0.54,confirmed,Forest Zone
6192,38,Chesa/Tiesa,25.5,25.0,0.5,0.02,0.5175,confirmed,Forest Zone
6264,38,Chesa/Tiesa,25.65,25.0,0.65,0.026,0.504,confirmed,Forest Zone
6275,38,Chesa/Tiesa,25.63,25.0,0.63,0.025,0.5058,confirmed,Forest Zone
6295,38,Chesa/Tiesa,25.02,25.0,0.02,0.001,0.5607,confirmed,Forest Zone
6298,38,Chesa/Tiesa,25.64,25.0,0.64,0.026,0.5049,confirmed,Forest Zone
6509,38,Chesa/Tiesa,25.17,25.0,0.17,0.007,0.5472,confirmed,Forest Zone
6595,38,Chesa/Tiesa,25.41,25.0,0.41,0.016,0.5256,confirmed,Forest Zone
6597,38,Chesa/Tiesa,25.08,25.0,0.08,0.003,0.5553,confirmed,Forest Zone
6639,38,Chesa/Tiesa,25.12,25.0,0.12,0.005,0.5517,confirmed,Forest Zone
6705,38,Chesa/Tiesa,25.33,25.0,0.33,0.013,0.5328,confirmed,Forest Zone
6707,38,Chesa/Tiesa,25.56,25.0,0.56,0.022,0.5121,confirmed,Forest Zone
6716,38,Chesa/Tiesa,25.06,25.0,0.06,0.002,0.5571,confirmed,Forest Zone
6721,38,Chesa/Tiesa,25.1,25.0,0.1,0.004,0.5535,confirmed,Special Reserved Zone
6830,38,Chesa/Tiesa,25.33,25.0,0.33,0.013,0.5328,confirmed,Special Reserved Zone
6838,38,Chesa/Tiesa,25.62,25.0,0.62,0.025,0.5067,confirmed,High Density Residential - Mixed Use Zone
6862,38,Chesa/Tiesa,25.05,25.0,0.05,0.002,0.558,confirmed,Forest Zone
6913,38,Chesa/Tiesa,25.25,25.0,0.25,0.01,0.64,confirmed,Forest Zone
6920,38,Chesa/Tiesa,25.63,25.0,0.63,0.025,0.5058,confirmed,Forest Zone
7040,38,Chesa/Tiesa,25.51,25.0,0.51,0.02,0.5166,confirmed,Forest Zone
7080,38,Chesa/Tiesa,25.24,25.0,0.24,0.01,0.5409,confirmed,Forest Zone
7163,38,Chesa/Tiesa,25.26,25.0,0.26,0.01,0.5391,confirmed,Special Reserved Zone
7374,38,Chesa/Tiesa,25.18,25.0,0.18,0.007,0.5463,confirmed,Forest Zone
7375,38,Chesa/Tiesa,25.51,25.0,0.51,0.02,0.5166,confirmed,Forest Zone
7416,38,Chesa/Tiesa,25.25,25.0,0.25,0.01,0.54,confirmed,Forest Zone
7941,38,Chesa/Tiesa,25.59,25.0,0.59,0.024,0.5094,confirmed,Forest Zone
8020,38,Chesa/Tiesa,25.02,25.0,0.02,0.001,0.6645,confirmed,Forest Zone
8036,38,Chesa/Tiesa,25.68,25.0,0.68,0.027,0.5013,confirmed,Forest Zone
8173,38,Chesa/Tiesa,25.5,25.0,0.5,0.02,0.5175,confirmed,Forest Zone
8459,38,Chesa/Tiesa,26.19,25.0,1.19,0.048,0.5397,confirmed,Forest Zone
8497,38,Chesa/Tiesa,25.01,25.0,0.01,0.0,0.5616,confirmed,Forest Zone
8682,38,Chesa/Tiesa,26.55,25.0,1.55,0.062,0.5013,confirmed,Forest Zone
8693,38,Chesa/Tiesa,25.01,25.0,0.01,0.0,0.6656,confirmed,Forest Zone
8792,38,Chesa/Tiesa,25.14,25.0,0.14,0.006,0.6517,confirmed,Forest Zone
8900,38,Chesa/Tiesa,25.01,25.0,0.01,0.0,0.6656,confirmed,Forest Zone
8908,38,Chesa/Tiesa,26.01,25.0,1.01,0.04,0.5589,confirmed,Forest Zone
8940,38,Chesa/Tiesa,25.57,25.0,0.57,0.023,0.5112,confirmed,Forest Zone
8967,38,Chesa/Tiesa,25.63,25.0,0.63,0.025,0.5058,confirmed,Forest Zone
9021,38,Chesa/Tiesa,25.1,25.0,0.1,0.004,0.656,confirmed,Forest Zone
9366,38,Chesa/Tiesa,26.11,25.0,1.11,0.044,0.5483,confirmed,Forest Zone
9565,38,Chesa/Tiesa,25.51,25.0,0.51,0.02,0.6123,confirmed,Forest Zone
9579,38,Chesa/Tiesa,25.2,25.0,0.2,0.008,0.6453,confirmed,Forest Zone
9700,38,Chesa/Tiesa,25.13,25.0,0.13,0.005,0.6528,confirmed,Forest Zone
9940,38,Chesa/Tiesa,25.63,25.0,0.63,0.025,0.5058,confirmed,Forest Zone
10021,38,Chesa/Tiesa,26.44,25.0,1.44,0.058,0.5131,confirmed,Forest Zone
10022,38,Chesa/Tiesa,26.0,25.0,1.0,0.04,0.56,confirmed,Forest Zone
10028,38,Chesa/Tiesa,25.24,25.0,0.24,0.01,0.6411,confirmed,Forest Zone
10146,38,Chesa/Tiesa,25.83,25.0,0.83,0.033,0.5781,confirmed,Forest Zone
10150,38,Chesa/Tiesa,26.26,25.0,1.26,0.05,0.5323,confirmed,Forest Zone
10156,38,Chesa/Tiesa,25.14,25.0,0.14,0.006,0.5499,confirmed,Forest Zone
10263,38,Chesa/Tiesa,25.32,25.0,0.32,0.013,0.6325,confirmed,Forest Zone
10292,38,Chesa/Tiesa,25.59,25.0,0.59,0.024,0.5094,confirmed,Forest Zone
10293,38,Chesa/Tiesa,25.47,25.0,0.47,0.019,0.5202,confirmed,Forest Zone
10348,38,Chesa/Tiesa,25.68,25.0,0.68,0.027,0.5941,confirmed,Forest Zone
10364,38,Chesa/Tiesa,26.31,25.0,1.31,0.052,0.5269,confirmed,Forest Zone
10452,38,Chesa/Tiesa,26.43,25.0,1.43,0.057,0.5141,confirmed,Forest Zone
10454,38,Chesa/Tiesa,26.26,25.0,1.26,0.05,0.5323,confirmed,Forest Zone
10493,38,Chesa/Tiesa,25.24,25.0,0.24,0.01,0.5409,confirmed,Institutional Research Zone
10562,38,Chesa/Tiesa,25.65,25.0,0.65,0.026,0.5973,confirmed,Forest Zone
10565,38,Chesa/Tiesa,25.53,25.0,0.53,0.021,0.6101,confirmed,Forest Zone
10572,38,Chesa/Tiesa,25.61,25.0,0.61,0.024,0.6016,confirmed,Forest Zone
10586,38,Chesa/Tiesa,25.84,25.0,0.84,0.034,0.5771,confirmed,Forest Zone
10609,38,Chesa/Tiesa,25.13,25.0,0.13,0.005,0.5508,confirmed,Institutional Research Zone
10688,38,Chesa/Tiesa,26.41,25.0,1.41,0.056,0.5163,confirmed,Forest Zone
10692,38,Chesa/Tiesa,25.97,25.0,0.97,0.039,0.5632,confirmed,Forest Zone
10705,38,Chesa/Tiesa,26.41,25.0,1.41,0.056,0.5163,confirmed,Forest Zone
10784,38,Chesa/Tiesa,25.36,25.0,0.36,0.014,0.6283,confirmed,Forest Zone
10785,38,Chesa/Tiesa,26.18,25.0,1.18,0.047,0.5408,confirmed,Forest Zone
10803,38,Chesa/Tiesa,25.01,25.0,0.01,0.0,0.6656,confirmed,Forest Zone
10847,38,Chesa/Tiesa,25.03,25.0,0.03,0.001,0.5598,confirmed,Forest Zone
10916,38,Chesa/Tiesa,26.24,25.0,1.24,0.05,0.5344,confirmed,Forest Zone
10927,38,Chesa/Tiesa,26.42,25.0,1.42,0.057,0.5152,confirmed,Forest Zone
10943,38,Chesa/Tiesa,25.31,25.0,0.31,0.012,0.5346,confirmed,Institutional Research Zone
11120,38,Chesa/Tiesa,26.06,25.0,1.06,0.042,0.5536,confirmed,Forest Zone
11161,38,Chesa/Tiesa,26.09,25.0,1.09,0.044,0.5504,confirmed,Forest Zone
11167,38,Chesa/Tiesa,25.36,25.0,0.36,0.014,0.5301,confirmed,Forest Zone
11174,38,Chesa/Tiesa,25.41,25.0,0.41,0.016,0.5256,confirmed,Forest Zone
11182,38,Chesa/Tiesa,25.59,25.0,0.59,0.024,0.5094,confirmed,Forest Zone
11224,38,Chesa/Tiesa,25.96,25.0,0.96,0.038,0.5643,unconfirmed,
11228,38,Chesa/Tiesa,25.91,25.0,0.91,0.036,0.5696,confirmed,Forest Zone
11243,38,Chesa/Tiesa,26.55,25.0,1.55,0.062,0.5013,confirmed,Forest Zone
11293,38,Chesa/Tiesa,25.25,25.0,0.25,0.01,0.54,confirmed,Forest Zone
11355,38,Chesa/Tiesa,25.51,25.0,0.51,0.02,0.6123,confirmed,Forest Zone
11572,38,Chesa/Tiesa,25.64,25.0,0.64,0.026,0.5984,confirmed,Forest Zone
11577,38,Chesa/Tiesa,25.51,25.0,0.51,0.02,0.6123,confirmed,Forest Zone
11598,38,Chesa/Tiesa,25.18,25.0,0.18,0.007,0.6475,confirmed,Forest Zone
11689,38,Chesa/Tiesa,25.51,25.0,0.51,0.02,0.6123,confirmed,Forest Zone
11779,38,Chesa/Tiesa,25.14,25.0,0.14,0.006,0.6517,unconfirmed,
11780,38,Chesa/Tiesa,25.29,25.0,0.29,0.012,0.6357,unconfirmed,
11804,38,Chesa/Tiesa,25.67,25.0,0.67,0.027,0.5952,confirmed,Forest Zone
11900,38,Chesa/Tiesa,26.26,25.0,1.26,0.05,0.5323,confirmed,Forest Zone
11901,38,Chesa/Tiesa,25.88,25.0,0.88,0.035,0.5728,confirmed,Forest Zone
11906,38,Chesa/Tiesa,25.01,25.0,0.01,0.0,0.6656,confirmed,Forest Zone
11917,38,Chesa/Tiesa,25.55,25.0,0.55,0.022,0.608,confirmed,Forest Zone
11945,38,Chesa/Tiesa,25.02,25.0,0.02,0.001,0.5607,confirmed,Forest Zone
12000,38,Chesa/Tiesa,25.23,25.0,0.23,0.009,0.6421,unconfirmed,
12002,38,Chesa/Tiesa,25.51,25.0,0.51,0.02,0.6123,unconfirmed,
12045,38,Chesa/Tiesa,25.25,25.0,0.25,0.01,0.64,confirmed,Forest Zone
12145,38,Chesa/Tiesa,25.32,25.0,0.32,0.013,0.6325,unconfirmed,
12349,38,Chesa/Tiesa,25.83,25.0,0.83,0.033,0.5781,confirmed,Forest Zone
12362,38,Chesa/Tiesa,25.51,25.0,0.51,0.02,0.6123,unconfirmed,
12387,38,Chesa/Tiesa,26.32,25.0,1.32,0.053,0.5259,confirmed,Forest Zone
12390,38,Chesa/Tiesa,25.01,25.0,0.01,0.0,0.6656,confirmed,Forest Zone
12398,38,Chesa/Tiesa,26.26,25.0,1.26,0.05,0.5323,confirmed,Forest Zone
12447,38,Chesa/Tiesa,25.25,25.0,0.25,0.01,0.64,confirmed,Forest Zone
12451,38,Chesa/Tiesa,26.31,25.0,1.31,0.052,0.5269,confirmed,Forest Zone
12466,38,Chesa/Tiesa,26.03,25.0,1.03,0.041,0.5568,confirmed,Forest Zone
12467,38,Chesa/Tiesa,25.51,25.0,0.51,0.02,0.6123,confirmed,Forest Zone
12470,38,Chesa/Tiesa,25.63,25.0,0.63,0.025,0.5995,unconfirmed,
12517,38,Chesa/Tiesa,26.41,25.0,1.41,0.056,0.5163,confirmed,Forest Zone
12518,38,Chesa/Tiesa,26.51,25.0,1.51,0.06,0.5056,confirmed,Forest Zone
12555,38,Chesa/Tiesa,25.14,25.0,0.14,0.006,0.6517,unconfirmed,
12557,38,Chesa/Tiesa,25.14,25.0,0.14,0.006,0.6517,confirmed,Forest Zone
12560,38,Chesa/Tiesa,25.14,25.0,0.14,0.006,0.6517,confirmed,Forest Zone
12580,38,Chesa/Tiesa,25.72,25.0,0.72,0.029,0.5899,unconfirmed,
12627,38,Chesa/Tiesa,26.42,25.0,1.42,0.057,0.5152,confirmed,Forest Zone
12807,38,Chesa/Tiesa,26.01,25.0,1.01,0.04,0.5589,unconfirmed,
12824,38,Chesa/Tiesa,25.14,25.0,0.14,0.006,0.6517,confirmed,Forest Zone
12842,38,Chesa/Tiesa,26.44,25.0,1.44,0.058,0.5131,confirmed,Forest Zone
12850,38,Chesa/Tiesa,26.11,25.0,1.11,0.044,0.5483,confirmed,Forest Zone
12895,38,Chesa/Tiesa,26.55,25.0,1.55,0.062,0.5013,confirmed,Forest Zone
12897,38,Chesa/Tiesa,25.78,25.0,0.78,0.031,0.5835,confirmed,Forest Zone
12923,38,Chesa/Tiesa,25.51,25.0,0.51,0.02,0.6123,unconfirmed,
12962,38,Chesa/Tiesa,26.52,25.0,1.52,0.061,0.5045,confirmed,Forest Zone
13001,38,Chesa/Tiesa,25.14,25.0,0.14,0.006,0.6517,confirmed,Forest Zone
13028,38,Chesa/Tiesa,26.19,25.0,1.19,0.048,0.5397,unconfirmed,
13140,38,Chesa/Tiesa,25.71,25.0,0.71,0.028,0.5909,unconfirmed,
13162,38,Chesa/Tiesa,25.1,25.0,0.1,0.004,0.656,unconfirmed,
13253,38,Chesa/Tiesa,25.01,25.0,0.01,0.0,0.6656,unconfirmed,
13356,38,Chesa/Tiesa,25.07,25.0,0.07,0.003,0.6592,unconfirmed,
13364,38,Chesa/Tiesa,25.14,25.0,0.14,0.006,0.6517,unconfirmed,
13365,38,Chesa/Tiesa,25.13,25.0,0.13,0.005,0.6528,unconfirmed,
13561,38,Chesa/Tiesa,25.05,25.0,0.05,0.002,0.6613,confirmed,Forest Zone
13563,38,Chesa/Tiesa,25.68,25.0,0.68,0.027,0.5941,unconfirmed,
13683,38,Chesa/Tiesa,26.44,25.0,1.44,0.058,0.5131,unconfirmed,
13730,38,Chesa/Tiesa,26.33,25.0,1.33,0.053,0.5248,confirmed,Forest Zone
13793,38,Chesa/Tiesa,25.12,25.0,0.12,0.005,0.6539,unconfirmed,
13812,38,Chesa/Tiesa,25.96,25.0,0.96,0.038,0.5643,unconfirmed,
13823,38,Chesa/Tiesa,25.08,25.0,0.08,0.003,0.6581,unconfirmed,
13932,38,Chesa/Tiesa,26.52,25.0,1.52,0.061,0.5045,unconfirmed,
13954,38,Chesa/Tiesa,25.53,25.0,0.53,0.021,0.6101,confirmed,Forest Zone
13997,38,Chesa/Tiesa,26.33,25.0,1.33,0.053,0.5248,unconfirmed,
14000,38,Chesa/Tiesa,25.19,25.0,0.19,0.008,0.6464,unconfirmed,
14009,38,Chesa/Tiesa,25.32,25.0,0.32,0.013,0.6325,unconfirmed,
14017,38,Chesa/Tiesa,26.01,25.0,1.01,0.04,0.5589,unconfirmed,
14033,38,Chesa/Tiesa,26.48,25.0,1.48,0.059,0.5088,unconfirmed,
14047,38,Chesa/Tiesa,25.53,25.0,0.53,0.021,0.6101,unconfirmed,
14055,38,Chesa/Tiesa,26.3,25.0,1.3,0.052,0.528,confirmed,Forest Zone
14136,38,Chesa/Tiesa,25.16,25.0,0.16,0.006,0.6496,unconfirmed,
14144,38,Chesa/Tiesa,25.06,25.0,0.06,0.002,0.6603,unconfirmed,
14172,38,Chesa/Tiesa,25.12,25.0,0.12,0.005,0.6539,confirmed,Forest Zone
14217,38,Chesa/Tiesa,25.79,25.0,0.79,0.032,0.5824,unconfirmed,
14248,38,Chesa/Tiesa,26.4,25.0,1.4,0.056,0.5173,unconfirmed,
14262,38,Chesa/Tiesa,26.18,25.0,1.18,0.047,0.5408,unconfirmed,
14274,38,Chesa/Tiesa,26.42,25.0,1.42,0.057,0.5152,unconfirmed,
14275,38,Chesa/Tiesa,25.28,25.0,0.28,0.011,0.6368,unconfirmed,
14377,38,Chesa/Tiesa,25.82,25.0,0.82,0.033,0.5792,unconfirmed,
14395,38,Chesa/Tiesa,25.13,25.0,0.13,0.005,0.6528,confirmed,Forest Zone
14449,38,Chesa/Tiesa,26.02,25.0,1.02,0.041,0.5579,unconfirmed,
14450,38,Chesa/Tiesa,26.09,25.0,1.09,0.044,0.5504,unconfirmed,
14896,38,Chesa/Tiesa,26.24,25.0,1.24,0.05,0.5344,unconfirmed,
14993,38,Chesa/Tiesa,26.4,25.0,1.4,0.056,0.5173,unconfirmed,
14995,38,Chesa/Tiesa,25.01,25.0,0.01,0.0,0.6656,unconfirmed,
15229,38,Chesa/Tiesa,25.51,25.0,0.51,0.02,0.6123,unconfirmed,
15326,38,Chesa/Tiesa,25.91,25.0,0.91,0.036,0.5696,unconfirmed,
15338,38,Chesa/Tiesa,26.1,25.0,1.1,0.044,0.5493,unconfirmed,
15340,38,Chesa/Tiesa,26.18,25.0,1.18,0.047,0.5408,unconfirmed,
15437,38,Chesa/Tiesa,26.48,25.0,1.48,0.059,0.5088,unconfirmed,
15660,38,Chesa/Tiesa,25.76,25.0,0.76,0.03,0.5856,unconfirmed,
15777,38,Chesa/Tiesa,25.83,25.0,0.83,0.033,0.5781,unconfirmed,
15989,38,Chesa/Tiesa,25.51,25.0,0.51,0.02,0.6123,unconfirmed,
16327,38,Chesa/Tiesa,25.33,25.0,0.33,0.013,0.6315,unconfirmed,
16441,38,Chesa/Tiesa,25.76,25.0,0.76,0.03,0.5856,unconfirmed,
16545,38,Chesa/Tiesa,25.05,25.0,0.05,0.002,0.6613,unconfirmed,
1581,39,Avocado,20.51,20.0,0.51,0.026,0.5051,confirmed,Agricultural Zone
3640,39,Avocado,20.4,20.0,0.4,0.02,0.5175,confirmed,High Density Residential - Mixed Use Zone
3851,39,Avocado,20.24,20.0,0.24,0.012,0.5355,confirmed,High Density Residential - Mixed Use Zone
3869,39,Avocado,20.01,20.0,0.01,0.0,0.5614,confirmed,High Density Residential - Mixed Use Zone
3956,39,Avocado,20.11,20.0,0.11,0.006,0.5501,confirmed,Medium Density Residential Zone
4061,39,Avocado,20.23,20.0,0.23,0.012,0.5366,confirmed,Forest Zone
4082,39,Avocado,20.26,20.0,0.26,0.013,0.5332,confirmed,High Density Residential - Mixed Use Zone
4207,39,Avocado,20.11,20.0,0.11,0.006,0.5501,confirmed,High Density Residential - Mixed Use Zone
4208,39,Avocado,20.02,20.0,0.02,0.001,0.5602,confirmed,High Density Residential - Mixed Use Zone
4286,39,Avocado,20.27,20.0,0.27,0.014,0.5321,confirmed,Minor Commercial - Mixed Use Zone
4405,39,Avocado,20.04,20.0,0.04,0.002,0.558,confirmed,Forest Zone
4424,39,Avocado,20.51,20.0,0.51,0.026,0.5051,confirmed,Medium Density Residential Zone
4492,39,Avocado,20.01,20.0,0.01,0.0,0.5614,confirmed,Buffer Zone
4626,39,Avocado,20.03,20.0,0.03,0.002,0.5591,confirmed,Medium Density Residential Zone
4630,39,Avocado,20.4,20.0,0.4,0.02,0.5175,confirmed,Medium Density Residential Zone
4727,39,Avocado,20.53,20.0,0.53,0.027,0.5029,confirmed,Forest Zone
4753,39,Avocado,20.24,20.0,0.24,0.012,0.5355,confirmed,Medium Density Residential Zone
4929,39,Avocado,20.24,20.0,0.24,0.012,0.5355,confirmed,Forest Zone
4939,39,Avocado,20.43,20.0,0.43,0.022,0.5141,confirmed,Forest Zone
4954,39,Avocado,20.24,20.0,0.24,0.012,0.5355,confirmed,Medium Density Residential Zone
4961,39,Avocado,20.31,20.0,0.31,0.016,0.5276,confirmed,Medium Density Residential Zone
5277,39,Avocado,20.19,20.0,0.19,0.01,0.5411,confirmed,Forest Zone
5298,39,Avocado,20.53,20.0,0.53,0.027,0.5029,confirmed,Forest Zone
5321,39,Avocado,20.53,20.0,0.53,0.027,0.5029,confirmed,Socialized Housing Zone
5742,39,Avocado,20.42,20.0,0.42,0.021,0.5152,confirmed,Forest Zone
5814,39,Avocado,20.12,20.0,0.12,0.006,0.549,confirmed,Forest Zone
5848,39,Avocado,20.03,20.0,0.03,0.002,0.5591,confirmed,Medium Density Residential Zone
6071,39,Avocado,20.24,20.0,0.24,0.012,0.5355,confirmed,Medium Density Residential Zone
6171,39,Avocado,20.41,20.0,0.41,0.02,0.5164,confirmed,Forest Zone
6172,39,Avocado,20.17,20.0,0.17,0.008,0.5434,confirmed,Forest Zone
6308,39,Avocado,20.11,20.0,0.11,0.006,0.5501,confirmed,Medium Density Residential Zone
6404,39,Avocado,20.41,20.0,0.41,0.02,0.5164,confirmed,Forest Zone
6815,39,Avocado,20.4,20.0,0.4,0.02,0.5175,confirmed,Forest Zone
6843,39,Avocado,20.01,20.0,0.01,0.0,0.5614,confirmed,Forest Zone
6931,39,Avocado,20.16,20.0,0.16,0.008,0.5445,confirmed,Forest Zone
6972,39,Avocado,20.27,20.0,0.27,0.014,0.5321,confirmed,Forest Zone
7164,39,Avocado,20.54,20.0,0.54,0.027,0.5018,confirmed,Special Reserved Zone
7265,39,Avocado,20.52,20.0,0.52,0.026,0.504,confirmed,Forest Zone
7377,39,Avocado,20.26,20.0,0.26,0.013,0.5332,confirmed,Forest Zone
7412,39,Avocado,20.17,20.0,0.17,0.008,0.5434,confirmed,Forest Zone
7488,39,Avocado,20.16,20.0,0.16,0.008,0.5445,confirmed,Forest Zone
7740,39,Avocado,20.23,20.0,0.23,0.012,0.5366,confirmed,Forest Zone
7824,39,Avocado,20.02,20.0,0.02,0.001,0.5602,confirmed,Forest Zone
7933,39,Avocado,20.16,20.0,0.16,0.008,0.5445,confirmed,Forest Zone
8019,39,Avocado,21.02,20.0,1.02,0.051,0.5307,confirmed,Forest Zone
8040,39,Avocado,20.02,20.0,0.02,0.001,0.5602,confirmed,Forest Zone
8150,39,Avocado,20.01,20.0,0.01,0.0,0.5614,confirmed,Forest Zone
8250,39,Avocado,21.06,20.0,1.06,0.053,0.5253,confirmed,Forest Zone
8270,39,Avocado,20.01,20.0,0.01,0.0,0.5614,confirmed,Forest Zone
8571,39,Avocado,20.81,20.0,0.81,0.04,0.5587,confirmed,Forest Zone
8604,39,Avocado,20.14,20.0,0.14,0.007,0.5468,confirmed,Forest Zone
8615,39,Avocado,20.13,20.0,0.13,0.007,0.5479,confirmed,Forest Zone
8749,39,Avocado,20.13,20.0,0.13,0.007,0.5479,confirmed,Forest Zone
8812,39,Avocado,21.02,20.0,1.02,0.051,0.5307,confirmed,Forest Zone
8858,39,Avocado,20.43,20.0,0.43,0.022,0.5141,confirmed,Forest Zone
8930,39,Avocado,20.37,20.0,0.37,0.018,0.5209,confirmed,Forest Zone
9022,39,Avocado,20.32,20.0,0.32,0.016,0.624,confirmed,Forest Zone
9026,39,Avocado,20.03,20.0,0.03,0.002,0.6627,confirmed,Forest Zone
9066,39,Avocado,20.42,20.0,0.42,0.021,0.5152,confirmed,Forest Zone
9122,39,Avocado,20.11,20.0,0.11,0.006,0.652,confirmed,Forest Zone
9236,39,Avocado,20.14,20.0,0.14,0.007,0.648,confirmed,Forest Zone
9237,39,Avocado,20.62,20.0,0.62,0.031,0.584,confirmed,Forest Zone
9289,39,Avocado,20.03,20.0,0.03,0.002,0.5591,confirmed,Forest Zone
9349,39,Avocado,20.71,20.0,0.71,0.036,0.572,confirmed,Forest Zone
9412,39,Avocado,20.16,20.0,0.16,0.008,0.5445,confirmed,Forest Zone
9460,39,Avocado,21.1,20.0,1.1,0.055,0.52,confirmed,Forest Zone
9685,39,Avocado,21.22,20.0,1.22,0.061,0.504,confirmed,Forest Zone
9699,39,Avocado,20.57,20.0,0.57,0.028,0.5907,confirmed,Forest Zone
9807,39,Avocado,20.53,20.0,0.53,0.027,0.596,confirmed,Forest Zone
9809,39,Avocado,21.04,20.0,1.04,0.052,0.528,confirmed,Forest Zone
9914,39,Avocado,20.42,20.0,0.42,0.021,0.6107,confirmed,Forest Zone
10009,39,Avocado,21.01,20.0,1.01,0.05,0.532,confirmed,Forest Zone
10368,39,Avocado,20.68,20.0,0.68,0.034,0.576,confirmed,Forest Zone
10451,39,Avocado,20.75,20.0,0.75,0.038,0.5667,confirmed,Forest Zone
10453,39,Avocado,20.56,20.0,0.56,0.028,0.592,confirmed,Forest Zone
10457,39,Avocado,20.51,20.0,0.51,0.026,0.5987,confirmed,Forest Zone
10473,39,Avocado,20.42,20.0,0.42,0.021,0.6107,confirmed,Forest Zone
10474,39,Avocado,20.56,20.0,0.56,0.028,0.592,confirmed,Forest Zone
10494,39,Avocado,20.41,20.0,0.41,0.02,0.5164,confirmed,Institutional Research Zone
10497,39,Avocado,20.42,20.0,0.42,0.021,0.5152,confirmed,Institutional Research Zone
10591,39,Avocado,20.31,20.0,0.31,0.016,0.6253,confirmed,Forest Zone
10592,39,Avocado,20.26,20.0,0.26,0.013,0.632,confirmed,Forest Zone
10593,39,Avocado,20.81,20.0,0.81,0.04,0.5587,confirmed,Forest Zone
10671,39,Avocado,20.01,20.0,0.01,0.0,0.6653,confirmed,Forest Zone
10699,39,Avocado,20.63,20.0,0.63,0.032,0.5827,confirmed,Forest Zone
10795,39,Avocado,21.11,20.0,1.11,0.056,0.5187,confirmed,Forest Zone
10796,39,Avocado,20.56,20.0,0.56,0.028,0.592,confirmed,Forest Zone
10811,39,Avocado,20.57,20.0,0.57,0.028,0.5907,confirmed,Forest Zone
10843,39,Avocado,20.01,20.0,0.01,0.0,0.5614,confirmed,Forest Zone
10855,39,Avocado,20.14,20.0,0.14,0.007,0.5468,confirmed,Special Reserved Zone
10934,39,Avocado,21.01,20.0,1.01,0.05,0.532,confirmed,Forest Zone
11030,39,Avocado,20.19,20.0,0.19,0.01,0.6413,confirmed,Forest Zone
11044,39,Avocado,20.95,20.0,0.95,0.048,0.54,confirmed,Forest Zone
11114,39,Avocado,21.04,20.0,1.04,0.052,0.528,unconfirmed,
11184,39,Avocado,20.43,20.0,0.43,0.022,0.5141,confirmed,Forest Zone
11225,39,Avocado,20.41,20.0,0.41,0.02,0.612,unconfirmed,
11254,39,Avocado,20.53,20.0,0.53,0.027,0.596,confirmed,Forest Zone
11256,39,Avocado,20.07,20.0,0.07,0.004,0.6573,confirmed,Forest Zone
11268,39,Avocado,21.09,20.0,1.09,0.055,0.5213,confirmed,Forest Zone
11273,39,Avocado,20.19,20.0,0.19,0.01,0.5411,confirmed,Forest Zone
11292,39,Avocado,20.23,20.0,0.23,0.012,0.5366,confirmed,Forest Zone
11368,39,Avocado,20.87,20.0,0.87,0.044,0.5507,confirmed,Forest Zone
11375,39,Avocado,20.52,20.0,0.52,0.026,0.5973,confirmed,Forest Zone
11489,39,Avocado,20.37,20.0,0.37,0.018,0.6173,confirmed,Forest Zone
11496,39,Avocado,20.26,20.0,0.26,0.013,0.632,confirmed,Forest Zone
11510,39,Avocado,20.02,20.0,0.02,0.001,0.5602,confirmed,Forest Zone
11559,39,Avocado,21.03,20.0,1.03,0.052,0.5293,confirmed,Forest Zone
11600,39,Avocado,20.57,20.0,0.57,0.028,0.5907,confirmed,Forest Zone
11679,39,Avocado,20.02,20.0,0.02,0.001,0.664,confirmed,Forest Zone
11690,39,Avocado,20.82,20.0,0.82,0.041,0.5573,confirmed,Forest Zone
11831,39,Avocado,21.09,20.0,1.09,0.055,0.5213,confirmed,Forest Zone
11890,39,Avocado,20.82,20.0,0.82,0.041,0.5573,unconfirmed,
11907,39,Avocado,21.04,20.0,1.04,0.052,0.528,confirmed,Forest Zone
11928,39,Avocado,20.95,20.0,0.95,0.048,0.54,confirmed,Forest Zone
11932,39,Avocado,20.82,20.0,0.82,0.041,0.5573,confirmed,Forest Zone
11966,39,Avocado,20.04,20.0,0.04,0.002,0.6613,confirmed,Forest Zone
12007,39,Avocado,20.87,20.0,0.87,0.044,0.5507,confirmed,Forest Zone
12169,39,Avocado,21.03,20.0,1.03,0.052,0.5293,confirmed,Forest Zone
12223,39,Avocado,20.11,20.0,0.11,0.006,0.652,unconfirmed,
12240,39,Avocado,20.63,20.0,0.63,0.032,0.5827,confirmed,Forest Zone
12264,39,Avocado,20.57,20.0,0.57,0.028,0.5907,confirmed,Forest Zone
12270,39,Avocado,20.75,20.0,0.75,0.038,0.5667,confirmed,Forest Zone
12341,39,Avocado,20.95,20.0,0.95,0.048,0.54,confirmed,Forest Zone
12354,39,Avocado,20.51,20.0,0.51,0.026,0.5987,confirmed,Forest Zone
12357,39,Avocado,20.57,20.0,0.57,0.028,0.5907,confirmed,Forest Zone
12361,39,Avocado,20.63,20.0,0.63,0.032,0.5827,unconfirmed,
12464,39,Avocado,20.54,20.0,0.54,0.027,0.5947,confirmed,Forest Zone
12584,39,Avocado,20.28,20.0,0.28,0.014,0.6293,unconfirmed,
12590,39,Avocado,21.11,20.0,1.11,0.056,0.5187,confirmed,Forest Zone
12675,39,Avocado,20.24,20.0,0.24,0.012,0.6347,confirmed,Forest Zone
12735,39,Avocado,20.03,20.0,0.03,0.002,0.6627,confirmed,Forest Zone
12782,39,Avocado,20.14,20.0,0.14,0.007,0.648,confirmed,Forest Zone
12796,39,Avocado,20.54,20.0,0.54,0.027,0.5947,confirmed,Forest Zone
12904,39,Avocado,20.52,20.0,0.52,0.026,0.5973,confirmed,Forest Zone
13022,39,Avocado,21.11,20.0,1.11,0.056,0.5187,unconfirmed,
13068,39,Avocado,20.42,20.0,0.42,0.021,0.6107,confirmed,Forest Zone
13232,39,Avocado,20.17,20.0,0.17,0.008,0.644,confirmed,Forest Zone
13271,39,Avocado,20.51,20.0,0.51,0.026,0.5987,unconfirmed,
13273,39,Avocado,20.73,20.0,0.73,0.036,0.5693,unconfirmed,
13508,39,Avocado,20.53,20.0,0.53,0.027,0.596,confirmed,Forest Zone
13593,39,Avocado,21.04,20.0,1.04,0.052,0.528,unconfirmed,
13601,39,Avocado,21.25,20.0,1.25,0.062,0.5,unconfirmed,
13671,39,Avocado,20.94,20.0,0.94,0.047,0.5413,confirmed,Forest Zone
13779,39,Avocado,20.24,20.0,0.24,0.012,0.6347,confirmed,Forest Zone
13786,39,Avocado,21.06,20.0,1.06,0.053,0.5253,unconfirmed,
13842,39,Avocado,20.53,20.0,0.53,0.027,0.596,confirmed,Forest Zone
13903,39,Avocado,21.23,20.0,1.23,0.062,0.5027,unconfirmed,
14008,39,Avocado,20.31,20.0,0.31,0.016,0.6253,unconfirmed,
14046,39,Avocado,20.26,20.0,0.26,0.013,0.632,unconfirmed,
14113,39,Avocado,21.1,20.0,1.1,0.055,0.52,unconfirmed,
14158,39,Avocado,20.57,20.0,0.57,0.028,0.5907,unconfirmed,
14160,39,Avocado,20.81,20.0,0.81,0.04,0.5587,unconfirmed,
14232,39,Avocado,20.01,20.0,0.01,0.0,0.6653,unconfirmed,
14557,39,Avocado,21.24,20.0,1.24,0.062,0.5013,unconfirmed,
14994,39,Avocado,20.26,20.0,0.26,0.013,0.632,unconfirmed,
15014,39,Avocado,20.01,20.0,0.01,0.0,0.6653,unconfirmed,
15547,39,Avocado,21.04,20.0,1.04,0.052,0.528,unconfirmed,
16111,39,Avocado,20.31,20.0,0.31,0.016,0.6253,unconfirmed,
16216,39,Avocado,20.63,20.0,0.63,0.032,0.5827,unconfirmed,
16322,39,Avocado,20.73,20.0,0.73,0.036,0.5693,unconfirmed,
16437,39,Avocado,21.03,20.0,1.03,0.052,0.5293,unconfirmed,
3993,40,Peacock Flower Tree,30.01,30.0,0.01,0.0,0.5617,confirmed,Socialized Housing Zone
4386,40,Peacock Flower Tree,30.05,30.0,0.05,0.002,0.5588,confirmed,Forest Zone
4401,40,Peacock Flower Tree,30.02,30.0,0.02,0.001,0.561,confirmed,Medium Density Residential Zone
4407,40,Peacock Flower Tree,30.78,30.0,0.78,0.026,0.504,confirmed,Forest Zone
4513,40,Peacock Flower Tree,30.47,30.0,0.47,0.016,0.5273,confirmed,Medium Density Residential Zone
4705,40,Peacock Flower Tree,30.54,30.0,0.54,0.018,0.522,confirmed,Buffer Zone
4829,40,Peacock Flower Tree,30.12,30.0,0.12,0.004,0.5535,confirmed,Forest Zone
4931,40,Peacock Flower Tree,30.09,30.0,0.09,0.003,0.5558,confirmed,Forest Zone
5034,40,Peacock Flower Tree,30.66,30.0,0.66,0.022,0.513,confirmed,Forest Zone
5041,40,Peacock Flower Tree,30.56,30.0,0.56,0.019,0.5205,confirmed,Forest Zone
5053,40,Peacock Flower Tree,30.63,30.0,0.63,0.021,0.5153,confirmed,Forest Zone
5155,40,Peacock Flower Tree,30.51,30.0,0.51,0.017,0.5242,confirmed,Forest Zone
5253,40,Peacock Flower Tree,30.12,30.0,0.12,0.004,0.5535,confirmed,Forest Zone
5296,40,Peacock Flower Tree,30.13,30.0,0.13,0.004,0.5528,confirmed,Medium Density Residential Zone
5303,40,Peacock Flower Tree,30.53,30.0,0.53,0.018,0.5227,confirmed,Medium Density Residential Zone
5492,40,Peacock Flower Tree,30.06,30.0,0.06,0.002,0.558,confirmed,Forest Zone
5608,40,Peacock Flower Tree,30.58,30.0,0.58,0.019,0.519,confirmed,Forest Zone
5612,40,Peacock Flower Tree,30.2,30.0,0.2,0.007,0.5475,confirmed,Forest Zone
5715,40,Peacock Flower Tree,30.39,30.0,0.39,0.013,0.5332,confirmed,Forest Zone
6047,40,Peacock Flower Tree,30.81,30.0,0.81,0.027,0.5018,confirmed,Forest Zone
6168,40,Peacock Flower Tree,30.69,30.0,0.69,0.023,0.5107,confirmed,Forest Zone
6512,40,Peacock Flower Tree,30.47,30.0,0.47,0.016,0.5273,confirmed,Forest Zone
6514,40,Peacock Flower Tree,30.28,30.0,0.28,0.009,0.5415,confirmed,Forest Zone
6526,40,Peacock Flower Tree,30.43,30.0,0.43,0.014,0.5302,confirmed,Forest Zone
6530,40,Peacock Flower Tree,30.54,30.0,0.54,0.018,0.522,confirmed,Forest Zone
6976,40,Peacock Flower Tree,30.03,30.0,0.03,0.001,0.5602,confirmed,Medium Density Residential Zone
7048,40,Peacock Flower Tree,30.63,30.0,0.63,0.021,0.5153,confirmed,Sanitary Landfill
7197,40,Peacock Flower Tree,30.11,30.0,0.11,0.004,0.5542,confirmed,Forest Zone
7362,40,Peacock Flower Tree,30.16,30.0,0.16,0.005,0.6524,confirmed,Institutional Research Zone
7495,40,Peacock Flower Tree,30.03,30.0,0.03,0.001,0.5602,confirmed,Forest Zone
7596,40,Peacock Flower Tree,30.02,30.0,0.02,0.001,0.561,confirmed,Forest Zone
7801,40,Peacock Flower Tree,30.36,30.0,0.36,0.012,0.6347,confirmed,Institutional Research Zone
7853,40,Peacock Flower Tree,30.66,30.0,0.66,0.022,0.513,confirmed,Forest Zone
8256,40,Peacock Flower Tree,30.82,30.0,0.82,0.027,0.5938,confirmed,Forest Zone
8281,40,Peacock Flower Tree,30.02,30.0,0.02,0.001,0.561,confirmed,Forest Zone
8460,40,Peacock Flower Tree,30.05,30.0,0.05,0.002,0.6622,confirmed,Forest Zone
8572,40,Peacock Flower Tree,31.27,30.0,1.27,0.042,0.5538,confirmed,Forest Zone
8585,40,Peacock Flower Tree,30.28,30.0,0.28,0.009,0.6418,confirmed,Forest Zone
8712,40,Peacock Flower Tree,30.35,30.0,0.35,0.012,0.5362,confirmed,Forest Zone
8716,40,Peacock Flower Tree,30.03,30.0,0.03,0.001,0.5602,confirmed,Forest Zone
8795,40,Peacock Flower Tree,30.51,30.0,0.51,0.017,0.6213,confirmed,Forest Zone
8796,40,Peacock Flower Tree,30.55,30.0,0.55,0.018,0.6178,confirmed,Forest Zone
8799,40,Peacock Flower Tree,30.05,30.0,0.05,0.002,0.6622,confirmed,Forest Zone
8904,40,Peacock Flower Tree,30.93,30.0,0.93,0.031,0.584,confirmed,Forest Zone
8923,40,Peacock Flower Tree,30.2,30.0,0.2,0.007,0.6489,confirmed,Forest Zone
8942,40,Peacock Flower Tree,30.38,30.0,0.38,0.013,0.534,confirmed,Forest Zone
8954,40,Peacock Flower Tree,30.46,30.0,0.46,0.015,0.528,confirmed,Forest Zone
9053,40,Peacock Flower Tree,30.46,30.0,0.46,0.015,0.528,confirmed,Forest Zone
9065,40,Peacock Flower Tree,30.59,30.0,0.59,0.02,0.5182,confirmed,Forest Zone
9365,40,Peacock Flower Tree,31.3,30.0,1.3,0.043,0.5511,confirmed,Forest Zone
9370,40,Peacock Flower Tree,31.11,30.0,1.11,0.037,0.568,confirmed,Forest Zone
9371,40,Peacock Flower Tree,30.17,30.0,0.17,0.006,0.6516,confirmed,Forest Zone
9385,40,Peacock Flower Tree,30.72,30.0,0.72,0.024,0.5085,confirmed,Forest Zone
9480,40,Peacock Flower Tree,30.91,30.0,0.91,0.03,0.5858,confirmed,Forest Zone
9580,40,Peacock Flower Tree,30.29,30.0,0.29,0.01,0.6409,confirmed,Forest Zone
9830,40,Peacock Flower Tree,30.08,30.0,0.08,0.003,0.5565,confirmed,Forest Zone
9904,40,Peacock Flower Tree,31.51,30.0,1.51,0.05,0.5324,confirmed,Forest Zone
9910,40,Peacock Flower Tree,30.33,30.0,0.33,0.011,0.6373,confirmed,Forest Zone
9931,40,Peacock Flower Tree,30.01,30.0,0.01,0.0,0.5617,confirmed,Forest Zone
10020,40,Peacock Flower Tree,30.22,30.0,0.22,0.007,0.6471,confirmed,Forest Zone
10024,40,Peacock Flower Tree,31.32,30.0,1.32,0.044,0.5493,confirmed,Forest Zone
10036,40,Peacock Flower Tree,31.54,30.0,1.54,0.051,0.5298,confirmed,Forest Zone
10039,40,Peacock Flower Tree,30.82,30.0,0.82,0.027,0.5938,confirmed,Forest Zone
10128,40,Peacock Flower Tree,30.01,30.0,0.01,0.0,0.6658,confirmed,Forest Zone
10141,40,Peacock Flower Tree,31.68,30.0,1.68,0.056,0.5173,confirmed,Forest Zone
10142,40,Peacock Flower Tree,30.53,30.0,0.53,0.018,0.6196,confirmed,Forest Zone
10464,40,Peacock Flower Tree,31.4,30.0,1.4,0.047,0.5422,confirmed,Forest Zone
10469,40,Peacock Flower Tree,30.54,30.0,0.54,0.018,0.6187,confirmed,Forest Zone
10470,40,Peacock Flower Tree,30.16,30.0,0.16,0.005,0.6524,confirmed,Forest Zone
10581,40,Peacock Flower Tree,30.93,30.0,0.93,0.031,0.584,confirmed,Forest Zone
10599,40,Peacock Flower Tree,31.03,30.0,1.03,0.034,0.5751,confirmed,Forest Zone
10602,40,Peacock Flower Tree,30.98,30.0,0.98,0.033,0.5796,confirmed,Institutional Research Zone
10678,40,Peacock Flower Tree,30.71,30.0,0.71,0.024,0.6036,confirmed,Forest Zone
10683,40,Peacock Flower Tree,30.21,30.0,0.21,0.007,0.648,confirmed,Forest Zone
10693,40,Peacock Flower Tree,30.2,30.0,0.2,0.007,0.6489,confirmed,Forest Zone
10694,40,Peacock Flower Tree,31.54,30.0,1.54,0.051,0.5298,confirmed,Forest Zone
10701,40,Peacock Flower Tree,31.5,30.0,1.5,0.05,0.5333,confirmed,Forest Zone
10711,40,Peacock Flower Tree,30.09,30.0,0.09,0.003,0.6587,confirmed,Forest Zone
10797,40,Peacock Flower Tree,31.01,30.0,1.01,0.034,0.5769,confirmed,Forest Zone
10813,40,Peacock Flower Tree,30.34,30.0,0.34,0.011,0.6364,confirmed,Forest Zone
10896,40,Peacock Flower Tree,31.41,30.0,1.41,0.047,0.5413,confirmed,Forest Zone
10901,40,Peacock Flower Tree,30.24,30.0,0.24,0.008,0.6453,confirmed,Forest Zone
11005,40,Peacock Flower Tree,31.78,30.0,1.78,0.059,0.5084,confirmed,Forest Zone
11008,40,Peacock Flower Tree,31.78,30.0,1.78,0.059,0.5084,confirmed,Forest Zone
11039,40,Peacock Flower Tree,31.02,30.0,1.02,0.034,0.576,confirmed,Forest Zone
11150,40,Peacock Flower Tree,31.08,30.0,1.08,0.036,0.5707,confirmed,Forest Zone
11231,40,Peacock Flower Tree,30.33,30.0,0.33,0.011,0.6373,confirmed,Forest Zone
11239,40,Peacock Flower Tree,30.6,30.0,0.6,0.02,0.6133,confirmed,Forest Zone
11258,40,Peacock Flower Tree,30.55,30.0,0.55,0.018,0.6178,confirmed,Forest Zone
11344,40,Peacock Flower Tree,31.8,30.0,1.8,0.06,0.5067,confirmed,Forest Zone
11347,40,Peacock Flower Tree,30.39,30.0,0.39,0.013,0.632,confirmed,Forest Zone
11352,40,Peacock Flower Tree,31.55,30.0,1.55,0.052,0.5289,confirmed,Forest Zone
11353,40,Peacock Flower Tree,31.43,30.0,1.43,0.048,0.5396,confirmed,Forest Zone
11364,40,Peacock Flower Tree,31.36,30.0,1.36,0.045,0.5458,confirmed,Forest Zone
11369,40,Peacock Flower Tree,30.06,30.0,0.06,0.002,0.6613,confirmed,Forest Zone
11448,40,Peacock Flower Tree,30.93,30.0,0.93,0.031,0.584,confirmed,Forest Zone
11451,40,Peacock Flower Tree,31.17,30.0,1.17,0.039,0.5627,confirmed,Forest Zone
11452,40,Peacock Flower Tree,30.44,30.0,0.44,0.015,0.6276,confirmed,Forest Zone
11457,40,Peacock Flower Tree,31.13,30.0,1.13,0.038,0.5662,confirmed,Forest Zone
11469,40,Peacock Flower Tree,30.56,30.0,0.56,0.019,0.6169,confirmed,Forest Zone
11476,40,Peacock Flower Tree,30.05,30.0,0.05,0.002,0.6622,confirmed,Forest Zone
11477,40,Peacock Flower Tree,31.4,30.0,1.4,0.047,0.5422,confirmed,Forest Zone
11486,40,Peacock Flower Tree,31.81,30.0,1.81,0.06,0.5058,confirmed,Forest Zone
11581,40,Peacock Flower Tree,31.01,30.0,1.01,0.034,0.5769,confirmed,Forest Zone
11672,40,Peacock Flower Tree,31.55,30.0,1.55,0.052,0.5289,confirmed,Forest Zone
11695,40,Peacock Flower Tree,31.07,30.0,1.07,0.036,0.5716,confirmed,Forest Zone
11799,40,Peacock Flower Tree,30.69,30.0,0.69,0.023,0.6053,confirmed,Forest Zone
11801,40,Peacock Flower Tree,30.28,30.0,0.28,0.009,0.6418,confirmed,Forest Zone
11811,40,Peacock Flower Tree,31.36,30.0,1.36,0.045,0.5458,confirmed,Forest Zone
11918,40,Peacock Flower Tree,30.78,30.0,0.78,0.026,0.5973,confirmed,Forest Zone
12027,40,Peacock Flower Tree,31.82,30.0,1.82,0.061,0.5049,confirmed,Forest Zone
12055,40,Peacock Flower Tree,31.4,30.0,1.4,0.047,0.5422,confirmed,Forest Zone
12233,40,Peacock Flower Tree,30.09,30.0,0.09,0.003,0.6587,confirmed,Forest Zone
12245,40,Peacock Flower Tree,30.66,30.0,0.66,0.022,0.608,confirmed,Forest Zone
12261,40,Peacock Flower Tree,30.39,30.0,0.39,0.013,0.632,confirmed,Forest Zone
12262,40,Peacock Flower Tree,31.66,30.0,1.66,0.055,0.5191,confirmed,Forest Zone
12342,40,Peacock Flower Tree,31.54,30.0,1.54,0.051,0.5298,confirmed,Forest Zone
12375,40,Peacock Flower Tree,31.42,30.0,1.42,0.047,0.5404,confirmed,Forest Zone
12388,40,Peacock Flower Tree,30.55,30.0,0.55,0.018,0.6178,confirmed,Forest Zone
12389,40,Peacock Flower Tree,31.83,30.0,1.83,0.061,0.504,confirmed,Forest Zone
12408,40,Peacock Flower Tree,31.34,30.0,1.34,0.045,0.5476,confirmed,Forest Zone
12459,40,Peacock Flower Tree,31.84,30.0,1.84,0.061,0.5031,confirmed,Forest Zone
12460,40,Peacock Flower Tree,30.68,30.0,0.68,0.023,0.6062,confirmed,Forest Zone
12479,40,Peacock Flower Tree,30.59,30.0,0.59,0.02,0.6142,confirmed,Forest Zone
12480,40,Peacock Flower Tree,31.56,30.0,1.56,0.052,0.528,confirmed,Forest Zone
12489,40,Peacock Flower Tree,30.38,30.0,0.38,0.013,0.6329,confirmed,Forest Zone
12504,40,Peacock Flower Tree,31.58,30.0,1.58,0.053,0.5262,confirmed,Forest Zone
12505,40,Peacock Flower Tree,31.59,30.0,1.59,0.053,0.5253,confirmed,Forest Zone
12561,40,Peacock Flower Tree,30.51,30.0,0.51,0.017,0.6213,confirmed,Forest Zone
12578,40,Peacock Flower Tree,30.12,30.0,0.12,0.004,0.656,unconfirmed,
12581,40,Peacock Flower Tree,31.26,30.0,1.26,0.042,0.5547,unconfirmed,
12667,40,Peacock Flower Tree,30.07,30.0,0.07,0.002,0.6604,unconfirmed,
12677,40,Peacock Flower Tree,31.23,30.0,1.23,0.041,0.5573,confirmed,Forest Zone
12682,40,Peacock Flower Tree,30.12,30.0,0.12,0.004,0.656,confirmed,Forest Zone
12707,40,Peacock Flower Tree,31.15,30.0,1.15,0.038,0.5644,confirmed,Forest Zone
12729,40,Peacock Flower Tree,30.46,30.0,0.46,0.015,0.6258,confirmed,Forest Zone
12794,40,Peacock Flower Tree,30.97,30.0,0.97,0.032,0.5804,confirmed,Forest Zone
12795,40,Peacock Flower Tree,30.67,30.0,0.67,0.022,0.6071,confirmed,Forest Zone
12809,40,Peacock Flower Tree,31.1,30.0,1.1,0.037,0.5689,unconfirmed,
12818,40,Peacock Flower Tree,30.05,30.0,0.05,0.002,0.6622,confirmed,Forest Zone
12843,40,Peacock Flower Tree,30.23,30.0,0.23,0.008,0.6462,confirmed,Forest Zone
12893,40,Peacock Flower Tree,31.53,30.0,1.53,0.051,0.5307,confirmed,Forest Zone
12894,40,Peacock Flower Tree,30.29,30.0,0.29,0.01,0.6409,confirmed,Forest Zone
12939,40,Peacock Flower Tree,30.45,30.0,0.45,0.015,0.6267,confirmed,Forest Zone
12945,40,Peacock Flower Tree,31.34,30.0,1.34,0.045,0.5476,confirmed,Forest Zone
12946,40,Peacock Flower Tree,30.35,30.0,0.35,0.012,0.6356,confirmed,Forest Zone
12949,40,Peacock Flower Tree,30.42,30.0,0.42,0.014,0.6293,confirmed,Forest Zone
13006,40,Peacock Flower Tree,31.67,30.0,1.67,0.056,0.5182,confirmed,Forest Zone
13008,40,Peacock Flower Tree,30.71,30.0,0.71,0.024,0.6036,confirmed,Forest Zone
13030,40,Peacock Flower Tree,31.57,30.0,1.57,0.052,0.5271,unconfirmed,
13049,40,Peacock Flower Tree,31.34,30.0,1.34,0.045,0.5476,confirmed,Forest Zone
13114,40,Peacock Flower Tree,31.0,30.0,1.0,0.033,0.5778,confirmed,Forest Zone
13250,40,Peacock Flower Tree,30.23,30.0,0.23,0.008,0.6462,unconfirmed,
13251,40,Peacock Flower Tree,30.71,30.0,0.71,0.024,0.6036,unconfirmed,
13259,40,Peacock Flower Tree,30.46,30.0,0.46,0.015,0.6258,unconfirmed,
13280,40,Peacock Flower Tree,30.56,30.0,0.56,0.019,0.6169,confirmed,Forest Zone
13283,40,Peacock Flower Tree,31.14,30.0,1.14,0.038,0.5653,confirmed,Forest Zone
13284,40,Peacock Flower Tree,30.55,30.0,0.55,0.018,0.6178,confirmed,Forest Zone
13338,40,Peacock Flower Tree,30.05,30.0,0.05,0.002,0.6622,confirmed,Forest Zone
13345,40,Peacock Flower Tree,31.07,30.0,1.07,0.036,0.5716,unconfirmed,
13368,40,Peacock Flower Tree,30.86,30.0,0.86,0.029,0.5902,unconfirmed,
13384,40,Peacock Flower Tree,30.78,30.0,0.78,0.026,0.5973,unconfirmed,
13449,40,Peacock Flower Tree,30.42,30.0,0.42,0.014,0.6293,confirmed,Forest Zone
13452,40,Peacock Flower Tree,30.16,30.0,0.16,0.005,0.6524,confirmed,Forest Zone
13454,40,Peacock Flower Tree,30.59,30.0,0.59,0.02,0.6142,unconfirmed,
13455,40,Peacock Flower Tree,31.42,30.0,1.42,0.047,0.5404,unconfirmed,
13464,40,Peacock Flower Tree,31.49,30.0,1.49,0.05,0.5342,unconfirmed,
13466,40,Peacock Flower Tree,31.8,30.0,1.8,0.06,0.5067,unconfirmed,
13467,40,Peacock Flower Tree,31.12,30.0,1.12,0.037,0.5671,unconfirmed,
13468,40,Peacock Flower Tree,30.44,30.0,0.44,0.015,0.6276,unconfirmed,
13477,40,Peacock Flower Tree,30.75,30.0,0.75,0.025,0.6,unconfirmed,
13499,40,Peacock Flower Tree,31.81,30.0,1.81,0.06,0.5058,unconfirmed,
13500,40,Peacock Flower Tree,30.75,30.0,0.75,0.025,0.6,unconfirmed,
13501,40,Peacock Flower Tree,30.59,30.0,0.59,0.02,0.6142,unconfirmed,
13555,40,Peacock Flower Tree,30.87,30.0,0.87,0.029,0.5893,unconfirmed,
13566,40,Peacock Flower Tree,30.83,30.0,0.83,0.028,0.5929,unconfirmed,
13569,40,Peacock Flower Tree,31.32,30.0,1.32,0.044,0.5493,unconfirmed,
13570,40,Peacock Flower Tree,31.01,30.0,1.01,0.034,0.5769,unconfirmed,
13578,40,Peacock Flower Tree,31.04,30.0,1.04,0.035,0.5742,unconfirmed,
13587,40,Peacock Flower Tree,30.29,30.0,0.29,0.01,0.6409,unconfirmed,
13591,40,Peacock Flower Tree,30.05,30.0,0.05,0.002,0.6622,unconfirmed,
13597,40,Peacock Flower Tree,30.35,30.0,0.35,0.012,0.6356,unconfirmed,
13605,40,Peacock Flower Tree,31.49,30.0,1.49,0.05,0.5342,unconfirmed,
13667,40,Peacock Flower Tree,31.04,30.0,1.04,0.035,0.5742,confirmed,Forest Zone
13777,40,Peacock Flower Tree,30.32,30.0,0.32,0.011,0.6382,unconfirmed,
13780,40,Peacock Flower Tree,31.53,30.0,1.53,0.051,0.5307,confirmed,Forest Zone
13787,40,Peacock Flower Tree,30.08,30.0,0.08,0.003,0.6596,unconfirmed,
13789,40,Peacock Flower Tree,30.25,30.0,0.25,0.008,0.6444,unconfirmed,
13808,40,Peacock Flower Tree,31.0,30.0,1.0,0.033,0.5778,unconfirmed,
13810,40,Peacock Flower Tree,30.17,30.0,0.17,0.006,0.6516,unconfirmed,
13811,40,Peacock Flower Tree,31.0,30.0,1.0,0.033,0.5778,unconfirmed,
13888,40,Peacock Flower Tree,31.78,30.0,1.78,0.059,0.5084,unconfirmed,
13891,40,Peacock Flower Tree,30.01,30.0,0.01,0.0,0.6658,unconfirmed,
13915,40,Peacock Flower Tree,30.03,30.0,0.03,0.001,0.664,unconfirmed,
13921,40,Peacock Flower Tree,30.02,30.0,0.02,0.001,0.6649,unconfirmed,
13936,40,Peacock Flower Tree,31.4,30.0,1.4,0.047,0.5422,unconfirmed,
13937,40,Peacock Flower Tree,30.63,30.0,0.63,0.021,0.6107,unconfirmed,
13950,40,Peacock Flower Tree,30.95,30.0,0.95,0.032,0.5822,confirmed,Forest Zone
14015,40,Peacock Flower Tree,30.05,30.0,0.05,0.002,0.6622,unconfirmed,
14018,40,Peacock Flower Tree,30.43,30.0,0.43,0.014,0.6284,unconfirmed,
14026,40,Peacock Flower Tree,30.03,30.0,0.03,0.001,0.664,unconfirmed,
14027,40,Peacock Flower Tree,30.03,30.0,0.03,0.001,0.664,unconfirmed,
14039,40,Peacock Flower Tree,30.01,30.0,0.01,0.0,0.6658,unconfirmed,
14040,40,Peacock Flower Tree,31.15,30.0,1.15,0.038,0.5644,unconfirmed,
14148,40,Peacock Flower Tree,31.65,30.0,1.65,0.055,0.52,unconfirmed,
14151,40,Peacock Flower Tree,31.67,30.0,1.67,0.056,0.5182,unconfirmed,
14157,40,Peacock Flower Tree,31.53,30.0,1.53,0.051,0.5307,unconfirmed,
14163,40,Peacock Flower Tree,30.53,30.0,0.53,0.018,0.6196,unconfirmed,
14263,40,Peacock Flower Tree,31.78,30.0,1.78,0.059,0.5084,unconfirmed,
14327,40,Peacock Flower Tree,30.62,30.0,0.62,0.021,0.6116,unconfirmed,
14335,40,Peacock Flower Tree,30.21,30.0,0.21,0.007,0.648,unconfirmed,
14350,40,Peacock Flower Tree,30.06,30.0,0.06,0.002,0.6613,unconfirmed,
14352,40,Peacock Flower Tree,30.65,30.0,0.65,0.022,0.6089,unconfirmed,
14394,40,Peacock Flower Tree,31.11,30.0,1.11,0.037,0.568,confirmed,Forest Zone
14453,40,Peacock Flower Tree,30.51,30.0,0.51,0.017,0.6213,unconfirmed,
14459,40,Peacock Flower Tree,31.42,30.0,1.42,0.047,0.5404,unconfirmed,
14460,40,Peacock Flower Tree,31.0,30.0,1.0,0.033,0.5778,unconfirmed,
14570,40,Peacock Flower Tree,30.23,30.0,0.23,0.008,0.6462,unconfirmed,
14580,40,Peacock Flower Tree,30.88,30.0,0.88,0.029,0.5884,unconfirmed,
14666,40,Peacock Flower Tree,30.05,30.0,0.05,0.002,0.6622,unconfirmed,
14788,40,Peacock Flower Tree,30.22,30.0,0.22,0.007,0.6471,unconfirmed,
15001,40,Peacock Flower Tree,30.84,30.0,0.84,0.028,0.592,unconfirmed,
15008,40,Peacock Flower Tree,31.23,30.0,1.23,0.041,0.5573,unconfirmed,
15010,40,Peacock Flower Tree,31.72,30.0,1.72,0.057,0.5138,unconfirmed,
15111,40,Peacock Flower Tree,30.98,30.0,0.98,0.033,0.5796,unconfirmed,
15117,40,Peacock Flower Tree,30.08,30.0,0.08,0.003,0.6596,unconfirmed,
15227,40,Peacock Flower Tree,30.22,30.0,0.22,0.007,0.6471,unconfirmed,
15658,40,Peacock Flower Tree,31.7,30.0,1.7,0.057,0.5156,unconfirmed,
15994,40,Peacock Flower Tree,30.21,30.0,0.21,0.007,0.648,unconfirmed,
16104,40,Peacock Flower Tree,30.93,30.0,0.93,0.031,0.584,unconfirmed,
16215,40,Peacock Flower Tree,30.53,30.0,0.53,0.018,0.6196,unconfirmed,
16324,40,Peacock Flower Tree,30.77,30.0,0.77,0.026,0.5982,unconfirmed,
16331,40,Peacock Flower Tree,31.04,30.0,1.04,0.035,0.5742,unconfirmed,
16551,40,Peacock Flower Tree,30.79,30.0,0.79,0.026,0.5964,unconfirmed,
16662,40,Peacock Flower Tree,31.34,30.0,1.34,0.045,0.5476,unconfirmed,
16766,40,Peacock Flower Tree,30.09,30.0,0.09,0.003,0.6587,unconfirmed,
16767,40,Peacock Flower Tree,30.09,30.0,0.09,0.003,0.6587,unconfirmed,
16878,40,Peacock Flower Tree,31.64,30.0,1.64,0.055,0.5209,unconfirmed,
3195,41,Guava,26.43,25.0,1.43,0.057,0.5784,confirmed,High Density Residential - Mixed Use Zone
3420,41,Guava,25.09,25.0,0.09,0.004,0.7392,confirmed,High Density Residential - Mixed Use Zone
3543,41,Guava,25.51,25.0,0.51,0.02,0.6888,confirmed,High Density Residential - Mixed Use Zone
3756,41,Guava,27.03,25.0,2.03,0.081,0.5064,confirmed,High Density Residential - Mixed Use Zone
3875,41,Guava,26.81,25.0,1.81,0.072,0.5328,confirmed,High Density Residential - Mixed Use Zone
3975,41,Guava,25.17,25.0,0.17,0.007,0.7296,confirmed,High Density Residential - Mixed Use Zone
3979,41,Guava,26.55,25.0,1.55,0.062,0.564,confirmed,High Density Residential - Mixed Use Zone
3985,41,Guava,25.63,25.0,0.63,0.025,0.6744,confirmed,High Density Residential - Mixed Use Zone
3994,41,Guava,27.01,25.0,2.01,0.08,0.5088,confirmed,Socialized Housing Zone
4067,41,Guava,25.59,25.0,0.59,0.024,0.6792,confirmed,Medium Density Residential Zone
4089,41,Guava,26.92,25.0,1.92,0.077,0.5196,confirmed,High Density Residential - Mixed Use Zone
4290,41,Guava,25.48,25.0,0.48,0.019,0.6924,confirmed,Medium Density Residential Zone
4296,41,Guava,25.34,25.0,0.34,0.014,0.7092,confirmed,Forest Zone
4300,41,Guava,27.01,25.0,2.01,0.08,0.5088,confirmed,Forest Zone
4312,41,Guava,25.01,25.0,0.01,0.0,0.7488,confirmed,Medium Density Residential Zone
4395,41,Guava,25.99,25.0,0.99,0.04,0.6312,confirmed,Medium Density Residential Zone
4402,41,Guava,26.64,25.0,1.64,0.066,0.5532,confirmed,Medium Density Residential Zone
4428,41,Guava,25.13,25.0,0.13,0.005,0.7344,confirmed,Socialized Housing Zone
4437,41,Guava,25.95,25.0,0.95,0.038,0.636,confirmed,Socialized Housing Zone
4521,41,Guava,26.26,25.0,1.26,0.05,0.5988,confirmed,Medium Density Residential Zone
4599,41,Guava,26.84,25.0,1.84,0.074,0.5292,confirmed,Buffer Zone
4608,41,Guava,26.59,25.0,1.59,0.064,0.5592,confirmed,Forest Zone
4621,41,Guava,26.23,25.0,1.23,0.049,0.6024,confirmed,Medium Density Residential Zone
4625,41,Guava,26.99,25.0,1.99,0.08,0.5112,confirmed,Medium Density Residential Zone
4627,41,Guava,25.32,25.0,0.32,0.013,0.7116,confirmed,Forest Zone
4631,41,Guava,26.62,25.0,1.62,0.065,0.5556,confirmed,Medium Density Residential Zone
4632,41,Guava,26.58,25.0,1.58,0.063,0.5604,confirmed,Medium Density Residential Zone
4635,41,Guava,26.01,25.0,1.01,0.04,0.6288,confirmed,Forest Zone
4650,41,Guava,25.82,25.0,0.82,0.033,0.6516,confirmed,Socialized Housing Zone
4714,41,Guava,25.53,25.0,0.53,0.021,0.6864,confirmed,Forest Zone
4738,41,Guava,26.33,25.0,1.33,0.053,0.5904,confirmed,Medium Density Residential Zone
4744,41,Guava,25.51,25.0,0.51,0.02,0.6888,confirmed,Medium Density Residential Zone
4759,41,Guava,26.72,25.0,1.72,0.069,0.5436,confirmed,Medium Density Residential Zone
4763,41,Guava,26.94,25.0,1.94,0.078,0.5172,confirmed,Socialized Housing Zone
4818,41,Guava,26.11,25.0,1.11,0.044,0.6168,confirmed,Forest Zone
4821,41,Guava,25.54,25.0,0.54,0.022,0.6852,confirmed,Forest Zone
4843,41,Guava,25.12,25.0,0.12,0.005,0.7356,confirmed,Medium Density Residential Zone
4950,41,Guava,26.59,25.0,1.59,0.064,0.5592,confirmed,Medium Density Residential Zone
4966,41,Guava,25.37,25.0,0.37,0.015,0.7056,confirmed,Forest Zone
4986,41,Guava,26.59,25.0,1.59,0.064,0.5592,confirmed,Medium Density Residential Zone
5039,41,Guava,25.07,25.0,0.07,0.003,0.7416,confirmed,Forest Zone
5049,41,Guava,25.32,25.0,0.32,0.013,0.7116,confirmed,Forest Zone
5061,41,Guava,26.14,25.0,1.14,0.046,0.6132,confirmed,Medium Density Residential Zone
5077,41,Guava,25.83,25.0,0.83,0.033,0.6504,confirmed,Forest Zone
5145,41,Guava,25.01,25.0,0.01,0.0,0.7488,confirmed,Forest Zone
5164,41,Guava,26.53,25.0,1.53,0.061,0.5664,confirmed,Forest Zone
5182,41,Guava,26.19,25.0,1.19,0.048,0.6072,confirmed,Medium Density Residential Zone
5186,41,Guava,26.19,25.0,1.19,0.048,0.6072,confirmed,Forest Zone
5279,41,Guava,25.17,25.0,0.17,0.007,0.7296,confirmed,Forest Zone
5416,41,Guava,26.92,25.0,1.92,0.077,0.5196,confirmed,Medium Density Residential Zone
5501,41,Guava,26.98,25.0,1.98,0.079,0.5124,confirmed,Forest Zone
5514,41,Guava,25.51,25.0,0.51,0.02,0.6888,confirmed,Medium Density Residential Zone
5603,41,Guava,26.12,25.0,1.12,0.045,0.6156,confirmed,Forest Zone
5617,41,Guava,26.19,25.0,1.19,0.048,0.6072,confirmed,Medium Density Residential Zone
5705,41,Guava,26.78,25.0,1.78,0.071,0.5364,confirmed,Forest Zone
5836,41,Guava,26.53,25.0,1.53,0.061,0.5664,confirmed,Forest Zone
5851,41,Guava,25.73,25.0,0.73,0.029,0.6624,confirmed,Medium Density Residential Zone
5853,41,Guava,27.06,25.0,2.06,0.082,0.5028,confirmed,Forest Zone
5856,41,Guava,25.13,25.0,0.13,0.005,0.7344,confirmed,Forest Zone
5931,41,Guava,26.18,25.0,1.18,0.047,0.6084,confirmed,Forest Zone
5950,41,Guava,26.98,25.0,1.98,0.079,0.5124,confirmed,Forest Zone
5959,41,Guava,25.83,25.0,0.83,0.033,0.6504,confirmed,Medium Density Residential Zone
5964,41,Guava,25.02,25.0,0.02,0.001,0.7476,confirmed,Forest Zone
5966,41,Guava,25.5,25.0,0.5,0.02,0.69,confirmed,Forest Zone
5970,41,Guava,26.58,25.0,1.58,0.063,0.5604,confirmed,Medium Density Residential Zone
5979,41,Guava,25.14,25.0,0.14,0.006,0.7332,confirmed,Forest Zone
6051,41,Guava,25.29,25.0,0.29,0.012,0.7152,confirmed,Forest Zone
6059,41,Guava,27.01,25.0,2.01,0.08,0.5088,confirmed,Forest Zone
6070,41,Guava,26.6,25.0,1.6,0.064,0.558,confirmed,Medium Density Residential Zone
6174,41,Guava,25.25,25.0,0.25,0.01,0.72,confirmed,Forest Zone
6192,41,Guava,25.5,25.0,0.5,0.02,0.69,confirmed,Forest Zone
6264,41,Guava,25.65,25.0,0.65,0.026,0.672,confirmed,Forest Zone
6275,41,Guava,25.63,25.0,0.63,0.025,0.6744,confirmed,Forest Zone
6277,41,Guava,26.21,25.0,1.21,0.048,0.6048,confirmed,Special Reserved Zone
6295,41,Guava,25.02,25.0,0.02,0.001,0.7476,confirmed,Forest Zone
6298,41,Guava,25.64,25.0,0.64,0.026,0.6732,confirmed,Forest Zone
6393,41,Guava,26.92,25.0,1.92,0.077,0.5196,confirmed,Special Reserved Zone
6405,41,Guava,26.44,25.0,1.44,0.058,0.5772,confirmed,Forest Zone
6416,41,Guava,26.64,25.0,1.64,0.066,0.5532,confirmed,Forest Zone
6481,41,Guava,25.79,25.0,0.79,0.032,0.6552,confirmed,Forest Zone
6509,41,Guava,25.17,25.0,0.17,0.007,0.7296,confirmed,Forest Zone
6584,41,Guava,25.94,25.0,0.94,0.038,0.6372,confirmed,Forest Zone
6595,41,Guava,25.41,25.0,0.41,0.016,0.7008,confirmed,Forest Zone
6597,41,Guava,25.08,25.0,0.08,0.003,0.7404,confirmed,Forest Zone
6624,41,Guava,26.75,25.0,1.75,0.07,0.54,confirmed,Forest Zone
6625,41,Guava,27.01,25.0,2.01,0.08,0.5088,confirmed,Forest Zone
6628,41,Guava,25.72,25.0,0.72,0.029,0.6636,confirmed,Forest Zone
6629,41,Guava,26.89,25.0,1.89,0.076,0.5232,confirmed,Forest Zone
6639,41,Guava,25.12,25.0,0.12,0.005,0.7356,confirmed,Forest Zone
6694,41,Guava,27.08,25.0,2.08,0.083,0.5004,confirmed,Forest Zone
6705,41,Guava,25.33,25.0,0.33,0.013,0.7104,confirmed,Forest Zone
6707,41,Guava,25.56,25.0,0.56,0.022,0.6828,confirmed,Forest Zone
6711,41,Guava,26.94,25.0,1.94,0.078,0.5172,confirmed,Forest Zone
6716,41,Guava,25.06,25.0,0.06,0.002,0.7428,confirmed,Forest Zone
6721,41,Guava,25.1,25.0,0.1,0.004,0.738,confirmed,Special Reserved Zone
6822,41,Guava,26.41,25.0,1.41,0.056,0.5808,confirmed,Forest Zone
6830,41,Guava,25.33,25.0,0.33,0.013,0.7104,confirmed,Special Reserved Zone
6838,41,Guava,25.62,25.0,0.62,0.025,0.6756,confirmed,High Density Residential - Mixed Use Zone
6857,41,Guava,26.64,25.0,1.64,0.066,0.5532,confirmed,Forest Zone
6862,41,Guava,25.05,25.0,0.05,0.002,0.744,confirmed,Forest Zone
6913,41,Guava,25.25,25.0,0.25,0.01,0.64,confirmed,Forest Zone
6920,41,Guava,25.63,25.0,0.63,0.025,0.6744,confirmed,Forest Zone
6937,41,Guava,26.0,25.0,1.0,0.04,0.63,confirmed,Forest Zone
6975,41,Guava,25.96,25.0,0.96,0.038,0.6348,confirmed,Parks and Recreation Zone
7040,41,Guava,25.51,25.0,0.51,0.02,0.6888,confirmed,Forest Zone
7080,41,Guava,25.24,25.0,0.24,0.01,0.7212,confirmed,Forest Zone
7163,41,Guava,25.26,25.0,0.26,0.01,0.7188,confirmed,Special Reserved Zone
7367,41,Guava,26.19,25.0,1.19,0.048,0.6072,confirmed,Forest Zone
7374,41,Guava,25.18,25.0,0.18,0.007,0.7284,confirmed,Forest Zone
7375,41,Guava,25.51,25.0,0.51,0.02,0.6888,confirmed,Forest Zone
7416,41,Guava,25.25,25.0,0.25,0.01,0.72,confirmed,Forest Zone
7521,41,Guava,26.11,25.0,1.11,0.044,0.6168,confirmed,Forest Zone
7523,41,Guava,26.52,25.0,1.52,0.061,0.5676,confirmed,Forest Zone
7597,41,Guava,26.52,25.0,1.52,0.061,0.5676,confirmed,Forest Zone
7703,41,Guava,26.01,25.0,1.01,0.04,0.6288,confirmed,Forest Zone
7744,41,Guava,26.21,25.0,1.21,0.048,0.6048,confirmed,Forest Zone
7923,41,Guava,26.56,25.0,1.56,0.062,0.5628,confirmed,Forest Zone
7941,41,Guava,25.59,25.0,0.59,0.024,0.6792,confirmed,Forest Zone
8020,41,Guava,25.02,25.0,0.02,0.001,0.6645,confirmed,Forest Zone
8036,41,Guava,25.68,25.0,0.68,0.027,0.6684,confirmed,Forest Zone
8173,41,Guava,25.5,25.0,0.5,0.02,0.69,confirmed,Forest Zone
8269,41,Guava,25.75,25.0,0.75,0.03,0.66,confirmed,Forest Zone
8293,41,Guava,26.42,25.0,1.42,0.057,0.5796,confirmed,Forest Zone
8459,41,Guava,26.19,25.0,1.19,0.048,0.5397,confirmed,Forest Zone
8497,41,Guava,25.01,25.0,0.01,0.0,0.7488,confirmed,Forest Zone
8505,41,Guava,27.08,25.0,2.08,0.083,0.5004,confirmed,Forest Zone
8510,41,Guava,26.42,25.0,1.42,0.057,0.5796,confirmed,Forest Zone
8608,41,Guava,26.88,25.0,1.88,0.075,0.5244,confirmed,Forest Zone
8682,41,Guava,26.55,25.0,1.55,0.062,0.5013,confirmed,Forest Zone
8693,41,Guava,25.01,25.0,0.01,0.0,0.6656,confirmed,Forest Zone
8702,41,Guava,26.63,25.0,1.63,0.065,0.5544,confirmed,Forest Zone
8792,41,Guava,25.14,25.0,0.14,0.006,0.6517,confirmed,Forest Zone
8900,41,Guava,25.01,25.0,0.01,0.0,0.6656,confirmed,Forest Zone
8908,41,Guava,26.01,25.0,1.01,0.04,0.5589,confirmed,Forest Zone
8940,41,Guava,25.57,25.0,0.57,0.023,0.6816,confirmed,Forest Zone
8946,41,Guava,26.63,25.0,1.63,0.065,0.5544,confirmed,Forest Zone
8967,41,Guava,25.63,25.0,0.63,0.025,0.6744,confirmed,Forest Zone
8970,41,Guava,26.64,25.0,1.64,0.066,0.5532,confirmed,Forest Zone
9021,41,Guava,25.1,25.0,0.1,0.004,0.656,confirmed,Forest Zone
9156,41,Guava,26.22,25.0,1.22,0.049,0.6036,confirmed,Forest Zone
9160,41,Guava,25.96,25.0,0.96,0.038,0.6348,confirmed,Forest Zone
9264,41,Guava,26.52,25.0,1.52,0.061,0.5676,confirmed,Forest Zone
9275,41,Guava,26.63,25.0,1.63,0.065,0.5544,confirmed,Forest Zone
9366,41,Guava,26.11,25.0,1.11,0.044,0.5483,confirmed,Forest Zone
9386,41,Guava,26.56,25.0,1.56,0.062,0.5628,confirmed,Forest Zone
9565,41,Guava,25.51,25.0,0.51,0.02,0.6123,confirmed,Forest Zone
9579,41,Guava,25.2,25.0,0.2,0.008,0.6453,confirmed,Forest Zone
9612,41,Guava,26.52,25.0,1.52,0.061,0.5676,confirmed,Forest Zone
9700,41,Guava,25.13,25.0,0.13,0.005,0.6528,confirmed,Forest Zone
9708,41,Guava,25.96,25.0,0.96,0.038,0.6348,confirmed,Forest Zone
9719,41,Guava,26.59,25.0,1.59,0.064,0.5592,confirmed,Forest Zone
9831,41,Guava,26.02,25.0,1.02,0.041,0.6276,confirmed,Forest Zone
9940,41,Guava,25.63,25.0,0.63,0.025,0.6744,confirmed,Forest Zone
10021,41,Guava,26.44,25.0,1.44,0.058,0.5131,confirmed,Forest Zone
10022,41,Guava,26.0,25.0,1.0,0.04,0.56,confirmed,Forest Zone
10028,41,Guava,25.24,25.0,0.24,0.01,0.6411,confirmed,Forest Zone
10048,41,Guava,26.33,25.0,1.33,0.053,0.5904,confirmed,Forest Zone
10146,41,Guava,25.83,25.0,0.83,0.033,0.5781,confirmed,Forest Zone
10150,41,Guava,26.26,25.0,1.26,0.05,0.5323,confirmed,Forest Zone
10156,41,Guava,25.14,25.0,0.14,0.006,0.7332,confirmed,Forest Zone
10163,41,Guava,26.55,25.0,1.55,0.062,0.564,confirmed,Forest Zone
10263,41,Guava,25.32,25.0,0.32,0.013,0.6325,confirmed,Forest Zone
10266,41,Guava,25.97,25.0,0.97,0.039,0.6336,confirmed,Forest Zone
10292,41,Guava,25.59,25.0,0.59,0.024,0.6792,confirmed,Forest Zone
10293,41,Guava,25.47,25.0,0.47,0.019,0.6936,confirmed,Forest Zone
10348,41,Guava,25.68,25.0,0.68,0.027,0.5941,confirmed,Forest Zone
10364,41,Guava,26.31,25.0,1.31,0.052,0.5269,confirmed,Forest Zone
10381,41,Guava,26.94,25.0,1.94,0.078,0.5172,confirmed,Institutional Research Zone
10452,41,Guava,26.43,25.0,1.43,0.057,0.5141,confirmed,Forest Zone
10454,41,Guava,26.26,25.0,1.26,0.05,0.5323,confirmed,Forest Zone
10493,41,Guava,25.24,25.0,0.24,0.01,0.7212,confirmed,Institutional Research Zone
10562,41,Guava,25.65,25.0,0.65,0.026,0.5973,confirmed,Forest Zone
10565,41,Guava,25.53,25.0,0.53,0.021,0.6101,confirmed,Forest Zone
10572,41,Guava,25.61,25.0,0.61,0.024,0.6016,confirmed,Forest Zone
10586,41,Guava,25.84,25.0,0.84,0.034,0.5771,confirmed,Forest Zone
10608,41,Guava,26.92,25.0,1.92,0.077,0.5196,confirmed,Institutional Research Zone
10609,41,Guava,25.13,25.0,0.13,0.005,0.7344,confirmed,Institutional Research Zone
10688,41,Guava,26.41,25.0,1.41,0.056,0.5163,confirmed,Forest Zone
10692,41,Guava,25.97,25.0,0.97,0.039,0.5632,confirmed,Forest Zone
10705,41,Guava,26.41,25.0,1.41,0.056,0.5163,confirmed,Forest Zone
10784,41,Guava,25.36,25.0,0.36,0.014,0.6283,confirmed,Forest Zone
10785,41,Guava,26.18,25.0,1.18,0.047,0.5408,confirmed,Forest Zone
10803,41,Guava,25.01,25.0,0.01,0.0,0.6656,confirmed,Forest Zone
10847,41,Guava,25.03,25.0,0.03,0.001,0.7464,confirmed,Forest Zone
10916,41,Guava,26.24,25.0,1.24,0.05,0.5344,confirmed,Forest Zone
10927,41,Guava,26.42,25.0,1.42,0.057,0.5152,confirmed,Forest Zone
10943,41,Guava,25.31,25.0,0.31,0.012,0.7128,confirmed,Institutional Research Zone
11120,41,Guava,26.06,25.0,1.06,0.042,0.5536,confirmed,Forest Zone
11161,41,Guava,26.09,25.0,1.09,0.044,0.5504,confirmed,Forest Zone
11165,41,Guava,25.97,25.0,0.97,0.039,0.6336,confirmed,Forest Zone
11167,41,Guava,25.36,25.0,0.36,0.014,0.7068,confirmed,Forest Zone
11174,41,Guava,25.41,25.0,0.41,0.016,0.7008,confirmed,Forest Zone
11175,41,Guava,25.72,25.0,0.72,0.029,0.6636,confirmed,Forest Zone
11182,41,Guava,25.59,25.0,0.59,0.024,0.6792,confirmed,Forest Zone
11183,41,Guava,25.99,25.0,0.99,0.04,0.6312,confirmed,Forest Zone
11224,41,Guava,25.96,25.0,0.96,0.038,0.5643,unconfirmed,
11228,41,Guava,25.91,25.0,0.91,0.036,0.5696,confirmed,Forest Zone
11243,41,Guava,26.55,25.0,1.55,0.062,0.5013,confirmed,Forest Zone
11293,41,Guava,25.25,25.0,0.25,0.01,0.72,confirmed,Forest Zone
11355,41,Guava,25.51,25.0,0.51,0.02,0.6123,confirmed,Forest Zone
11497,41,Guava,26.84,25.0,1.84,0.074,0.5292,confirmed,Forest Zone
11572,41,Guava,25.64,25.0,0.64,0.026,0.5984,confirmed,Forest Zone
11577,41,Guava,25.51,25.0,0.51,0.02,0.6123,confirmed,Forest Zone
11598,41,Guava,25.18,25.0,0.18,0.007,0.6475,confirmed,Forest Zone
11689,41,Guava,25.51,25.0,0.51,0.02,0.6123,confirmed,Forest Zone
11779,41,Guava,25.14,25.0,0.14,0.006,0.6517,unconfirmed,
11780,41,Guava,25.29,25.0,0.29,0.012,0.6357,unconfirmed,
11804,41,Guava,25.67,25.0,0.67,0.027,0.5952,confirmed,Forest Zone
11900,41,Guava,26.26,25.0,1.26,0.05,0.5323,confirmed,Forest Zone
11901,41,Guava,25.88,25.0,0.88,0.035,0.5728,confirmed,Forest Zone
11906,41,Guava,25.01,25.0,0.01,0.0,0.6656,confirmed,Forest Zone
11917,41,Guava,25.55,25.0,0.55,0.022,0.608,confirmed,Forest Zone
11945,41,Guava,25.02,25.0,0.02,0.001,0.7476,confirmed,Forest Zone
12000,41,Guava,25.23,25.0,0.23,0.009,0.6421,unconfirmed,
12002,41,Guava,25.51,25.0,0.51,0.02,0.6123,unconfirmed,
12045,41,Guava,25.25,25.0,0.25,0.01,0.64,confirmed,Forest Zone
12145,41,Guava,25.32,25.0,0.32,0.013,0.6325,unconfirmed,
12349,41,Guava,25.83,25.0,0.83,0.033,0.5781,confirmed,Forest Zone
12362,41,Guava,25.51,25.0,0.51,0.02,0.6123,unconfirmed,
12387,41,Guava,26.32,25.0,1.32,0.053,0.5259,confirmed,Forest Zone
12390,41,Guava,25.01,25.0,0.01,0.0,0.6656,confirmed,Forest Zone
12398,41,Guava,26.26,25.0,1.26,0.05,0.5323,confirmed,Forest Zone
12447,41,Guava,25.25,25.0,0.25,0.01,0.64,confirmed,Forest Zone
12451,41,Guava,26.31,25.0,1.31,0.052,0.5269,confirmed,Forest Zone
12466,41,Guava,26.03,25.0,1.03,0.041,0.5568,confirmed,Forest Zone
12467,41,Guava,25.51,25.0,0.51,0.02,0.6123,confirmed,Forest Zone
12470,41,Guava,25.63,25.0,0.63,0.025,0.5995,unconfirmed,
12517,41,Guava,26.41,25.0,1.41,0.056,0.5163,confirmed,Forest Zone
12518,41,Guava,26.51,25.0,1.51,0.06,0.5056,confirmed,Forest Zone
12555,41,Guava,25.14,25.0,0.14,0.006,0.6517,unconfirmed,
12557,41,Guava,25.14,25.0,0.14,0.006,0.6517,confirmed,Forest Zone
12560,41,Guava,25.14,25.0,0.14,0.006,0.6517,confirmed,Forest Zone
12580,41,Guava,25.72,25.0,0.72,0.029,0.5899,unconfirmed,
12627,41,Guava,26.42,25.0,1.42,0.057,0.5152,confirmed,Forest Zone
12807,41,Guava,26.01,25.0,1.01,0.04,0.5589,unconfirmed,
12824,41,Guava,25.14,25.0,0.14,0.006,0.6517,confirmed,Forest Zone
12842,41,Guava,26.44,25.0,1.44,0.058,0.5131,confirmed,Forest Zone
12850,41,Guava,26.11,25.0,1.11,0.044,0.5483,confirmed,Forest Zone
12895,41,Guava,26.55,25.0,1.55,0.062,0.5013,confirmed,Forest Zone
12897,41,Guava,25.78,25.0,0.78,0.031,0.5835,confirmed,Forest Zone
12923,41,Guava,25.51,25.0,0.51,0.02,0.6123,unconfirmed,
12962,41,Guava,26.52,25.0,1.52,0.061,0.5045,confirmed,Forest Zone
13001,41,Guava,25.14,25.0,0.14,0.006,0.6517,confirmed,Forest Zone
13028,41,Guava,26.19,25.0,1.19,0.048,0.5397,unconfirmed,
13140,41,Guava,25.71,25.0,0.71,0.028,0.5909,unconfirmed,
13162,41,Guava,25.1,25.0,0.1,0.004,0.656,unconfirmed,
13253,41,Guava,25.01,25.0,0.01,0.0,0.6656,unconfirmed,
13356,41,Guava,25.07,25.0,0.07,0.003,0.6592,unconfirmed,
13364,41,Guava,25.14,25.0,0.14,0.006,0.6517,unconfirmed,
13365,41,Guava,25.13,25.0,0.13,0.005,0.6528,unconfirmed,
13561,41,Guava,25.05,25.0,0.05,0.002,0.6613,confirmed,Forest Zone
13563,41,Guava,25.68,25.0,0.68,0.027,0.5941,unconfirmed,
13683,41,Guava,26.44,25.0,1.44,0.058,0.5131,unconfirmed,
13730,41,Guava,26.33,25.0,1.33,0.053,0.5248,confirmed,Forest Zone
13793,41,Guava,25.12,25.0,0.12,0.005,0.6539,unconfirmed,
13812,41,Guava,25.96,25.0,0.96,0.038,0.5643,unconfirmed,
13823,41,Guava,25.08,25.0,0.08,0.003,0.6581,unconfirmed,
13932,41,Guava,26.52,25.0,1.52,0.061,0.5045,unconfirmed,
13954,41,Guava,25.53,25.0,0.53,0.021,0.6101,confirmed,Forest Zone
13997,41,Guava,26.33,25.0,1.33,0.053,0.5248,unconfirmed,
14000,41,Guava,25.19,25.0,0.19,0.008,0.6464,unconfirmed,
14009,41,Guava,25.32,25.0,0.32,0.013,0.6325,unconfirmed,
14017,41,Guava,26.01,25.0,1.01,0.04,0.5589,unconfirmed,
14033,41,Guava,26.48,25.0,1.48,0.059,0.5088,unconfirmed,
14047,41,Guava,25.53,25.0,0.53,0.021,0.6101,unconfirmed,
14055,41,Guava,26.3,25.0,1.3,0.052,0.528,confirmed,Forest Zone
14136,41,Guava,25.16,25.0,0.16,0.006,0.6496,unconfirmed,
14144,41,Guava,25.06,25.0,0.06,0.002,0.6603,unconfirmed,
14172,41,Guava,25.12,25.0,0.12,0.005,0.6539,confirmed,Forest Zone
14217,41,Guava,25.79,25.0,0.79,0.032,0.5824,unconfirmed,
14248,41,Guava,26.4,25.0,1.4,0.056,0.5173,unconfirmed,
14262,41,Guava,26.18,25.0,1.18,0.047,0.5408,unconfirmed,
14274,41,Guava,26.42,25.0,1.42,0.057,0.5152,unconfirmed,
14275,41,Guava,25.28,25.0,0.28,0.011,0.6368,unconfirmed,
14377,41,Guava,25.82,25.0,0.82,0.033,0.5792,unconfirmed,
14395,41,Guava,25.13,25.0,0.13,0.005,0.6528,confirmed,Forest Zone
14449,41,Guava,26.02,25.0,1.02,0.041,0.5579,unconfirmed,
14450,41,Guava,26.09,25.0,1.09,0.044,0.5504,unconfirmed,
14896,41,Guava,26.24,25.0,1.24,0.05,0.5344,unconfirmed,
14993,41,Guava,26.4,25.0,1.4,0.056,0.5173,unconfirmed,
14995,41,Guava,25.01,25.0,0.01,0.0,0.6656,unconfirmed,
15229,41,Guava,25.51,25.0,0.51,0.02,0.6123,unconfirmed,
15326,41,Guava,25.91,25.0,0.91,0.036,0.5696,unconfirmed,
15338,41,Guava,26.1,25.0,1.1,0.044,0.5493,unconfirmed,
15340,41,Guava,26.18,25.0,1.18,0.047,0.5408,unconfirmed,
15437,41,Guava,26.48,25.0,1.48,0.059,0.5088,unconfirmed,
15660,41,Guava,25.76,25.0,0.76,0.03,0.5856,unconfirmed,
15777,41,Guava,25.83,25.0,0.83,0.033,0.5781,unconfirmed,
15989,41,Guava,25.51,25.0,0.51,0.02,0.6123,unconfirmed,
16327,41,Guava,25.33,25.0,0.33,0.013,0.6315,unconfirmed,
16441,41,Guava,25.76,25.0,0.76,0.03,0.5856,unconfirmed,
16545,41,Guava,25.05,25.0,0.05,0.002,0.6613,unconfirmed,
3763,42,Weeping Fig (Balete),32.28,30.0,2.28,0.076,0.522,confirmed,High Density Residential - Mixed Use Zone
3993,42,Weeping Fig (Balete),30.01,30.0,0.01,0.0,0.749,confirmed,Socialized Housing Zone
4073,42,Weeping Fig (Balete),31.42,30.0,1.42,0.047,0.608,confirmed,Forest Zone
4076,42,Weeping Fig (Balete),31.53,30.0,1.53,0.051,0.597,confirmed,Forest Zone
4103,42,Weeping Fig (Balete),31.42,30.0,1.42,0.047,0.608,confirmed,Socialized Housing Zone
4172,42,Weeping Fig (Balete),31.76,30.0,1.76,0.059,0.574,confirmed,Forest Zone
4298,42,Weeping Fig (Balete),31.92,30.0,1.92,0.064,0.558,confirmed,Forest Zone
4386,42,Weeping Fig (Balete),30.05,30.0,0.05,0.002,0.745,confirmed,Forest Zone
4401,42,Weeping Fig (Balete),30.02,30.0,0.02,0.001,0.748,confirmed,Medium Density Residential Zone
4407,42,Weeping Fig (Balete),30.78,30.0,0.78,0.026,0.672,confirmed,Forest Zone
4430,42,Weeping Fig (Balete),31.21,30.0,1.21,0.04,0.629,confirmed,Medium Density Residential Zone
4491,42,Weeping Fig (Balete),30.93,30.0,0.93,0.031,0.657,confirmed,Buffer Zone
4496,42,Weeping Fig (Balete),32.44,30.0,2.44,0.081,0.506,confirmed,Forest Zone
4508,42,Weeping Fig (Balete),32.27,30.0,2.27,0.076,0.523,confirmed,Minor Commercial - Mixed Use Zone
4513,42,Weeping Fig (Balete),30.47,30.0,0.47,0.016,0.703,confirmed,Medium Density Residential Zone
4602,42,Weeping Fig (Balete),32.08,30.0,2.08,0.069,0.542,confirmed,Forest Zone
4604,42,Weeping Fig (Balete),31.3,30.0,1.3,0.043,0.62,confirmed,Forest Zone
4705,42,Weeping Fig (Balete),30.54,30.0,0.54,0.018,0.696,confirmed,Buffer Zone
4712,42,Weeping Fig (Balete),31.03,30.0,1.03,0.034,0.647,confirmed,Forest Zone
4765,42,Weeping Fig (Balete),30.98,30.0,0.98,0.033,0.652,confirmed,Medium Density Residential Zone
4816,42,Weeping Fig (Balete),31.23,30.0,1.23,0.041,0.627,confirmed,Buffer Zone
4829,42,Weeping Fig (Balete),30.12,30.0,0.12,0.004,0.738,confirmed,Forest Zone
4847,42,Weeping Fig (Balete),31.64,30.0,1.64,0.055,0.586,confirmed,Medium Density Residential Zone
4854,42,Weeping Fig (Balete),31.41,30.0,1.41,0.047,0.609,confirmed,Medium Density Residential Zone
4924,42,Weeping Fig (Balete),31.76,30.0,1.76,0.059,0.574,confirmed,Buffer Zone
4931,42,Weeping Fig (Balete),30.09,30.0,0.09,0.003,0.741,confirmed,Forest Zone
4951,42,Weeping Fig (Balete),31.21,30.0,1.21,0.04,0.629,confirmed,Medium Density Residential Zone
5034,42,Weeping Fig (Balete),30.66,30.0,0.66,0.022,0.684,confirmed,Forest Zone
5041,42,Weeping Fig (Balete),30.56,30.0,0.56,0.019,0.694,confirmed,Forest Zone
5045,42,Weeping Fig (Balete),32.28,30.0,2.28,0.076,0.522,confirmed,Forest Zone
5053,42,Weeping Fig (Balete),30.63,30.0,0.63,0.021,0.687,confirmed,Forest Zone
5073,42,Weeping Fig (Balete),32.07,30.0,2.07,0.069,0.543,confirmed,Medium Density Residential Zone
5095,42,Weeping Fig (Balete),31.26,30.0,1.26,0.042,0.624,confirmed,Medium Density Residential Zone
5099,42,Weeping Fig (Balete),31.17,30.0,1.17,0.039,0.633,unconfirmed,
5155,42,Weeping Fig (Balete),30.51,30.0,0.51,0.017,0.699,confirmed,Forest Zone
5253,42,Weeping Fig (Balete),30.12,30.0,0.12,0.004,0.738,confirmed,Forest Zone
5267,42,Weeping Fig (Balete),32.43,30.0,2.43,0.081,0.507,confirmed,Forest Zone
5296,42,Weeping Fig (Balete),30.13,30.0,0.13,0.004,0.737,confirmed,Medium Density Residential Zone
5303,42,Weeping Fig (Balete),30.53,30.0,0.53,0.018,0.697,confirmed,Medium Density Residential Zone
5383,42,Weeping Fig (Balete),31.85,30.0,1.85,0.062,0.565,confirmed,Forest Zone
5476,42,Weeping Fig (Balete),31.6,30.0,1.6,0.053,0.59,confirmed,Forest Zone
5488,42,Weeping Fig (Balete),31.21,30.0,1.21,0.04,0.629,confirmed,Forest Zone
5492,42,Weeping Fig (Balete),30.06,30.0,0.06,0.002,0.744,confirmed,Forest Zone
5505,42,Weeping Fig (Balete),31.79,30.0,1.79,0.06,0.571,confirmed,Medium Density Residential Zone
5536,42,Weeping Fig (Balete),31.04,30.0,1.04,0.035,0.646,confirmed,Medium Density Residential Zone
5608,42,Weeping Fig (Balete),30.58,30.0,0.58,0.019,0.692,confirmed,Forest Zone
5612,42,Weeping Fig (Balete),30.2,30.0,0.2,0.007,0.73,confirmed,Forest Zone
5695,42,Weeping Fig (Balete),31.96,30.0,1.96,0.065,0.554,confirmed,Forest Zone
5696,42,Weeping Fig (Balete),31.12,30.0,1.12,0.037,0.638,confirmed,Forest Zone
5711,42,Weeping Fig (Balete),31.54,30.0,1.54,0.051,0.596,confirmed,Forest Zone
5714,42,Weeping Fig (Balete),32.17,30.0,2.17,0.072,0.533,confirmed,Forest Zone
5715,42,Weeping Fig (Balete),30.39,30.0,0.39,0.013,0.711,confirmed,Forest Zone
5850,42,Weeping Fig (Balete),31.8,30.0,1.8,0.06,0.57,confirmed,Medium Density Residential Zone
5949,42,Weeping Fig (Balete),31.06,30.0,1.06,0.035,0.644,confirmed,Forest Zone
6036,42,Weeping Fig (Balete),31.86,30.0,1.86,0.062,0.564,confirmed,Forest Zone
6047,42,Weeping Fig (Balete),30.81,30.0,0.81,0.027,0.669,confirmed,Forest Zone
6064,42,Weeping Fig (Balete),31.8,30.0,1.8,0.06,0.57,confirmed,Forest Zone
6168,42,Weeping Fig (Balete),30.69,30.0,0.69,0.023,0.681,confirmed,Forest Zone
6182,42,Weeping Fig (Balete),31.23,30.0,1.23,0.041,0.627,confirmed,Forest Zone
6248,42,Weeping Fig (Balete),32.16,30.0,2.16,0.072,0.534,confirmed,Forest Zone
6281,42,Weeping Fig (Balete),31.59,30.0,1.59,0.053,0.591,confirmed,Special Reserved Zone
6362,42,Weeping Fig (Balete),31.11,30.0,1.11,0.037,0.639,confirmed,Forest Zone
6406,42,Weeping Fig (Balete),31.53,30.0,1.53,0.051,0.597,confirmed,Forest Zone
6482,42,Weeping Fig (Balete),31.23,30.0,1.23,0.041,0.627,confirmed,Forest Zone
6510,42,Weeping Fig (Balete),32.39,30.0,2.39,0.08,0.511,confirmed,Forest Zone
6512,42,Weeping Fig (Balete),30.47,30.0,0.47,0.016,0.703,confirmed,Forest Zone
6514,42,Weeping Fig (Balete),30.28,30.0,0.28,0.009,0.722,confirmed,Forest Zone
6515,42,Weeping Fig (Balete),32.2,30.0,2.2,0.073,0.53,confirmed,Forest Zone
6516,42,Weeping Fig (Balete),31.65,30.0,1.65,0.055,0.585,confirmed,Forest Zone
6526,42,Weeping Fig (Balete),30.43,30.0,0.43,0.014,0.707,confirmed,Forest Zone
6530,42,Weeping Fig (Balete),30.54,30.0,0.54,0.018,0.696,confirmed,Forest Zone
6586,42,Weeping Fig (Balete),32.48,30.0,2.48,0.083,0.502,confirmed,Forest Zone
6749,42,Weeping Fig (Balete),31.2,30.0,1.2,0.04,0.63,confirmed,Forest Zone
6805,42,Weeping Fig (Balete),31.06,30.0,1.06,0.035,0.644,confirmed,Forest Zone
6924,42,Weeping Fig (Balete),30.97,30.0,0.97,0.032,0.653,confirmed,Forest Zone
6933,42,Weeping Fig (Balete),31.78,30.0,1.78,0.059,0.572,confirmed,Forest Zone
6976,42,Weeping Fig (Balete),30.03,30.0,0.03,0.001,0.747,confirmed,Medium Density Residential Zone
7048,42,Weeping Fig (Balete),30.63,30.0,0.63,0.021,0.687,confirmed,Sanitary Landfill
7197,42,Weeping Fig (Balete),30.11,30.0,0.11,0.004,0.739,confirmed,Forest Zone
7299,42,Weeping Fig (Balete),31.15,30.0,1.15,0.038,0.635,confirmed,Forest Zone
7362,42,Weeping Fig (Balete),30.16,30.0,0.16,0.005,0.6524,confirmed,Institutional Research Zone
7495,42,Weeping Fig (Balete),30.03,30.0,0.03,0.001,0.747,confirmed,Forest Zone
7590,42,Weeping Fig (Balete),31.55,30.0,1.55,0.052,0.595,confirmed,Forest Zone
7596,42,Weeping Fig (Balete),30.02,30.0,0.02,0.001,0.748,confirmed,Forest Zone
7599,42,Weeping Fig (Balete),31.34,30.0,1.34,0.045,0.616,confirmed,Forest Zone
7735,42,Weeping Fig (Balete),31.79,30.0,1.79,0.06,0.571,confirmed,Special Reserved Zone
7801,42,Weeping Fig (Balete),30.36,30.0,0.36,0.012,0.6347,confirmed,Institutional Research Zone
7853,42,Weeping Fig (Balete),30.66,30.0,0.66,0.022,0.684,confirmed,Forest Zone
7962,42,Weeping Fig (Balete),31.72,30.0,1.72,0.057,0.578,confirmed,Forest Zone
8074,42,Weeping Fig (Balete),32.33,30.0,2.33,0.078,0.517,confirmed,Forest Zone
8183,42,Weeping Fig (Balete),31.26,30.0,1.26,0.042,0.624,confirmed,Forest Zone
8256,42,Weeping Fig (Balete),30.82,30.0,0.82,0.027,0.5938,confirmed,Forest Zone
8260,42,Weeping Fig (Balete),31.51,30.0,1.51,0.05,0.599,confirmed,Forest Zone
8268,42,Weeping Fig (Balete),32.03,30.0,2.03,0.068,0.547,confirmed,Forest Zone
8281,42,Weeping Fig (Balete),30.02,30.0,0.02,0.001,0.748,confirmed,Forest Zone
8460,42,Weeping Fig (Balete),30.05,30.0,0.05,0.002,0.6622,confirmed,Forest Zone
8489,42,Weeping Fig (Balete),32.22,30.0,2.22,0.074,0.528,confirmed,Forest Zone
8493,42,Weeping Fig (Balete),30.87,30.0,0.87,0.029,0.663,confirmed,Forest Zone
8572,42,Weeping Fig (Balete),31.27,30.0,1.27,0.042,0.5538,confirmed,Forest Zone
8585,42,Weeping Fig (Balete),30.28,30.0,0.28,0.009,0.6418,confirmed,Forest Zone
8603,42,Weeping Fig (Balete),30.91,30.0,0.91,0.03,0.659,confirmed,Forest Zone
8712,42,Weeping Fig (Balete),30.35,30.0,0.35,0.012,0.715,confirmed,Forest Zone
8716,42,Weeping Fig (Balete),30.03,30.0,0.03,0.001,0.747,confirmed,Forest Zone
8718,42,Weeping Fig (Balete),31.99,30.0,1.99,0.066,0.551,confirmed,Forest Zone
8720,42,Weeping Fig (Balete),32.22,30.0,2.22,0.074,0.528,confirmed,Forest Zone
8795,42,Weeping Fig (Balete),30.51,30.0,0.51,0.017,0.6213,confirmed,Forest Zone
8796,42,Weeping Fig (Balete),30.55,30.0,0.55,0.018,0.6178,confirmed,Forest Zone
8799,42,Weeping Fig (Balete),30.05,30.0,0.05,0.002,0.6622,confirmed,Forest Zone
8816,42,Weeping Fig (Balete),31.81,30.0,1.81,0.06,0.569,confirmed,Forest Zone
8818,42,Weeping Fig (Balete),32.4,30.0,2.4,0.08,0.51,confirmed,Forest Zone
8825,42,Weeping Fig (Balete),31.99,30.0,1.99,0.066,0.551,confirmed,Forest Zone
8904,42,Weeping Fig (Balete),30.93,30.0,0.93,0.031,0.584,confirmed,Forest Zone
8923,42,Weeping Fig (Balete),30.2,30.0,0.2,0.007,0.6489,confirmed,Forest Zone
8942,42,Weeping Fig (Balete),30.38,30.0,0.38,0.013,0.712,confirmed,Forest Zone
8954,42,Weeping Fig (Balete),30.46,30.0,0.46,0.015,0.704,confirmed,Forest Zone
9053,42,Weeping Fig (Balete),30.46,30.0,0.46,0.015,0.704,confirmed,Forest Zone
9058,42,Weeping Fig (Balete),32.47,30.0,2.47,0.082,0.503,confirmed,Forest Zone
9065,42,Weeping Fig (Balete),30.59,30.0,0.59,0.02,0.691,confirmed,Forest Zone
9161,42,Weeping Fig (Balete),31.53,30.0,1.53,0.051,0.597,confirmed,Forest Zone
9279,42,Weeping Fig (Balete),31.9,30.0,1.9,0.063,0.56,confirmed,Forest Zone
9287,42,Weeping Fig (Balete),32.19,30.0,2.19,0.073,0.531,confirmed,Forest Zone
9365,42,Weeping Fig (Balete),31.3,30.0,1.3,0.043,0.5511,confirmed,Forest Zone
9370,42,Weeping Fig (Balete),31.11,30.0,1.11,0.037,0.568,confirmed,Forest Zone
9371,42,Weeping Fig (Balete),30.17,30.0,0.17,0.006,0.6516,confirmed,Forest Zone
9379,42,Weeping Fig (Balete),31.91,30.0,1.91,0.064,0.559,confirmed,Forest Zone
9385,42,Weeping Fig (Balete),30.72,30.0,0.72,0.024,0.678,confirmed,Forest Zone
9391,42,Weeping Fig (Balete),31.4,30.0,1.4,0.047,0.61,confirmed,Forest Zone
9400,42,Weeping Fig (Balete),31.33,30.0,1.33,0.044,0.617,confirmed,Forest Zone
9480,42,Weeping Fig (Balete),30.91,30.0,0.91,0.03,0.5858,confirmed,Forest Zone
9500,42,Weeping Fig (Balete),32.21,30.0,2.21,0.074,0.529,confirmed,Forest Zone
9511,42,Weeping Fig (Balete),31.02,30.0,1.02,0.034,0.648,confirmed,Forest Zone
9580,42,Weeping Fig (Balete),30.29,30.0,0.29,0.01,0.6409,confirmed,Forest Zone
9596,42,Weeping Fig (Balete),31.01,30.0,1.01,0.034,0.649,confirmed,Forest Zone
9707,42,Weeping Fig (Balete),31.41,30.0,1.41,0.047,0.609,confirmed,Forest Zone
9721,42,Weeping Fig (Balete),31.53,30.0,1.53,0.051,0.597,confirmed,Forest Zone
9830,42,Weeping Fig (Balete),30.08,30.0,0.08,0.003,0.742,confirmed,Forest Zone
9904,42,Weeping Fig (Balete),31.51,30.0,1.51,0.05,0.5324,confirmed,Forest Zone
9910,42,Weeping Fig (Balete),30.33,30.0,0.33,0.011,0.6373,confirmed,Forest Zone
9931,42,Weeping Fig (Balete),30.01,30.0,0.01,0.0,0.749,confirmed,Forest Zone
10020,42,Weeping Fig (Balete),30.22,30.0,0.22,0.007,0.6471,confirmed,Forest Zone
10024,42,Weeping Fig (Balete),31.32,30.0,1.32,0.044,0.5493,confirmed,Forest Zone
10036,42,Weeping Fig (Balete),31.54,30.0,1.54,0.051,0.5298,confirmed,Forest Zone
10039,42,Weeping Fig (Balete),30.82,30.0,0.82,0.027,0.5938,confirmed,Forest Zone
10128,42,Weeping Fig (Balete),30.01,30.0,0.01,0.0,0.6658,confirmed,Forest Zone
10141,42,Weeping Fig (Balete),31.68,30.0,1.68,0.056,0.5173,confirmed,Forest Zone
10142,42,Weeping Fig (Balete),30.53,30.0,0.53,0.018,0.6196,confirmed,Forest Zone
10464,42,Weeping Fig (Balete),31.4,30.0,1.4,0.047,0.5422,confirmed,Forest Zone
10469,42,Weeping Fig (Balete),30.54,30.0,0.54,0.018,0.6187,confirmed,Forest Zone
10470,42,Weeping Fig (Balete),30.16,30.0,0.16,0.005,0.6524,confirmed,Forest Zone
10491,42,Weeping Fig (Balete),32.09,30.0,2.09,0.07,0.541,confirmed,Institutional Research Zone
10581,42,Weeping Fig (Balete),30.93,30.0,0.93,0.031,0.584,confirmed,Forest Zone
10599,42,Weeping Fig (Balete),31.03,30.0,1.03,0.034,0.5751,confirmed,Forest Zone
10602,42,Weeping Fig (Balete),30.98,30.0,0.98,0.033,0.5796,confirmed,Institutional Research Zone
10678,42,Weeping Fig (Balete),30.71,30.0,0.71,0.024,0.6036,confirmed,Forest Zone
10683,42,Weeping Fig (Balete),30.21,30.0,0.21,0.007,0.648,confirmed,Forest Zone
10693,42,Weeping Fig (Balete),30.2,30.0,0.2,0.007,0.6489,confirmed,Forest Zone
10694,42,Weeping Fig (Balete),31.54,30.0,1.54,0.051,0.5298,confirmed,Forest Zone
10701,42,Weeping Fig (Balete),31.5,30.0,1.5,0.05,0.5333,confirmed,Forest Zone
10711,42,Weeping Fig (Balete),30.09,30.0,0.09,0.003,0.6587,confirmed,Forest Zone
10716,42,Weeping Fig (Balete),31.55,30.0,1.55,0.052,0.595,confirmed,Forest Zone
10797,42,Weeping Fig (Balete),31.01,30.0,1.01,0.034,0.5769,confirmed,Forest Zone
10813,42,Weeping Fig (Balete),30.34,30.0,0.34,0.011,0.6364,confirmed,Forest Zone
10833,42,Weeping Fig (Balete),32.17,30.0,2.17,0.072,0.533,confirmed,Institutional Research Zone
10845,42,Weeping Fig (Balete),31.83,30.0,1.83,0.061,0.567,confirmed,Forest Zone
10846,42,Weeping Fig (Balete),31.3,30.0,1.3,0.043,0.62,confirmed,Forest Zone
10896,42,Weeping Fig (Balete),31.41,30.0,1.41,0.047,0.5413,confirmed,Forest Zone
10901,42,Weeping Fig (Balete),30.24,30.0,0.24,0.008,0.6453,confirmed,Forest Zone
11005,42,Weeping Fig (Balete),31.78,30.0,1.78,0.059,0.5084,confirmed,Forest Zone
11008,42,Weeping Fig (Balete),31.78,30.0,1.78,0.059,0.5084,confirmed,Forest Zone
11039,42,Weeping Fig (Balete),31.02,30.0,1.02,0.034,0.576,confirmed,Forest Zone
11065,42,Weeping Fig (Balete),32.42,30.0,2.42,0.081,0.508,confirmed,Forest Zone
11150,42,Weeping Fig (Balete),31.08,30.0,1.08,0.036,0.5707,confirmed,Forest Zone
11231,42,Weeping Fig (Balete),30.33,30.0,0.33,0.011,0.6373,confirmed,Forest Zone
11239,42,Weeping Fig (Balete),30.6,30.0,0.6,0.02,0.6133,confirmed,Forest Zone
11258,42,Weeping Fig (Balete),30.55,30.0,0.55,0.018,0.6178,confirmed,Forest Zone
11344,42,Weeping Fig (Balete),31.8,30.0,1.8,0.06,0.5067,confirmed,Forest Zone
11347,42,Weeping Fig (Balete),30.39,30.0,0.39,0.013,0.632,confirmed,Forest Zone
11352,42,Weeping Fig (Balete),31.55,30.0,1.55,0.052,0.5289,confirmed,Forest Zone
11353,42,Weeping Fig (Balete),31.43,30.0,1.43,0.048,0.5396,confirmed,Forest Zone
11364,42,Weeping Fig (Balete),31.36,30.0,1.36,0.045,0.5458,confirmed,Forest Zone
11369,42,Weeping Fig (Balete),30.06,30.0,0.06,0.002,0.6613,confirmed,Forest Zone
11448,42,Weeping Fig (Balete),30.93,30.0,0.93,0.031,0.584,confirmed,Forest Zone
11451,42,Weeping Fig (Balete),31.17,30.0,1.17,0.039,0.5627,confirmed,Forest Zone
11452,42,Weeping Fig (Balete),30.44,30.0,0.44,0.015,0.6276,confirmed,Forest Zone
11457,42,Weeping Fig (Balete),31.13,30.0,1.13,0.038,0.5662,confirmed,Forest Zone
11469,42,Weeping Fig (Balete),30.56,30.0,0.56,0.019,0.6169,confirmed,Forest Zone
11476,42,Weeping Fig (Balete),30.05,30.0,0.05,0.002,0.6622,confirmed,Forest Zone
11477,42,Weeping Fig (Balete),31.4,30.0,1.4,0.047,0.5422,confirmed,Forest Zone
11486,42,Weeping Fig (Balete),31.81,30.0,1.81,0.06,0.5058,confirmed,Forest Zone
11581,42,Weeping Fig (Balete),31.01,30.0,1.01,0.034,0.5769,confirmed,Forest Zone
11672,42,Weeping Fig (Balete),31.55,30.0,1.55,0.052,0.5289,confirmed,Forest Zone
11695,42,Weeping Fig (Balete),31.07,30.0,1.07,0.036,0.5716,confirmed,Forest Zone
11799,42,Weeping Fig (Balete),30.69,30.0,0.69,0.023,0.6053,confirmed,Forest Zone
11801,42,Weeping Fig (Balete),30.28,30.0,0.28,0.009,0.6418,confirmed,Forest Zone
11811,42,Weeping Fig (Balete),31.36,30.0,1.36,0.045,0.5458,confirmed,Forest Zone
11918,42,Weeping Fig (Balete),30.78,30.0,0.78,0.026,0.5973,confirmed,Forest Zone
12027,42,Weeping Fig (Balete),31.82,30.0,1.82,0.061,0.5049,confirmed,Forest Zone
12055,42,Weeping Fig (Balete),31.4,30.0,1.4,0.047,0.5422,confirmed,Forest Zone
12233,42,Weeping Fig (Balete),30.09,30.0,0.09,0.003,0.6587,confirmed,Forest Zone
12245,42,Weeping Fig (Balete),30.66,30.0,0.66,0.022,0.608,confirmed,Forest Zone
12261,42,Weeping Fig (Balete),30.39,30.0,0.39,0.013,0.632,confirmed,Forest Zone
12262,42,Weeping Fig (Balete),31.66,30.0,1.66,0.055,0.5191,confirmed,Forest Zone
12342,42,Weeping Fig (Balete),31.54,30.0,1.54,0.051,0.5298,confirmed,Forest Zone
12375,42,Weeping Fig (Balete),31.42,30.0,1.42,0.047,0.5404,confirmed,Forest Zone
12388,42,Weeping Fig (Balete),30.55,30.0,0.55,0.018,0.6178,confirmed,Forest Zone
12389,42,Weeping Fig (Balete),31.83,30.0,1.83,0.061,0.504,confirmed,Forest Zone
12408,42,Weeping Fig (Balete),31.34,30.0,1.34,0.045,0.5476,confirmed,Forest Zone
12459,42,Weeping Fig (Balete),31.84,30.0,1.84,0.061,0.5031,confirmed,Forest Zone
12460,42,Weeping Fig (Balete),30.68,30.0,0.68,0.023,0.6062,confirmed,Forest Zone
12479,42,Weeping Fig (Balete),30.59,30.0,0.59,0.02,0.6142,confirmed,Forest Zone
12480,42,Weeping Fig (Balete),31.56,30.0,1.56,0.052,0.528,confirmed,Forest Zone
12489,42,Weeping Fig (Balete),30.38,30.0,0.38,0.013,0.6329,confirmed,Forest Zone
12504,42,Weeping Fig (Balete),31.58,30.0,1.58,0.053,0.5262,confirmed,Forest Zone
12505,42,Weeping Fig (Balete),31.59,30.0,1.59,0.053,0.5253,confirmed,Forest Zone
12561,42,Weeping Fig (Balete),30.51,30.0,0.51,0.017,0.6213,confirmed,Forest Zone
12578,42,Weeping Fig (Balete),30.12,30.0,0.12,0.004,0.656,unconfirmed,
12581,42,Weeping Fig (Balete),31.26,30.0,1.26,0.042,0.5547,unconfirmed,
12667,42,Weeping Fig (Balete),30.07,30.0,0.07,0.002,0.6604,unconfirmed,
12677,42,Weeping Fig (Balete),31.23,30.0,1.23,0.041,0.5573,confirmed,Forest Zone
12682,42,Weeping Fig (Balete),30.12,30.0,0.12,0.004,0.656,confirmed,Forest Zone
12707,42,Weeping Fig (Balete),31.15,30.0,1.15,0.038,0.5644,confirmed,Forest Zone
12729,42,Weeping Fig (Balete),30.46,30.0,0.46,0.015,0.6258,confirmed,Forest Zone
12794,42,Weeping Fig (Balete),30.97,30.0,0.97,0.032,0.5804,confirmed,Forest Zone
12795,42,Weeping Fig (Balete),30.67,30.0,0.67,0.022,0.6071,confirmed,Forest Zone
12809,42,Weeping Fig (Balete),31.1,30.0,1.1,0.037,0.5689,unconfirmed,
12818,42,Weeping Fig (Balete),30.05,30.0,0.05,0.002,0.6622,confirmed,Forest Zone
12843,42,Weeping Fig (Balete),30.23,30.0,0.23,0.008,0.6462,confirmed,Forest Zone
12893,42,Weeping Fig (Balete),31.53,30.0,1.53,0.051,0.5307,confirmed,Forest Zone
12894,42,Weeping Fig (Balete),30.29,30.0,0.29,0.01,0.6409,confirmed,Forest Zone
12939,42,Weeping Fig (Balete),30.45,30.0,0.45,0.015,0.6267,confirmed,Forest Zone
12945,42,Weeping Fig (Balete),31.34,30.0,1.34,0.045,0.5476,confirmed,Forest Zone
12946,42,Weeping Fig (Balete),30.35,30.0,0.35,0.012,0.6356,confirmed,Forest Zone
12949,42,Weeping Fig (Balete),30.42,30.0,0.42,0.014,0.6293,confirmed,Forest Zone
13006,42,Weeping Fig (Balete),31.67,30.0,1.67,0.056,0.5182,confirmed,Forest Zone
13008,42,Weeping Fig (Balete),30.71,30.0,0.71,0.024,0.6036,confirmed,Forest Zone
13030,42,Weeping Fig (Balete),31.57,30.0,1.57,0.052,0.5271,unconfirmed,
13049,42,Weeping Fig (Balete),31.34,30.0,1.34,0.045,0.5476,confirmed,Forest Zone
13114,42,Weeping Fig (Balete),31.0,30.0,1.0,0.033,0.5778,confirmed,Forest Zone
13250,42,Weeping Fig (Balete),30.23,30.0,0.23,0.008,0.6462,unconfirmed,
13251,42,Weeping Fig (Balete),30.71,30.0,0.71,0.024,0.6036,unconfirmed,
13259,42,Weeping Fig (Balete),30.46,30.0,0.46,0.015,0.6258,unconfirmed,
13280,42,Weeping Fig (Balete),30.56,30.0,0.56,0.019,0.6169,confirmed,Forest Zone
13283,42,Weeping Fig (Balete),31.14,30.0,1.14,0.038,0.5653,confirmed,Forest Zone
13284,42,Weeping Fig (Balete),30.55,30.0,0.55,0.018,0.6178,confirmed,Forest Zone
13338,42,Weeping Fig (Balete),30.05,30.0,0.05,0.002,0.6622,confirmed,Forest Zone
13345,42,Weeping Fig (Balete),31.07,30.0,1.07,0.036,0.5716,unconfirmed,
13368,42,Weeping Fig (Balete),30.86,30.0,0.86,0.029,0.5902,unconfirmed,
13384,42,Weeping Fig (Balete),30.78,30.0,0.78,0.026,0.5973,unconfirmed,
13449,42,Weeping Fig (Balete),30.42,30.0,0.42,0.014,0.6293,confirmed,Forest Zone
13452,42,Weeping Fig (Balete),30.16,30.0,0.16,0.005,0.6524,confirmed,Forest Zone
13454,42,Weeping Fig (Balete),30.59,30.0,0.59,0.02,0.6142,unconfirmed,
13455,42,Weeping Fig (Balete),31.42,30.0,1.42,0.047,0.5404,unconfirmed,
13464,42,Weeping Fig (Balete),31.49,30.0,1.49,0.05,0.5342,unconfirmed,
13466,42,Weeping Fig (Balete),31.8,30.0,1.8,0.06,0.5067,unconfirmed,
13467,42,Weeping Fig (Balete),31.12,30.0,1.12,0.037,0.5671,unconfirmed,
13468,42,Weeping Fig (Balete),30.44,30.0,0.44,0.015,0.6276,unconfirmed,
13477,42,Weeping Fig (Balete),30.75,30.0,0.75,0.025,0.6,unconfirmed,
13499,42,Weeping Fig (Balete),31.81,30.0,1.81,0.06,0.5058,unconfirmed,
13500,42,Weeping Fig (Balete),30.75,30.0,0.75,0.025,0.6,unconfirmed,
13501,42,Weeping Fig (Balete),30.59,30.0,0.59,0.02,0.6142,unconfirmed,
13555,42,Weeping Fig (Balete),30.87,30.0,0.87,0.029,0.5893,unconfirmed,
13566,42,Weeping Fig (Balete),30.83,30.0,0.83,0.028,0.5929,unconfirmed,
13569,42,Weeping Fig (Balete),31.32,30.0,1.32,0.044,0.5493,unconfirmed,
13570,42,Weeping Fig (Balete),31.01,30.0,1.01,0.034,0.5769,unconfirmed,
13578,42,Weeping Fig (Balete),31.04,30.0,1.04,0.035,0.5742,unconfirmed,
13587,42,Weeping Fig (Balete),30.29,30.0,0.29,0.01,0.6409,unconfirmed,
13591,42,Weeping Fig (Balete),30.05,30.0,0.05,0.002,0.6622,unconfirmed,
13597,42,Weeping Fig (Balete),30.35,30.0,0.35,0.012,0.6356,unconfirmed,
13605,42,Weeping Fig (Balete),31.49,30.0,1.49,0.05,0.5342,unconfirmed,
13667,42,Weeping Fig (Balete),31.04,30.0,1.04,0.035,0.5742,confirmed,Forest Zone
13777,42,Weeping Fig (Balete),30.32,30.0,0.32,0.011,0.6382,unconfirmed,
13780,42,Weeping Fig (Balete),31.53,30.0,1.53,0.051,0.5307,confirmed,Forest Zone
13787,42,Weeping Fig (Balete),30.08,30.0,0.08,0.003,0.6596,unconfirmed,
13789,42,Weeping Fig (Balete),30.25,30.0,0.25,0.008,0.6444,unconfirmed,
13808,42,Weeping Fig (Balete),31.0,30.0,1.0,0.033,0.5778,unconfirmed,
13810,42,Weeping Fig (Balete),30.17,30.0,0.17,0.006,0.6516,unconfirmed,
13811,42,Weeping Fig (Balete),31.0,30.0,1.0,0.033,0.5778,unconfirmed,
13888,42,Weeping Fig (Balete),31.78,30.0,1.78,0.059,0.5084,unconfirmed,
13891,42,Weeping Fig (Balete),30.01,30.0,0.01,0.0,0.6658,unconfirmed,
13915,42,Weeping Fig (Balete),30.03,30.0,0.03,0.001,0.664,unconfirmed,
13921,42,Weeping Fig (Balete),30.02,30.0,0.02,0.001,0.6649,unconfirmed,
13936,42,Weeping Fig (Balete),31.4,30.0,1.4,0.047,0.5422,unconfirmed,
13937,42,Weeping Fig (Balete),30.63,30.0,0.63,0.021,0.6107,unconfirmed,
13950,42,Weeping Fig (Balete),30.95,30.0,0.95,0.032,0.5822,confirmed,Forest Zone
14015,42,Weeping Fig (Balete),30.05,30.0,0.05,0.002,0.6622,unconfirmed,
14018,42,Weeping Fig (Balete),30.43,30.0,0.43,0.014,0.6284,unconfirmed,
14026,42,Weeping Fig (Balete),30.03,30.0,0.03,0.001,0.664,unconfirmed,
14027,42,Weeping Fig (Balete),30.03,30.0,0.03,0.001,0.664,unconfirmed,
14039,42,Weeping Fig (Balete),30.01,30.0,0.01,0.0,0.6658,unconfirmed,
14040,42,Weeping Fig (Balete),31.15,30.0,1.15,0.038,0.5644,unconfirmed,
14148,42,Weeping Fig (Balete),31.65,30.0,1.65,0.055,0.52,unconfirmed,
14151,42,Weeping Fig (Balete),31.67,30.0,1.67,0.056,0.5182,unconfirmed,
14157,42,Weeping Fig (Balete),31.53,30.0,1.53,0.051,0.5307,unconfirmed,
14163,42,Weeping Fig (Balete),30.53,30.0,0.53,0.018,0.6196,unconfirmed,
14263,42,Weeping Fig (Balete),31.78,30.0,1.78,0.059,0.5084,unconfirmed,
14327,42,Weeping Fig (Balete),30.62,30.0,0.62,0.021,0.6116,unconfirmed,
14335,42,Weeping Fig (Balete),30.21,30.0,0.21,0.007,0.648,unconfirmed,
14350,42,Weeping Fig (Balete),30.06,30.0,0.06,0.002,0.6613,unconfirmed,
14352,42,Weeping Fig (Balete),30.65,30.0,0.65,0.022,0.6089,unconfirmed,
14394,42,Weeping Fig (Balete),31.11,30.0,1.11,0.037,0.568,confirmed,Forest Zone
14453,42,Weeping Fig (Balete),30.51,30.0,0.51,0.017,0.6213,unconfirmed,
14459,42,Weeping Fig (Balete),31.42,30.0,1.42,0.047,0.5404,unconfirmed,
14460,42,Weeping Fig (Balete),31.0,30.0,1.0,0.033,0.5778,unconfirmed,
14570,42,Weeping Fig (Balete),30.23,30.0,0.23,0.008,0.6462,unconfirmed,
14580,42,Weeping Fig (Balete),30.88,30.0,0.88,0.029,0.5884,unconfirmed,
14666,42,Weeping Fig (Balete),30.05,30.0,0.05,0.002,0.6622,unconfirmed,
14788,42,Weeping Fig (Balete),30.22,30.0,0.22,0.007,0.6471,unconfirmed,
15001,42,Weeping Fig (Balete),30.84,30.0,0.84,0.028,0.592,unconfirmed,
15008,42,Weeping Fig (Balete),31.23,30.0,1.23,0.041,0.5573,unconfirmed,
15010,42,Weeping Fig (Balete),31.72,30.0,1.72,0.057,0.5138,unconfirmed,
15111,42,Weeping Fig (Balete),30.98,30.0,0.98,0.033,0.5796,unconfirmed,
15117,42,Weeping Fig (Balete),30.08,30.0,0.08,0.003,0.6596,unconfirmed,
15227,42,Weeping Fig (Balete),30.22,30.0,0.22,0.007,0.6471,unconfirmed,
15658,42,Weeping Fig (Balete),31.7,30.0,1.7,0.057,0.5156,unconfirmed,
15994,42,Weeping Fig (Balete),30.21,30.0,0.21,0.007,0.648,unconfirmed,
16104,42,Weeping Fig (Balete),30.93,30.0,0.93,0.031,0.584,unconfirmed,
16215,42,Weeping Fig (Balete),30.53,30.0,0.53,0.018,0.6196,unconfirmed,
16324,42,Weeping Fig (Balete),30.77,30.0,0.77,0.026,0.5982,unconfirmed,
16331,42,Weeping Fig (Balete),31.04,30.0,1.04,0.035,0.5742,unconfirmed,
16551,42,Weeping Fig (Balete),30.79,30.0,0.79,0.026,0.5964,unconfirmed,
16662,42,Weeping Fig (Balete),31.34,30.0,1.34,0.045,0.5476,unconfirmed,
16766,42,Weeping Fig (Balete),30.09,30.0,0.09,0.003,0.6587,unconfirmed,
16767,42,Weeping Fig (Balete),30.09,30.0,0.09,0.003,0.6587,unconfirmed,
16878,42,Weeping Fig (Balete),31.64,30.0,1.64,0.055,0.5209,unconfirmed,
1581,43,Lemon,20.51,20.0,0.51,0.026,0.6735,confirmed,Agricultural Zone
3640,43,Lemon,20.4,20.0,0.4,0.02,0.5175,confirmed,High Density Residential - Mixed Use Zone
3851,43,Lemon,20.24,20.0,0.24,0.012,0.5355,confirmed,High Density Residential - Mixed Use Zone
3869,43,Lemon,20.01,20.0,0.01,0.0,0.5614,confirmed,High Density Residential - Mixed Use Zone
3956,43,Lemon,20.11,20.0,0.11,0.006,0.5501,confirmed,Medium Density Residential Zone
4061,43,Lemon,20.23,20.0,0.23,0.012,0.5366,confirmed,Forest Zone
4082,43,Lemon,20.26,20.0,0.26,0.013,0.5332,confirmed,High Density Residential - Mixed Use Zone
4207,43,Lemon,20.11,20.0,0.11,0.006,0.5501,confirmed,High Density Residential - Mixed Use Zone
4208,43,Lemon,20.02,20.0,0.02,0.001,0.5602,confirmed,High Density Residential - Mixed Use Zone
4286,43,Lemon,20.27,20.0,0.27,0.014,0.5321,confirmed,Minor Commercial - Mixed Use Zone
4405,43,Lemon,20.04,20.0,0.04,0.002,0.558,confirmed,Forest Zone
4424,43,Lemon,20.51,20.0,0.51,0.026,0.5051,confirmed,Medium Density Residential Zone
4492,43,Lemon,20.01,20.0,0.01,0.0,0.5614,confirmed,Buffer Zone
4626,43,Lemon,20.03,20.0,0.03,0.002,0.5591,confirmed,Medium Density Residential Zone
4630,43,Lemon,20.4,20.0,0.4,0.02,0.5175,confirmed,Medium Density Residential Zone
4727,43,Lemon,20.53,20.0,0.53,0.027,0.5029,confirmed,Forest Zone
4753,43,Lemon,20.24,20.0,0.24,0.012,0.5355,confirmed,Medium Density Residential Zone
4929,43,Lemon,20.24,20.0,0.24,0.012,0.5355,confirmed,Forest Zone
4939,43,Lemon,20.43,20.0,0.43,0.022,0.5141,confirmed,Forest Zone
4954,43,Lemon,20.24,20.0,0.24,0.012,0.5355,confirmed,Medium Density Residential Zone
4961,43,Lemon,20.31,20.0,0.31,0.016,0.5276,confirmed,Medium Density Residential Zone
5277,43,Lemon,20.19,20.0,0.19,0.01,0.5411,confirmed,Forest Zone
5298,43,Lemon,20.53,20.0,0.53,0.027,0.5029,confirmed,Forest Zone
5321,43,Lemon,20.53,20.0,0.53,0.027,0.5029,confirmed,Socialized Housing Zone
5742,43,Lemon,20.42,20.0,0.42,0.021,0.5152,confirmed,Forest Zone
5814,43,Lemon,20.12,20.0,0.12,0.006,0.549,confirmed,Forest Zone
5848,43,Lemon,20.03,20.0,0.03,0.002,0.5591,confirmed,Medium Density Residential Zone
6071,43,Lemon,20.24,20.0,0.24,0.012,0.5355,confirmed,Medium Density Residential Zone
6171,43,Lemon,20.41,20.0,0.41,0.02,0.5164,confirmed,Forest Zone
6172,43,Lemon,20.17,20.0,0.17,0.008,0.5434,confirmed,Forest Zone
6308,43,Lemon,20.11,20.0,0.11,0.006,0.5501,confirmed,Medium Density Residential Zone
6404,43,Lemon,20.41,20.0,0.41,0.02,0.5164,confirmed,Forest Zone
6815,43,Lemon,20.4,20.0,0.4,0.02,0.5175,confirmed,Forest Zone
6843,43,Lemon,20.01,20.0,0.01,0.0,0.5614,confirmed,Forest Zone
6931,43,Lemon,20.16,20.0,0.16,0.008,0.5445,confirmed,Forest Zone
6972,43,Lemon,20.27,20.0,0.27,0.014,0.5321,confirmed,Forest Zone
7164,43,Lemon,20.54,20.0,0.54,0.027,0.5018,confirmed,Special Reserved Zone
7265,43,Lemon,20.52,20.0,0.52,0.026,0.504,confirmed,Forest Zone
7377,43,Lemon,20.26,20.0,0.26,0.013,0.5332,confirmed,Forest Zone
7412,43,Lemon,20.17,20.0,0.17,0.008,0.5434,confirmed,Forest Zone
7488,43,Lemon,20.16,20.0,0.16,0.008,0.5445,confirmed,Forest Zone
7740,43,Lemon,20.23,20.0,0.23,0.012,0.5366,confirmed,Forest Zone
7824,43,Lemon,20.02,20.0,0.02,0.001,0.5602,confirmed,Forest Zone
7933,43,Lemon,20.16,20.0,0.16,0.008,0.5445,confirmed,Forest Zone
8019,43,Lemon,21.02,20.0,1.02,0.051,0.5307,confirmed,Forest Zone
8040,43,Lemon,20.02,20.0,0.02,0.001,0.5602,confirmed,Forest Zone
8150,43,Lemon,20.01,20.0,0.01,0.0,0.5614,confirmed,Forest Zone
8250,43,Lemon,21.06,20.0,1.06,0.053,0.5253,confirmed,Forest Zone
8270,43,Lemon,20.01,20.0,0.01,0.0,0.5614,confirmed,Forest Zone
8571,43,Lemon,20.81,20.0,0.81,0.04,0.5587,confirmed,Forest Zone
8604,43,Lemon,20.14,20.0,0.14,0.007,0.5468,confirmed,Forest Zone
8615,43,Lemon,20.13,20.0,0.13,0.007,0.5479,confirmed,Forest Zone
8749,43,Lemon,20.13,20.0,0.13,0.007,0.5479,confirmed,Forest Zone
8812,43,Lemon,21.02,20.0,1.02,0.051,0.5307,confirmed,Forest Zone
8858,43,Lemon,20.43,20.0,0.43,0.022,0.5141,confirmed,Forest Zone
8930,43,Lemon,20.37,20.0,0.37,0.018,0.5209,confirmed,Forest Zone
9022,43,Lemon,20.32,20.0,0.32,0.016,0.624,confirmed,Forest Zone
9026,43,Lemon,20.03,20.0,0.03,0.002,0.6627,confirmed,Forest Zone
9066,43,Lemon,20.42,20.0,0.42,0.021,0.5152,confirmed,Forest Zone
9122,43,Lemon,20.11,20.0,0.11,0.006,0.652,confirmed,Forest Zone
9236,43,Lemon,20.14,20.0,0.14,0.007,0.648,confirmed,Forest Zone
9237,43,Lemon,20.62,20.0,0.62,0.031,0.584,confirmed,Forest Zone
9289,43,Lemon,20.03,20.0,0.03,0.002,0.5591,confirmed,Forest Zone
9349,43,Lemon,20.71,20.0,0.71,0.036,0.572,confirmed,Forest Zone
9412,43,Lemon,20.16,20.0,0.16,0.008,0.5445,confirmed,Forest Zone
9460,43,Lemon,21.1,20.0,1.1,0.055,0.52,confirmed,Forest Zone
9685,43,Lemon,21.22,20.0,1.22,0.061,0.504,confirmed,Forest Zone
9699,43,Lemon,20.57,20.0,0.57,0.028,0.5907,confirmed,Forest Zone
9807,43,Lemon,20.53,20.0,0.53,0.027,0.596,confirmed,Forest Zone
9809,43,Lemon,21.04,20.0,1.04,0.052,0.528,confirmed,Forest Zone
9914,43,Lemon,20.42,20.0,0.42,0.021,0.6107,confirmed,Forest Zone
10009,43,Lemon,21.01,20.0,1.01,0.05,0.532,confirmed,Forest Zone
10368,43,Lemon,20.68,20.0,0.68,0.034,0.576,confirmed,Forest Zone
10451,43,Lemon,20.75,20.0,0.75,0.038,0.5667,confirmed,Forest Zone
10453,43,Lemon,20.56,20.0,0.56,0.028,0.592,confirmed,Forest Zone
10457,43,Lemon,20.51,20.0,0.51,0.026,0.5987,confirmed,Forest Zone
10473,43,Lemon,20.42,20.0,0.42,0.021,0.6107,confirmed,Forest Zone
10474,43,Lemon,20.56,20.0,0.56,0.028,0.592,confirmed,Forest Zone
10494,43,Lemon,20.41,20.0,0.41,0.02,0.5164,confirmed,Institutional Research Zone
10497,43,Lemon,20.42,20.0,0.42,0.021,0.5152,confirmed,Institutional Research Zone
10591,43,Lemon,20.31,20.0,0.31,0.016,0.6253,confirmed,Forest Zone
10592,43,Lemon,20.26,20.0,0.26,0.013,0.632,confirmed,Forest Zone
10593,43,Lemon,20.81,20.0,0.81,0.04,0.5587,confirmed,Forest Zone
10671,43,Lemon,20.01,20.0,0.01,0.0,0.6653,confirmed,Forest Zone
10699,43,Lemon,20.63,20.0,0.63,0.032,0.5827,confirmed,Forest Zone
10795,43,Lemon,21.11,20.0,1.11,0.056,0.5187,confirmed,Forest Zone
10796,43,Lemon,20.56,20.0,0.56,0.028,0.592,confirmed,Forest Zone
10811,43,Lemon,20.57,20.0,0.57,0.028,0.5907,confirmed,Forest Zone
10843,43,Lemon,20.01,20.0,0.01,0.0,0.5614,confirmed,Forest Zone
10855,43,Lemon,20.14,20.0,0.14,0.007,0.5468,confirmed,Special Reserved Zone
10934,43,Lemon,21.01,20.0,1.01,0.05,0.532,confirmed,Forest Zone
11030,43,Lemon,20.19,20.0,0.19,0.01,0.6413,confirmed,Forest Zone
11044,43,Lemon,20.95,20.0,0.95,0.048,0.54,confirmed,Forest Zone
11114,43,Lemon,21.04,20.0,1.04,0.052,0.528,unconfirmed,
11184,43,Lemon,20.43,20.0,0.43,0.022,0.5141,confirmed,Forest Zone
11225,43,Lemon,20.41,20.0,0.41,0.02,0.612,unconfirmed,
11254,43,Lemon,20.53,20.0,0.53,0.027,0.596,confirmed,Forest Zone
11256,43,Lemon,20.07,20.0,0.07,0.004,0.6573,confirmed,Forest Zone
11268,43,Lemon,21.09,20.0,1.09,0.055,0.5213,confirmed,Forest Zone
11273,43,Lemon,20.19,20.0,0.19,0.01,0.5411,confirmed,Forest Zone
11292,43,Lemon,20.23,20.0,0.23,0.012,0.5366,confirmed,Forest Zone
11368,43,Lemon,20.87,20.0,0.87,0.044,0.5507,confirmed,Forest Zone
11375,43,Lemon,20.52,20.0,0.52,0.026,0.5973,confirmed,Forest Zone
11489,43,Lemon,20.37,20.0,0.37,0.018,0.6173,confirmed,Forest Zone
11496,43,Lemon,20.26,20.0,0.26,0.013,0.632,confirmed,Forest Zone
11510,43,Lemon,20.02,20.0,0.02,0.001,0.5602,confirmed,Forest Zone
11559,43,Lemon,21.03,20.0,1.03,0.052,0.5293,confirmed,Forest Zone
11600,43,Lemon,20.57,20.0,0.57,0.028,0.5907,confirmed,Forest Zone
11679,43,Lemon,20.02,20.0,0.02,0.001,0.664,confirmed,Forest Zone
11690,43,Lemon,20.82,20.0,0.82,0.041,0.5573,confirmed,Forest Zone
11831,43,Lemon,21.09,20.0,1.09,0.055,0.5213,confirmed,Forest Zone
11890,43,Lemon,20.82,20.0,0.82,0.041,0.5573,unconfirmed,
11907,43,Lemon,21.04,20.0,1.04,0.052,0.528,confirmed,Forest Zone
11928,43,Lemon,20.95,20.0,0.95,0.048,0.54,confirmed,Forest Zone
11932,43,Lemon,20.82,20.0,0.82,0.041,0.5573,confirmed,Forest Zone
11966,43,Lemon,20.04,20.0,0.04,0.002,0.6613,confirmed,Forest Zone
12007,43,Lemon,20.87,20.0,0.87,0.044,0.5507,confirmed,Forest Zone
12169,43,Lemon,21.03,20.0,1.03,0.052,0.5293,confirmed,Forest Zone
12223,43,Lemon,20.11,20.0,0.11,0.006,0.652,unconfirmed,
12240,43,Lemon,20.63,20.0,0.63,0.032,0.5827,confirmed,Forest Zone
12264,43,Lemon,20.57,20.0,0.57,0.028,0.5907,confirmed,Forest Zone
12270,43,Lemon,20.75,20.0,0.75,0.038,0.5667,confirmed,Forest Zone
12341,43,Lemon,20.95,20.0,0.95,0.048,0.54,confirmed,Forest Zone
12354,43,Lemon,20.51,20.0,0.51,0.026,0.5987,confirmed,Forest Zone
12357,43,Lemon,20.57,20.0,0.57,0.028,0.5907,confirmed,Forest Zone
12361,43,Lemon,20.63,20.0,0.63,0.032,0.5827,unconfirmed,
12464,43,Lemon,20.54,20.0,0.54,0.027,0.5947,confirmed,Forest Zone
12584,43,Lemon,20.28,20.0,0.28,0.014,0.6293,unconfirmed,
12590,43,Lemon,21.11,20.0,1.11,0.056,0.5187,confirmed,Forest Zone
12675,43,Lemon,20.24,20.0,0.24,0.012,0.6347,confirmed,Forest Zone
12735,43,Lemon,20.03,20.0,0.03,0.002,0.6627,confirmed,Forest Zone
12782,43,Lemon,20.14,20.0,0.14,0.007,0.648,confirmed,Forest Zone
12796,43,Lemon,20.54,20.0,0.54,0.027,0.5947,confirmed,Forest Zone
12904,43,Lemon,20.52,20.0,0.52,0.026,0.5973,confirmed,Forest Zone
13022,43,Lemon,21.11,20.0,1.11,0.056,0.5187,unconfirmed,
13068,43,Lemon,20.42,20.0,0.42,0.021,0.6107,confirmed,Forest Zone
13232,43,Lemon,20.17,20.0,0.17,0.008,0.644,confirmed,Forest Zone
13271,43,Lemon,20.51,20.0,0.51,0.026,0.5987,unconfirmed,
13273,43,Lemon,20.73,20.0,0.73,0.036,0.5693,unconfirmed,
13508,43,Lemon,20.53,20.0,0.53,0.027,0.596,confirmed,Forest Zone
13593,43,Lemon,21.04,20.0,1.04,0.052,0.528,unconfirmed,
13601,43,Lemon,21.25,20.0,1.25,0.062,0.5,unconfirmed,
13671,43,Lemon,20.94,20.0,0.94,0.047,0.5413,confirmed,Forest Zone
13779,43,Lemon,20.24,20.0,0.24,0.012,0.6347,confirmed,Forest Zone
13786,43,Lemon,21.06,20.0,1.06,0.053,0.5253,unconfirmed,
13842,43,Lemon,20.53,20.0,0.53,0.027,0.596,confirmed,Forest Zone
13903,43,Lemon,21.23,20.0,1.23,0.062,0.5027,unconfirmed,
14008,43,Lemon,20.31,20.0,0.31,0.016,0.6253,unconfirmed,
14046,43,Lemon,20.26,20.0,0.26,0.013,0.632,unconfirmed,
14113,43,Lemon,21.1,20.0,1.1,0.055,0.52,unconfirmed,
14158,43,Lemon,20.57,20.0,0.57,0.028,0.5907,unconfirmed,
14160,43,Lemon,20.81,20.0,0.81,0.04,0.5587,unconfirmed,
14232,43,Lemon,20.01,20.0,0.01,0.0,0.6653,unconfirmed,
14557,43,Lemon,21.24,20.0,1.24,0.062,0.5013,unconfirmed,
14994,43,Lemon,20.26,20.0,0.26,0.013,0.632,unconfirmed,
15014,43,Lemon,20.01,20.0,0.01,0.0,0.6653,unconfirmed,
15547,43,Lemon,21.04,20.0,1.04,0.052,0.528,unconfirmed,
16111,43,Lemon,20.31,20.0,0.31,0.016,0.6253,unconfirmed,
16216,43,Lemon,20.63,20.0,0.63,0.032,0.5827,unconfirmed,
16322,43,Lemon,20.73,20.0,0.73,0.036,0.5693,unconfirmed,
16437,43,Lemon,21.03,20.0,1.03,0.052,0.5293,unconfirmed,
3993,44,Balai Lamok,30.01,30.0,0.01,0.0,0.5617,confirmed,Socialized Housing Zone
4386,44,Balai Lamok,30.05,30.0,0.05,0.002,0.5588,confirmed,Forest Zone
4401,44,Balai Lamok,30.02,30.0,0.02,0.001,0.561,confirmed,Medium Density Residential Zone
4407,44,Balai Lamok,30.78,30.0,0.78,0.026,0.504,confirmed,Forest Zone
4513,44,Balai Lamok,30.47,30.0,0.47,0.016,0.5273,confirmed,Medium Density Residential Zone
4705,44,Balai Lamok,30.54,30.0,0.54,0.018,0.522,confirmed,Buffer Zone
4829,44,Balai Lamok,30.12,30.0,0.12,0.004,0.5535,confirmed,Forest Zone
4931,44,Balai Lamok,30.09,30.0,0.09,0.003,0.5558,confirmed,Forest Zone
5034,44,Balai Lamok,30.66,30.0,0.66,0.022,0.513,confirmed,Forest Zone
5041,44,Balai Lamok,30.56,30.0,0.56,0.019,0.5205,confirmed,Forest Zone
5053,44,Balai Lamok,30.63,30.0,0.63,0.021,0.5153,confirmed,Forest Zone
5155,44,Balai Lamok,30.51,30.0,0.51,0.017,0.5242,confirmed,Forest Zone
5253,44,Balai Lamok,30.12,30.0,0.12,0.004,0.5535,confirmed,Forest Zone
5296,44,Balai Lamok,30.13,30.0,0.13,0.004,0.5528,confirmed,Medium Density Residential Zone
5303,44,Balai Lamok,30.53,30.0,0.53,0.018,0.5227,confirmed,Medium Density Residential Zone
5492,44,Balai Lamok,30.06,30.0,0.06,0.002,0.558,confirmed,Forest Zone
5608,44,Balai Lamok,30.58,30.0,0.58,0.019,0.519,confirmed,Forest Zone
5612,44,Balai Lamok,30.2,30.0,0.2,0.007,0.5475,confirmed,Forest Zone
5715,44,Balai Lamok,30.39,30.0,0.39,0.013,0.5332,confirmed,Forest Zone
6047,44,Balai Lamok,30.81,30.0,0.81,0.027,0.5018,confirmed,Forest Zone
6168,44,Balai Lamok,30.69,30.0,0.69,0.023,0.5107,confirmed,Forest Zone
6512,44,Balai Lamok,30.47,30.0,0.47,0.016,0.5273,confirmed,Forest Zone
6514,44,Balai Lamok,30.28,30.0,0.28,0.009,0.5415,confirmed,Forest Zone
6526,44,Balai Lamok,30.43,30.0,0.43,0.014,0.5302,confirmed,Forest Zone
6530,44,Balai Lamok,30.54,30.0,0.54,0.018,0.522,confirmed,Forest Zone
6976,44,Balai Lamok,30.03,30.0,0.03,0.001,0.5602,confirmed,Medium Density Residential Zone
7048,44,Balai Lamok,30.63,30.0,0.63,0.021,0.5153,confirmed,Sanitary Landfill
7197,44,Balai Lamok,30.11,30.0,0.11,0.004,0.5542,confirmed,Forest Zone
7362,44,Balai Lamok,30.16,30.0,0.16,0.005,0.6524,confirmed,Institutional Research Zone
7495,44,Balai Lamok,30.03,30.0,0.03,0.001,0.5602,confirmed,Forest Zone
7596,44,Balai Lamok,30.02,30.0,0.02,0.001,0.561,confirmed,Forest Zone
7801,44,Balai Lamok,30.36,30.0,0.36,0.012,0.6347,confirmed,Institutional Research Zone
7853,44,Balai Lamok,30.66,30.0,0.66,0.022,0.513,confirmed,Forest Zone
8256,44,Balai Lamok,30.82,30.0,0.82,0.027,0.5938,confirmed,Forest Zone
8281,44,Balai Lamok,30.02,30.0,0.02,0.001,0.561,confirmed,Forest Zone
8460,44,Balai Lamok,30.05,30.0,0.05,0.002,0.6622,confirmed,Forest Zone
8572,44,Balai Lamok,31.27,30.0,1.27,0.042,0.5538,confirmed,Forest Zone
8585,44,Balai Lamok,30.28,30.0,0.28,0.009,0.6418,confirmed,Forest Zone
8712,44,Balai Lamok,30.35,30.0,0.35,0.012,0.5362,confirmed,Forest Zone
8716,44,Balai Lamok,30.03,30.0,0.03,0.001,0.5602,confirmed,Forest Zone
8795,44,Balai Lamok,30.51,30.0,0.51,0.017,0.6213,confirmed,Forest Zone
8796,44,Balai Lamok,30.55,30.0,0.55,0.018,0.6178,confirmed,Forest Zone
8799,44,Balai Lamok,30.05,30.0,0.05,0.002,0.6622,confirmed,Forest Zone
8904,44,Balai Lamok,30.93,30.0,0.93,0.031,0.584,confirmed,Forest Zone
8923,44,Balai Lamok,30.2,30.0,0.2,0.007,0.6489,confirmed,Forest Zone
8942,44,Balai Lamok,30.38,30.0,0.38,0.013,0.534,confirmed,Forest Zone
8954,44,Balai Lamok,30.46,30.0,0.46,0.015,0.528,confirmed,Forest Zone
9053,44,Balai Lamok,30.46,30.0,0.46,0.015,0.528,confirmed,Forest Zone
9065,44,Balai Lamok,30.59,30.0,0.59,0.02,0.5182,confirmed,Forest Zone
9365,44,Balai Lamok,31.3,30.0,1.3,0.043,0.5511,confirmed,Forest Zone
9370,44,Balai Lamok,31.11,30.0,1.11,0.037,0.568,confirmed,Forest Zone
9371,44,Balai Lamok,30.17,30.0,0.17,0.006,0.6516,confirmed,Forest Zone
9385,44,Balai Lamok,30.72,30.0,0.72,0.024,0.5085,confirmed,Forest Zone
9480,44,Balai Lamok,30.91,30.0,0.91,0.03,0.5858,confirmed,Forest Zone
9580,44,Balai Lamok,30.29,30.0,0.29,0.01,0.6409,confirmed,Forest Zone
9830,44,Balai Lamok,30.08,30.0,0.08,0.003,0.5565,confirmed,Forest Zone
9904,44,Balai Lamok,31.51,30.0,1.51,0.05,0.5324,confirmed,Forest Zone
9910,44,Balai Lamok,30.33,30.0,0.33,0.011,0.6373,confirmed,Forest Zone
9931,44,Balai Lamok,30.01,30.0,0.01,0.0,0.5617,confirmed,Forest Zone
10020,44,Balai Lamok,30.22,30.0,0.22,0.007,0.6471,confirmed,Forest Zone
10024,44,Balai Lamok,31.32,30.0,1.32,0.044,0.5493,confirmed,Forest Zone
10036,44,Balai Lamok,31.54,30.0,1.54,0.051,0.5298,confirmed,Forest Zone
10039,44,Balai Lamok,30.82,30.0,0.82,0.027,0.5938,confirmed,Forest Zone
10128,44,Balai Lamok,30.01,30.0,0.01,0.0,0.6658,confirmed,Forest Zone
10141,44,Balai Lamok,31.68,30.0,1.68,0.056,0.5173,confirmed,Forest Zone
10142,44,Balai Lamok,30.53,30.0,0.53,0.018,0.6196,confirmed,Forest Zone
10464,44,Balai Lamok,31.4,30.0,1.4,0.047,0.5422,confirmed,Forest Zone
10469,44,Balai Lamok,30.54,30.0,0.54,0.018,0.6187,confirmed,Forest Zone
10470,44,Balai Lamok,30.16,30.0,0.16,0.005,0.6524,confirmed,Forest Zone
10581,44,Balai Lamok,30.93,30.0,0.93,0.031,0.584,confirmed,Forest Zone
10599,44,Balai Lamok,31.03,30.0,1.03,0.034,0.5751,confirmed,Forest Zone
10602,44,Balai Lamok,30.98,30.0,0.98,0.033,0.5796,confirmed,Institutional Research Zone
10678,44,Balai Lamok,30.71,30.0,0.71,0.024,0.6036,confirmed,Forest Zone
10683,44,Balai Lamok,30.21,30.0,0.21,0.007,0.648,confirmed,Forest Zone
10693,44,Balai Lamok,30.2,30.0,0.2,0.007,0.6489,confirmed,Forest Zone
10694,44,Balai Lamok,31.54,30.0,1.54,0.051,0.5298,confirmed,Forest Zone
10701,44,Balai Lamok,31.5,30.0,1.5,0.05,0.5333,confirmed,Forest Zone
10711,44,Balai Lamok,30.09,30.0,0.09,0.003,0.6587,confirmed,Forest Zone
10797,44,Balai Lamok,31.01,30.0,1.01,0.034,0.5769,confirmed,Forest Zone
10813,44,Balai Lamok,30.34,30.0,0.34,0.011,0.6364,confirmed,Forest Zone
10896,44,Balai Lamok,31.41,30.0,1.41,0.047,0.5413,confirmed,Forest Zone
10901,44,Balai Lamok,30.24,30.0,0.24,0.008,0.6453,confirmed,Forest Zone
11005,44,Balai Lamok,31.78,30.0,1.78,0.059,0.5084,confirmed,Forest Zone
11008,44,Balai Lamok,31.78,30.0,1.78,0.059,0.5084,confirmed,Forest Zone
11039,44,Balai Lamok,31.02,30.0,1.02,0.034,0.576,confirmed,Forest Zone
11150,44,Balai Lamok,31.08,30.0,1.08,0.036,0.5707,confirmed,Forest Zone
11231,44,Balai Lamok,30.33,30.0,0.33,0.011,0.6373,confirmed,Forest Zone
11239,44,Balai Lamok,30.6,30.0,0.6,0.02,0.6133,confirmed,Forest Zone
11258,44,Balai Lamok,30.55,30.0,0.55,0.018,0.6178,confirmed,Forest Zone
11344,44,Balai Lamok,31.8,30.0,1.8,0.06,0.5067,confirmed,Forest Zone
11347,44,Balai Lamok,30.39,30.0,0.39,0.013,0.632,confirmed,Forest Zone
11352,44,Balai Lamok,31.55,30.0,1.55,0.052,0.5289,confirmed,Forest Zone
11353,44,Balai Lamok,31.43,30.0,1.43,0.048,0.5396,confirmed,Forest Zone
11364,44,Balai Lamok,31.36,30.0,1.36,0.045,0.5458,confirmed,Forest Zone
11369,44,Balai Lamok,30.06,30.0,0.06,0.002,0.6613,confirmed,Forest Zone
11448,44,Balai Lamok,30.93,30.0,0.93,0.031,0.584,confirmed,Forest Zone
11451,44,Balai Lamok,31.17,30.0,1.17,0.039,0.5627,confirmed,Forest Zone
11452,44,Balai Lamok,30.44,30.0,0.44,0.015,0.6276,confirmed,Forest Zone
11457,44,Balai Lamok,31.13,30.0,1.13,0.038,0.5662,confirmed,Forest Zone
11469,44,Balai Lamok,30.56,30.0,0.56,0.019,0.6169,confirmed,Forest Zone
11476,44,Balai Lamok,30.05,30.0,0.05,0.002,0.6622,confirmed,Forest Zone
11477,44,Balai Lamok,31.4,30.0,1.4,0.047,0.5422,confirmed,Forest Zone
11486,44,Balai Lamok,31.81,30.0,1.81,0.06,0.5058,confirmed,Forest Zone
11581,44,Balai Lamok,31.01,30.0,1.01,0.034,0.5769,confirmed,Forest Zone
11672,44,Balai Lamok,31.55,30.0,1.55,0.052,0.5289,confirmed,Forest Zone
11695,44,Balai Lamok,31.07,30.0,1.07,0.036,0.5716,confirmed,Forest Zone
11799,44,Balai Lamok,30.69,30.0,0.69,0.023,0.6053,confirmed,Forest Zone
11801,44,Balai Lamok,30.28,30.0,0.28,0.009,0.6418,confirmed,Forest Zone
11811,44,Balai Lamok,31.36,30.0,1.36,0.045,0.5458,confirmed,Forest Zone
11918,44,Balai Lamok,30.78,30.0,0.78,0.026,0.5973,confirmed,Forest Zone
12027,44,Balai Lamok,31.82,30.0,1.82,0.061,0.5049,confirmed,Forest Zone
12055,44,Balai Lamok,31.4,30.0,1.4,0.047,0.5422,confirmed,Forest Zone
12233,44,Balai Lamok,30.09,30.0,0.09,0.003,0.6587,confirmed,Forest Zone
12245,44,Balai Lamok,30.66,30.0,0.66,0.022,0.608,confirmed,Forest Zone
12261,44,Balai Lamok,30.39,30.0,0.39,0.013,0.632,confirmed,Forest Zone
12262,44,Balai Lamok,31.66,30.0,1.66,0.055,0.5191,confirmed,Forest Zone
12342,44,Balai Lamok,31.54,30.0,1.54,0.051,0.5298,confirmed,Forest Zone
12375,44,Balai Lamok,31.42,30.0,1.42,0.047,0.5404,confirmed,Forest Zone
12388,44,Balai Lamok,30.55,30.0,0.55,0.018,0.6178,confirmed,Forest Zone
12389,44,Balai Lamok,31.83,30.0,1.83,0.061,0.504,confirmed,Forest Zone
12408,44,Balai Lamok,31.34,30.0,1.34,0.045,0.5476,confirmed,Forest Zone
12459,44,Balai Lamok,31.84,30.0,1.84,0.061,0.5031,confirmed,Forest Zone
12460,44,Balai Lamok,30.68,30.0,0.68,0.023,0.6062,confirmed,Forest Zone
12479,44,Balai Lamok,30.59,30.0,0.59,0.02,0.6142,confirmed,Forest Zone
12480,44,Balai Lamok,31.56,30.0,1.56,0.052,0.528,confirmed,Forest Zone
12489,44,Balai Lamok,30.38,30.0,0.38,0.013,0.6329,confirmed,Forest Zone
12504,44,Balai Lamok,31.58,30.0,1.58,0.053,0.5262,confirmed,Forest Zone
12505,44,Balai Lamok,31.59,30.0,1.59,0.053,0.5253,confirmed,Forest Zone
12561,44,Balai Lamok,30.51,30.0,0.51,0.017,0.6213,confirmed,Forest Zone
12578,44,Balai Lamok,30.12,30.0,0.12,0.004,0.656,unconfirmed,
12581,44,Balai Lamok,31.26,30.0,1.26,0.042,0.5547,unconfirmed,
12667,44,Balai Lamok,30.07,30.0,0.07,0.002,0.6604,unconfirmed,
12677,44,Balai Lamok,31.23,30.0,1.23,0.041,0.5573,confirmed,Forest Zone
12682,44,Balai Lamok,30.12,30.0,0.12,0.004,0.656,confirmed,Forest Zone
12707,44,Balai Lamok,31.15,30.0,1.15,0.038,0.5644,confirmed,Forest Zone
12729,44,Balai Lamok,30.46,30.0,0.46,0.015,0.6258,confirmed,Forest Zone
12794,44,Balai Lamok,30.97,30.0,0.97,0.032,0.5804,confirmed,Forest Zone
12795,44,Balai Lamok,30.67,30.0,0.67,0.022,0.6071,confirmed,Forest Zone
12809,44,Balai Lamok,31.1,30.0,1.1,0.037,0.5689,unconfirmed,
12818,44,Balai Lamok,30.05,30.0,0.05,0.002,0.6622,confirmed,Forest Zone
12843,44,Balai Lamok,30.23,30.0,0.23,0.008,0.6462,confirmed,Forest Zone
12893,44,Balai Lamok,31.53,30.0,1.53,0.051,0.5307,confirmed,Forest Zone
12894,44,Balai Lamok,30.29,30.0,0.29,0.01,0.6409,confirmed,Forest Zone
12939,44,Balai Lamok,30.45,30.0,0.45,0.015,0.6267,confirmed,Forest Zone
12945,44,Balai Lamok,31.34,30.0,1.34,0.045,0.5476,confirmed,Forest Zone
12946,44,Balai Lamok,30.35,30.0,0.35,0.012,0.6356,confirmed,Forest Zone
12949,44,Balai Lamok,30.42,30.0,0.42,0.014,0.6293,confirmed,Forest Zone
13006,44,Balai Lamok,31.67,30.0,1.67,0.056,0.5182,confirmed,Forest Zone
13008,44,Balai Lamok,30.71,30.0,0.71,0.024,0.6036,confirmed,Forest Zone
13030,44,Balai Lamok,31.57,30.0,1.57,0.052,0.5271,unconfirmed,
13049,44,Balai Lamok,31.34,30.0,1.34,0.045,0.5476,confirmed,Forest Zone
13114,44,Balai Lamok,31.0,30.0,1.0,0.033,0.5778,confirmed,Forest Zone
13250,44,Balai Lamok,30.23,30.0,0.23,0.008,0.6462,unconfirmed,
13251,44,Balai Lamok,30.71,30.0,0.71,0.024,0.6036,unconfirmed,
13259,44,Balai Lamok,30.46,30.0,0.46,0.015,0.6258,unconfirmed,
13280,44,Balai Lamok,30.56,30.0,0.56,0.019,0.6169,confirmed,Forest Zone
13283,44,Balai Lamok,31.14,30.0,1.14,0.038,0.5653,confirmed,Forest Zone
13284,44,Balai Lamok,30.55,30.0,0.55,0.018,0.6178,confirmed,Forest Zone
13338,44,Balai Lamok,30.05,30.0,0.05,0.002,0.6622,confirmed,Forest Zone
13345,44,Balai Lamok,31.07,30.0,1.07,0.036,0.5716,unconfirmed,
13368,44,Balai Lamok,30.86,30.0,0.86,0.029,0.5902,unconfirmed,
13384,44,Balai Lamok,30.78,30.0,0.78,0.026,0.5973,unconfirmed,
13449,44,Balai Lamok,30.42,30.0,0.42,0.014,0.6293,confirmed,Forest Zone
13452,44,Balai Lamok,30.16,30.0,0.16,0.005,0.6524,confirmed,Forest Zone
13454,44,Balai Lamok,30.59,30.0,0.59,0.02,0.6142,unconfirmed,
13455,44,Balai Lamok,31.42,30.0,1.42,0.047,0.5404,unconfirmed,
13464,44,Balai Lamok,31.49,30.0,1.49,0.05,0.5342,unconfirmed,
13466,44,Balai Lamok,31.8,30.0,1.8,0.06,0.5067,unconfirmed,
13467,44,Balai Lamok,31.12,30.0,1.12,0.037,0.5671,unconfirmed,
13468,44,Balai Lamok,30.44,30.0,0.44,0.015,0.6276,unconfirmed,
13477,44,Balai Lamok,30.75,30.0,0.75,0.025,0.6,unconfirmed,
13499,44,Balai Lamok,31.81,30.0,1.81,0.06,0.5058,unconfirmed,
13500,44,Balai Lamok,30.75,30.0,0.75,0.025,0.6,unconfirmed,
13501,44,Balai Lamok,30.59,30.0,0.59,0.02,0.6142,unconfirmed,
13555,44,Balai Lamok,30.87,30.0,0.87,0.029,0.5893,unconfirmed,
13566,44,Balai Lamok,30.83,30.0,0.83,0.028,0.5929,unconfirmed,
13569,44,Balai Lamok,31.32,30.0,1.32,0.044,0.5493,unconfirmed,
13570,44,Balai Lamok,31.01,30.0,1.01,0.034,0.5769,unconfirmed,
13578,44,Balai Lamok,31.04,30.0,1.04,0.035,0.5742,unconfirmed,
13587,44,Balai Lamok,30.29,30.0,0.29,0.01,0.6409,unconfirmed,
13591,44,Balai Lamok,30.05,30.0,0.05,0.002,0.6622,unconfirmed,
13597,44,Balai Lamok,30.35,30.0,0.35,0.012,0.6356,unconfirmed,
13605,44,Balai Lamok,31.49,30.0,1.49,0.05,0.5342,unconfirmed,
13667,44,Balai Lamok,31.04,30.0,1.04,0.035,0.5742,confirmed,Forest Zone
13777,44,Balai Lamok,30.32,30.0,0.32,0.011,0.6382,unconfirmed,
13780,44,Balai Lamok,31.53,30.0,1.53,0.051,0.5307,confirmed,Forest Zone
13787,44,Balai Lamok,30.08,30.0,0.08,0.003,0.6596,unconfirmed,
13789,44,Balai Lamok,30.25,30.0,0.25,0.008,0.6444,unconfirmed,
13808,44,Balai Lamok,31.0,30.0,1.0,0.033,0.5778,unconfirmed,
13810,44,Balai Lamok,30.17,30.0,0.17,0.006,0.6516,unconfirmed,
13811,44,Balai Lamok,31.0,30.0,1.0,0.033,0.5778,unconfirmed,
13888,44,Balai Lamok,31.78,30.0,1.78,0.059,0.5084,unconfirmed,
13891,44,Balai Lamok,30.01,30.0,0.01,0.0,0.6658,unconfirmed,
13915,44,Balai Lamok,30.03,30.0,0.03,0.001,0.664,unconfirmed,
13921,44,Balai Lamok,30.02,30.0,0.02,0.001,0.6649,unconfirmed,
13936,44,Balai Lamok,31.4,30.0,1.4,0.047,0.5422,unconfirmed,
13937,44,Balai Lamok,30.63,30.0,0.63,0.021,0.6107,unconfirmed,
13950,44,Balai Lamok,30.95,30.0,0.95,0.032,0.5822,confirmed,Forest Zone
14015,44,Balai Lamok,30.05,30.0,0.05,0.002,0.6622,unconfirmed,
14018,44,Balai Lamok,30.43,30.0,0.43,0.014,0.6284,unconfirmed,
14026,44,Balai Lamok,30.03,30.0,0.03,0.001,0.664,unconfirmed,
14027,44,Balai Lamok,30.03,30.0,0.03,0.001,0.664,unconfirmed,
14039,44,Balai Lamok,30.01,30.0,0.01,0.0,0.6658,unconfirmed,
14040,44,Balai Lamok,31.15,30.0,1.15,0.038,0.5644,unconfirmed,
14148,44,Balai Lamok,31.65,30.0,1.65,0.055,0.52,unconfirmed,
14151,44,Balai Lamok,31.67,30.0,1.67,0.056,0.5182,unconfirmed,
14157,44,Balai Lamok,31.53,30.0,1.53,0.051,0.5307,unconfirmed,
14163,44,Balai Lamok,30.53,30.0,0.53,0.018,0.6196,unconfirmed,
14263,44,Balai Lamok,31.78,30.0,1.78,0.059,0.5084,unconfirmed,
14327,44,Balai Lamok,30.62,30.0,0.62,0.021,0.6116,unconfirmed,
14335,44,Balai Lamok,30.21,30.0,0.21,0.007,0.648,unconfirmed,
14350,44,Balai Lamok,30.06,30.0,0.06,0.002,0.6613,unconfirmed,
14352,44,Balai Lamok,30.65,30.0,0.65,0.022,0.6089,unconfirmed,
14394,44,Balai Lamok,31.11,30.0,1.11,0.037,0.568,confirmed,Forest Zone
14453,44,Balai Lamok,30.51,30.0,0.51,0.017,0.6213,unconfirmed,
14459,44,Balai Lamok,31.42,30.0,1.42,0.047,0.5404,unconfirmed,
14460,44,Balai Lamok,31.0,30.0,1.0,0.033,0.5778,unconfirmed,
14570,44,Balai Lamok,30.23,30.0,0.23,0.008,0.6462,unconfirmed,
14580,44,Balai Lamok,30.88,30.0,0.88,0.029,0.5884,unconfirmed,
14666,44,Balai Lamok,30.05,30.0,0.05,0.002,0.6622,unconfirmed,
14788,44,Balai Lamok,30.22,30.0,0.22,0.007,0.6471,unconfirmed,
15001,44,Balai Lamok,30.84,30.0,0.84,0.028,0.592,unconfirmed,
15008,44,Balai Lamok,31.23,30.0,1.23,0.041,0.5573,unconfirmed,
15010,44,Balai Lamok,31.72,30.0,1.72,0.057,0.5138,unconfirmed,
15111,44,Balai Lamok,30.98,30.0,0.98,0.033,0.5796,unconfirmed,
15117,44,Balai Lamok,30.08,30.0,0.08,0.003,0.6596,unconfirmed,
15227,44,Balai Lamok,30.22,30.0,0.22,0.007,0.6471,unconfirmed,
15658,44,Balai Lamok,31.7,30.0,1.7,0.057,0.5156,unconfirmed,
15994,44,Balai Lamok,30.21,30.0,0.21,0.007,0.648,unconfirmed,
16104,44,Balai Lamok,30.93,30.0,0.93,0.031,0.584,unconfirmed,
16215,44,Balai Lamok,30.53,30.0,0.53,0.018,0.6196,unconfirmed,
16324,44,Balai Lamok,30.77,30.0,0.77,0.026,0.5982,unconfirmed,
16331,44,Balai Lamok,31.04,30.0,1.04,0.035,0.5742,unconfirmed,
16551,44,Balai Lamok,30.79,30.0,0.79,0.026,0.5964,unconfirmed,
16662,44,Balai Lamok,31.34,30.0,1.34,0.045,0.5476,unconfirmed,
16766,44,Balai Lamok,30.09,30.0,0.09,0.003,0.6587,unconfirmed,
16767,44,Balai Lamok,30.09,30.0,0.09,0.003,0.6587,unconfirmed,
16878,44,Balai Lamok,31.64,30.0,1.64,0.055,0.5209,unconfirmed,
1581,45,Kamias,20.51,20.0,0.51,0.026,0.6735,confirmed,Agricultural Zone
3640,45,Kamias,20.4,20.0,0.4,0.02,0.5175,confirmed,High Density Residential - Mixed Use Zone
3851,45,Kamias,20.24,20.0,0.24,0.012,0.5355,confirmed,High Density Residential - Mixed Use Zone
3869,45,Kamias,20.01,20.0,0.01,0.0,0.5614,confirmed,High Density Residential - Mixed Use Zone
3956,45,Kamias,20.11,20.0,0.11,0.006,0.5501,confirmed,Medium Density Residential Zone
4061,45,Kamias,20.23,20.0,0.23,0.012,0.5366,confirmed,Forest Zone
4082,45,Kamias,20.26,20.0,0.26,0.013,0.5332,confirmed,High Density Residential - Mixed Use Zone
4207,45,Kamias,20.11,20.0,0.11,0.006,0.5501,confirmed,High Density Residential - Mixed Use Zone
4208,45,Kamias,20.02,20.0,0.02,0.001,0.5602,confirmed,High Density Residential - Mixed Use Zone
4286,45,Kamias,20.27,20.0,0.27,0.014,0.5321,confirmed,Minor Commercial - Mixed Use Zone
4405,45,Kamias,20.04,20.0,0.04,0.002,0.558,confirmed,Forest Zone
4424,45,Kamias,20.51,20.0,0.51,0.026,0.5051,confirmed,Medium Density Residential Zone
4492,45,Kamias,20.01,20.0,0.01,0.0,0.5614,confirmed,Buffer Zone
4626,45,Kamias,20.03,20.0,0.03,0.002,0.5591,confirmed,Medium Density Residential Zone
4630,45,Kamias,20.4,20.0,0.4,0.02,0.5175,confirmed,Medium Density Residential Zone
4727,45,Kamias,20.53,20.0,0.53,0.027,0.5029,confirmed,Forest Zone
4753,45,Kamias,20.24,20.0,0.24,0.012,0.5355,confirmed,Medium Density Residential Zone
4929,45,Kamias,20.24,20.0,0.24,0.012,0.5355,confirmed,Forest Zone
4939,45,Kamias,20.43,20.0,0.43,0.022,0.5141,confirmed,Forest Zone
4954,45,Kamias,20.24,20.0,0.24,0.012,0.5355,confirmed,Medium Density Residential Zone
4961,45,Kamias,20.31,20.0,0.31,0.016,0.5276,confirmed,Medium Density Residential Zone
5277,45,Kamias,20.19,20.0,0.19,0.01,0.5411,confirmed,Forest Zone
5298,45,Kamias,20.53,20.0,0.53,0.027,0.5029,confirmed,Forest Zone
5321,45,Kamias,20.53,20.0,0.53,0.027,0.5029,confirmed,Socialized Housing Zone
5742,45,Kamias,20.42,20.0,0.42,0.021,0.5152,confirmed,Forest Zone
5814,45,Kamias,20.12,20.0,0.12,0.006,0.549,confirmed,Forest Zone
5848,45,Kamias,20.03,20.0,0.03,0.002,0.5591,confirmed,Medium Density Residential Zone
6071,45,Kamias,20.24,20.0,0.24,0.012,0.5355,confirmed,Medium Density Residential Zone
6171,45,Kamias,20.41,20.0,0.41,0.02,0.5164,confirmed,Forest Zone
6172,45,Kamias,20.17,20.0,0.17,0.008,0.5434,confirmed,Forest Zone
6308,45,Kamias,20.11,20.0,0.11,0.006,0.5501,confirmed,Medium Density Residential Zone
6404,45,Kamias,20.41,20.0,0.41,0.02,0.5164,confirmed,Forest Zone
6815,45,Kamias,20.4,20.0,0.4,0.02,0.5175,confirmed,Forest Zone
6843,45,Kamias,20.01,20.0,0.01,0.0,0.5614,confirmed,Forest Zone
6931,45,Kamias,20.16,20.0,0.16,0.008,0.5445,confirmed,Forest Zone
6972,45,Kamias,20.27,20.0,0.27,0.014,0.5321,confirmed,Forest Zone
7164,45,Kamias,20.54,20.0,0.54,0.027,0.5018,confirmed,Special Reserved Zone
7265,45,Kamias,20.52,20.0,0.52,0.026,0.504,confirmed,Forest Zone
7377,45,Kamias,20.26,20.0,0.26,0.013,0.5332,confirmed,Forest Zone
7412,45,Kamias,20.17,20.0,0.17,0.008,0.5434,confirmed,Forest Zone
7488,45,Kamias,20.16,20.0,0.16,0.008,0.5445,confirmed,Forest Zone
7740,45,Kamias,20.23,20.0,0.23,0.012,0.5366,confirmed,Forest Zone
7824,45,Kamias,20.02,20.0,0.02,0.001,0.5602,confirmed,Forest Zone
7933,45,Kamias,20.16,20.0,0.16,0.008,0.5445,confirmed,Forest Zone
8019,45,Kamias,21.02,20.0,1.02,0.051,0.5307,confirmed,Forest Zone
8040,45,Kamias,20.02,20.0,0.02,0.001,0.5602,confirmed,Forest Zone
8150,45,Kamias,20.01,20.0,0.01,0.0,0.5614,confirmed,Forest Zone
8250,45,Kamias,21.06,20.0,1.06,0.053,0.5253,confirmed,Forest Zone
8270,45,Kamias,20.01,20.0,0.01,0.0,0.5614,confirmed,Forest Zone
8571,45,Kamias,20.81,20.0,0.81,0.04,0.5587,confirmed,Forest Zone
8604,45,Kamias,20.14,20.0,0.14,0.007,0.5468,confirmed,Forest Zone
8615,45,Kamias,20.13,20.0,0.13,0.007,0.5479,confirmed,Forest Zone
8749,45,Kamias,20.13,20.0,0.13,0.007,0.5479,confirmed,Forest Zone
8812,45,Kamias,21.02,20.0,1.02,0.051,0.5307,confirmed,Forest Zone
8858,45,Kamias,20.43,20.0,0.43,0.022,0.5141,confirmed,Forest Zone
8930,45,Kamias,20.37,20.0,0.37,0.018,0.5209,confirmed,Forest Zone
9022,45,Kamias,20.32,20.0,0.32,0.016,0.624,confirmed,Forest Zone
9026,45,Kamias,20.03,20.0,0.03,0.002,0.6627,confirmed,Forest Zone
9066,45,Kamias,20.42,20.0,0.42,0.021,0.5152,confirmed,Forest Zone
9122,45,Kamias,20.11,20.0,0.11,0.006,0.652,confirmed,Forest Zone
9236,45,Kamias,20.14,20.0,0.14,0.007,0.648,confirmed,Forest Zone
9237,45,Kamias,20.62,20.0,0.62,0.031,0.584,confirmed,Forest Zone
9289,45,Kamias,20.03,20.0,0.03,0.002,0.5591,confirmed,Forest Zone
9349,45,Kamias,20.71,20.0,0.71,0.036,0.572,confirmed,Forest Zone
9412,45,Kamias,20.16,20.0,0.16,0.008,0.5445,confirmed,Forest Zone
9460,45,Kamias,21.1,20.0,1.1,0.055,0.52,confirmed,Forest Zone
9685,45,Kamias,21.22,20.0,1.22,0.061,0.504,confirmed,Forest Zone
9699,45,Kamias,20.57,20.0,0.57,0.028,0.5907,confirmed,Forest Zone
9807,45,Kamias,20.53,20.0,0.53,0.027,0.596,confirmed,Forest Zone
9809,45,Kamias,21.04,20.0,1.04,0.052,0.528,confirmed,Forest Zone
9914,45,Kamias,20.42,20.0,0.42,0.021,0.6107,confirmed,Forest Zone
10009,45,Kamias,21.01,20.0,1.01,0.05,0.532,confirmed,Forest Zone
10368,45,Kamias,20.68,20.0,0.68,0.034,0.576,confirmed,Forest Zone
10451,45,Kamias,20.75,20.0,0.75,0.038,0.5667,confirmed,Forest Zone
10453,45,Kamias,20.56,20.0,0.56,0.028,0.592,confirmed,Forest Zone
10457,45,Kamias,20.51,20.0,0.51,0.026,0.5987,confirmed,Forest Zone
10473,45,Kamias,20.42,20.0,0.42,0.021,0.6107,confirmed,Forest Zone
10474,45,Kamias,20.56,20.0,0.56,0.028,0.592,confirmed,Forest Zone
10494,45,Kamias,20.41,20.0,0.41,0.02,0.5164,confirmed,Institutional Research Zone
10497,45,Kamias,20.42,20.0,0.42,0.021,0.5152,confirmed,Institutional Research Zone
10591,45,Kamias,20.31,20.0,0.31,0.016,0.6253,confirmed,Forest Zone
10592,45,Kamias,20.26,20.0,0.26,0.013,0.632,confirmed,Forest Zone
10593,45,Kamias,20.81,20.0,0.81,0.04,0.5587,confirmed,Forest Zone
10671,45,Kamias,20.01,20.0,0.01,0.0,0.6653,confirmed,Forest Zone
10699,45,Kamias,20.63,20.0,0.63,0.032,0.5827,confirmed,Forest Zone
10795,45,Kamias,21.11,20.0,1.11,0.056,0.5187,confirmed,Forest Zone
10796,45,Kamias,20.56,20.0,0.56,0.028,0.592,confirmed,Forest Zone
10811,45,Kamias,20.57,20.0,0.57,0.028,0.5907,confirmed,Forest Zone
10843,45,Kamias,20.01,20.0,0.01,0.0,0.5614,confirmed,Forest Zone
10855,45,Kamias,20.14,20.0,0.14,0.007,0.5468,confirmed,Special Reserved Zone
10934,45,Kamias,21.01,20.0,1.01,0.05,0.532,confirmed,Forest Zone
11030,45,Kamias,20.19,20.0,0.19,0.01,0.6413,confirmed,Forest Zone
11044,45,Kamias,20.95,20.0,0.95,0.048,0.54,confirmed,Forest Zone
11114,45,Kamias,21.04,20.0,1.04,0.052,0.528,unconfirmed,
11184,45,Kamias,20.43,20.0,0.43,0.022,0.5141,confirmed,Forest Zone
11225,45,Kamias,20.41,20.0,0.41,0.02,0.612,unconfirmed,
11254,45,Kamias,20.53,20.0,0.53,0.027,0.596,confirmed,Forest Zone
11256,45,Kamias,20.07,20.0,0.07,0.004,0.6573,confirmed,Forest Zone
11268,45,Kamias,21.09,20.0,1.09,0.055,0.5213,confirmed,Forest Zone
11273,45,Kamias,20.19,20.0,0.19,0.01,0.5411,confirmed,Forest Zone
11292,45,Kamias,20.23,20.0,0.23,0.012,0.5366,confirmed,Forest Zone
11368,45,Kamias,20.87,20.0,0.87,0.044,0.5507,confirmed,Forest Zone
11375,45,Kamias,20.52,20.0,0.52,0.026,0.5973,confirmed,Forest Zone
11489,45,Kamias,20.37,20.0,0.37,0.018,0.6173,confirmed,Forest Zone
11496,45,Kamias,20.26,20.0,0.26,0.013,0.632,confirmed,Forest Zone
11510,45,Kamias,20.02,20.0,0.02,0.001,0.5602,confirmed,Forest Zone
11559,45,Kamias,21.03,20.0,1.03,0.052,0.5293,confirmed,Forest Zone
11600,45,Kamias,20.57,20.0,0.57,0.028,0.5907,confirmed,Forest Zone
11679,45,Kamias,20.02,20.0,0.02,0.001,0.664,confirmed,Forest Zone
11690,45,Kamias,20.82,20.0,0.82,0.041,0.5573,confirmed,Forest Zone
11831,45,Kamias,21.09,20.0,1.09,0.055,0.5213,confirmed,Forest Zone
11890,45,Kamias,20.82,20.0,0.82,0.041,0.5573,unconfirmed,
11907,45,Kamias,21.04,20.0,1.04,0.052,0.528,confirmed,Forest Zone
11928,45,Kamias,20.95,20.0,0.95,0.048,0.54,confirmed,Forest Zone
11932,45,Kamias,20.82,20.0,0.82,0.041,0.5573,confirmed,Forest Zone
11966,45,Kamias,20.04,20.0,0.04,0.002,0.6613,confirmed,Forest Zone
12007,45,Kamias,20.87,20.0,0.87,0.044,0.5507,confirmed,Forest Zone
12169,45,Kamias,21.03,20.0,1.03,0.052,0.5293,confirmed,Forest Zone
12223,45,Kamias,20.11,20.0,0.11,0.006,0.652,unconfirmed,
12240,45,Kamias,20.63,20.0,0.63,0.032,0.5827,confirmed,Forest Zone
12264,45,Kamias,20.57,20.0,0.57,0.028,0.5907,confirmed,Forest Zone
12270,45,Kamias,20.75,20.0,0.75,0.038,0.5667,confirmed,Forest Zone
12341,45,Kamias,20.95,20.0,0.95,0.048,0.54,confirmed,Forest Zone
12354,45,Kamias,20.51,20.0,0.51,0.026,0.5987,confirmed,Forest Zone
12357,45,Kamias,20.57,20.0,0.57,0.028,0.5907,confirmed,Forest Zone
12361,45,Kamias,20.63,20.0,0.63,0.032,0.5827,unconfirmed,
12464,45,Kamias,20.54,20.0,0.54,0.027,0.5947,confirmed,Forest Zone
12584,45,Kamias,20.28,20.0,0.28,0.014,0.6293,unconfirmed,
12590,45,Kamias,21.11,20.0,1.11,0.056,0.5187,confirmed,Forest Zone
12675,45,Kamias,20.24,20.0,0.24,0.012,0.6347,confirmed,Forest Zone
12735,45,Kamias,20.03,20.0,0.03,0.002,0.6627,confirmed,Forest Zone
12782,45,Kamias,20.14,20.0,0.14,0.007,0.648,confirmed,Forest Zone
12796,45,Kamias,20.54,20.0,0.54,0.027,0.5947,confirmed,Forest Zone
12904,45,Kamias,20.52,20.0,0.52,0.026,0.5973,confirmed,Forest Zone
13022,45,Kamias,21.11,20.0,1.11,0.056,0.5187,unconfirmed,
13068,45,Kamias,20.42,20.0,0.42,0.021,0.6107,confirmed,Forest Zone
13232,45,Kamias,20.17,20.0,0.17,0.008,0.644,confirmed,Forest Zone
13271,45,Kamias,20.51,20.0,0.51,0.026,0.5987,unconfirmed,
13273,45,Kamias,20.73,20.0,0.73,0.036,0.5693,unconfirmed,
13508,45,Kamias,20.53,20.0,0.53,0.027,0.596,confirmed,Forest Zone
13593,45,Kamias,21.04,20.0,1.04,0.052,0.528,unconfirmed,
13601,45,Kamias,21.25,20.0,1.25,0.062,0.5,unconfirmed,
13671,45,Kamias,20.94,20.0,0.94,0.047,0.5413,confirmed,Forest Zone
13779,45,Kamias,20.24,20.0,0.24,0.012,0.6347,confirmed,Forest Zone
13786,45,Kamias,21.06,20.0,1.06,0.053,0.5253,unconfirmed,
13842,45,Kamias,20.53,20.0,0.53,0.027,0.596,confirmed,Forest Zone
13903,45,Kamias,21.23,20.0,1.23,0.062,0.5027,unconfirmed,
14008,45,Kamias,20.31,20.0,0.31,0.016,0.6253,unconfirmed,
14046,45,Kamias,20.26,20.0,0.26,0.013,0.632,unconfirmed,
14113,45,Kamias,21.1,20.0,1.1,0.055,0.52,unconfirmed,
14158,45,Kamias,20.57,20.0,0.57,0.028,0.5907,unconfirmed,
14160,45,Kamias,20.81,20.0,0.81,0.04,0.5587,unconfirmed,
14232,45,Kamias,20.01,20.0,0.01,0.0,0.6653,unconfirmed,
15014,45,Kamias,20.01,20.0,0.01,0.0,0.6653,unconfirmed,
16111,45,Kamias,20.31,20.0,0.31,0.016,0.6253,unconfirmed,
16216,45,Kamias,20.63,20.0,0.63,0.032,0.5827,unconfirmed,
16322,45,Kamias,20.73,20.0,0.73,0.036,0.5693,unconfirmed,
16437,45,Kamias,21.03,20.0,1.03,0.052,0.5293,unconfirmed,
