source_id,species_id,species,field_name,value_text,source_url,source_extra,source_rank,rank_basis,off_list,flags
1,1,Narra,common_name,Narra,https://www.stuartxchange.org/Narra.html,,2.0,named,False,
2,1,Narra,scientific_name,Pterocarpus indicus,https://www.stuartxchange.org/Narra.html,,2.0,named,False,
3,1,Narra,category,Native Timber,https://www.stuartxchange.org/Narra.html,,2.0,named,False,
4,1,Narra,elev_min_m,0,https://prosea.prota4u.org/view.aspx?id=3739,,3.0,named,False,
5,1,Narra,elev_max_m,600,https://prosea.prota4u.org/view.aspx?id=3739,,3.0,named,False,
6,1,Narra,rain_min_mm,1200,https://prosea.prota4u.org/view.aspx?id=3739,,3.0,named,False,
7,1,Narra,rain_max_mm,3000,https://prosea.prota4u.org/view.aspx?id=3739,,3.0,named,False,
8,1,Narra,shade_tol,Low,https://prosea.prota4u.org/view.aspx?id=3739,,3.0,named,False,
9,1,Narra,max_slope_pct,30,https://prosea.prota4u.org/view.aspx?id=3739,,3.0,named,False,
10,1,Narra,soil_raw,"Clay-loam, Alluvial",https://urbangoesgreen.com/plant-guide/ornamental/narra/,,4.0,unranked,False,
11,1,Narra,ph_min,5.0,https://prosea.prota4u.org/view.aspx?id=3739,,3.0,named,False,
12,1,Narra,ph_max,7.5,https://prosea.prota4u.org/view.aspx?id=3739,,3.0,named,False,
13,1,Narra,drought_tol,High,https://urbangoesgreen.com/plant-guide/ornamental/narra/,,4.0,unranked,False,
14,1,Narra,waterlog_tol,Medium,https://prosea.prota4u.org/view.aspx?id=3739,,3.0,named,False,
15,1,Narra,timber_density_raw,0.65,https://apps.worldagroforestry.org/treedb/AFTPDFS/Pterocarpus_indicus.PDF,,3.0,assigned_confirm,False,
16,1,Narra,mature_height_m,30,https://www.stuartxchange.org/Narra.html,,2.0,named,False,
17,1,Narra,canopy_spread_m,20,https://urbangoesgreen.com/plant-guide/ornamental/narra/,,4.0,unranked,False,
18,1,Narra,root_type,Buttress,https://urbangoesgreen.com/plant-guide/ornamental/narra/,,4.0,unranked,False,
19,1,Narra,urban_raw,"Parks, Roadside",https://prosea.prota4u.org/view.aspx?id=3739,,3.0,named,False,
20,1,Narra,temp_min_c,24,https://prosea.prota4u.org/view.aspx?id=3739,,3.0,named,False,
21,1,Narra,temp_max_c,27,https://prosea.prota4u.org/view.aspx?id=3739,,3.0,named,False,
22,1,Narra,corona_raw,"Type I, III, IV",https://apps.worldagroforestry.org/treedb/AFTPDFS/Pterocarpus_indicus.PDF,,3.0,assigned_confirm,False,
23,1,Narra,months_raw,"[5, 6, 7]",https://urbangoesgreen.com/plant-guide/ornamental/narra/,,4.0,unranked,False,
24,1,Narra,deployment_stage,Sapling (6-8 mos),https://urbangoesgreen.com/plant-guide/ornamental/narra/,,4.0,unranked,False,
25,1,Narra,climate_risk_notes,Vulnerable to dry-season planting without irrigation,https://urbangoesgreen.com/plant-guide/ornamental/narra/,,4.0,unranked,False,
26,1,Narra,typhoon_res,Medium,https://urbangoesgreen.com/plant-guide/ornamental/narra/,,4.0,unranked,False,
27,1,Narra,growth_rate_raw,Fast,https://apps.worldagroforestry.org/treedb/AFTPDFS/Pterocarpus_indicus.PDF,,3.0,assigned_confirm,False,
28,1,Narra,reference_authority,PROSEA / StuartXChange,https://prosea.prota4u.org/view.aspx?id=3739,,3.0,named,False,
29,1,Narra,special_care_notes,Requires pruning of lower branches in urban spaces,https://prosea.prota4u.org/view.aspx?id=3739,,3.0,named,False,
30,1,Narra,preferred_climate_seasons,Tropical monsoon,https://prosea.prota4u.org/view.aspx?id=3739,,3.0,named,False,
31,1,Narra,endangered_raw,Vulnerable,https://prosea.prota4u.org/view.aspx?id=3739,,3.0,named,False,
32,1,Narra,planting_difficulty,High infrastructure damage risk due to buttress roots,https://urbangoesgreen.com/plant-guide/ornamental/narra/,,4.0,unranked,False,
33,1,Narra,drought_tolerance_notes,High,https://urbangoesgreen.com/plant-guide/ornamental/narra/,,4.0,unranked,False,
34,1,Narra,mode_of_nutrition,Autotrophic / N-Fixing,https://prosea.prota4u.org/view.aspx?id=3739,,3.0,named,False,
35,1,Narra,native_habitat,Primary and secondary forests,https://www.stuartxchange.org/Narra.html,,2.0,named,False,
36,1,Narra,growth_form,Large deciduous tree with fluted trunk,https://www.stuartxchange.org/Narra.html,,2.0,named,False,
37,1,Narra,sexuality_raw,Hermaphroditic,https://prosea.prota4u.org/view.aspx?id=3739,,3.0,named,False,
38,1,Narra,water_preference,Moderate watering during establishment,https://urbangoesgreen.com/plant-guide/ornamental/narra/,,4.0,unranked,False,
39,1,Narra,light_preference,Full Sun,https://prosea.prota4u.org/view.aspx?id=3739,,3.0,named,False,
40,1,Narra,propagation_method,"Seeds, Cuttings",https://urbangoesgreen.com/plant-guide/ornamental/narra/,,4.0,unranked,False,
41,1,Narra,plant_partners,Shade-tolerant understory crops,https://prosea.prota4u.org/view.aspx?id=3739,,3.0,named,False,
42,1,Narra,common_problems,"Leaf miner, fungal rust",https://prosea.prota4u.org/view.aspx?id=3739,,3.0,named,False,
43,1,Narra,humidity,High,https://prosea.prota4u.org/view.aspx?id=3739,,3.0,named,False,
44,1,Narra,spacing_min_m,10,https://prosea.prota4u.org/view.aspx?id=3739,,3.0,named,False,
45,1,Narra,spacing_max_m,15,https://prosea.prota4u.org/view.aspx?id=3739,,3.0,named,False,
46,1,Narra,planting_depth,Collar level,https://prosea.prota4u.org/view.aspx?id=3739,,3.0,named,False,
47,1,Narra,germination_raw,7-15 days,https://prosea.prota4u.org/view.aspx?id=3739,,3.0,named,False,
48,1,Narra,planting_method,Hole 2x root ball,https://urbangoesgreen.com/plant-guide/ornamental/narra/,,4.0,unranked,False,
49,1,Narra,variants,"Smooth Narra, Prickly Narra",https://prosea.prota4u.org/view.aspx?id=3739,,3.0,named,False,
50,1,Narra,drainage,Well-drained,https://prosea.prota4u.org/view.aspx?id=3739,,3.0,named,False,
51,1,Narra,nutritional_requirements,NPK not heavily required due to nitrogen fixing,https://prosea.prota4u.org/view.aspx?id=3739,,3.0,named,False,
52,1,Narra,dry_season_raw,Max 4-5 months,https://apps.worldagroforestry.org/treedb/AFTPDFS/Pterocarpus_indicus.PDF,,3.0,assigned_confirm,False,
53,1,Narra,common_uses,"Premium timber, urban shading",https://www.stuartxchange.org/Narra.html,,2.0,named,False,
54,2,Molave,common_name,Molave,https://www.stuartxchange.org/Molave.html,,2.0,named,False,
55,2,Molave,scientific_name,Vitex parviflora,https://www.stuartxchange.org/Molave.html,,2.0,named,False,
56,2,Molave,category,Native Timber,https://www.stuartxchange.org/Molave.html,,2.0,named,False,
57,2,Molave,elev_min_m,0,https://www.ateneo.edu/ais/campusflora/molave,,2.0,named,False,
58,2,Molave,elev_max_m,700,https://projecttreetag.ciit.edu.ph/ttp/2024/03/12/molave/,,2.0,assigned_confirm,False,
59,2,Molave,rain_min_mm,1000,https://apps.worldagroforestry.org/treedb/AFTPDFS/Vitex_parviflora.PDF,,3.0,assigned_confirm,False,
60,2,Molave,rain_max_mm,2500,https://apps.worldagroforestry.org/treedb/AFTPDFS/Vitex_parviflora.PDF,,3.0,assigned_confirm,False,
61,2,Molave,shade_tol,Low,https://www.ateneo.edu/ais/campusflora/molave,,2.0,named,False,
62,2,Molave,max_slope_pct,60,https://www.ateneo.edu/ais/campusflora/molave,,2.0,named,False,
63,2,Molave,soil_raw,"Limestone-based, Sandy",https://projecttreetag.ciit.edu.ph/ttp/2024/03/12/molave/,,2.0,assigned_confirm,False,
64,2,Molave,ph_min,6.0,https://apps.worldagroforestry.org/treedb/AFTPDFS/Vitex_parviflora.PDF,,3.0,assigned_confirm,False,
65,2,Molave,ph_max,8.5,https://apps.worldagroforestry.org/treedb/AFTPDFS/Vitex_parviflora.PDF,,3.0,assigned_confirm,False,
66,2,Molave,drought_tol,High,https://projecttreetag.ciit.edu.ph/ttp/2024/03/12/molave/,,2.0,assigned_confirm,False,
67,2,Molave,waterlog_tol,Low,https://www.ateneo.edu/ais/campusflora/molave,,2.0,named,False,
68,2,Molave,timber_density_raw,0.93,https://apps.worldagroforestry.org/treedb/AFTPDFS/Vitex_parviflora.PDF,,3.0,assigned_confirm,False,
69,2,Molave,mature_height_m,25,https://www.stuartxchange.org/Molave.html,,2.0,named,False,
70,2,Molave,canopy_spread_m,15,https://projecttreetag.ciit.edu.ph/ttp/2024/03/12/molave/,,2.0,assigned_confirm,False,
71,2,Molave,root_type,Taproot,https://www.ateneo.edu/ais/campusflora/molave,,2.0,named,False,
72,2,Molave,urban_raw,"Upland, Slopes",https://projecttreetag.ciit.edu.ph/ttp/2024/03/12/molave/,,2.0,assigned_confirm,False,
73,2,Molave,temp_min_c,24,https://www.ateneo.edu/ais/campusflora/molave,,2.0,named,False,
74,2,Molave,temp_max_c,34,https://www.ateneo.edu/ais/campusflora/molave,,2.0,named,False,
75,2,Molave,corona_raw,"Type I, III",https://apps.worldagroforestry.org/treedb/AFTPDFS/Vitex_parviflora.PDF,,3.0,assigned_confirm,False,
76,2,Molave,months_raw,"[5, 6]",https://projecttreetag.ciit.edu.ph/ttp/2024/03/12/molave/,,2.0,assigned_confirm,False,
77,2,Molave,deployment_stage,Sapling (6 mos),https://projecttreetag.ciit.edu.ph/ttp/2024/03/12/molave/,,2.0,assigned_confirm,False,
78,2,Molave,climate_risk_notes,Extremely hardy once established,https://projecttreetag.ciit.edu.ph/ttp/2024/03/12/molave/,,2.0,assigned_confirm,False,
79,2,Molave,typhoon_res,High,https://projecttreetag.ciit.edu.ph/ttp/2024/03/12/molave/,,2.0,assigned_confirm,False,
80,2,Molave,growth_rate_raw,Slow,https://apps.worldagroforestry.org/treedb/AFTPDFS/Vitex_parviflora.PDF,,3.0,assigned_confirm,False,
81,2,Molave,reference_authority,Ateneo / CIIT,https://www.ateneo.edu/ais/campusflora/molave,,2.0,named,False,
82,2,Molave,special_care_notes,Minimal maintenance needed; prefers limestone,https://projecttreetag.ciit.edu.ph/ttp/2024/03/12/molave/,,2.0,assigned_confirm,False,
83,2,Molave,preferred_climate_seasons,Dry tropical,https://www.ateneo.edu/ais/campusflora/molave,,2.0,named,False,
84,2,Molave,endangered_raw,Endangered,https://projecttreetag.ciit.edu.ph/ttp/2024/03/12/molave/,,2.0,assigned_confirm,False,
85,2,Molave,planting_difficulty,Low infrastructure risk due to taproot,https://www.ateneo.edu/ais/campusflora/molave,,2.0,named,False,
86,2,Molave,drought_tolerance_notes,High,https://projecttreetag.ciit.edu.ph/ttp/2024/03/12/molave/,,2.0,assigned_confirm,False,
87,2,Molave,mode_of_nutrition,Autotrophic,https://apps.worldagroforestry.org/treedb/AFTPDFS/Vitex_parviflora.PDF,,3.0,assigned_confirm,False,
88,2,Molave,native_habitat,"Secondary forests, limestone ridges",https://www.stuartxchange.org/Molave.html,,2.0,named,False,
89,2,Molave,growth_form,"Medium to large tree, crooked trunk",https://www.stuartxchange.org/Molave.html,,2.0,named,False,
90,2,Molave,sexuality_raw,Monoecious,https://www.ateneo.edu/ais/campusflora/molave,,2.0,named,False,
91,2,Molave,water_preference,Low watering once established,https://www.ateneo.edu/ais/campusflora/molave,,2.0,named,False,
92,2,Molave,light_preference,Full Sun,https://www.ateneo.edu/ais/campusflora/molave,,2.0,named,False,
93,2,Molave,propagation_method,Seeds,https://projecttreetag.ciit.edu.ph/ttp/2024/03/12/molave/,,2.0,assigned_confirm,False,
94,2,Molave,plant_partners,Drought-resistant shrubs,https://www.ateneo.edu/ais/campusflora/molave,,2.0,named,False,
95,2,Molave,common_problems,Root rot if waterlogged,https://www.ateneo.edu/ais/campusflora/molave,,2.0,named,False,
96,2,Molave,humidity,Low to Medium,https://www.ateneo.edu/ais/campusflora/molave,,2.0,named,False,
97,2,Molave,spacing_min_m,5,https://projecttreetag.ciit.edu.ph/ttp/2024/03/12/molave/,,2.0,assigned_confirm,False,
98,2,Molave,spacing_max_m,8,https://projecttreetag.ciit.edu.ph/ttp/2024/03/12/molave/,,2.0,assigned_confirm,False,
99,2,Molave,planting_depth,Collar level,https://projecttreetag.ciit.edu.ph/ttp/2024/03/12/molave/,,2.0,assigned_confirm,False,
100,2,Molave,germination_raw,14-28 days,https://apps.worldagroforestry.org/treedb/AFTPDFS/Vitex_parviflora.PDF,,3.0,assigned_confirm,False,
101,2,Molave,planting_method,Hole 2x root ball,https://apps.worldagroforestry.org/treedb/AFTPDFS/Vitex_parviflora.PDF,,3.0,assigned_confirm,False,
102,2,Molave,drainage,Well-drained,https://www.ateneo.edu/ais/campusflora/molave,,2.0,named,False,
103,2,Molave,nutritional_requirements,Calcium/Limestone rich,https://www.ateneo.edu/ais/campusflora/molave,,2.0,named,False,
104,2,Molave,dry_season_raw,6 months,https://projecttreetag.ciit.edu.ph/ttp/2024/03/12/molave/,,2.0,assigned_confirm,False,
105,2,Molave,common_uses,"High-grade construction, carving",https://www.stuartxchange.org/Molave.html,,2.0,named,False,
106,3,Dao,common_name,Dao,https://www.stuartxchange.org/Dao.html,,2.0,named,False,
107,3,Dao,scientific_name,Dracontomelon dao,https://www.stuartxchange.org/Dao.html,,2.0,named,False,
108,3,Dao,category,Native Timber,https://www.stuartxchange.org/Dao.html,,2.0,named,False,
109,3,Dao,elev_min_m,0,https://erdbservices.denr.gov.ph/eskris/iec_for_guest.php?operation=view&pk0=127,,1.0,named,False,
110,3,Dao,elev_max_m,800,https://erdbservices.denr.gov.ph/eskris/iec_for_guest.php?operation=view&pk0=127,,1.0,named,False,
111,3,Dao,rain_min_mm,1500,https://erdbservices.denr.gov.ph/eskris/iec_for_guest.php?operation=view&pk0=127,,1.0,named,False,
112,3,Dao,rain_max_mm,3500,https://erdbservices.denr.gov.ph/eskris/iec_for_guest.php?operation=view&pk0=127,,1.0,named,False,
113,3,Dao,shade_tol,Medium,https://erdbservices.denr.gov.ph/eskris/iec_for_guest.php?operation=view&pk0=127,,1.0,named,False,
114,3,Dao,max_slope_pct,45,https://erdbservices.denr.gov.ph/eskris/iec_for_guest.php?operation=view&pk0=127,,1.0,named,False,
115,3,Dao,soil_raw,"Alluvial, Loam",https://erdbservices.denr.gov.ph/eskris/iec_for_guest.php?operation=view&pk0=127,,1.0,named,False,
116,3,Dao,ph_min,5.5,https://erdbservices.denr.gov.ph/eskris/iec_for_guest.php?operation=view&pk0=127,,1.0,named,False,
117,3,Dao,ph_max,7.5,https://erdbservices.denr.gov.ph/eskris/iec_for_guest.php?operation=view&pk0=127,,1.0,named,False,
118,3,Dao,drought_tol,Medium,https://erdbservices.denr.gov.ph/eskris/iec_for_guest.php?operation=view&pk0=127,,1.0,named,False,
119,3,Dao,waterlog_tol,High,https://erdbservices.denr.gov.ph/eskris/iec_for_guest.php?operation=view&pk0=127,,1.0,named,False,
120,3,Dao,timber_density_raw,0.50,https://apps.worldagroforestry.org/treedb/AFTPDFS/Dracontomelon_dao.PDF,,3.0,assigned_confirm,False,
121,3,Dao,mature_height_m,40,https://www.stuartxchange.org/Dao.html,,2.0,named,False,
122,3,Dao,canopy_spread_m,25,https://erdbservices.denr.gov.ph/eskris/iec_for_guest.php?operation=view&pk0=127,,1.0,named,False,
123,3,Dao,root_type,Massive Buttress,https://erdbservices.denr.gov.ph/eskris/iec_for_guest.php?operation=view&pk0=127,,1.0,named,False,
124,3,Dao,urban_raw,"Watershed, Parks",https://erdbservices.denr.gov.ph/eskris/iec_for_guest.php?operation=view&pk0=127,,1.0,named,False,
125,3,Dao,temp_min_c,24,https://erdbservices.denr.gov.ph/eskris/iec_for_guest.php?operation=view&pk0=127,,1.0,named,False,
126,3,Dao,temp_max_c,28,https://erdbservices.denr.gov.ph/eskris/iec_for_guest.php?operation=view&pk0=127,,1.0,named,False,
127,3,Dao,corona_raw,"Type I, III, IV",https://erdbservices.denr.gov.ph/eskris/iec_for_guest.php?operation=view&pk0=127,,1.0,named,False,
128,3,Dao,months_raw,"[6, 7, 8]",https://erdbservices.denr.gov.ph/eskris/iec_for_guest.php?operation=view&pk0=127,,1.0,named,False,
129,3,Dao,deployment_stage,Sapling (8 mos),https://erdbservices.denr.gov.ph/eskris/iec_for_guest.php?operation=view&pk0=127,,1.0,named,False,
130,3,Dao,climate_risk_notes,Tolerates flooding well,https://erdbservices.denr.gov.ph/eskris/iec_for_guest.php?operation=view&pk0=127,,1.0,named,False,
131,3,Dao,typhoon_res,Medium,https://www.stuartxchange.org/Dao.html,,2.0,named,False,
132,3,Dao,growth_rate_raw,Medium,https://apps.worldagroforestry.org/treedb/AFTPDFS/Dracontomelon_dao.PDF,,3.0,assigned_confirm,False,
133,3,Dao,reference_authority,DENR-ERDB,https://erdbservices.denr.gov.ph/eskris/iec_for_guest.php?operation=view&pk0=127,,1.0,named,False,
134,3,Dao,special_care_notes,Do not plant near sidewalks due to massive buttress,https://erdbservices.denr.gov.ph/eskris/iec_for_guest.php?operation=view&pk0=127,,1.0,named,False,
135,3,Dao,preferred_climate_seasons,Humid tropical,https://erdbservices.denr.gov.ph/eskris/iec_for_guest.php?operation=view&pk0=127,,1.0,named,False,
136,3,Dao,endangered_raw,Vulnerable,https://erdbservices.denr.gov.ph/eskris/iec_for_guest.php?operation=view&pk0=127,,1.0,named,False,
137,3,Dao,planting_difficulty,High infrastructure damage risk,https://erdbservices.denr.gov.ph/eskris/iec_for_guest.php?operation=view&pk0=127,,1.0,named,False,
138,3,Dao,drought_tolerance_notes,Medium,https://erdbservices.denr.gov.ph/eskris/iec_for_guest.php?operation=view&pk0=127,,1.0,named,False,
139,3,Dao,mode_of_nutrition,Autotrophic,https://prosea.prota4u.org/view.aspx?id=4205,,3.0,named,False,
140,3,Dao,native_habitat,"Primary and secondary forests, often along rivers",https://www.stuartxchange.org/Dao.html,,2.0,named,False,
141,3,Dao,growth_form,"Tall emergent tree, highly prominent buttresses",https://www.stuartxchange.org/Dao.html,,2.0,named,False,
142,3,Dao,sexuality_raw,Monoecious,https://www.stuartxchange.org/Dao.html,,2.0,named,False,
143,3,Dao,water_preference,High watering,https://erdbservices.denr.gov.ph/eskris/iec_for_guest.php?operation=view&pk0=127,,1.0,named,False,
144,3,Dao,light_preference,Full Sun to Partial Shade,https://erdbservices.denr.gov.ph/eskris/iec_for_guest.php?operation=view&pk0=127,,1.0,named,False,
145,3,Dao,propagation_method,Seeds,https://erdbservices.denr.gov.ph/eskris/iec_for_guest.php?operation=view&pk0=127,,1.0,named,False,
146,3,Dao,plant_partners,Shade-tolerant ferns,https://www.stuartxchange.org/Dao.html,,2.0,named,False,
147,3,Dao,common_problems,Pest defoliation in early stages,https://erdbservices.denr.gov.ph/eskris/iec_for_guest.php?operation=view&pk0=127,,1.0,named,False,
148,3,Dao,humidity,High,https://erdbservices.denr.gov.ph/eskris/iec_for_guest.php?operation=view&pk0=127,,1.0,named,False,
149,3,Dao,spacing_min_m,15,https://erdbservices.denr.gov.ph/eskris/iec_for_guest.php?operation=view&pk0=127,,1.0,named,False,
150,3,Dao,spacing_max_m,20,https://erdbservices.denr.gov.ph/eskris/iec_for_guest.php?operation=view&pk0=127,,1.0,named,False,
151,3,Dao,planting_depth,Collar level,https://erdbservices.denr.gov.ph/eskris/iec_for_guest.php?operation=view&pk0=127,,1.0,named,False,
152,3,Dao,germination_raw,20-30 days,https://erdbservices.denr.gov.ph/eskris/iec_for_guest.php?operation=view&pk0=127,,1.0,named,False,
153,3,Dao,planting_method,Hole 2x root ball,https://erdbservices.denr.gov.ph/eskris/iec_for_guest.php?operation=view&pk0=127,,1.0,named,False,
154,3,Dao,drainage,Moderate to Poor,https://erdbservices.denr.gov.ph/eskris/iec_for_guest.php?operation=view&pk0=127,,1.0,named,False,
155,3,Dao,nutritional_requirements,Standard NPK,https://erdbservices.denr.gov.ph/eskris/iec_for_guest.php?operation=view&pk0=127,,1.0,named,False,
156,3,Dao,dry_season_raw,Max 3 months,https://prosea.prota4u.org/view.aspx?id=4205,,3.0,named,False,
157,3,Dao,common_uses,"Veneer, furniture, edible fruit",https://www.stuartxchange.org/Dao.html,,2.0,named,False,
158,4,Banaba,common_name,Banaba,https://www.stuartxchange.org/Banaba.html,,2.0,named,False,
159,4,Banaba,scientific_name,Lagerstroemia speciosa,https://www.stuartxchange.org/Banaba.html,,2.0,named,False,
160,4,Banaba,category,Native Timber / Ornamental,https://www.stuartxchange.org/Banaba.html,,2.0,named,False,
161,4,Banaba,elev_min_m,0,https://apps.worldagroforestry.org/treedb2/AFTPDFS/Lagerstroemia_speciosa.PDF,,3.0,assigned_confirm,False,
162,4,Banaba,elev_max_m,1000,https://apps.worldagroforestry.org/treedb2/AFTPDFS/Lagerstroemia_speciosa.PDF,,3.0,assigned_confirm,False,
163,4,Banaba,rain_min_mm,1000,https://tropical.theferns.info/viewtropical.php?id=Lagerstroemia+speciosa,,3.0,assigned_confirm,False,
164,4,Banaba,rain_max_mm,3000,https://tropical.theferns.info/viewtropical.php?id=Lagerstroemia+speciosa,,3.0,assigned_confirm,False,
165,4,Banaba,shade_tol,Low,https://www.nparks.gov.sg/florafaunaweb/flora/2/9/2991,,3.0,named,False,
166,4,Banaba,max_slope_pct,15,https://tropical.theferns.info/viewtropical.php?id=Lagerstroemia+speciosa,,3.0,assigned_confirm,False,
167,4,Banaba,soil_raw,"Clay, Loam, Alluvial",https://tropical.theferns.info/viewtropical.php?id=Lagerstroemia+speciosa,,3.0,assigned_confirm,False,
168,4,Banaba,ph_min,5.5,https://apps.worldagroforestry.org/treedb2/AFTPDFS/Lagerstroemia_speciosa.PDF,,3.0,assigned_confirm,False,
169,4,Banaba,ph_max,7.5,https://apps.worldagroforestry.org/treedb2/AFTPDFS/Lagerstroemia_speciosa.PDF,,3.0,assigned_confirm,False,
170,4,Banaba,drought_tol,Medium,https://www.nparks.gov.sg/florafaunaweb/flora/2/9/2991,,3.0,named,False,
171,4,Banaba,waterlog_tol,High,https://tropical.theferns.info/viewtropical.php?id=Lagerstroemia+speciosa,,3.0,assigned_confirm,False,
172,4,Banaba,timber_density_raw,0.60,https://apps.worldagroforestry.org/treedb2/AFTPDFS/Lagerstroemia_speciosa.PDF,,3.0,assigned_confirm,False,
173,4,Banaba,mature_height_m,20,https://www.stuartxchange.org/Banaba.html,,2.0,named,False,
174,4,Banaba,canopy_spread_m,10,https://www.nparks.gov.sg/florafaunaweb/flora/2/9/2991,,3.0,named,False,
175,4,Banaba,root_type,Fibrous / Taproot,https://apps.worldagroforestry.org/treedb2/AFTPDFS/Lagerstroemia_speciosa.PDF,,3.0,assigned_confirm,False,
176,4,Banaba,urban_raw,"Parks, Roadside",https://www.nparks.gov.sg/florafaunaweb/flora/2/9/2991,,3.0,named,False,
177,4,Banaba,temp_min_c,24,https://tropical.theferns.info/viewtropical.php?id=Lagerstroemia+speciosa,,3.0,assigned_confirm,False,
178,4,Banaba,temp_max_c,28,https://tropical.theferns.info/viewtropical.php?id=Lagerstroemia+speciosa,,3.0,assigned_confirm,False,
179,4,Banaba,corona_raw,"Type I, III, IV",https://apps.worldagroforestry.org/treedb2/AFTPDFS/Lagerstroemia_speciosa.PDF,,3.0,assigned_confirm,False,
180,4,Banaba,months_raw,"[5, 6, 7]",https://apps.worldagroforestry.org/treedb2/AFTPDFS/Lagerstroemia_speciosa.PDF,,3.0,assigned_confirm,False,
181,4,Banaba,deployment_stage,Sapling (4-6 mos),https://apps.worldagroforestry.org/treedb2/AFTPDFS/Lagerstroemia_speciosa.PDF,,3.0,assigned_confirm,False,
182,4,Banaba,climate_risk_notes,Requires consistent moisture early on,https://www.nparks.gov.sg/florafaunaweb/flora/2/9/2991,,3.0,named,False,
183,4,Banaba,typhoon_res,Medium,https://tropical.theferns.info/viewtropical.php?id=Lagerstroemia+speciosa,,3.0,assigned_confirm,False,
184,4,Banaba,growth_rate_raw,Fast,https://apps.worldagroforestry.org/treedb2/AFTPDFS/Lagerstroemia_speciosa.PDF,,3.0,assigned_confirm,False,
185,4,Banaba,reference_authority,DENR / StuartXChange,https://www.stuartxchange.org/Banaba.html,,2.0,named,False,
186,4,Banaba,special_care_notes,Pruning required for strong branch structure,https://www.nparks.gov.sg/florafaunaweb/flora/2/9/2991,,3.0,named,False,
187,4,Banaba,preferred_climate_seasons,Tropical monsoon,https://tropical.theferns.info/viewtropical.php?id=Lagerstroemia+speciosa,,3.0,assigned_confirm,False,
188,4,Banaba,endangered_raw,Least Concern,https://www.nparks.gov.sg/florafaunaweb/flora/2/9/2991,,3.0,named,False,
189,4,Banaba,planting_difficulty,Can lift pavements if planted too close,https://www.nparks.gov.sg/florafaunaweb/flora/2/9/2991,,3.0,named,False,
190,4,Banaba,drought_tolerance_notes,Medium,https://www.nparks.gov.sg/florafaunaweb/flora/2/9/2991,,3.0,named,False,
191,4,Banaba,mode_of_nutrition,Autotrophic,https://apps.worldagroforestry.org/treedb2/AFTPDFS/Lagerstroemia_speciosa.PDF,,3.0,assigned_confirm,False,
192,4,Banaba,native_habitat,"Secondary forests, along rivers",https://www.stuartxchange.org/Banaba.html,,2.0,named,False,
193,4,Banaba,growth_form,"Deciduous tree, wide spreading crown",https://www.stuartxchange.org/Banaba.html,,2.0,named,False,
194,4,Banaba,sexuality_raw,Hermaphroditic,https://tropical.theferns.info/viewtropical.php?id=Lagerstroemia+speciosa,,3.0,assigned_confirm,False,
195,4,Banaba,water_preference,High watering during establishment,https://www.nparks.gov.sg/florafaunaweb/flora/2/9/2991,,3.0,named,False,
196,4,Banaba,light_preference,Full Sun,https://www.nparks.gov.sg/florafaunaweb/flora/2/9/2991,,3.0,named,False,
197,4,Banaba,propagation_method,"Seeds, Cuttings",https://tropical.theferns.info/viewtropical.php?id=Lagerstroemia+speciosa,,3.0,assigned_confirm,False,
198,4,Banaba,plant_partners,Ornamental understory,https://www.nparks.gov.sg/florafaunaweb/flora/2/9/2991,,3.0,named,False,
199,4,Banaba,common_problems,"Powdery mildew, leaf spot",https://apps.worldagroforestry.org/treedb2/AFTPDFS/Lagerstroemia_speciosa.PDF,,3.0,assigned_confirm,False,
200,4,Banaba,humidity,High,https://tropical.theferns.info/viewtropical.php?id=Lagerstroemia+speciosa,,3.0,assigned_confirm,False,
201,4,Banaba,spacing_min_m,5,https://apps.worldagroforestry.org/treedb2/AFTPDFS/Lagerstroemia_speciosa.PDF,,3.0,assigned_confirm,False,
202,4,Banaba,spacing_max_m,8,https://apps.worldagroforestry.org/treedb2/AFTPDFS/Lagerstroemia_speciosa.PDF,,3.0,assigned_confirm,False,
203,4,Banaba,planting_depth,Collar level,https://apps.worldagroforestry.org/treedb2/AFTPDFS/Lagerstroemia_speciosa.PDF,,3.0,assigned_confirm,False,
204,4,Banaba,germination_raw,15-25 days,https://apps.worldagroforestry.org/treedb2/AFTPDFS/Lagerstroemia_speciosa.PDF,,3.0,assigned_confirm,False,
205,4,Banaba,planting_method,Hole 2x root ball,https://apps.worldagroforestry.org/treedb2/AFTPDFS/Lagerstroemia_speciosa.PDF,,3.0,assigned_confirm,False,
206,4,Banaba,drainage,Well-drained to Moist,https://tropical.theferns.info/viewtropical.php?id=Lagerstroemia+speciosa,,3.0,assigned_confirm,False,
207,4,Banaba,nutritional_requirements,Standard NPK,https://apps.worldagroforestry.org/treedb2/AFTPDFS/Lagerstroemia_speciosa.PDF,,3.0,assigned_confirm,False,
208,4,Banaba,dry_season_raw,Max 3-4 months,https://apps.worldagroforestry.org/treedb2/AFTPDFS/Lagerstroemia_speciosa.PDF,,3.0,assigned_confirm,False,
209,4,Banaba,common_uses,"Medicinal, ornamental, timber",https://www.stuartxchange.org/Banaba.html,,2.0,named,False,
210,5,Bitaog,common_name,Bitaog,https://www.stuartxchange.com/Bitaog,,2.0,named,False,
211,5,Bitaog,scientific_name,Calophyllum inophyllum,https://www.stuartxchange.com/Bitaog,,2.0,named,False,
212,5,Bitaog,category,Native Timber / Coastal,https://www.stuartxchange.com/Bitaog,,2.0,named,False,
213,5,Bitaog,elev_min_m,0,https://apps.worldagroforestry.org/treedb/AFTPDFS/Calophyllum_inophyllum.PDF,,3.0,assigned_confirm,False,
214,5,Bitaog,elev_max_m,500,https://apps.worldagroforestry.org/treedb/AFTPDFS/Calophyllum_inophyllum.PDF,,3.0,assigned_confirm,False,
215,5,Bitaog,rain_min_mm,1000,https://tropical.theferns.info/viewtropical.php?id=Calophyllum+inophyllum,,3.0,assigned_confirm,False,
216,5,Bitaog,rain_max_mm,5000,https://tropical.theferns.info/viewtropical.php?id=Calophyllum+inophyllum,,3.0,assigned_confirm,False,
217,5,Bitaog,shade_tol,Low,https://www.nparks.gov.sg/florafaunaweb/flora/2/7/2774,,3.0,named,False,
218,5,Bitaog,max_slope_pct,20,https://tropical.theferns.info/viewtropical.php?id=Calophyllum+inophyllum,,3.0,assigned_confirm,False,
219,5,Bitaog,soil_raw,"Sandy, Coastal, Alluvial",https://tropical.theferns.info/viewtropical.php?id=Calophyllum+inophyllum,,3.0,assigned_confirm,False,
220,5,Bitaog,ph_min,5.5,https://apps.worldagroforestry.org/treedb/AFTPDFS/Calophyllum_inophyllum.PDF,,3.0,assigned_confirm,False,
221,5,Bitaog,ph_max,8.0,https://apps.worldagroforestry.org/treedb/AFTPDFS/Calophyllum_inophyllum.PDF,,3.0,assigned_confirm,False,
222,5,Bitaog,drought_tol,High,https://www.nparks.gov.sg/florafaunaweb/flora/2/7/2774,,3.0,named,False,
223,5,Bitaog,waterlog_tol,High,https://tropical.theferns.info/viewtropical.php?id=Calophyllum+inophyllum,,3.0,assigned_confirm,False,
224,5,Bitaog,timber_density_raw,0.75,https://apps.worldagroforestry.org/treedb/AFTPDFS/Calophyllum_inophyllum.PDF,,3.0,assigned_confirm,False,
225,5,Bitaog,mature_height_m,25,https://www.stuartxchange.com/Bitaog,,2.0,named,False,
226,5,Bitaog,canopy_spread_m,20,https://www.nparks.gov.sg/florafaunaweb/flora/2/7/2774,,3.0,named,False,
227,5,Bitaog,root_type,Extensive Taproot,https://apps.worldagroforestry.org/treedb/AFTPDFS/Calophyllum_inophyllum.PDF,,3.0,assigned_confirm,False,
228,5,Bitaog,urban_raw,"Riparian, Coastal, Windbreak",https://www.nparks.gov.sg/florafaunaweb/flora/2/7/2774,,3.0,named,False,
229,5,Bitaog,temp_min_c,20,https://tropical.theferns.info/viewtropical.php?id=Calophyllum+inophyllum,,3.0,assigned_confirm,False,
230,5,Bitaog,temp_max_c,30,https://tropical.theferns.info/viewtropical.php?id=Calophyllum+inophyllum,,3.0,assigned_confirm,False,
231,5,Bitaog,corona_raw,"Type I, II, III, IV",https://apps.worldagroforestry.org/treedb/AFTPDFS/Calophyllum_inophyllum.PDF,,3.0,assigned_confirm,False,
232,5,Bitaog,months_raw,"[5, 6, 7]",https://apps.worldagroforestry.org/treedb/AFTPDFS/Calophyllum_inophyllum.PDF,,3.0,assigned_confirm,False,
233,5,Bitaog,deployment_stage,Seedling/Sapling,https://apps.worldagroforestry.org/treedb/AFTPDFS/Calophyllum_inophyllum.PDF,,3.0,assigned_confirm,False,
234,5,Bitaog,climate_risk_notes,Typhoon and strong wind resistant,https://www.nparks.gov.sg/florafaunaweb/flora/2/7/2774,,3.0,named,False,
235,5,Bitaog,typhoon_res,High,https://www.nparks.gov.sg/florafaunaweb/flora/2/7/2774,,3.0,named,False,
236,5,Bitaog,growth_rate_raw,Slow,https://apps.worldagroforestry.org/treedb/AFTPDFS/Calophyllum_inophyllum.PDF,,3.0,assigned_confirm,False,
237,5,Bitaog,reference_authority,DENR-ERDB / NParks,https://www.nparks.gov.sg/florafaunaweb/flora/2/7/2774,,3.0,named,False,
238,5,Bitaog,special_care_notes,Salt spray and saline soil tolerant,https://www.nparks.gov.sg/florafaunaweb/flora/2/7/2774,,3.0,named,False,
239,5,Bitaog,preferred_climate_seasons,Tropical coastal,https://tropical.theferns.info/viewtropical.php?id=Calophyllum+inophyllum,,3.0,assigned_confirm,False,
240,5,Bitaog,endangered_raw,Least Concern,https://www.nparks.gov.sg/florafaunaweb/flora/2/7/2774,,3.0,named,False,
241,5,Bitaog,planting_difficulty,Large space requirement,https://www.nparks.gov.sg/florafaunaweb/flora/2/7/2774,,3.0,named,False,
242,5,Bitaog,drought_tolerance_notes,High,https://www.nparks.gov.sg/florafaunaweb/flora/2/7/2774,,3.0,named,False,
243,5,Bitaog,mode_of_nutrition,Autotrophic,https://apps.worldagroforestry.org/treedb/AFTPDFS/Calophyllum_inophyllum.PDF,,3.0,assigned_confirm,False,
244,5,Bitaog,native_habitat,"Coastal forests, beaches",https://www.stuartxchange.com/Bitaog,,2.0,named,False,
245,5,Bitaog,growth_form,"Crooked bole, dense canopy",https://www.stuartxchange.com/Bitaog,,2.0,named,False,
246,5,Bitaog,sexuality_raw,Hermaphroditic,https://tropical.theferns.info/viewtropical.php?id=Calophyllum+inophyllum,,3.0,assigned_confirm,False,
247,5,Bitaog,water_preference,Low watering once established,https://www.nparks.gov.sg/florafaunaweb/flora/2/7/2774,,3.0,named,False,
248,5,Bitaog,light_preference,Full Sun,https://www.nparks.gov.sg/florafaunaweb/flora/2/7/2774,,3.0,named,False,
249,5,Bitaog,propagation_method,Seeds,https://apps.worldagroforestry.org/treedb/AFTPDFS/Calophyllum_inophyllum.PDF,,3.0,assigned_confirm,False,
250,5,Bitaog,plant_partners,Coastal shrubs,https://www.nparks.gov.sg/florafaunaweb/flora/2/7/2774,,3.0,named,False,
251,5,Bitaog,common_problems,Generally pest-free,https://apps.worldagroforestry.org/treedb/AFTPDFS/Calophyllum_inophyllum.PDF,,3.0,assigned_confirm,False,
252,5,Bitaog,humidity,High,https://tropical.theferns.info/viewtropical.php?id=Calophyllum+inophyllum,,3.0,assigned_confirm,False,
253,5,Bitaog,spacing_min_m,10,https://apps.worldagroforestry.org/treedb/AFTPDFS/Calophyllum_inophyllum.PDF,,3.0,assigned_confirm,False,
254,5,Bitaog,spacing_max_m,15,https://apps.worldagroforestry.org/treedb/AFTPDFS/Calophyllum_inophyllum.PDF,,3.0,assigned_confirm,False,
255,5,Bitaog,planting_depth,Collar level,https://apps.worldagroforestry.org/treedb/AFTPDFS/Calophyllum_inophyllum.PDF,,3.0,assigned_confirm,False,
256,5,Bitaog,germination_raw,30-50 days,https://apps.worldagroforestry.org/treedb/AFTPDFS/Calophyllum_inophyllum.PDF,,3.0,assigned_confirm,False,
257,5,Bitaog,planting_method,Hole 2x root ball,https://apps.worldagroforestry.org/treedb/AFTPDFS/Calophyllum_inophyllum.PDF,,3.0,assigned_confirm,False,
258,5,Bitaog,drainage,Well-drained,https://tropical.theferns.info/viewtropical.php?id=Calophyllum+inophyllum,,3.0,assigned_confirm,False,
259,5,Bitaog,nutritional_requirements,Tolerates nutrient-poor soils,https://apps.worldagroforestry.org/treedb/AFTPDFS/Calophyllum_inophyllum.PDF,,3.0,assigned_confirm,False,
260,5,Bitaog,dry_season_raw,Max 4-5 months,https://apps.worldagroforestry.org/treedb/AFTPDFS/Calophyllum_inophyllum.PDF,,3.0,assigned_confirm,False,
261,5,Bitaog,common_uses,"Boat building, medicinal oil (Tamanu)",https://www.stuartxchange.com/Bitaog,,2.0,named,False,
262,6,Kalumpit,common_name,Kalumpit,https://www.stuartxchange.org/Kalumpit,,2.0,named,False,
263,6,Kalumpit,scientific_name,Terminalia microcarpa,https://www.stuartxchange.org/Kalumpit,,2.0,named,False,
264,6,Kalumpit,category,Native Timber / Fruit,https://www.stuartxchange.org/Kalumpit,,2.0,named,False,
265,6,Kalumpit,elev_min_m,0,https://tropical.theferns.info/viewtropical.php?id=Terminalia+microcarpa,,3.0,assigned_confirm,False,
266,6,Kalumpit,elev_max_m,600,https://tropical.theferns.info/viewtropical.php?id=Terminalia+microcarpa,,3.0,assigned_confirm,False,
267,6,Kalumpit,rain_min_mm,1500,https://tropical.theferns.info/viewtropical.php?id=Terminalia+microcarpa,,3.0,assigned_confirm,False,
268,6,Kalumpit,rain_max_mm,3500,https://tropical.theferns.info/viewtropical.php?id=Terminalia+microcarpa,,3.0,assigned_confirm,False,
269,6,Kalumpit,shade_tol,Medium,https://tropical.theferns.info/viewtropical.php?id=Terminalia+microcarpa,,3.0,assigned_confirm,False,
270,6,Kalumpit,max_slope_pct,45,https://tropical.theferns.info/viewtropical.php?id=Terminalia+microcarpa,,3.0,assigned_confirm,False,
271,6,Kalumpit,soil_raw,"Clay-Loam, Ridge Clay",https://tropical.theferns.info/viewtropical.php?id=Terminalia+microcarpa,,3.0,assigned_confirm,False,
272,6,Kalumpit,ph_min,5.0,https://tropical.theferns.info/viewtropical.php?id=Terminalia+microcarpa,,3.0,assigned_confirm,False,
273,6,Kalumpit,ph_max,7.5,https://tropical.theferns.info/viewtropical.php?id=Terminalia+microcarpa,,3.0,assigned_confirm,False,
274,6,Kalumpit,drought_tol,Medium,https://tropical.theferns.info/viewtropical.php?id=Terminalia+microcarpa,,3.0,assigned_confirm,False,
275,6,Kalumpit,waterlog_tol,Medium,https://tropical.theferns.info/viewtropical.php?id=Terminalia+microcarpa,,3.0,assigned_confirm,False,
276,6,Kalumpit,timber_density_raw,0.55,https://www.worldfloraonline.org/taxon/wfo-0000408867,,3.0,assigned_confirm,False,
277,6,Kalumpit,mature_height_m,30,https://www.stuartxchange.org/Kalumpit,,2.0,named,False,
278,6,Kalumpit,canopy_spread_m,20,https://tropical.theferns.info/viewtropical.php?id=Terminalia+microcarpa,,3.0,assigned_confirm,False,
279,6,Kalumpit,root_type,Buttress,https://tropical.theferns.info/viewtropical.php?id=Terminalia+microcarpa,,3.0,assigned_confirm,False,
280,6,Kalumpit,urban_raw,"Watershed, Riverbanks",https://tropical.theferns.info/viewtropical.php?id=Terminalia+microcarpa,,3.0,assigned_confirm,False,
281,6,Kalumpit,temp_min_c,24,https://tropical.theferns.info/viewtropical.php?id=Terminalia+microcarpa,,3.0,assigned_confirm,False,
282,6,Kalumpit,temp_max_c,28,https://tropical.theferns.info/viewtropical.php?id=Terminalia+microcarpa,,3.0,assigned_confirm,False,
283,6,Kalumpit,corona_raw,"Type I, III",https://tropical.theferns.info/viewtropical.php?id=Terminalia+microcarpa,,3.0,assigned_confirm,False,
284,6,Kalumpit,months_raw,"[6, 7, 8]",https://tropical.theferns.info/viewtropical.php?id=Terminalia+microcarpa,,3.0,assigned_confirm,False,
285,6,Kalumpit,deployment_stage,Sapling,https://tropical.theferns.info/viewtropical.php?id=Terminalia+microcarpa,,3.0,assigned_confirm,False,
286,6,Kalumpit,climate_risk_notes,Needs protection from extreme drought,https://tropical.theferns.info/viewtropical.php?id=Terminalia+microcarpa,,3.0,assigned_confirm,False,
287,6,Kalumpit,typhoon_res,High,https://tropical.theferns.info/viewtropical.php?id=Terminalia+microcarpa,,3.0,assigned_confirm,False,
288,6,Kalumpit,growth_rate_raw,Medium,https://tropical.theferns.info/viewtropical.php?id=Terminalia+microcarpa,,3.0,assigned_confirm,False,
289,6,Kalumpit,reference_authority,StuartXChange / POWO,https://www.stuartxchange.org/Kalumpit,,2.0,named,False,
290,6,Kalumpit,special_care_notes,Keep away from infrastructure due to roots,https://tropical.theferns.info/viewtropical.php?id=Terminalia+microcarpa,,3.0,assigned_confirm,False,
291,6,Kalumpit,preferred_climate_seasons,Humid tropical,https://tropical.theferns.info/viewtropical.php?id=Terminalia+microcarpa,,3.0,assigned_confirm,False,
292,6,Kalumpit,endangered_raw,Vulnerable,https://tropical.theferns.info/viewtropical.php?id=Terminalia+microcarpa,,3.0,assigned_confirm,False,
293,6,Kalumpit,planting_difficulty,High infrastructure damage risk,https://tropical.theferns.info/viewtropical.php?id=Terminalia+microcarpa,,3.0,assigned_confirm,False,
294,6,Kalumpit,drought_tolerance_notes,Medium,https://tropical.theferns.info/viewtropical.php?id=Terminalia+microcarpa,,3.0,assigned_confirm,False,
295,6,Kalumpit,mode_of_nutrition,Autotrophic,https://www.worldfloraonline.org/taxon/wfo-0000408867,,3.0,assigned_confirm,False,
296,6,Kalumpit,native_habitat,Primary and secondary forests,https://www.stuartxchange.org/Kalumpit,,2.0,named,False,
297,6,Kalumpit,growth_form,"Large tree, widespreading branches",https://www.stuartxchange.org/Kalumpit,,2.0,named,False,
298,6,Kalumpit,sexuality_raw,Hermaphroditic,https://tropical.theferns.info/viewtropical.php?id=Terminalia+microcarpa,,3.0,assigned_confirm,False,
299,6,Kalumpit,water_preference,Moderate watering,https://tropical.theferns.info/viewtropical.php?id=Terminalia+microcarpa,,3.0,assigned_confirm,False,
300,6,Kalumpit,light_preference,Full Sun to Partial Shade,https://tropical.theferns.info/viewtropical.php?id=Terminalia+microcarpa,,3.0,assigned_confirm,False,
301,6,Kalumpit,propagation_method,Seeds,https://tropical.theferns.info/viewtropical.php?id=Terminalia+microcarpa,,3.0,assigned_confirm,False,
302,6,Kalumpit,plant_partners,Shade-tolerant understory crops,https://tropical.theferns.info/viewtropical.php?id=Terminalia+microcarpa,,3.0,assigned_confirm,False,
303,6,Kalumpit,common_problems,Leaf spot,https://tropical.theferns.info/viewtropical.php?id=Terminalia+microcarpa,,3.0,assigned_confirm,False,
304,6,Kalumpit,humidity,High,https://tropical.theferns.info/viewtropical.php?id=Terminalia+microcarpa,,3.0,assigned_confirm,False,
305,6,Kalumpit,spacing_min_m,10,https://tropical.theferns.info/viewtropical.php?id=Terminalia+microcarpa,,3.0,assigned_confirm,False,
306,6,Kalumpit,spacing_max_m,15,https://tropical.theferns.info/viewtropical.php?id=Terminalia+microcarpa,,3.0,assigned_confirm,False,
307,6,Kalumpit,planting_depth,Collar level,https://tropical.theferns.info/viewtropical.php?id=Terminalia+microcarpa,,3.0,assigned_confirm,False,
308,6,Kalumpit,germination_raw,20-30 days,https://tropical.theferns.info/viewtropical.php?id=Terminalia+microcarpa,,3.0,assigned_confirm,False,
309,6,Kalumpit,planting_method,Hole 2x root ball,https://tropical.theferns.info/viewtropical.php?id=Terminalia+microcarpa,,3.0,assigned_confirm,False,
310,6,Kalumpit,drainage,Well-drained,https://tropical.theferns.info/viewtropical.php?id=Terminalia+microcarpa,,3.0,assigned_confirm,False,
311,6,Kalumpit,nutritional_requirements,Standard NPK,https://tropical.theferns.info/viewtropical.php?id=Terminalia+microcarpa,,3.0,assigned_confirm,False,
312,6,Kalumpit,dry_season_raw,Max 3-4 months,https://tropical.theferns.info/viewtropical.php?id=Terminalia+microcarpa,,3.0,assigned_confirm,False,
313,6,Kalumpit,common_uses,"Edible fruit, timber, medicinal wine",https://www.stuartxchange.org/Kalumpit,,2.0,named,False,
314,7,Duhat,common_name,Duhat,https://www.stuartxchange.org/Duhat,,2.0,named,False,
315,7,Duhat,scientific_name,Syzygium cumini,https://www.stuartxchange.org/Duhat,,2.0,named,False,
316,7,Duhat,category,Native Fruit / Timber,https://www.stuartxchange.org/Duhat,,2.0,named,False,
317,7,Duhat,elev_min_m,0,https://apps.worldagroforestry.org/treedb/AFTPDFS/Syzygium_cumini.PDF,,3.0,assigned_confirm,False,
318,7,Duhat,elev_max_m,1200,https://apps.worldagroforestry.org/treedb/AFTPDFS/Syzygium_cumini.PDF,,3.0,assigned_confirm,False,
319,7,Duhat,rain_min_mm,1000,https://apps.worldagroforestry.org/treedb/AFTPDFS/Syzygium_cumini.PDF,,3.0,assigned_confirm,False,
320,7,Duhat,rain_max_mm,3000,https://apps.worldagroforestry.org/treedb/AFTPDFS/Syzygium_cumini.PDF,,3.0,assigned_confirm,False,
321,7,Duhat,shade_tol,Medium,https://www.nparks.gov.sg/florafaunaweb/flora/3/1/3158,,3.0,named,False,
322,7,Duhat,max_slope_pct,30,https://tropical.theferns.info/viewtropical.php?id=Syzygium+cumini,,3.0,assigned_confirm,False,
323,7,Duhat,soil_raw,"Alluvial Clay, Clay-loam",https://apps.worldagroforestry.org/treedb/AFTPDFS/Syzygium_cumini.PDF,,3.0,assigned_confirm,False,
324,7,Duhat,ph_min,5.5,https://apps.worldagroforestry.org/treedb/AFTPDFS/Syzygium_cumini.PDF,,3.0,assigned_confirm,False,
325,7,Duhat,ph_max,7.5,https://apps.worldagroforestry.org/treedb/AFTPDFS/Syzygium_cumini.PDF,,3.0,assigned_confirm,False,
326,7,Duhat,drought_tol,High,https://www.nparks.gov.sg/florafaunaweb/flora/3/1/3158,,3.0,named,False,
327,7,Duhat,waterlog_tol,High,https://apps.worldagroforestry.org/treedb/AFTPDFS/Syzygium_cumini.PDF,,3.0,assigned_confirm,False,
328,7,Duhat,timber_density_raw,0.70,https://apps.worldagroforestry.org/treedb/AFTPDFS/Syzygium_cumini.PDF,,3.0,assigned_confirm,False,
329,7,Duhat,mature_height_m,20,https://www.stuartxchange.org/Duhat,,2.0,named,False,
330,7,Duhat,canopy_spread_m,15,https://www.nparks.gov.sg/florafaunaweb/flora/3/1/3158,,3.0,named,False,
331,7,Duhat,root_type,Taproot,https://apps.worldagroforestry.org/treedb/AFTPDFS/Syzygium_cumini.PDF,,3.0,assigned_confirm,False,
332,7,Duhat,urban_raw,"Parks, Agroforestry",https://www.nparks.gov.sg/florafaunaweb/flora/3/1/3158,,3.0,named,False,
333,7,Duhat,temp_min_c,24,https://apps.worldagroforestry.org/treedb/AFTPDFS/Syzygium_cumini.PDF,,3.0,assigned_confirm,False,
334,7,Duhat,temp_max_c,28,https://apps.worldagroforestry.org/treedb/AFTPDFS/Syzygium_cumini.PDF,,3.0,assigned_confirm,False,
335,7,Duhat,corona_raw,"Type I, II, III, IV",https://apps.worldagroforestry.org/treedb/AFTPDFS/Syzygium_cumini.PDF,,3.0,assigned_confirm,False,
336,7,Duhat,months_raw,"[5, 6, 7, 8]",https://apps.worldagroforestry.org/treedb/AFTPDFS/Syzygium_cumini.PDF,,3.0,assigned_confirm,False,
337,7,Duhat,deployment_stage,Sapling (6 mos),https://apps.worldagroforestry.org/treedb/AFTPDFS/Syzygium_cumini.PDF,,3.0,assigned_confirm,False,
338,7,Duhat,climate_risk_notes,Highly adaptable to extreme weather,https://www.nparks.gov.sg/florafaunaweb/flora/3/1/3158,,3.0,named,False,
339,7,Duhat,typhoon_res,Medium,https://tropical.theferns.info/viewtropical.php?id=Syzygium+cumini,,3.0,assigned_confirm,False,
340,7,Duhat,growth_rate_raw,Fast,https://apps.worldagroforestry.org/treedb/AFTPDFS/Syzygium_cumini.PDF,,3.0,assigned_confirm,False,
341,7,Duhat,reference_authority,World Agroforestry / StuartXChange,https://www.stuartxchange.org/Duhat,,2.0,named,False,
342,7,Duhat,special_care_notes,Fruit drop can stain pavements,https://www.nparks.gov.sg/florafaunaweb/flora/3/1/3158,,3.0,named,False,
343,7,Duhat,preferred_climate_seasons,Humid and dry tropical,https://apps.worldagroforestry.org/treedb/AFTPDFS/Syzygium_cumini.PDF,,3.0,assigned_confirm,False,
344,7,Duhat,endangered_raw,Least Concern,https://www.nparks.gov.sg/florafaunaweb/flora/3/1/3158,,3.0,named,False,
345,7,Duhat,planting_difficulty,Low infrastructure risk,https://www.nparks.gov.sg/florafaunaweb/flora/3/1/3158,,3.0,named,False,
346,7,Duhat,drought_tolerance_notes,High,https://www.nparks.gov.sg/florafaunaweb/flora/3/1/3158,,3.0,named,False,
347,7,Duhat,mode_of_nutrition,Autotrophic,https://apps.worldagroforestry.org/treedb/AFTPDFS/Syzygium_cumini.PDF,,3.0,assigned_confirm,False,
348,7,Duhat,native_habitat,"Forest edges, river banks",https://www.stuartxchange.org/Duhat,,2.0,named,False,
349,7,Duhat,growth_form,"Medium tree, dense oval canopy",https://www.stuartxchange.org/Duhat,,2.0,named,False,
350,7,Duhat,sexuality_raw,Hermaphroditic,https://tropical.theferns.info/viewtropical.php?id=Syzygium+cumini,,3.0,assigned_confirm,False,
351,7,Duhat,water_preference,Low to Moderate watering,https://www.nparks.gov.sg/florafaunaweb/flora/3/1/3158,,3.0,named,False,
352,7,Duhat,light_preference,Full Sun,https://www.nparks.gov.sg/florafaunaweb/flora/3/1/3158,,3.0,named,False,
353,7,Duhat,propagation_method,"Seeds, Grafting",https://apps.worldagroforestry.org/treedb/AFTPDFS/Syzygium_cumini.PDF,,3.0,assigned_confirm,False,
354,7,Duhat,plant_partners,Understory cash crops,https://apps.worldagroforestry.org/treedb/AFTPDFS/Syzygium_cumini.PDF,,3.0,assigned_confirm,False,
355,7,Duhat,common_problems,"Scale insects, fruit flies",https://apps.worldagroforestry.org/treedb/AFTPDFS/Syzygium_cumini.PDF,,3.0,assigned_confirm,False,
356,7,Duhat,humidity,Medium to High,https://tropical.theferns.info/viewtropical.php?id=Syzygium+cumini,,3.0,assigned_confirm,False,
357,7,Duhat,spacing_min_m,8,https://apps.worldagroforestry.org/treedb/AFTPDFS/Syzygium_cumini.PDF,,3.0,assigned_confirm,False,
358,7,Duhat,spacing_max_m,12,https://apps.worldagroforestry.org/treedb/AFTPDFS/Syzygium_cumini.PDF,,3.0,assigned_confirm,False,
359,7,Duhat,planting_depth,Collar level,https://apps.worldagroforestry.org/treedb/AFTPDFS/Syzygium_cumini.PDF,,3.0,assigned_confirm,False,
360,7,Duhat,germination_raw,14-21 days,https://apps.worldagroforestry.org/treedb/AFTPDFS/Syzygium_cumini.PDF,,3.0,assigned_confirm,False,
361,7,Duhat,planting_method,Hole 2x root ball,https://apps.worldagroforestry.org/treedb/AFTPDFS/Syzygium_cumini.PDF,,3.0,assigned_confirm,False,
362,7,Duhat,drainage,Well-drained,https://tropical.theferns.info/viewtropical.php?id=Syzygium+cumini,,3.0,assigned_confirm,False,
363,7,Duhat,nutritional_requirements,Standard NPK,https://apps.worldagroforestry.org/treedb/AFTPDFS/Syzygium_cumini.PDF,,3.0,assigned_confirm,False,
364,7,Duhat,dry_season_raw,Max 5-6 months,https://apps.worldagroforestry.org/treedb/AFTPDFS/Syzygium_cumini.PDF,,3.0,assigned_confirm,False,
365,7,Duhat,common_uses,"Edible fruit, medicinal, timber",https://www.stuartxchange.org/Duhat,,2.0,named,False,
366,8,Kamagong,common_name,Kamagong,https://www.stuartxchange.org/Mabolo.html,,2.0,named,False,
367,8,Kamagong,scientific_name,Diospyros blancoi,https://www.stuartxchange.org/Mabolo.html,,2.0,named,False,
368,8,Kamagong,category,Native Timber / Fruit,https://www.stuartxchange.org/Mabolo.html,,2.0,named,False,
369,8,Kamagong,elev_min_m,0,https://tropical.theferns.info/viewtropical.php?id=Diospyros+blancoi,,3.0,assigned_confirm,False,
370,8,Kamagong,elev_max_m,800,https://tropical.theferns.info/viewtropical.php?id=Diospyros+blancoi,,3.0,assigned_confirm,False,
371,8,Kamagong,rain_min_mm,1000,https://tropical.theferns.info/viewtropical.php?id=Diospyros+blancoi,,3.0,assigned_confirm,False,
372,8,Kamagong,rain_max_mm,3000,https://tropical.theferns.info/viewtropical.php?id=Diospyros+blancoi,,3.0,assigned_confirm,False,
373,8,Kamagong,shade_tol,High,https://www.nparks.gov.sg/florafaunaweb/flora/2/8/2849,,3.0,named,False,
374,8,Kamagong,max_slope_pct,45,https://tropical.theferns.info/viewtropical.php?id=Diospyros+blancoi,,3.0,assigned_confirm,False,
375,8,Kamagong,soil_raw,"Ridge Clay, Volcanic Loam, Clay-Loam",https://www.nparks.gov.sg/florafaunaweb/flora/2/8/2849,,3.0,named,False,
376,8,Kamagong,ph_min,5.5,https://tropical.theferns.info/viewtropical.php?id=Diospyros+blancoi,,3.0,assigned_confirm,False,
377,8,Kamagong,ph_max,7.5,https://tropical.theferns.info/viewtropical.php?id=Diospyros+blancoi,,3.0,assigned_confirm,False,
378,8,Kamagong,drought_tol,High,https://www.nparks.gov.sg/florafaunaweb/flora/2/8/2849,,3.0,named,False,
379,8,Kamagong,waterlog_tol,Low,https://tropical.theferns.info/viewtropical.php?id=Diospyros+blancoi,,3.0,assigned_confirm,False,
380,8,Kamagong,timber_density_raw,1.09,https://forestry.com/trees/kamagong-tree/,,4.0,unranked,False,
381,8,Kamagong,mature_height_m,25,https://www.stuartxchange.org/Mabolo.html,,2.0,named,False,
382,8,Kamagong,canopy_spread_m,15,https://www.nparks.gov.sg/florafaunaweb/flora/2/8/2849,,3.0,named,False,
383,8,Kamagong,root_type,Taproot,https://www.nparks.gov.sg/florafaunaweb/flora/2/8/2849,,3.0,named,False,
384,8,Kamagong,urban_raw,"Biodiversity, Parks",https://www.nparks.gov.sg/florafaunaweb/flora/2/8/2849,,3.0,named,False,
385,8,Kamagong,temp_min_c,24,https://tropical.theferns.info/viewtropical.php?id=Diospyros+blancoi,,3.0,assigned_confirm,False,
386,8,Kamagong,temp_max_c,28,https://tropical.theferns.info/viewtropical.php?id=Diospyros+blancoi,,3.0,assigned_confirm,False,
387,8,Kamagong,corona_raw,"Type I, III",https://tropical.theferns.info/viewtropical.php?id=Diospyros+blancoi,,3.0,assigned_confirm,False,
388,8,Kamagong,months_raw,"[5, 6, 7]",https://tropical.theferns.info/viewtropical.php?id=Diospyros+blancoi,,3.0,assigned_confirm,False,
389,8,Kamagong,deployment_stage,Sapling (8-10 mos),https://tropical.theferns.info/viewtropical.php?id=Diospyros+blancoi,,3.0,assigned_confirm,False,
390,8,Kamagong,climate_risk_notes,Vulnerable to root rot in heavy floods,https://www.nparks.gov.sg/florafaunaweb/flora/2/8/2849,,3.0,named,False,
391,8,Kamagong,typhoon_res,High,https://tropical.theferns.info/viewtropical.php?id=Diospyros+blancoi,,3.0,assigned_confirm,False,
392,8,Kamagong,growth_rate_raw,Slow,https://www.nparks.gov.sg/florafaunaweb/flora/2/8/2849,,3.0,named,False,
393,8,Kamagong,reference_authority,StuartXChange / NParks,https://www.stuartxchange.org/Mabolo.html,,2.0,named,False,
394,8,Kamagong,special_care_notes,Prune to maintain strong central leader,https://www.nparks.gov.sg/florafaunaweb/flora/2/8/2849,,3.0,named,False,
395,8,Kamagong,preferred_climate_seasons,Humid tropical,https://tropical.theferns.info/viewtropical.php?id=Diospyros+blancoi,,3.0,assigned_confirm,False,
396,8,Kamagong,endangered_raw,Endangered,https://www.nparks.gov.sg/florafaunaweb/flora/2/8/2849,,3.0,named,False,
397,8,Kamagong,planting_difficulty,Slow initial establishment phase,https://tropical.theferns.info/viewtropical.php?id=Diospyros+blancoi,,3.0,assigned_confirm,False,
398,8,Kamagong,drought_tolerance_notes,High,https://www.nparks.gov.sg/florafaunaweb/flora/2/8/2849,,3.0,named,False,
399,8,Kamagong,mode_of_nutrition,Autotrophic,https://tropical.theferns.info/viewtropical.php?id=Diospyros+blancoi,,3.0,assigned_confirm,False,
400,8,Kamagong,native_habitat,Primary and secondary forests,https://www.stuartxchange.org/Mabolo.html,,2.0,named,False,
401,8,Kamagong,growth_form,"Evergreen tree, dark bark, dense crown",https://www.stuartxchange.org/Mabolo.html,,2.0,named,False,
402,8,Kamagong,sexuality_raw,Dioecious,https://tropical.theferns.info/viewtropical.php?id=Diospyros+blancoi,,3.0,assigned_confirm,False,
403,8,Kamagong,water_preference,Moderate watering,https://www.nparks.gov.sg/florafaunaweb/flora/2/8/2849,,3.0,named,False,
404,8,Kamagong,light_preference,Full Sun to Partial Shade,https://www.nparks.gov.sg/florafaunaweb/flora/2/8/2849,,3.0,named,False,
405,8,Kamagong,propagation_method,Seeds,https://tropical.theferns.info/viewtropical.php?id=Diospyros+blancoi,,3.0,assigned_confirm,False,
406,8,Kamagong,plant_partners,Shade-tolerant shrubs,https://www.nparks.gov.sg/florafaunaweb/flora/2/8/2849,,3.0,named,False,
407,8,Kamagong,common_problems,Root rot in poor drainage,https://tropical.theferns.info/viewtropical.php?id=Diospyros+blancoi,,3.0,assigned_confirm,False,
408,8,Kamagong,humidity,High,https://tropical.theferns.info/viewtropical.php?id=Diospyros+blancoi,,3.0,assigned_confirm,False,
409,8,Kamagong,spacing_min_m,10,https://tropical.theferns.info/viewtropical.php?id=Diospyros+blancoi,,3.0,assigned_confirm,False,
410,8,Kamagong,spacing_max_m,15,https://tropical.theferns.info/viewtropical.php?id=Diospyros+blancoi,,3.0,assigned_confirm,False,
411,8,Kamagong,planting_depth,Collar level,https://tropical.theferns.info/viewtropical.php?id=Diospyros+blancoi,,3.0,assigned_confirm,False,
412,8,Kamagong,germination_raw,24-30 days,https://tropical.theferns.info/viewtropical.php?id=Diospyros+blancoi,,3.0,assigned_confirm,False,
413,8,Kamagong,planting_method,Hole 2x root ball,https://tropical.theferns.info/viewtropical.php?id=Diospyros+blancoi,,3.0,assigned_confirm,False,
414,8,Kamagong,drainage,Well-drained,https://www.nparks.gov.sg/florafaunaweb/flora/2/8/2849,,3.0,named,False,
415,8,Kamagong,nutritional_requirements,Standard NPK,https://tropical.theferns.info/viewtropical.php?id=Diospyros+blancoi,,3.0,assigned_confirm,False,
416,8,Kamagong,dry_season_raw,Max 3-4 months,https://tropical.theferns.info/viewtropical.php?id=Diospyros+blancoi,,3.0,assigned_confirm,False,
417,8,Kamagong,common_uses,"Premium timber (Ironwood), Edible fruit (Mabolo)",https://www.stuartxchange.org/Mabolo.html,,2.0,named,False,
418,9,Katmon,common_name,Katmon,https://www.stuartxchange.org/Katmon.html,,2.0,named,False,
419,9,Katmon,scientific_name,Dillenia philippinensis,https://www.stuartxchange.org/Katmon.html,,2.0,named,False,
420,9,Katmon,category,Native Endemic / Fruit,https://www.stuartxchange.org/Katmon.html,,2.0,named,False,
421,9,Katmon,elev_min_m,0,https://tropical.theferns.info/viewtropical.php?id=Dillenia+philippinensis,,3.0,assigned_confirm,False,
422,9,Katmon,elev_max_m,800,https://tropical.theferns.info/viewtropical.php?id=Dillenia+philippinensis,,3.0,assigned_confirm,False,
423,9,Katmon,rain_min_mm,1500,https://tropical.theferns.info/viewtropical.php?id=Dillenia+philippinensis,,3.0,assigned_confirm,False,
424,9,Katmon,rain_max_mm,3500,https://tropical.theferns.info/viewtropical.php?id=Dillenia+philippinensis,,3.0,assigned_confirm,False,
425,9,Katmon,shade_tol,High,https://www.nparks.gov.sg/florafaunaweb/flora/2/8/2845,,3.0,named,False,
426,9,Katmon,max_slope_pct,45,https://tropical.theferns.info/viewtropical.php?id=Dillenia+philippinensis,,3.0,assigned_confirm,False,
427,9,Katmon,soil_raw,"Clay-Loam, Volcanic Loam",https://www.nparks.gov.sg/florafaunaweb/flora/2/8/2845,,3.0,named,False,
428,9,Katmon,ph_min,5.0,https://tropical.theferns.info/viewtropical.php?id=Dillenia+philippinensis,,3.0,assigned_confirm,False,
429,9,Katmon,ph_max,6.5,https://tropical.theferns.info/viewtropical.php?id=Dillenia+philippinensis,,3.0,assigned_confirm,False,
430,9,Katmon,drought_tol,Low,https://www.nparks.gov.sg/florafaunaweb/flora/2/8/2845,,3.0,named,False,
431,9,Katmon,waterlog_tol,Medium,https://tropical.theferns.info/viewtropical.php?id=Dillenia+philippinensis,,3.0,assigned_confirm,False,
432,9,Katmon,timber_density_raw,0.65,https://tropical.theferns.info/viewtropical.php?id=Dillenia+philippinensis,,3.0,assigned_confirm,False,
433,9,Katmon,mature_height_m,15,https://www.stuartxchange.org/Katmon.html,,2.0,named,False,
434,9,Katmon,canopy_spread_m,10,https://www.nparks.gov.sg/florafaunaweb/flora/2/8/2845,,3.0,named,False,
435,9,Katmon,root_type,Taproot,https://www.nparks.gov.sg/florafaunaweb/flora/2/8/2845,,3.0,named,False,
436,9,Katmon,urban_raw,"Parks, Biodiversity, Streetscape",https://www.nparks.gov.sg/florafaunaweb/flora/2/8/2845,,3.0,named,False,
437,9,Katmon,temp_min_c,24,https://tropical.theferns.info/viewtropical.php?id=Dillenia+philippinensis,,3.0,assigned_confirm,False,
438,9,Katmon,temp_max_c,28,https://tropical.theferns.info/viewtropical.php?id=Dillenia+philippinensis,,3.0,assigned_confirm,False,
439,9,Katmon,corona_raw,"Type II, III, IV",https://tropical.theferns.info/viewtropical.php?id=Dillenia+philippinensis,,3.0,assigned_confirm,False,
440,9,Katmon,months_raw,"[7, 8, 9]",https://tropical.theferns.info/viewtropical.php?id=Dillenia+philippinensis,,3.0,assigned_confirm,False,
441,9,Katmon,deployment_stage,Sapling,https://tropical.theferns.info/viewtropical.php?id=Dillenia+philippinensis,,3.0,assigned_confirm,False,
442,9,Katmon,climate_risk_notes,Needs high humidity; avoid El Niño planting,https://www.nparks.gov.sg/florafaunaweb/flora/2/8/2845,,3.0,named,False,
443,9,Katmon,typhoon_res,Medium,https://tropical.theferns.info/viewtropical.php?id=Dillenia+philippinensis,,3.0,assigned_confirm,False,
444,9,Katmon,growth_rate_raw,Slow,https://www.nparks.gov.sg/florafaunaweb/flora/2/8/2845,,3.0,named,False,
445,9,Katmon,reference_authority,StuartXChange / NParks,https://www.stuartxchange.org/Katmon.html,,2.0,named,False,
446,9,Katmon,special_care_notes,Protect from prolonged drought,https://www.nparks.gov.sg/florafaunaweb/flora/2/8/2845,,3.0,named,False,
447,9,Katmon,preferred_climate_seasons,Humid tropical,https://tropical.theferns.info/viewtropical.php?id=Dillenia+philippinensis,,3.0,assigned_confirm,False,
448,9,Katmon,endangered_raw,Vulnerable,https://www.nparks.gov.sg/florafaunaweb/flora/2/8/2845,,3.0,named,False,
449,9,Katmon,planting_difficulty,Requires consistent moisture,https://www.nparks.gov.sg/florafaunaweb/flora/2/8/2845,,3.0,named,False,
450,9,Katmon,drought_tolerance_notes,Low,https://www.nparks.gov.sg/florafaunaweb/flora/2/8/2845,,3.0,named,False,
451,9,Katmon,mode_of_nutrition,Autotrophic,https://tropical.theferns.info/viewtropical.php?id=Dillenia+philippinensis,,3.0,assigned_confirm,False,
452,9,Katmon,native_habitat,Forests at low to medium altitudes,https://www.stuartxchange.org/Katmon.html,,2.0,named,False,
453,9,Katmon,growth_form,"Medium tree, compact crown, peeling bark",https://www.stuartxchange.org/Katmon.html,,2.0,named,False,
454,9,Katmon,sexuality_raw,Hermaphroditic,https://tropical.theferns.info/viewtropical.php?id=Dillenia+philippinensis,,3.0,assigned_confirm,False,
455,9,Katmon,water_preference,High watering,https://www.nparks.gov.sg/florafaunaweb/flora/2/8/2845,,3.0,named,False,
456,9,Katmon,light_preference,Full Sun to Partial Shade,https://www.nparks.gov.sg/florafaunaweb/flora/2/8/2845,,3.0,named,False,
457,9,Katmon,propagation_method,"Seeds, Stem cuttings",https://tropical.theferns.info/viewtropical.php?id=Dillenia+philippinensis,,3.0,assigned_confirm,False,
458,9,Katmon,plant_partners,Understory ferns,https://www.nparks.gov.sg/florafaunaweb/flora/2/8/2845,,3.0,named,False,
459,9,Katmon,common_problems,Leaf spot,https://tropical.theferns.info/viewtropical.php?id=Dillenia+philippinensis,,3.0,assigned_confirm,False,
460,9,Katmon,humidity,High,https://tropical.theferns.info/viewtropical.php?id=Dillenia+philippinensis,,3.0,assigned_confirm,False,
461,9,Katmon,spacing_min_m,8,https://tropical.theferns.info/viewtropical.php?id=Dillenia+philippinensis,,3.0,assigned_confirm,False,
462,9,Katmon,spacing_max_m,12,https://tropical.theferns.info/viewtropical.php?id=Dillenia+philippinensis,,3.0,assigned_confirm,False,
463,9,Katmon,planting_depth,Collar level,https://tropical.theferns.info/viewtropical.php?id=Dillenia+philippinensis,,3.0,assigned_confirm,False,
464,9,Katmon,germination_raw,30-45 days,https://tropical.theferns.info/viewtropical.php?id=Dillenia+philippinensis,,3.0,assigned_confirm,False,
465,9,Katmon,planting_method,Hole 2x root ball,https://tropical.theferns.info/viewtropical.php?id=Dillenia+philippinensis,,3.0,assigned_confirm,False,
466,9,Katmon,drainage,Well-drained to Moist,https://www.nparks.gov.sg/florafaunaweb/flora/2/8/2845,,3.0,named,False,
467,9,Katmon,nutritional_requirements,Standard NPK,https://tropical.theferns.info/viewtropical.php?id=Dillenia+philippinensis,,3.0,assigned_confirm,False,
468,9,Katmon,dry_season_raw,Max 1-2 months,https://tropical.theferns.info/viewtropical.php?id=Dillenia+philippinensis,,3.0,assigned_confirm,False,
469,9,Katmon,common_uses,"Edible fruit, ornamental, timber",https://www.stuartxchange.org/Katmon.html,,2.0,named,False,
470,10,Batikuling,common_name,Batikuling,RISE Volume 29 No. 3 - Batikuling (Litsea leytensis Merr.).pdf,,,file_not_provided,False,file_source_not_provided
471,10,Batikuling,scientific_name,Litsea leytensis Merr.,RISE Volume 29 No. 3 - Batikuling (Litsea leytensis Merr.).pdf,,,file_not_provided,False,file_source_not_provided
472,10,Batikuling,category,Native Timber,RISE Volume 29 No. 3 - Batikuling (Litsea leytensis Merr.).pdf,,,file_not_provided,False,file_source_not_provided
473,10,Batikuling,elev_min_m,0,RISE Volume 29 No. 3 - Batikuling (Litsea leytensis Merr.).pdf,,,file_not_provided,False,file_source_not_provided
474,10,Batikuling,elev_max_m,1000,RISE Volume 29 No. 3 - Batikuling (Litsea leytensis Merr.).pdf,,,file_not_provided,False,file_source_not_provided
475,10,Batikuling,rain_min_mm,2000,https://www.researchgate.net/publication/399912623_Predicting_Species_Occurrence_of_Litsea_leytensis_Merr_in_the_Provinces_of_Laguna_and_Quezon_Philippines?,,4.0,mirror_rerank,True,nonstandard_citation
476,10,Batikuling,rain_max_mm,3000,https://www.researchgate.net/publication/399912623_Predicting_Species_Occurrence_of_Litsea_leytensis_Merr_in_the_Provinces_of_Laguna_and_Quezon_Philippines?utm_,,4.0,mirror_rerank,True,
477,10,Batikuling,shade_tol,Low,RISE Volume 29 No. 3 - Batikuling (Litsea leytensis Merr.).pdf,,,file_not_provided,False,file_source_not_provided
478,10,Batikuling,max_slope_pct,45,RISE Volume 29 No. 3 - Batikuling (Litsea leytensis Merr.).pdf,,,file_not_provided,False,file_source_not_provided
479,10,Batikuling,soil_raw,Top soil and manure 10:1,RISE Volume 29 No. 3 - Batikuling (Litsea leytensis Merr.).pdf,,,file_not_provided,False,file_source_not_provided
480,10,Batikuling,ph_min,5.5,https://journals.uplb.edu.ph/index.php/JESAM/article/download/879/789,,2.0,assigned_confirm,False,nonstandard_citation
481,10,Batikuling,ph_max,6.5,https://journals.uplb.edu.ph/index.php/JESAM/article/download/879/789,,2.0,assigned_confirm,False,nonstandard_citation
482,10,Batikuling,drought_tol,Low,https://www.researchgate.net/publication/399912623_Predicting_Species_Occurrence_of_Litsea_leytensis_Merr_in_the_Provinces_of_Laguna_and_Quezon_Philippines,,4.0,mirror_rerank,True,nonstandard_citation
483,10,Batikuling,waterlog_tol,Low,https://www.researchgate.net/publication/399912623_Predicting_Species_Occurrence_of_Litsea_leytensis_Merr_in_the_Provinces_of_Laguna_and_Quezon_Philippines,,4.0,mirror_rerank,True,nonstandard_citation
484,10,Batikuling,timber_density_raw,0.419-0.585,RISE Volume 29 No. 3 - Batikuling (Litsea leytensis Merr.).pdf,,,file_not_provided,False,file_source_not_provided
485,10,Batikuling,mature_height_m,25,RISE Volume 29 No. 3 - Batikuling (Litsea leytensis Merr.).pdf,,,file_not_provided,False,file_source_not_provided
486,10,Batikuling,canopy_spread_m,15,RISE Volume 29 No. 3 - Batikuling (Litsea leytensis Merr.).pdf,,,file_not_provided,False,file_source_not_provided
487,10,Batikuling,root_type,Small buttresses,https://plantuse.plantnet.org/en/Litsea_leytensis_(PROSEA),,4.0,unranked,True,nonstandard_citation
488,10,Batikuling,urban_raw,Forest Restoration,RISE Volume 29 No. 3 - Batikuling (Litsea leytensis Merr.).pdf,,,file_not_provided,False,file_source_not_provided
489,10,Batikuling,temp_min_c,24,https://www.researchgate.net/figure/Land-cover-map-of-the-provinces-of-Laguna-and-Quezon-in-2020-including-the-species_fig1_399912623,,4.0,mirror_rerank,True,nonstandard_citation
490,10,Batikuling,temp_max_c,33,https://www.researchgate.net/figure/Land-cover-map-of-the-provinces-of-Laguna-and-Quezon-in-2020-including-the-species_fig1_399912623,,4.0,mirror_rerank,True,nonstandard_citation
491,10,Batikuling,corona_raw,Type II (Quezon) and Type III (Laguna),https://link.springer.com/article/10.1007/s44274-023-00024-y,,4.0,unranked,True,
492,10,Batikuling,months_raw,"[5, 6]",RISE Volume 29 No. 3 - Batikuling (Litsea leytensis Merr.).pdf,,,file_not_provided,False,file_source_not_provided
493,10,Batikuling,deployment_stage,Sapling,RISE Volume 29 No. 3 - Batikuling (Litsea leytensis Merr.).pdf,,,file_not_provided,False,file_source_not_provided
494,10,Batikuling,climate_risk_notes,Continuing decline in habitat quality due to deforestation,https://www.iucnredlist.org/species/33327/126992516,,4.0,unranked,True,nonstandard_citation
495,10,Batikuling,typhoon_res,Medium,https://www.pcaarrd.dost.gov.ph/index.php/quick-information-dispatch-qid-articles/endangered-tree-species-makaasim-and-batikuling-being-conserved-in-project,,1.0,named,True,nonstandard_citation
496,10,Batikuling,growth_rate_raw,Very slow,RISE Volume 29 No. 3 - Batikuling (Litsea leytensis Merr.).pdf,,,file_not_provided,False,file_source_not_provided
497,10,Batikuling,reference_authority,DENR-ERDB,RISE Volume 29 No. 3 - Batikuling (Litsea leytensis Merr.).pdf,,,file_not_provided,False,file_source_not_provided
498,10,Batikuling,special_care_notes,"Needs shading during seedling stage, partial/full sun for saplings",RISE Volume 29 No. 3 - Batikuling (Litsea leytensis Merr.).pdf,,,file_not_provided,False,file_source_not_provided
499,10,Batikuling,preferred_climate_seasons,Low and medium altitude forests,RISE Volume 29 No. 3 - Batikuling (Litsea leytensis Merr.).pdf,,,file_not_provided,False,file_source_not_provided
500,10,Batikuling,endangered_raw,"Endangered (DENR), Vulnerable (IUCN)",RISE Volume 29 No. 3 - Batikuling (Litsea leytensis Merr.).pdf,,,file_not_provided,False,file_source_not_provided
501,10,Batikuling,planting_difficulty,Low germination rate 3-5%,RISE Volume 29 No. 3 - Batikuling (Litsea leytensis Merr.).pdf,,,file_not_provided,False,file_source_not_provided
502,10,Batikuling,drought_tolerance_notes,HIgh,https://prosea.prota4u.org/view.aspx?id=4347,,3.0,named,True,
503,10,Batikuling,mode_of_nutrition,Autotrophic,RISE Volume 29 No. 3 - Batikuling (Litsea leytensis Merr.).pdf,,,file_not_provided,False,file_source_not_provided
504,10,Batikuling,native_habitat,"Endemic to Philippines (Luzon, Negros, Leyte)",RISE Volume 29 No. 3 - Batikuling (Litsea leytensis Merr.).pdf,,,file_not_provided,False,file_source_not_provided
505,10,Batikuling,growth_form,"80cm diameter, pale brown bark, lanceolate leaves",RISE Volume 29 No. 3 - Batikuling (Litsea leytensis Merr.).pdf,,,file_not_provided,False,file_source_not_provided
506,10,Batikuling,sexuality_raw,Dioecious,https://tropical.theferns.info/viewtropical.php?id=Litsea+leytensis,,3.0,assigned_confirm,False,
507,10,Batikuling,water_preference,Soak overnight in tap water pre-germination,RISE Volume 29 No. 3 - Batikuling (Litsea leytensis Merr.).pdf,,,file_not_provided,False,file_source_not_provided
508,10,Batikuling,light_preference,Partial to Full Sun,RISE Volume 29 No. 3 - Batikuling (Litsea leytensis Merr.).pdf,,,file_not_provided,False,file_source_not_provided
509,10,Batikuling,propagation_method,"Seeds, Tissue Culture",RISE Volume 29 No. 3 - Batikuling (Litsea leytensis Merr.).pdf,,,file_not_provided,False,file_source_not_provided
510,10,Batikuling,plant_partners,"Makaasim, Narra, Phoebe",https://www.mdpi.com/2673-5636/5/1/4?utm_,,4.0,unranked,True,
511,10,Batikuling,common_problems,Shot holes on leaves by Coleoptera; Tissue browning,RISE Volume 29 No. 3 - Batikuling (Litsea leytensis Merr.).pdf,,,file_not_provided,False,file_source_not_provided
512,10,Batikuling,humidity,High,https://www.researchgate.net/publication/399912623_Predicting_Species_Occurrence_of_Litsea_leytensis_Merr_in_the_Provinces_of_Laguna_and_Quezon_Philippines,,4.0,mirror_rerank,True,nonstandard_citation
513,10,Batikuling,spacing_min_m,10,RISE Volume 29 No. 3 - Batikuling (Litsea leytensis Merr.).pdf,,,file_not_provided,False,file_source_not_provided
514,10,Batikuling,spacing_max_m,15,RISE Volume 29 No. 3 - Batikuling (Litsea leytensis Merr.).pdf,,,file_not_provided,False,file_source_not_provided
515,10,Batikuling,planting_depth,Line sowing in seed bed,RISE Volume 29 No. 3 - Batikuling (Litsea leytensis Merr.).pdf,,,file_not_provided,False,file_source_not_provided
516,10,Batikuling,germination_raw,120-180 days,RISE Volume 29 No. 3 - Batikuling (Litsea leytensis Merr.).pdf,,,file_not_provided,False,file_source_not_provided
517,10,Batikuling,planting_method,Sow in line in seed bed,RISE Volume 29 No. 3 - Batikuling (Litsea leytensis Merr.).pdf,,,file_not_provided,False,file_source_not_provided
518,10,Batikuling,drainage,Well-drained,https://journals.uplb.edu.ph/index.php/JESAM/article/download/879/789,,2.0,assigned_confirm,False,nonstandard_citation
519,10,Batikuling,nutritional_requirements,Manure,RISE Volume 29 No. 3 - Batikuling (Litsea leytensis Merr.).pdf,,,file_not_provided,False,file_source_not_provided
520,10,Batikuling,dry_season_raw,Max 1-3 months,https://journals.uplb.edu.ph/index.php/EDJ/article/download/1149/917/,,2.0,assigned_confirm,True,nonstandard_citation
521,10,Batikuling,common_uses,"Carving, sculpture, pattern making, ceilings",RISE Volume 29 No. 3 - Batikuling (Litsea leytensis Merr.).pdf,,,file_not_provided,False,file_source_not_provided
522,11,Palosapis,common_name,Palosapis,https://www.stuartxchange.org/Palosapis,,2.0,named,False,
523,11,Palosapis,scientific_name,Anisoptera thurifera,https://www.stuartxchange.org/Palosapis,,2.0,named,False,
524,11,Palosapis,category,Native Timber,https://www.stuartxchange.org/Palosapis,,2.0,named,False,
525,11,Palosapis,elev_min_m,0,https://tropical.theferns.info/viewtropical.php?id=Anisoptera+thurifera,,3.0,assigned_confirm,False,
526,11,Palosapis,elev_max_m,1000,https://tropical.theferns.info/viewtropical.php?id=Anisoptera+thurifera,,3.0,assigned_confirm,False,
527,11,Palosapis,rain_min_mm,1500,https://tropical.theferns.info/viewtropical.php?id=Anisoptera+thurifera,,3.0,assigned_confirm,False,
528,11,Palosapis,shade_tol,Medium,https://tropical.theferns.info/viewtropical.php?id=Anisoptera+thurifera,,3.0,assigned_confirm,False,
529,11,Palosapis,max_slope_pct,45,https://tropical.theferns.info/viewtropical.php?id=Anisoptera+thurifera,,3.0,assigned_confirm,False,
530,11,Palosapis,soil_raw,"Ridge Clay, Volcanic Loam",https://tropical.theferns.info/viewtropical.php?id=Anisoptera+thurifera,,3.0,assigned_confirm,False,
531,11,Palosapis,ph_min,5.0,https://tropical.theferns.info/viewtropical.php?id=Anisoptera+thurifera,,3.0,assigned_confirm,False,
532,11,Palosapis,ph_max,6.5,https://tropical.theferns.info/viewtropical.php?id=Anisoptera+thurifera,,3.0,assigned_confirm,False,
533,11,Palosapis,drought_tol,Low,https://tropical.theferns.info/viewtropical.php?id=Anisoptera+thurifera,,3.0,assigned_confirm,False,
534,11,Palosapis,waterlog_tol,Low,https://tropical.theferns.info/viewtropical.php?id=Anisoptera+thurifera,,3.0,assigned_confirm,False,
535,11,Palosapis,timber_density_raw,0.65,https://tropical.theferns.info/viewtropical.php?id=Anisoptera+thurifera,,3.0,assigned_confirm,False,
536,11,Palosapis,mature_height_m,40,https://www.stuartxchange.org/Palosapis,,2.0,named,False,
537,11,Palosapis,canopy_spread_m,25,https://tropical.theferns.info/viewtropical.php?id=Anisoptera+thurifera,,3.0,assigned_confirm,False,
538,11,Palosapis,root_type,Taproot,https://tropical.theferns.info/viewtropical.php?id=Anisoptera+thurifera,,3.0,assigned_confirm,False,
539,11,Palosapis,urban_raw,"Watershed, Forest Restoration",https://tropical.theferns.info/viewtropical.php?id=Anisoptera+thurifera,,3.0,assigned_confirm,False,
540,11,Palosapis,temp_min_c,24,https://tropical.theferns.info/viewtropical.php?id=Anisoptera+thurifera,,3.0,assigned_confirm,False,
541,11,Palosapis,temp_max_c,28,https://tropical.theferns.info/viewtropical.php?id=Anisoptera+thurifera,,3.0,assigned_confirm,False,
542,11,Palosapis,corona_raw,"Type I, III, IV",https://tropical.theferns.info/viewtropical.php?id=Anisoptera+thurifera,,3.0,assigned_confirm,False,
543,11,Palosapis,months_raw,"[7, 8]",https://tropical.theferns.info/viewtropical.php?id=Anisoptera+thurifera,,3.0,assigned_confirm,False,
544,11,Palosapis,deployment_stage,Sapling (6-8 mos),https://tropical.theferns.info/viewtropical.php?id=Anisoptera+thurifera,,3.0,assigned_confirm,False,
545,11,Palosapis,climate_risk_notes,Avoid planting in waterlogged lowlands,https://tropical.theferns.info/viewtropical.php?id=Anisoptera+thurifera,,3.0,assigned_confirm,False,
546,11,Palosapis,typhoon_res,Medium,https://tropical.theferns.info/viewtropical.php?id=Anisoptera+thurifera,,3.0,assigned_confirm,False,
547,11,Palosapis,growth_rate_raw,Slow,https://tropical.theferns.info/viewtropical.php?id=Anisoptera+thurifera,,3.0,assigned_confirm,False,
548,11,Palosapis,reference_authority,StuartXChange / POWO,https://www.stuartxchange.org/Palosapis,,2.0,named,False,
549,11,Palosapis,special_care_notes,Dipterocarp species; requires mycorrhizal fungi for optimal growth,https://tropical.theferns.info/viewtropical.php?id=Anisoptera+thurifera,,3.0,assigned_confirm,False,
550,11,Palosapis,preferred_climate_seasons,Humid tropical,https://tropical.theferns.info/viewtropical.php?id=Anisoptera+thurifera,,3.0,assigned_confirm,False,
551,11,Palosapis,endangered_raw,Vulnerable,https://tropical.theferns.info/viewtropical.php?id=Anisoptera+thurifera,,3.0,assigned_confirm,False,
552,11,Palosapis,planting_difficulty,Requires shaded nursing before field deployment,https://tropical.theferns.info/viewtropical.php?id=Anisoptera+thurifera,,3.0,assigned_confirm,False,
553,11,Palosapis,drought_tolerance_notes,Low,https://tropical.theferns.info/viewtropical.php?id=Anisoptera+thurifera,,3.0,assigned_confirm,False,
554,11,Palosapis,mode_of_nutrition,Autotrophic,https://tropical.theferns.info/viewtropical.php?id=Anisoptera+thurifera,,3.0,assigned_confirm,False,
555,11,Palosapis,native_habitat,Primary forests,https://www.stuartxchange.org/Palosapis,,2.0,named,False,
556,11,Palosapis,growth_form,"Large, tall canopy tree",https://www.stuartxchange.org/Palosapis,,2.0,named,False,
557,11,Palosapis,sexuality_raw,Hermaphroditic,https://tropical.theferns.info/viewtropical.php?id=Anisoptera+thurifera,,3.0,assigned_confirm,False,
558,11,Palosapis,water_preference,High watering,https://tropical.theferns.info/viewtropical.php?id=Anisoptera+thurifera,,3.0,assigned_confirm,False,
559,11,Palosapis,light_preference,"Partial Shade when young, Full Sun when mature",https://tropical.theferns.info/viewtropical.php?id=Anisoptera+thurifera,,3.0,assigned_confirm,False,
560,11,Palosapis,propagation_method,Seeds,https://tropical.theferns.info/viewtropical.php?id=Anisoptera+thurifera,,3.0,assigned_confirm,False,
561,11,Palosapis,plant_partners,Pioneer forest species for initial shading,https://tropical.theferns.info/viewtropical.php?id=Anisoptera+thurifera,,3.0,assigned_confirm,False,
562,11,Palosapis,common_problems,Seed recalcitrance (short viability),https://tropical.theferns.info/viewtropical.php?id=Anisoptera+thurifera,,3.0,assigned_confirm,False,
563,11,Palosapis,humidity,High,https://tropical.theferns.info/viewtropical.php?id=Anisoptera+thurifera,,3.0,assigned_confirm,False,
564,11,Palosapis,spacing_min_m,10,https://tropical.theferns.info/viewtropical.php?id=Anisoptera+thurifera,,3.0,assigned_confirm,False,
565,11,Palosapis,spacing_max_m,15,https://tropical.theferns.info/viewtropical.php?id=Anisoptera+thurifera,,3.0,assigned_confirm,False,
566,11,Palosapis,planting_depth,Collar level,https://tropical.theferns.info/viewtropical.php?id=Anisoptera+thurifera,,3.0,assigned_confirm,False,
567,11,Palosapis,germination_raw,14-25 days,https://tropical.theferns.info/viewtropical.php?id=Anisoptera+thurifera,,3.0,assigned_confirm,False,
568,11,Palosapis,planting_method,Hole 2x root ball,https://tropical.theferns.info/viewtropical.php?id=Anisoptera+thurifera,,3.0,assigned_confirm,False,
569,11,Palosapis,drainage,Well-drained,https://tropical.theferns.info/viewtropical.php?id=Anisoptera+thurifera,,3.0,assigned_confirm,False,
570,11,Palosapis,nutritional_requirements,Standard NPK + Mycorrhiza,https://tropical.theferns.info/viewtropical.php?id=Anisoptera+thurifera,,3.0,assigned_confirm,False,
571,11,Palosapis,dry_season_raw,Max 2-3 months,https://tropical.theferns.info/viewtropical.php?id=Anisoptera+thurifera,,3.0,assigned_confirm,False,
572,11,Palosapis,common_uses,"General construction, veneer, plywood",https://www.stuartxchange.org/Palosapis,,2.0,named,False,
573,12,Talisay,common_name,Talisay,https://www.stuartxchange.org/Talisay.html,,2.0,named,False,
574,12,Talisay,scientific_name,Terminalia catappa,https://www.stuartxchange.org/Talisay.html,,2.0,named,False,
575,12,Talisay,category,Native Timber / Coastal,https://www.stuartxchange.org/Talisay.html,,2.0,named,False,
576,12,Talisay,elev_min_m,0,https://apps.worldagroforestry.org/treedb/AFTPDFS/Terminalia_catappa.PDF,,3.0,assigned_confirm,False,
577,12,Talisay,elev_max_m,800,https://tropical.theferns.info/viewtropical.php?id=Terminalia+catappa,,3.0,assigned_confirm,False,
578,12,Talisay,rain_min_mm,1000,https://apps.worldagroforestry.org/treedb/AFTPDFS/Terminalia_catappa.PDF,,3.0,assigned_confirm,False,
579,12,Talisay,rain_max_mm,3500,https://apps.worldagroforestry.org/treedb/AFTPDFS/Terminalia_catappa.PDF,,3.0,assigned_confirm,False,
580,12,Talisay,shade_tol,Low,https://www.ateneo.edu/ais/campusflora/talisay,,2.0,named,False,
581,12,Talisay,max_slope_pct,30,https://tropical.theferns.info/viewtropical.php?id=Terminalia+catappa,,3.0,assigned_confirm,False,
582,12,Talisay,soil_raw,"Sandy, Rocky, Clay-Loam",https://www.ateneo.edu/ais/campusflora/talisay,,2.0,named,False,
583,12,Talisay,ph_min,5.5,https://apps.worldagroforestry.org/treedb/AFTPDFS/Terminalia_catappa.PDF,,3.0,assigned_confirm,False,
584,12,Talisay,ph_max,8.5,https://apps.worldagroforestry.org/treedb/AFTPDFS/Terminalia_catappa.PDF,,3.0,assigned_confirm,False,
585,12,Talisay,drought_tol,High,https://www.ateneo.edu/ais/campusflora/talisay,,2.0,named,False,
586,12,Talisay,waterlog_tol,Medium,https://tropical.theferns.info/viewtropical.php?id=Terminalia+catappa,,3.0,assigned_confirm,False,
587,12,Talisay,timber_density_raw,0.55,https://apps.worldagroforestry.org/treedb/AFTPDFS/Terminalia_catappa.PDF,,3.0,assigned_confirm,False,
588,12,Talisay,mature_height_m,25,https://www.stuartxchange.org/Talisay.html,,2.0,named,False,
589,12,Talisay,canopy_spread_m,15,https://www.ateneo.edu/ais/campusflora/talisay,,2.0,named,False,
590,12,Talisay,root_type,Extensive Spreading,https://apps.worldagroforestry.org/treedb/AFTPDFS/Terminalia_catappa.PDF,,3.0,assigned_confirm,False,
591,12,Talisay,urban_raw,"Parks, Coastal, Roadsides",https://www.ateneo.edu/ais/campusflora/talisay,,2.0,named,False,
592,12,Talisay,temp_min_c,20,https://apps.worldagroforestry.org/treedb/AFTPDFS/Terminalia_catappa.PDF,,3.0,assigned_confirm,False,
593,12,Talisay,temp_max_c,32,https://apps.worldagroforestry.org/treedb/AFTPDFS/Terminalia_catappa.PDF,,3.0,assigned_confirm,False,
594,12,Talisay,corona_raw,"Type I, III, IV",https://apps.worldagroforestry.org/treedb/AFTPDFS/Terminalia_catappa.PDF,,3.0,assigned_confirm,False,
595,12,Talisay,months_raw,"[5, 6, 7]",https://apps.worldagroforestry.org/treedb/AFTPDFS/Terminalia_catappa.PDF,,3.0,assigned_confirm,False,
596,12,Talisay,deployment_stage,Sapling (6 mos),https://apps.worldagroforestry.org/treedb/AFTPDFS/Terminalia_catappa.PDF,,3.0,assigned_confirm,False,
597,12,Talisay,climate_risk_notes,Highly resistant to salt spray and coastal winds,https://www.ateneo.edu/ais/campusflora/talisay,,2.0,named,False,
598,12,Talisay,typhoon_res,High,https://tropical.theferns.info/viewtropical.php?id=Terminalia+catappa,,3.0,assigned_confirm,False,
599,12,Talisay,growth_rate_raw,Fast,https://apps.worldagroforestry.org/treedb/AFTPDFS/Terminalia_catappa.PDF,,3.0,assigned_confirm,False,
600,12,Talisay,reference_authority,Ateneo / World Agroforestry,https://www.ateneo.edu/ais/campusflora/talisay,,2.0,named,False,
601,12,Talisay,special_care_notes,Heavy leaf litter requires sweeping maintenance,https://www.ateneo.edu/ais/campusflora/talisay,,2.0,named,False,
602,12,Talisay,preferred_climate_seasons,Dry and humid tropical,https://tropical.theferns.info/viewtropical.php?id=Terminalia+catappa,,3.0,assigned_confirm,False,
603,12,Talisay,endangered_raw,Least Concern,https://www.ateneo.edu/ais/campusflora/talisay,,2.0,named,False,
604,12,Talisay,planting_difficulty,Roots can lift pavements if planted too close,https://www.ateneo.edu/ais/campusflora/talisay,,2.0,named,False,
605,12,Talisay,drought_tolerance_notes,High,https://www.ateneo.edu/ais/campusflora/talisay,,2.0,named,False,
606,12,Talisay,mode_of_nutrition,Autotrophic,https://apps.worldagroforestry.org/treedb/AFTPDFS/Terminalia_catappa.PDF,,3.0,assigned_confirm,False,
607,12,Talisay,native_habitat,"Coastal areas, beaches",https://www.stuartxchange.org/Talisay.html,,2.0,named,False,
608,12,Talisay,growth_form,Pagoda-shaped tiered canopy,https://www.stuartxchange.org/Talisay.html,,2.0,named,False,
609,12,Talisay,sexuality_raw,Monoecious,https://tropical.theferns.info/viewtropical.php?id=Terminalia+catappa,,3.0,assigned_confirm,False,
610,12,Talisay,water_preference,Low watering once established,https://www.ateneo.edu/ais/campusflora/talisay,,2.0,named,False,
611,12,Talisay,light_preference,Full Sun,https://www.ateneo.edu/ais/campusflora/talisay,,2.0,named,False,
612,12,Talisay,propagation_method,Seeds,https://apps.worldagroforestry.org/treedb/AFTPDFS/Terminalia_catappa.PDF,,3.0,assigned_confirm,False,
613,12,Talisay,plant_partners,Coastal shrubs,https://www.ateneo.edu/ais/campusflora/talisay,,2.0,named,False,
614,12,Talisay,common_problems,Leaf defoliators,https://apps.worldagroforestry.org/treedb/AFTPDFS/Terminalia_catappa.PDF,,3.0,assigned_confirm,False,
615,12,Talisay,humidity,Medium,https://tropical.theferns.info/viewtropical.php?id=Terminalia+catappa,,3.0,assigned_confirm,False,
616,12,Talisay,spacing_min_m,8,https://apps.worldagroforestry.org/treedb/AFTPDFS/Terminalia_catappa.PDF,,3.0,assigned_confirm,False,
617,12,Talisay,spacing_max_m,12,https://apps.worldagroforestry.org/treedb/AFTPDFS/Terminalia_catappa.PDF,,3.0,assigned_confirm,False,
618,12,Talisay,planting_depth,Collar level,https://apps.worldagroforestry.org/treedb/AFTPDFS/Terminalia_catappa.PDF,,3.0,assigned_confirm,False,
619,12,Talisay,germination_raw,20-40 days,https://apps.worldagroforestry.org/treedb/AFTPDFS/Terminalia_catappa.PDF,,3.0,assigned_confirm,False,
620,12,Talisay,planting_method,Hole 2x root ball,https://apps.worldagroforestry.org/treedb/AFTPDFS/Terminalia_catappa.PDF,,3.0,assigned_confirm,False,
621,12,Talisay,drainage,Well-drained,https://www.ateneo.edu/ais/campusflora/talisay,,2.0,named,False,
622,12,Talisay,nutritional_requirements,Tolerant of poor soils,https://apps.worldagroforestry.org/treedb/AFTPDFS/Terminalia_catappa.PDF,,3.0,assigned_confirm,False,
623,12,Talisay,dry_season_raw,Max 4-6 months,https://apps.worldagroforestry.org/treedb/AFTPDFS/Terminalia_catappa.PDF,,3.0,assigned_confirm,False,
624,12,Talisay,common_uses,"Shade, medicinal, timber",https://www.stuartxchange.org/Talisay.html,,2.0,named,False,
625,13,Clumping Bamboo,common_name,Clumping Bamboo,https://bicol.da.gov.ph/wp-content/uploads/2021/09/Bamboo-technoguide-2021.pdf,,1.0,named,False,
626,13,Clumping Bamboo,scientific_name,Bambusa spp.,https://bicol.da.gov.ph/wp-content/uploads/2021/09/Bamboo-technoguide-2021.pdf,,1.0,named,False,
627,13,Clumping Bamboo,category,Grass / Erosion Control,https://bicol.da.gov.ph/wp-content/uploads/2021/09/Bamboo-technoguide-2021.pdf,,1.0,named,False,
628,13,Clumping Bamboo,elev_min_m,0,https://bicol.da.gov.ph/wp-content/uploads/2021/09/Bamboo-technoguide-2021.pdf,,1.0,named,False,
629,13,Clumping Bamboo,elev_max_m,1500,https://bicol.da.gov.ph/wp-content/uploads/2021/09/Bamboo-technoguide-2021.pdf,,1.0,named,False,
630,13,Clumping Bamboo,rain_min_mm,1000,https://bicol.da.gov.ph/wp-content/uploads/2021/09/Bamboo-technoguide-2021.pdf,,1.0,named,False,
631,13,Clumping Bamboo,rain_max_mm,4000,https://bicol.da.gov.ph/wp-content/uploads/2021/09/Bamboo-technoguide-2021.pdf,,1.0,named,False,
632,13,Clumping Bamboo,shade_tol,Low,https://bicol.da.gov.ph/wp-content/uploads/2021/09/Bamboo-technoguide-2021.pdf,,1.0,named,False,
633,13,Clumping Bamboo,max_slope_pct,70,https://bicol.da.gov.ph/wp-content/uploads/2021/09/Bamboo-technoguide-2021.pdf,,1.0,named,False,
634,13,Clumping Bamboo,soil_raw,"Alluvial, Loam, Clay-Loam",https://bicol.da.gov.ph/wp-content/uploads/2021/09/Bamboo-technoguide-2021.pdf,,1.0,named,False,
635,13,Clumping Bamboo,ph_min,5.0,https://bicol.da.gov.ph/wp-content/uploads/2021/09/Bamboo-technoguide-2021.pdf,,1.0,named,False,
636,13,Clumping Bamboo,ph_max,7.5,https://bicol.da.gov.ph/wp-content/uploads/2021/09/Bamboo-technoguide-2021.pdf,,1.0,named,False,
637,13,Clumping Bamboo,drought_tol,High,https://bicol.da.gov.ph/wp-content/uploads/2021/09/Bamboo-technoguide-2021.pdf,,1.0,named,False,
638,13,Clumping Bamboo,waterlog_tol,High,https://bicol.da.gov.ph/wp-content/uploads/2021/09/Bamboo-technoguide-2021.pdf,,1.0,named,False,
639,13,Clumping Bamboo,timber_density_raw,0.4,https://dassoxtr.com/Bamboo.aspx,,4.0,unranked,True,nonstandard_citation
640,13,Clumping Bamboo,mature_height_m,25,https://bicol.da.gov.ph/wp-content/uploads/2021/09/Bamboo-technoguide-2021.pdf,,1.0,named,False,
641,13,Clumping Bamboo,canopy_spread_m,10,https://bicol.da.gov.ph/wp-content/uploads/2021/09/Bamboo-technoguide-2021.pdf,,1.0,named,False,
642,13,Clumping Bamboo,root_type,Fibrous Rhizome,https://bicol.da.gov.ph/wp-content/uploads/2021/09/Bamboo-technoguide-2021.pdf,,1.0,named,False,
643,13,Clumping Bamboo,urban_raw,"Riverbanks, Property Lines, Watershed",https://bicol.da.gov.ph/wp-content/uploads/2021/09/Bamboo-technoguide-2021.pdf,,1.0,named,False,
644,13,Clumping Bamboo,temp_min_c,18,https://bicol.da.gov.ph/wp-content/uploads/2021/09/Bamboo-technoguide-2021.pdf,,1.0,named,False,
645,13,Clumping Bamboo,temp_max_c,32,https://bicol.da.gov.ph/wp-content/uploads/2021/09/Bamboo-technoguide-2021.pdf,,1.0,named,False,
646,13,Clumping Bamboo,corona_raw,"Type I, II, III, IV",https://bicol.da.gov.ph/wp-content/uploads/2021/09/Bamboo-technoguide-2021.pdf,,1.0,named,False,
647,13,Clumping Bamboo,months_raw,"[5, 6, 7]",https://bicol.da.gov.ph/wp-content/uploads/2021/09/Bamboo-technoguide-2021.pdf,,1.0,named,False,
648,13,Clumping Bamboo,deployment_stage,Rooted Culm Cuttings,https://bicol.da.gov.ph/wp-content/uploads/2021/09/Bamboo-technoguide-2021.pdf,,1.0,named,False,
649,13,Clumping Bamboo,climate_risk_notes,Excellent soil binder for landslide-prone areas,https://bicol.da.gov.ph/wp-content/uploads/2021/09/Bamboo-technoguide-2021.pdf,,1.0,named,False,
650,13,Clumping Bamboo,typhoon_res,High,https://bicol.da.gov.ph/wp-content/uploads/2021/09/Bamboo-technoguide-2021.pdf,,1.0,named,False,
651,13,Clumping Bamboo,growth_rate_raw,Very Fast,https://bicol.da.gov.ph/wp-content/uploads/2021/09/Bamboo-technoguide-2021.pdf,,1.0,named,False,
652,13,Clumping Bamboo,reference_authority,DA (Dept. of Agriculture),https://bicol.da.gov.ph/wp-content/uploads/2021/09/Bamboo-technoguide-2021.pdf,,1.0,named,False,
653,13,Clumping Bamboo,special_care_notes,Regular harvesting of mature culms required to prevent overcrowding,https://bicol.da.gov.ph/wp-content/uploads/2021/09/Bamboo-technoguide-2021.pdf,,1.0,named,False,
654,13,Clumping Bamboo,preferred_climate_seasons,Humid tropical,https://bicol.da.gov.ph/wp-content/uploads/2021/09/Bamboo-technoguide-2021.pdf,,1.0,named,False,
655,13,Clumping Bamboo,endangered_raw,Least Concern,https://bicol.da.gov.ph/wp-content/uploads/2021/09/Bamboo-technoguide-2021.pdf,,1.0,named,False,
656,13,Clumping Bamboo,planting_difficulty,Aggressive growth may overtake small areas,https://bicol.da.gov.ph/wp-content/uploads/2021/09/Bamboo-technoguide-2021.pdf,,1.0,named,False,
657,13,Clumping Bamboo,drought_tolerance_notes,High,https://bicol.da.gov.ph/wp-content/uploads/2021/09/Bamboo-technoguide-2021.pdf,,1.0,named,False,
658,13,Clumping Bamboo,mode_of_nutrition,Autotrophic,https://bicol.da.gov.ph/wp-content/uploads/2021/09/Bamboo-technoguide-2021.pdf,,1.0,named,False,
659,13,Clumping Bamboo,native_habitat,"Riverbanks, ravines, disturbed lands",https://bicol.da.gov.ph/wp-content/uploads/2021/09/Bamboo-technoguide-2021.pdf,,1.0,named,False,
660,13,Clumping Bamboo,growth_form,Clumping tall grass with woody culms,https://bicol.da.gov.ph/wp-content/uploads/2021/09/Bamboo-technoguide-2021.pdf,,1.0,named,False,
661,13,Clumping Bamboo,sexuality_raw,Hermaphroditic,https://pmc.ncbi.nlm.nih.gov/articles/PMC5493747/,,4.0,unranked,True,nonstandard_citation
662,13,Clumping Bamboo,water_preference,Moderate to High watering,https://bicol.da.gov.ph/wp-content/uploads/2021/09/Bamboo-technoguide-2021.pdf,,1.0,named,False,
663,13,Clumping Bamboo,light_preference,Full Sun,https://bicol.da.gov.ph/wp-content/uploads/2021/09/Bamboo-technoguide-2021.pdf,,1.0,named,False,
664,13,Clumping Bamboo,propagation_method,"Culm cuttings, branch cuttings",https://bicol.da.gov.ph/wp-content/uploads/2021/09/Bamboo-technoguide-2021.pdf,,1.0,named,False,
665,13,Clumping Bamboo,plant_partners,Riparian native trees,https://bicol.da.gov.ph/wp-content/uploads/2021/09/Bamboo-technoguide-2021.pdf,,1.0,named,False,
666,13,Clumping Bamboo,common_problems,"Bamboo blight, shoot borers",https://bicol.da.gov.ph/wp-content/uploads/2021/09/Bamboo-technoguide-2021.pdf,,1.0,named,False,
667,13,Clumping Bamboo,humidity,High,https://bicol.da.gov.ph/wp-content/uploads/2021/09/Bamboo-technoguide-2021.pdf,,1.0,named,False,
668,13,Clumping Bamboo,spacing_min_m,5,https://bicol.da.gov.ph/wp-content/uploads/2021/09/Bamboo-technoguide-2021.pdf,,1.0,named,False,
669,13,Clumping Bamboo,spacing_max_m,7,https://bicol.da.gov.ph/wp-content/uploads/2021/09/Bamboo-technoguide-2021.pdf,,1.0,named,False,
670,13,Clumping Bamboo,planting_depth,Submerged node,https://bicol.da.gov.ph/wp-content/uploads/2021/09/Bamboo-technoguide-2021.pdf,,1.0,named,False,
671,13,Clumping Bamboo,germination_raw,7-30 days,https://www.bamboogarden.com/resource-pages/clumping-bamboo-growth-rate,,4.0,unranked,True,nonstandard_citation
672,13,Clumping Bamboo,planting_method,Trench or vertical hole,https://bicol.da.gov.ph/wp-content/uploads/2021/09/Bamboo-technoguide-2021.pdf,,1.0,named,False,
673,13,Clumping Bamboo,variants,Bambusa spinosa (Kawayang tinik),https://bicol.da.gov.ph/wp-content/uploads/2021/09/Bamboo-technoguide-2021.pdf,,1.0,named,False,
674,13,Clumping Bamboo,drainage,Well-drained to moderately waterlogged,https://bicol.da.gov.ph/wp-content/uploads/2021/09/Bamboo-technoguide-2021.pdf,,1.0,named,False,
675,13,Clumping Bamboo,nutritional_requirements,Nitrogen-heavy fertilizer for culm growth,https://bicol.da.gov.ph/wp-content/uploads/2021/09/Bamboo-technoguide-2021.pdf,,1.0,named,False,
676,13,Clumping Bamboo,dry_season_raw,Max 4-5 months,https://bicol.da.gov.ph/wp-content/uploads/2021/09/Bamboo-technoguide-2021.pdf,,1.0,named,False,
677,13,Clumping Bamboo,common_uses,"Construction, erosion control, edible shoots",https://bicol.da.gov.ph/wp-content/uploads/2021/09/Bamboo-technoguide-2021.pdf,,1.0,named,False,
678,14,Langka,common_name,Langka,https://www.stuartxchange.com/Langka.html,,2.0,named,False,
679,14,Langka,scientific_name,Artocarpus heterophyllus,https://www.stuartxchange.com/Langka.html,,2.0,named,False,
680,14,Langka,category,High-Value Crop / Fruit Tree,https://apps.worldagroforestry.org/treedb/AFTPDFS/Artocarpus_heterophyllus.PDF,,3.0,assigned_confirm,False,
681,14,Langka,elev_min_m,0,https://apps.worldagroforestry.org/treedb/AFTPDFS/Artocarpus_heterophyllus.PDF,,3.0,assigned_confirm,False,
682,14,Langka,elev_max_m,1000,https://apps.worldagroforestry.org/treedb/AFTPDFS/Artocarpus_heterophyllus.PDF,,3.0,assigned_confirm,False,
683,14,Langka,rain_min_mm,1500,https://apps.worldagroforestry.org/treedb/AFTPDFS/Artocarpus_heterophyllus.PDF,,3.0,assigned_confirm,False,
684,14,Langka,rain_max_mm,2500,https://apps.worldagroforestry.org/treedb/AFTPDFS/Artocarpus_heterophyllus.PDF,,3.0,assigned_confirm,False,
685,14,Langka,shade_tol,Medium,https://tropical.theferns.info/viewtropical.php?id=Artocarpus+heterophyllus,,3.0,assigned_confirm,False,
686,14,Langka,max_slope_pct,25,https://tropical.theferns.info/viewtropical.php?id=Artocarpus+heterophyllus,,3.0,assigned_confirm,False,
687,14,Langka,soil_raw,"Deep, well-drained loam, Sandy-loam",https://apps.worldagroforestry.org/treedb/AFTPDFS/Artocarpus_heterophyllus.PDF,,3.0,assigned_confirm,False,
688,14,Langka,ph_min,5.5,https://apps.worldagroforestry.org/treedb/AFTPDFS/Artocarpus_heterophyllus.PDF,,3.0,assigned_confirm,False,
689,14,Langka,ph_max,7.5,https://apps.worldagroforestry.org/treedb/AFTPDFS/Artocarpus_heterophyllus.PDF,,3.0,assigned_confirm,False,
690,14,Langka,drought_tol,Medium,https://tropical.theferns.info/viewtropical.php?id=Artocarpus+heterophyllus,,3.0,assigned_confirm,False,
691,14,Langka,waterlog_tol,Low,https://apps.worldagroforestry.org/treedb/AFTPDFS/Artocarpus_heterophyllus.PDF,,3.0,assigned_confirm,False,
692,14,Langka,timber_density_raw,0.60,https://apps.worldagroforestry.org/treedb/AFTPDFS/Artocarpus_heterophyllus.PDF,,3.0,assigned_confirm,False,
693,14,Langka,mature_height_m,20,https://www.stuartxchange.com/Langka.html,,2.0,named,False,
694,14,Langka,canopy_spread_m,10,https://apps.worldagroforestry.org/treedb/AFTPDFS/Artocarpus_heterophyllus.PDF,,3.0,assigned_confirm,False,
695,14,Langka,root_type,Taproot,https://apps.worldagroforestry.org/treedb/AFTPDFS/Artocarpus_heterophyllus.PDF,,3.0,assigned_confirm,False,
696,14,Langka,urban_raw,"Agroforestry, Food Security",https://tropical.theferns.info/viewtropical.php?id=Artocarpus+heterophyllus,,3.0,assigned_confirm,False,
697,14,Langka,temp_min_c,21,https://apps.worldagroforestry.org/treedb/AFTPDFS/Artocarpus_heterophyllus.PDF,,3.0,assigned_confirm,False,
698,14,Langka,temp_max_c,32,https://apps.worldagroforestry.org/treedb/AFTPDFS/Artocarpus_heterophyllus.PDF,,3.0,assigned_confirm,False,
699,14,Langka,corona_raw,"Type I, III, IV",https://apps.worldagroforestry.org/treedb/AFTPDFS/Artocarpus_heterophyllus.PDF,,3.0,assigned_confirm,False,
700,14,Langka,months_raw,"[5, 6, 7]",https://apps.worldagroforestry.org/treedb/AFTPDFS/Artocarpus_heterophyllus.PDF,,3.0,assigned_confirm,False,
701,14,Langka,deployment_stage,Grafted Sapling (6-12 mos),https://apps.worldagroforestry.org/treedb/AFTPDFS/Artocarpus_heterophyllus.PDF,,3.0,assigned_confirm,False,
702,14,Langka,climate_risk_notes,Highly susceptible to root rot in waterlogged soils,https://apps.worldagroforestry.org/treedb/AFTPDFS/Artocarpus_heterophyllus.PDF,,3.0,assigned_confirm,False,
703,14,Langka,typhoon_res,Medium,https://tropical.theferns.info/viewtropical.php?id=Artocarpus+heterophyllus,,3.0,assigned_confirm,False,
704,14,Langka,growth_rate_raw,Medium to Fast,https://apps.worldagroforestry.org/treedb/AFTPDFS/Artocarpus_heterophyllus.PDF,,3.0,assigned_confirm,False,
705,14,Langka,reference_authority,World Agroforestry / StuartXChange,https://www.stuartxchange.com/Langka.html,,2.0,named,False,
706,14,Langka,special_care_notes,Requires excellent drainage; intolerant of standing water,https://apps.worldagroforestry.org/treedb/AFTPDFS/Artocarpus_heterophyllus.PDF,,3.0,assigned_confirm,False,
707,14,Langka,preferred_climate_seasons,Humid tropical,https://apps.worldagroforestry.org/treedb/AFTPDFS/Artocarpus_heterophyllus.PDF,,3.0,assigned_confirm,False,
708,14,Langka,endangered_raw,Least Concern,https://tropical.theferns.info/viewtropical.php?id=Artocarpus+heterophyllus,,3.0,assigned_confirm,False,
709,14,Langka,planting_difficulty,Poor drainage will kill the tree,https://apps.worldagroforestry.org/treedb/AFTPDFS/Artocarpus_heterophyllus.PDF,,3.0,assigned_confirm,False,
710,14,Langka,drought_tolerance_notes,Medium,https://tropical.theferns.info/viewtropical.php?id=Artocarpus+heterophyllus,,3.0,assigned_confirm,False,
711,14,Langka,mode_of_nutrition,Autotrophic,https://apps.worldagroforestry.org/treedb/AFTPDFS/Artocarpus_heterophyllus.PDF,,3.0,assigned_confirm,False,
712,14,Langka,native_habitat,Cultivated widely in tropical regions,https://www.stuartxchange.com/Langka.html,,2.0,named,False,
713,14,Langka,growth_form,"Evergreen tree with dense crown, cauliflorous fruiting",https://www.stuartxchange.com/Langka.html,,2.0,named,False,
714,14,Langka,sexuality_raw,Monoecious,https://apps.worldagroforestry.org/treedb/AFTPDFS/Artocarpus_heterophyllus.PDF,,3.0,assigned_confirm,False,
715,14,Langka,water_preference,Moderate watering,https://tropical.theferns.info/viewtropical.php?id=Artocarpus+heterophyllus,,3.0,assigned_confirm,False,
716,14,Langka,light_preference,Full Sun,https://tropical.theferns.info/viewtropical.php?id=Artocarpus+heterophyllus,,3.0,assigned_confirm,False,
717,14,Langka,propagation_method,"Seeds, Grafting",https://apps.worldagroforestry.org/treedb/AFTPDFS/Artocarpus_heterophyllus.PDF,,3.0,assigned_confirm,False,
718,14,Langka,plant_partners,"Shade-tolerant cash crops (Coffee, Cacao)",https://apps.worldagroforestry.org/treedb/AFTPDFS/Artocarpus_heterophyllus.PDF,,3.0,assigned_confirm,False,
719,14,Langka,common_problems,"Fruit borers, root rot",https://apps.worldagroforestry.org/treedb/AFTPDFS/Artocarpus_heterophyllus.PDF,,3.0,assigned_confirm,False,
720,14,Langka,humidity,Medium,https://tropical.theferns.info/viewtropical.php?id=Artocarpus+heterophyllus,,3.0,assigned_confirm,False,
721,14,Langka,spacing_min_m,8,https://apps.worldagroforestry.org/treedb/AFTPDFS/Artocarpus_heterophyllus.PDF,,3.0,assigned_confirm,False,
722,14,Langka,spacing_max_m,12,https://apps.worldagroforestry.org/treedb/AFTPDFS/Artocarpus_heterophyllus.PDF,,3.0,assigned_confirm,False,
723,14,Langka,planting_depth,Collar level,https://apps.worldagroforestry.org/treedb/AFTPDFS/Artocarpus_heterophyllus.PDF,,3.0,assigned_confirm,False,
724,14,Langka,germination_raw,10-40 days,https://apps.worldagroforestry.org/treedb/AFTPDFS/Artocarpus_heterophyllus.PDF,,3.0,assigned_confirm,False,
725,14,Langka,planting_method,Hole 2x root ball,https://apps.worldagroforestry.org/treedb/AFTPDFS/Artocarpus_heterophyllus.PDF,,3.0,assigned_confirm,False,
726,14,Langka,drainage,Very Well-drained,https://apps.worldagroforestry.org/treedb/AFTPDFS/Artocarpus_heterophyllus.PDF,,3.0,assigned_confirm,False,
727,14,Langka,nutritional_requirements,"Standard NPK, sensitive to micronutrient deficiency",https://apps.worldagroforestry.org/treedb/AFTPDFS/Artocarpus_heterophyllus.PDF,,3.0,assigned_confirm,False,
728,14,Langka,dry_season_raw,Max 3-4 months,https://apps.worldagroforestry.org/treedb/AFTPDFS/Artocarpus_heterophyllus.PDF,,3.0,assigned_confirm,False,
729,14,Langka,common_uses,"Edible fruit, timber, agroforestry shading",https://www.stuartxchange.com/Langka.html,,2.0,named,False,
730,15,Guyabano,common_name,Guyabano,https://www.stuartxchange.org/Guyabano.html,,2.0,named,False,
731,15,Guyabano,scientific_name,Annona muricata,https://www.stuartxchange.org/Guyabano.html,,2.0,named,False,
732,15,Guyabano,category,High-Value Crop / Fruit Tree,https://apps.worldagroforestry.org/treedb/AFTPDFS/Annona_muricata.PDF,,3.0,assigned_confirm,False,
733,15,Guyabano,elev_min_m,0,https://apps.worldagroforestry.org/treedb/AFTPDFS/Annona_muricata.PDF,,3.0,assigned_confirm,False,
734,15,Guyabano,elev_max_m,1000,https://apps.worldagroforestry.org/treedb/AFTPDFS/Annona_muricata.PDF,,3.0,assigned_confirm,False,
735,15,Guyabano,rain_min_mm,1000,https://apps.worldagroforestry.org/treedb/AFTPDFS/Annona_muricata.PDF,,3.0,assigned_confirm,False,
736,15,Guyabano,rain_max_mm,2500,https://apps.worldagroforestry.org/treedb/AFTPDFS/Annona_muricata.PDF,,3.0,assigned_confirm,False,
737,15,Guyabano,shade_tol,Medium,https://tropical.theferns.info/viewtropical.php?id=Annona+muricata,,3.0,assigned_confirm,False,
738,15,Guyabano,max_slope_pct,25,https://tropical.theferns.info/viewtropical.php?id=Annona+muricata,,3.0,assigned_confirm,False,
739,15,Guyabano,soil_raw,Well-drained sandy loam or clay loam,https://apps.worldagroforestry.org/treedb/AFTPDFS/Annona_muricata.PDF,,3.0,assigned_confirm,False,
740,15,Guyabano,ph_min,5.5,https://apps.worldagroforestry.org/treedb/AFTPDFS/Annona_muricata.PDF,,3.0,assigned_confirm,False,
741,15,Guyabano,ph_max,6.5,https://apps.worldagroforestry.org/treedb/AFTPDFS/Annona_muricata.PDF,,3.0,assigned_confirm,False,
742,15,Guyabano,drought_tol,Medium,https://tropical.theferns.info/viewtropical.php?id=Annona+muricata,,3.0,assigned_confirm,False,
743,15,Guyabano,waterlog_tol,Low,https://apps.worldagroforestry.org/treedb/AFTPDFS/Annona_muricata.PDF,,3.0,assigned_confirm,False,
744,15,Guyabano,timber_density_raw,0.40,https://apps.worldagroforestry.org/treedb/AFTPDFS/Annona_muricata.PDF,,3.0,assigned_confirm,False,
745,15,Guyabano,mature_height_m,8,https://www.stuartxchange.org/Guyabano.html,,2.0,named,False,
746,15,Guyabano,canopy_spread_m,6,https://apps.worldagroforestry.org/treedb/AFTPDFS/Annona_muricata.PDF,,3.0,assigned_confirm,False,
747,15,Guyabano,root_type,Shallow spreading,https://apps.worldagroforestry.org/treedb/AFTPDFS/Annona_muricata.PDF,,3.0,assigned_confirm,False,
748,15,Guyabano,urban_raw,"Agroforestry, Food Security",https://tropical.theferns.info/viewtropical.php?id=Annona+muricata,,3.0,assigned_confirm,False,
749,15,Guyabano,temp_min_c,21,https://apps.worldagroforestry.org/treedb/AFTPDFS/Annona_muricata.PDF,,3.0,assigned_confirm,False,
750,15,Guyabano,temp_max_c,30,https://apps.worldagroforestry.org/treedb/AFTPDFS/Annona_muricata.PDF,,3.0,assigned_confirm,False,
751,15,Guyabano,corona_raw,"Type I, III, IV",https://apps.worldagroforestry.org/treedb/AFTPDFS/Annona_muricata.PDF,,3.0,assigned_confirm,False,
752,15,Guyabano,months_raw,"[5, 6, 7]",https://apps.worldagroforestry.org/treedb/AFTPDFS/Annona_muricata.PDF,,3.0,assigned_confirm,False,
753,15,Guyabano,deployment_stage,Seedling/Grafted (4-6 mos),https://apps.worldagroforestry.org/treedb/AFTPDFS/Annona_muricata.PDF,,3.0,assigned_confirm,False,
754,15,Guyabano,climate_risk_notes,Intolerant of severe frost and extreme drought,https://apps.worldagroforestry.org/treedb/AFTPDFS/Annona_muricata.PDF,,3.0,assigned_confirm,False,
755,15,Guyabano,typhoon_res,Low,https://tropical.theferns.info/viewtropical.php?id=Annona+muricata,,3.0,assigned_confirm,False,
756,15,Guyabano,growth_rate_raw,Fast,https://apps.worldagroforestry.org/treedb/AFTPDFS/Annona_muricata.PDF,,3.0,assigned_confirm,False,
757,15,Guyabano,reference_authority,World Agroforestry / StuartXChange,https://www.stuartxchange.org/Guyabano.html,,2.0,named,False,
758,15,Guyabano,special_care_notes,Shallow root system requires protection from strong winds,https://apps.worldagroforestry.org/treedb/AFTPDFS/Annona_muricata.PDF,,3.0,assigned_confirm,False,
759,15,Guyabano,preferred_climate_seasons,Humid tropical,https://apps.worldagroforestry.org/treedb/AFTPDFS/Annona_muricata.PDF,,3.0,assigned_confirm,False,
760,15,Guyabano,endangered_raw,Least Concern,https://tropical.theferns.info/viewtropical.php?id=Annona+muricata,,3.0,assigned_confirm,False,
761,15,Guyabano,planting_difficulty,Poor drainage guarantees root rot,https://apps.worldagroforestry.org/treedb/AFTPDFS/Annona_muricata.PDF,,3.0,assigned_confirm,False,
762,15,Guyabano,drought_tolerance_notes,Medium,https://tropical.theferns.info/viewtropical.php?id=Annona+muricata,,3.0,assigned_confirm,False,
763,15,Guyabano,mode_of_nutrition,Autotrophic,https://apps.worldagroforestry.org/treedb/AFTPDFS/Annona_muricata.PDF,,3.0,assigned_confirm,False,
764,15,Guyabano,native_habitat,Cultivated widely,https://www.stuartxchange.org/Guyabano.html,,2.0,named,False,
765,15,Guyabano,growth_form,"Small evergreen tree, low branching",https://www.stuartxchange.org/Guyabano.html,,2.0,named,False,
766,15,Guyabano,sexuality_raw,Hermaphroditic,https://apps.worldagroforestry.org/treedb/AFTPDFS/Annona_muricata.PDF,,3.0,assigned_confirm,False,
767,15,Guyabano,water_preference,Moderate watering,https://tropical.theferns.info/viewtropical.php?id=Annona+muricata,,3.0,assigned_confirm,False,
768,15,Guyabano,light_preference,Full Sun to Partial Shade,https://tropical.theferns.info/viewtropical.php?id=Annona+muricata,,3.0,assigned_confirm,False,
769,15,Guyabano,propagation_method,"Seeds, Grafting",https://apps.worldagroforestry.org/treedb/AFTPDFS/Annona_muricata.PDF,,3.0,assigned_confirm,False,
770,15,Guyabano,plant_partners,Can be intercropped with taller shade trees like Langka,https://apps.worldagroforestry.org/treedb/AFTPDFS/Annona_muricata.PDF,,3.0,assigned_confirm,False,
771,15,Guyabano,common_problems,"Mealybugs, fruit borers",https://apps.worldagroforestry.org/treedb/AFTPDFS/Annona_muricata.PDF,,3.0,assigned_confirm,False,
772,15,Guyabano,humidity,Medium to High,https://tropical.theferns.info/viewtropical.php?id=Annona+muricata,,3.0,assigned_confirm,False,
773,15,Guyabano,spacing_min_m,5,https://apps.worldagroforestry.org/treedb/AFTPDFS/Annona_muricata.PDF,,3.0,assigned_confirm,False,
774,15,Guyabano,spacing_max_m,7,https://apps.worldagroforestry.org/treedb/AFTPDFS/Annona_muricata.PDF,,3.0,assigned_confirm,False,
775,15,Guyabano,planting_depth,Collar level,https://apps.worldagroforestry.org/treedb/AFTPDFS/Annona_muricata.PDF,,3.0,assigned_confirm,False,
776,15,Guyabano,germination_raw,15-30 days,https://apps.worldagroforestry.org/treedb/AFTPDFS/Annona_muricata.PDF,,3.0,assigned_confirm,False,
777,15,Guyabano,planting_method,Hole 2x root ball,https://apps.worldagroforestry.org/treedb/AFTPDFS/Annona_muricata.PDF,,3.0,assigned_confirm,False,
778,15,Guyabano,drainage,Very Well-drained,https://apps.worldagroforestry.org/treedb/AFTPDFS/Annona_muricata.PDF,,3.0,assigned_confirm,False,
779,15,Guyabano,nutritional_requirements,"Standard NPK, benefits from mulching",https://apps.worldagroforestry.org/treedb/AFTPDFS/Annona_muricata.PDF,,3.0,assigned_confirm,False,
780,15,Guyabano,dry_season_raw,Max 2-3 months,https://apps.worldagroforestry.org/treedb/AFTPDFS/Annona_muricata.PDF,,3.0,assigned_confirm,False,
781,15,Guyabano,common_uses,"Edible fruit, medicinal leaves",https://www.stuartxchange.org/Guyabano.html,,2.0,named,False,
782,16,Atsuete,common_name,Atsuete,https://www.stuartxchange.org/Asuete.html,,2.0,named,False,
783,16,Atsuete,scientific_name,Bixa orellana,https://www.stuartxchange.org/Asuete.html,,2.0,named,False,
784,16,Atsuete,category,High-Value Crop / Dye,https://apps.worldagroforestry.org/treedb/AFTPDFS/Bixa_orellana.PDF,,3.0,assigned_confirm,False,
785,16,Atsuete,elev_min_m,0,https://apps.worldagroforestry.org/treedb/AFTPDFS/Bixa_orellana.PDF,,3.0,assigned_confirm,False,
786,16,Atsuete,elev_max_m,2000,https://apps.worldagroforestry.org/treedb/AFTPDFS/Bixa_orellana.PDF,,3.0,assigned_confirm,False,
787,16,Atsuete,rain_min_mm,1000,https://apps.worldagroforestry.org/treedb/AFTPDFS/Bixa_orellana.PDF,,3.0,assigned_confirm,False,
788,16,Atsuete,rain_max_mm,3000,https://apps.worldagroforestry.org/treedb/AFTPDFS/Bixa_orellana.PDF,,3.0,assigned_confirm,False,
789,16,Atsuete,shade_tol,Medium,https://tropical.theferns.info/viewtropical.php?id=Bixa+orellana,,3.0,assigned_confirm,True,
790,16,Atsuete,max_slope_pct,30,https://tropical.theferns.info/viewtropical.php?id=Bixa+orellana,,3.0,assigned_confirm,True,
791,16,Atsuete,soil_raw,"Loam, Clay-Loam",https://apps.worldagroforestry.org/treedb/AFTPDFS/Bixa_orellana.PDF,,3.0,assigned_confirm,False,
792,16,Atsuete,ph_min,5.5,https://apps.worldagroforestry.org/treedb/AFTPDFS/Bixa_orellana.PDF,,3.0,assigned_confirm,False,
793,16,Atsuete,ph_max,7.5,https://apps.worldagroforestry.org/treedb/AFTPDFS/Bixa_orellana.PDF,,3.0,assigned_confirm,False,
794,16,Atsuete,drought_tol,High,https://tropical.theferns.info/viewtropical.php?id=Bixa+orellana,,3.0,assigned_confirm,True,
795,16,Atsuete,waterlog_tol,Low,https://apps.worldagroforestry.org/treedb/AFTPDFS/Bixa_orellana.PDF,,3.0,assigned_confirm,False,
796,16,Atsuete,timber_density_raw,0.40,https://apps.worldagroforestry.org/treedb/AFTPDFS/Bixa_orellana.PDF,,3.0,assigned_confirm,False,
797,16,Atsuete,mature_height_m,8,https://www.stuartxchange.org/Asuete.html,,2.0,named,False,
798,16,Atsuete,canopy_spread_m,6,https://apps.worldagroforestry.org/treedb/AFTPDFS/Bixa_orellana.PDF,,3.0,assigned_confirm,False,
799,16,Atsuete,root_type,Taproot,https://apps.worldagroforestry.org/treedb/AFTPDFS/Bixa_orellana.PDF,,3.0,assigned_confirm,False,
800,16,Atsuete,urban_raw,"Agroforestry, Household Gardens",https://tropical.theferns.info/viewtropical.php?id=Bixa+orellana,,3.0,assigned_confirm,True,
801,16,Atsuete,temp_min_c,20,https://apps.worldagroforestry.org/treedb/AFTPDFS/Bixa_orellana.PDF,,3.0,assigned_confirm,False,
802,16,Atsuete,temp_max_c,32,https://apps.worldagroforestry.org/treedb/AFTPDFS/Bixa_orellana.PDF,,3.0,assigned_confirm,False,
803,16,Atsuete,corona_raw,"Type I, III, IV",https://apps.worldagroforestry.org/treedb/AFTPDFS/Bixa_orellana.PDF,,3.0,assigned_confirm,False,
804,16,Atsuete,months_raw,"[5, 6, 7]",https://apps.worldagroforestry.org/treedb/AFTPDFS/Bixa_orellana.PDF,,3.0,assigned_confirm,False,
805,16,Atsuete,deployment_stage,Sapling (4-6 mos),https://apps.worldagroforestry.org/treedb/AFTPDFS/Bixa_orellana.PDF,,3.0,assigned_confirm,False,
806,16,Atsuete,climate_risk_notes,Susceptible to root rot in waterlogged soils,https://apps.worldagroforestry.org/treedb/AFTPDFS/Bixa_orellana.PDF,,3.0,assigned_confirm,False,
807,16,Atsuete,typhoon_res,Medium,https://tropical.theferns.info/viewtropical.php?id=Bixa+orellana,,3.0,assigned_confirm,True,
808,16,Atsuete,growth_rate_raw,Fast,https://apps.worldagroforestry.org/treedb/AFTPDFS/Bixa_orellana.PDF,,3.0,assigned_confirm,False,
809,16,Atsuete,reference_authority,World Agroforestry / StuartXChange,https://www.stuartxchange.org/Asuete.html,,2.0,named,False,
810,16,Atsuete,special_care_notes,Pruning required for bushy growth and higher yield,https://apps.worldagroforestry.org/treedb/AFTPDFS/Bixa_orellana.PDF,,3.0,assigned_confirm,False,
811,16,Atsuete,preferred_climate_seasons,Humid tropical,https://apps.worldagroforestry.org/treedb/AFTPDFS/Bixa_orellana.PDF,,3.0,assigned_confirm,False,
812,16,Atsuete,endangered_raw,Least Concern,https://tropical.theferns.info/viewtropical.php?id=Bixa+orellana,,3.0,assigned_confirm,True,
813,16,Atsuete,planting_difficulty,Poor drainage is lethal,https://apps.worldagroforestry.org/treedb/AFTPDFS/Bixa_orellana.PDF,,3.0,assigned_confirm,False,
814,16,Atsuete,drought_tolerance_notes,High,https://tropical.theferns.info/viewtropical.php?id=Bixa+orellana,,3.0,assigned_confirm,True,
815,16,Atsuete,mode_of_nutrition,Autotrophic,https://apps.worldagroforestry.org/treedb/AFTPDFS/Bixa_orellana.PDF,,3.0,assigned_confirm,False,
816,16,Atsuete,native_habitat,Cultivated widely,https://www.stuartxchange.org/Asuete.html,,2.0,named,False,
817,16,Atsuete,growth_form,Shrub or small tree,https://www.stuartxchange.org/Asuete.html,,2.0,named,False,
818,16,Atsuete,sexuality_raw,Hermaphroditic,https://apps.worldagroforestry.org/treedb/AFTPDFS/Bixa_orellana.PDF,,3.0,assigned_confirm,False,
819,16,Atsuete,water_preference,Moderate watering,https://tropical.theferns.info/viewtropical.php?id=Bixa+orellana,,3.0,assigned_confirm,True,
820,16,Atsuete,light_preference,Full Sun,https://tropical.theferns.info/viewtropical.php?id=Bixa+orellana,,3.0,assigned_confirm,True,
821,16,Atsuete,propagation_method,"Seeds, Cuttings",https://apps.worldagroforestry.org/treedb/AFTPDFS/Bixa_orellana.PDF,,3.0,assigned_confirm,False,
822,16,Atsuete,plant_partners,Intercrop with taller shade trees,https://apps.worldagroforestry.org/treedb/AFTPDFS/Bixa_orellana.PDF,,3.0,assigned_confirm,False,
823,16,Atsuete,common_problems,"Powdery mildew, root rot",https://apps.worldagroforestry.org/treedb/AFTPDFS/Bixa_orellana.PDF,,3.0,assigned_confirm,False,
824,16,Atsuete,humidity,Medium,https://tropical.theferns.info/viewtropical.php?id=Bixa+orellana,,3.0,assigned_confirm,True,
825,16,Atsuete,spacing_min_m,4,https://apps.worldagroforestry.org/treedb/AFTPDFS/Bixa_orellana.PDF,,3.0,assigned_confirm,False,
826,16,Atsuete,spacing_max_m,6,https://apps.worldagroforestry.org/treedb/AFTPDFS/Bixa_orellana.PDF,,3.0,assigned_confirm,False,
827,16,Atsuete,planting_depth,Collar level,https://apps.worldagroforestry.org/treedb/AFTPDFS/Bixa_orellana.PDF,,3.0,assigned_confirm,False,
828,16,Atsuete,germination_raw,8-10 days,https://apps.worldagroforestry.org/treedb/AFTPDFS/Bixa_orellana.PDF,,3.0,assigned_confirm,False,
829,16,Atsuete,planting_method,Hole 2x root ball,https://apps.worldagroforestry.org/treedb/AFTPDFS/Bixa_orellana.PDF,,3.0,assigned_confirm,False,
830,16,Atsuete,drainage,Very Well-drained,https://apps.worldagroforestry.org/treedb/AFTPDFS/Bixa_orellana.PDF,,3.0,assigned_confirm,False,
831,16,Atsuete,nutritional_requirements,Standard NPK,https://apps.worldagroforestry.org/treedb/AFTPDFS/Bixa_orellana.PDF,,3.0,assigned_confirm,False,
832,16,Atsuete,dry_season_raw,Max 3-4 months,https://apps.worldagroforestry.org/treedb/AFTPDFS/Bixa_orellana.PDF,,3.0,assigned_confirm,False,
833,16,Atsuete,common_uses,"Food coloring (Annatto), medicinal",https://www.stuartxchange.org/Asuete.html,,2.0,named,False,
834,17,Cacao,common_name,Cacao,https://www.stuartxchange.org/Kakaw.html,,2.0,named,False,
835,17,Cacao,scientific_name,Theobroma cacao,https://www.stuartxchange.org/Kakaw.html,,2.0,named,False,
836,17,Cacao,category,High-Value Crop / Fruit Tree,https://apps.worldagroforestry.org/treedb/AFTPDFS/Theobroma_cacao.PDF,,3.0,assigned_confirm,False,
837,17,Cacao,elev_min_m,0,https://apps.worldagroforestry.org/treedb/AFTPDFS/Theobroma_cacao.PDF,,3.0,assigned_confirm,False,
838,17,Cacao,elev_max_m,1200,https://apps.worldagroforestry.org/treedb/AFTPDFS/Theobroma_cacao.PDF,,3.0,assigned_confirm,False,
839,17,Cacao,rain_min_mm,1500,https://apps.worldagroforestry.org/treedb/AFTPDFS/Theobroma_cacao.PDF,,3.0,assigned_confirm,False,
840,17,Cacao,rain_max_mm,3000,https://apps.worldagroforestry.org/treedb/AFTPDFS/Theobroma_cacao.PDF,,3.0,assigned_confirm,False,
841,17,Cacao,shade_tol,High,https://tropical.theferns.info/viewtropical.php?id=Theobroma+cacao,,3.0,assigned_confirm,False,
842,17,Cacao,max_slope_pct,25,https://tropical.theferns.info/viewtropical.php?id=Theobroma+cacao,,3.0,assigned_confirm,False,
843,17,Cacao,soil_raw,"Deep clay-loam, Alluvial",https://apps.worldagroforestry.org/treedb/AFTPDFS/Theobroma_cacao.PDF,,3.0,assigned_confirm,False,
844,17,Cacao,ph_min,5.0,https://apps.worldagroforestry.org/treedb/AFTPDFS/Theobroma_cacao.PDF,,3.0,assigned_confirm,False,
845,17,Cacao,ph_max,7.5,https://apps.worldagroforestry.org/treedb/AFTPDFS/Theobroma_cacao.PDF,,3.0,assigned_confirm,False,
846,17,Cacao,drought_tol,Low,https://tropical.theferns.info/viewtropical.php?id=Theobroma+cacao,,3.0,assigned_confirm,False,
847,17,Cacao,waterlog_tol,Low,https://apps.worldagroforestry.org/treedb/AFTPDFS/Theobroma_cacao.PDF,,3.0,assigned_confirm,False,
848,17,Cacao,timber_density_raw,0.42,https://apps.worldagroforestry.org/treedb/AFTPDFS/Theobroma_cacao.PDF,,3.0,assigned_confirm,False,
849,17,Cacao,mature_height_m,8,https://www.stuartxchange.org/Kakaw.html,,2.0,named,False,
850,17,Cacao,canopy_spread_m,6,https://apps.worldagroforestry.org/treedb/AFTPDFS/Theobroma_cacao.PDF,,3.0,assigned_confirm,False,
851,17,Cacao,root_type,Taproot with lateral surface roots,https://apps.worldagroforestry.org/treedb/AFTPDFS/Theobroma_cacao.PDF,,3.0,assigned_confirm,False,
852,17,Cacao,urban_raw,"Agroforestry, Understory",https://tropical.theferns.info/viewtropical.php?id=Theobroma+cacao,,3.0,assigned_confirm,False,
853,17,Cacao,temp_min_c,21,https://apps.worldagroforestry.org/treedb/AFTPDFS/Theobroma_cacao.PDF,,3.0,assigned_confirm,False,
854,17,Cacao,temp_max_c,32,https://apps.worldagroforestry.org/treedb/AFTPDFS/Theobroma_cacao.PDF,,3.0,assigned_confirm,False,
855,17,Cacao,corona_raw,"Type I, III, IV",https://apps.worldagroforestry.org/treedb/AFTPDFS/Theobroma_cacao.PDF,,3.0,assigned_confirm,False,
856,17,Cacao,months_raw,"[5, 6, 7]",https://apps.worldagroforestry.org/treedb/AFTPDFS/Theobroma_cacao.PDF,,3.0,assigned_confirm,False,
857,17,Cacao,deployment_stage,Seedling/Grafted (6 mos),https://apps.worldagroforestry.org/treedb/AFTPDFS/Theobroma_cacao.PDF,,3.0,assigned_confirm,False,
858,17,Cacao,climate_risk_notes,Requires protection from strong winds and intense sun,https://apps.worldagroforestry.org/treedb/AFTPDFS/Theobroma_cacao.PDF,,3.0,assigned_confirm,False,
859,17,Cacao,typhoon_res,Low,https://tropical.theferns.info/viewtropical.php?id=Theobroma+cacao,,3.0,assigned_confirm,False,
860,17,Cacao,growth_rate_raw,Medium,https://apps.worldagroforestry.org/treedb/AFTPDFS/Theobroma_cacao.PDF,,3.0,assigned_confirm,False,
861,17,Cacao,reference_authority,World Agroforestry / StuartXChange,https://www.stuartxchange.org/Kakaw.html,,2.0,named,False,
862,17,Cacao,special_care_notes,"Must be planted under shade trees (e.g., Banana, Gliricidia)",https://apps.worldagroforestry.org/treedb/AFTPDFS/Theobroma_cacao.PDF,,3.0,assigned_confirm,False,
863,17,Cacao,preferred_climate_seasons,Humid tropical,https://apps.worldagroforestry.org/treedb/AFTPDFS/Theobroma_cacao.PDF,,3.0,assigned_confirm,False,
864,17,Cacao,endangered_raw,Least Concern,https://tropical.theferns.info/viewtropical.php?id=Theobroma+cacao,,3.0,assigned_confirm,False,
865,17,Cacao,planting_difficulty,Cannot survive direct sun without nurse trees,https://apps.worldagroforestry.org/treedb/AFTPDFS/Theobroma_cacao.PDF,,3.0,assigned_confirm,False,
866,17,Cacao,drought_tolerance_notes,Low,https://tropical.theferns.info/viewtropical.php?id=Theobroma+cacao,,3.0,assigned_confirm,False,
867,17,Cacao,mode_of_nutrition,Autotrophic,https://apps.worldagroforestry.org/treedb/AFTPDFS/Theobroma_cacao.PDF,,3.0,assigned_confirm,False,
868,17,Cacao,native_habitat,Cultivated widely,https://www.stuartxchange.org/Kakaw.html,,2.0,named,False,
869,17,Cacao,growth_form,"Small evergreen tree, low branching",https://www.stuartxchange.org/Kakaw.html,,2.0,named,False,
870,17,Cacao,sexuality_raw,Hermaphroditic,https://apps.worldagroforestry.org/treedb/AFTPDFS/Theobroma_cacao.PDF,,3.0,assigned_confirm,False,
871,17,Cacao,water_preference,High watering,https://tropical.theferns.info/viewtropical.php?id=Theobroma+cacao,,3.0,assigned_confirm,False,
872,17,Cacao,light_preference,Partial Shade,https://tropical.theferns.info/viewtropical.php?id=Theobroma+cacao,,3.0,assigned_confirm,False,
873,17,Cacao,propagation_method,"Seeds, Grafting",https://apps.worldagroforestry.org/treedb/AFTPDFS/Theobroma_cacao.PDF,,3.0,assigned_confirm,False,
874,17,Cacao,plant_partners,"Banana, Gliricidia, Coconut",https://apps.worldagroforestry.org/treedb/AFTPDFS/Theobroma_cacao.PDF,,3.0,assigned_confirm,False,
875,17,Cacao,common_problems,"Cacao pod borer, Black pod rot",https://apps.worldagroforestry.org/treedb/AFTPDFS/Theobroma_cacao.PDF,,3.0,assigned_confirm,False,
876,17,Cacao,humidity,High,https://tropical.theferns.info/viewtropical.php?id=Theobroma+cacao,,3.0,assigned_confirm,False,
877,17,Cacao,spacing_min_m,3,https://apps.worldagroforestry.org/treedb/AFTPDFS/Theobroma_cacao.PDF,,3.0,assigned_confirm,False,
878,17,Cacao,spacing_max_m,4,https://apps.worldagroforestry.org/treedb/AFTPDFS/Theobroma_cacao.PDF,,3.0,assigned_confirm,False,
879,17,Cacao,planting_depth,Collar level,https://apps.worldagroforestry.org/treedb/AFTPDFS/Theobroma_cacao.PDF,,3.0,assigned_confirm,False,
880,17,Cacao,germination_raw,15-20 days,https://apps.worldagroforestry.org/treedb/AFTPDFS/Theobroma_cacao.PDF,,3.0,assigned_confirm,False,
881,17,Cacao,planting_method,Hole 2x root ball,https://apps.worldagroforestry.org/treedb/AFTPDFS/Theobroma_cacao.PDF,,3.0,assigned_confirm,False,
882,17,Cacao,variants,"Trinitario, Forastero, Criollo",https://apps.worldagroforestry.org/treedb/AFTPDFS/Theobroma_cacao.PDF,,3.0,assigned_confirm,False,
883,17,Cacao,drainage,Well-drained,https://apps.worldagroforestry.org/treedb/AFTPDFS/Theobroma_cacao.PDF,,3.0,assigned_confirm,False,
884,17,Cacao,nutritional_requirements,"High NPK, sensitive to zinc deficiency",https://apps.worldagroforestry.org/treedb/AFTPDFS/Theobroma_cacao.PDF,,3.0,assigned_confirm,False,
885,17,Cacao,dry_season_raw,Max 2-3 months,https://apps.worldagroforestry.org/treedb/AFTPDFS/Theobroma_cacao.PDF,,3.0,assigned_confirm,False,
886,17,Cacao,common_uses,"Chocolate production, medicinal",https://www.stuartxchange.org/Kakaw.html,,2.0,named,False,
887,18,Rambutan,common_name,Rambutan,https://www.stuartxchange.org/Rambutan.html,,2.0,named,False,
888,18,Rambutan,scientific_name,Nephelium lappaceum,https://www.stuartxchange.org/Rambutan.html,,2.0,named,False,
889,18,Rambutan,category,High-Value Crop / Fruit Tree,https://apps.worldagroforestry.org/treedb/AFTPDFS/Nephelium_lappaceum.PDF,,3.0,assigned_confirm,False,
890,18,Rambutan,elev_min_m,0,https://apps.worldagroforestry.org/treedb/AFTPDFS/Nephelium_lappaceum.PDF,,3.0,assigned_confirm,False,
891,18,Rambutan,elev_max_m,600,https://apps.worldagroforestry.org/treedb/AFTPDFS/Nephelium_lappaceum.PDF,,3.0,assigned_confirm,False,
892,18,Rambutan,rain_min_mm,2000,https://apps.worldagroforestry.org/treedb/AFTPDFS/Nephelium_lappaceum.PDF,,3.0,assigned_confirm,False,
893,18,Rambutan,rain_max_mm,3000,https://apps.worldagroforestry.org/treedb/AFTPDFS/Nephelium_lappaceum.PDF,,3.0,assigned_confirm,False,
894,18,Rambutan,shade_tol,Low,https://tropical.theferns.info/viewtropical.php?id=Nephelium+lappaceum,,3.0,assigned_confirm,False,
895,18,Rambutan,max_slope_pct,20,https://tropical.theferns.info/viewtropical.php?id=Nephelium+lappaceum,,3.0,assigned_confirm,False,
896,18,Rambutan,soil_raw,"Deep clay-loam, highly organic",https://cagayanvalley.da.gov.ph/wp-content/uploads/2018/02/rambutan_final2012.pdf,,1.0,named,False,
897,18,Rambutan,ph_min,5.5,https://apps.worldagroforestry.org/treedb/AFTPDFS/Nephelium_lappaceum.PDF,,3.0,assigned_confirm,False,
898,18,Rambutan,ph_max,6.5,https://apps.worldagroforestry.org/treedb/AFTPDFS/Nephelium_lappaceum.PDF,,3.0,assigned_confirm,False,
899,18,Rambutan,drought_tol,Low,https://tropical.theferns.info/viewtropical.php?id=Nephelium+lappaceum,,3.0,assigned_confirm,False,
900,18,Rambutan,waterlog_tol,Low,https://apps.worldagroforestry.org/treedb/AFTPDFS/Nephelium_lappaceum.PDF,,3.0,assigned_confirm,False,
901,18,Rambutan,timber_density_raw,0.85,https://apps.worldagroforestry.org/treedb/AFTPDFS/Nephelium_lappaceum.PDF,,3.0,assigned_confirm,False,
902,18,Rambutan,mature_height_m,20,https://www.stuartxchange.org/Rambutan.html,,2.0,named,False,
903,18,Rambutan,canopy_spread_m,12,https://apps.worldagroforestry.org/treedb/AFTPDFS/Nephelium_lappaceum.PDF,,3.0,assigned_confirm,False,
904,18,Rambutan,root_type,Taproot,https://apps.worldagroforestry.org/treedb/AFTPDFS/Nephelium_lappaceum.PDF,,3.0,assigned_confirm,False,
905,18,Rambutan,urban_raw,"Agroforestry, Orchards",https://tropical.theferns.info/viewtropical.php?id=Nephelium+lappaceum,,3.0,assigned_confirm,False,
906,18,Rambutan,temp_min_c,22,https://apps.worldagroforestry.org/treedb/AFTPDFS/Nephelium_lappaceum.PDF,,3.0,assigned_confirm,False,
907,18,Rambutan,temp_max_c,30,https://apps.worldagroforestry.org/treedb/AFTPDFS/Nephelium_lappaceum.PDF,,3.0,assigned_confirm,False,
908,18,Rambutan,corona_raw,"Type I, III, IV",https://apps.worldagroforestry.org/treedb/AFTPDFS/Nephelium_lappaceum.PDF,,3.0,assigned_confirm,False,
909,18,Rambutan,months_raw,"[5, 6, 7]",https://cagayanvalley.da.gov.ph/wp-content/uploads/2018/02/rambutan_final2012.pdf,,1.0,named,False,
910,18,Rambutan,deployment_stage,Grafted Sapling (8-12 mos),https://cagayanvalley.da.gov.ph/wp-content/uploads/2018/02/rambutan_final2012.pdf,,1.0,named,False,
911,18,Rambutan,climate_risk_notes,Highly sensitive to water stress and dry winds,https://cagayanvalley.da.gov.ph/wp-content/uploads/2018/02/rambutan_final2012.pdf,,1.0,named,False,
912,18,Rambutan,typhoon_res,Low,https://tropical.theferns.info/viewtropical.php?id=Nephelium+lappaceum,,3.0,assigned_confirm,False,
913,18,Rambutan,growth_rate_raw,Medium,https://apps.worldagroforestry.org/treedb/AFTPDFS/Nephelium_lappaceum.PDF,,3.0,assigned_confirm,False,
914,18,Rambutan,reference_authority,DA / World Agroforestry,https://cagayanvalley.da.gov.ph/wp-content/uploads/2018/02/rambutan_final2012.pdf,,1.0,named,False,
915,18,Rambutan,special_care_notes,Must maintain male-to-female tree ratio for fruit yield if seed-grown,https://cagayanvalley.da.gov.ph/wp-content/uploads/2018/02/rambutan_final2012.pdf,,1.0,named,False,
916,18,Rambutan,preferred_climate_seasons,Humid tropical,https://apps.worldagroforestry.org/treedb/AFTPDFS/Nephelium_lappaceum.PDF,,3.0,assigned_confirm,False,
917,18,Rambutan,endangered_raw,Least Concern,https://tropical.theferns.info/viewtropical.php?id=Nephelium+lappaceum,,3.0,assigned_confirm,False,
918,18,Rambutan,planting_difficulty,Poor drainage and drought will kill the tree,https://cagayanvalley.da.gov.ph/wp-content/uploads/2018/02/rambutan_final2012.pdf,,1.0,named,False,
919,18,Rambutan,drought_tolerance_notes,Low,https://tropical.theferns.info/viewtropical.php?id=Nephelium+lappaceum,,3.0,assigned_confirm,False,
920,18,Rambutan,mode_of_nutrition,Autotrophic,https://apps.worldagroforestry.org/treedb/AFTPDFS/Nephelium_lappaceum.PDF,,3.0,assigned_confirm,False,
921,18,Rambutan,native_habitat,Cultivated widely,https://www.stuartxchange.org/Rambutan.html,,2.0,named,False,
922,18,Rambutan,growth_form,Medium to large evergreen tree,https://www.stuartxchange.org/Rambutan.html,,2.0,named,False,
923,18,Rambutan,sexuality_raw,Dioecious (mostly),https://apps.worldagroforestry.org/treedb/AFTPDFS/Nephelium_lappaceum.PDF,,3.0,assigned_confirm,False,
924,18,Rambutan,water_preference,High watering,https://tropical.theferns.info/viewtropical.php?id=Nephelium+lappaceum,,3.0,assigned_confirm,False,
925,18,Rambutan,light_preference,Full Sun,https://tropical.theferns.info/viewtropical.php?id=Nephelium+lappaceum,,3.0,assigned_confirm,False,
926,18,Rambutan,propagation_method,"Grafting, Budding",https://cagayanvalley.da.gov.ph/wp-content/uploads/2018/02/rambutan_final2012.pdf,,1.0,named,False,
927,18,Rambutan,plant_partners,Windbreak trees,https://apps.worldagroforestry.org/treedb/AFTPDFS/Nephelium_lappaceum.PDF,,3.0,assigned_confirm,False,
928,18,Rambutan,common_problems,"Fruit borers, mealybugs",https://cagayanvalley.da.gov.ph/wp-content/uploads/2018/02/rambutan_final2012.pdf,,1.0,named,False,
929,18,Rambutan,humidity,High,https://tropical.theferns.info/viewtropical.php?id=Nephelium+lappaceum,,3.0,assigned_confirm,False,
930,18,Rambutan,spacing_min_m,8,https://cagayanvalley.da.gov.ph/wp-content/uploads/2018/02/rambutan_final2012.pdf,,1.0,named,False,
931,18,Rambutan,spacing_max_m,10,https://cagayanvalley.da.gov.ph/wp-content/uploads/2018/02/rambutan_final2012.pdf,,1.0,named,False,
932,18,Rambutan,planting_depth,Collar level,https://cagayanvalley.da.gov.ph/wp-content/uploads/2018/02/rambutan_final2012.pdf,,1.0,named,False,
933,18,Rambutan,germination_raw,14-21 days,https://apps.worldagroforestry.org/treedb/AFTPDFS/Nephelium_lappaceum.PDF,,3.0,assigned_confirm,False,
934,18,Rambutan,planting_method,Hole 2x root ball,https://cagayanvalley.da.gov.ph/wp-content/uploads/2018/02/rambutan_final2012.pdf,,1.0,named,False,
935,18,Rambutan,variants,"Maharlika, R-5, R-7",https://cagayanvalley.da.gov.ph/wp-content/uploads/2018/02/rambutan_final2012.pdf,,1.0,named,False,
936,18,Rambutan,drainage,Very Well-drained,https://apps.worldagroforestry.org/treedb/AFTPDFS/Nephelium_lappaceum.PDF,,3.0,assigned_confirm,False,
937,18,Rambutan,nutritional_requirements,High NPK,https://cagayanvalley.da.gov.ph/wp-content/uploads/2018/02/rambutan_final2012.pdf,,1.0,named,False,
938,18,Rambutan,dry_season_raw,Max 1-2 months,https://apps.worldagroforestry.org/treedb/AFTPDFS/Nephelium_lappaceum.PDF,,3.0,assigned_confirm,False,
939,18,Rambutan,common_uses,Edible fruit,https://www.stuartxchange.org/Rambutan.html,,2.0,named,False,
940,19,Kasoy,common_name,Kasoy,https://www.stuartxchange.org/Kasuy.html,,2.0,named,False,
941,19,Kasoy,scientific_name,Anacardium occidentale,https://www.stuartxchange.org/Kasuy.html,,2.0,named,False,
942,19,Kasoy,category,High-Value Crop / Nut Tree,https://apps.worldagroforestry.org/treedb/AFTPDFS/Anacardium_occidentale.PDF,,3.0,assigned_confirm,False,
943,19,Kasoy,elev_min_m,0,https://apps.worldagroforestry.org/treedb/AFTPDFS/Anacardium_occidentale.PDF,,3.0,assigned_confirm,False,
944,19,Kasoy,elev_max_m,1000,https://apps.worldagroforestry.org/treedb/AFTPDFS/Anacardium_occidentale.PDF,,3.0,assigned_confirm,False,
945,19,Kasoy,rain_min_mm,700,https://apps.worldagroforestry.org/treedb/AFTPDFS/Anacardium_occidentale.PDF,,3.0,assigned_confirm,False,
946,19,Kasoy,rain_max_mm,3500,https://apps.worldagroforestry.org/treedb/AFTPDFS/Anacardium_occidentale.PDF,,3.0,assigned_confirm,False,
947,19,Kasoy,shade_tol,Low,https://tropical.theferns.info/viewtropical.php?id=Anacardium+occidentale,,3.0,assigned_confirm,False,
948,19,Kasoy,max_slope_pct,40,https://tropical.theferns.info/viewtropical.php?id=Anacardium+occidentale,,3.0,assigned_confirm,False,
949,19,Kasoy,soil_raw,"Sandy, lateritic, tolerant of poor soils",https://apps.worldagroforestry.org/treedb/AFTPDFS/Anacardium_occidentale.PDF,,3.0,assigned_confirm,False,
950,19,Kasoy,ph_min,4.5,https://apps.worldagroforestry.org/treedb/AFTPDFS/Anacardium_occidentale.PDF,,3.0,assigned_confirm,False,
951,19,Kasoy,ph_max,6.5,https://apps.worldagroforestry.org/treedb/AFTPDFS/Anacardium_occidentale.PDF,,3.0,assigned_confirm,False,
952,19,Kasoy,drought_tol,High,https://tropical.theferns.info/viewtropical.php?id=Anacardium+occidentale,,3.0,assigned_confirm,False,
953,19,Kasoy,waterlog_tol,Low,https://apps.worldagroforestry.org/treedb/AFTPDFS/Anacardium_occidentale.PDF,,3.0,assigned_confirm,False,
954,19,Kasoy,timber_density_raw,0.50,https://apps.worldagroforestry.org/treedb/AFTPDFS/Anacardium_occidentale.PDF,,3.0,assigned_confirm,False,
955,19,Kasoy,mature_height_m,15,https://www.stuartxchange.org/Kasuy.html,,2.0,named,False,
956,19,Kasoy,canopy_spread_m,12,https://apps.worldagroforestry.org/treedb/AFTPDFS/Anacardium_occidentale.PDF,,3.0,assigned_confirm,False,
957,19,Kasoy,root_type,Extensive Taproot,https://apps.worldagroforestry.org/treedb/AFTPDFS/Anacardium_occidentale.PDF,,3.0,assigned_confirm,False,
958,19,Kasoy,urban_raw,"Agroforestry, Marginal Lands",https://tropical.theferns.info/viewtropical.php?id=Anacardium+occidentale,,3.0,assigned_confirm,False,
959,19,Kasoy,temp_min_c,24,https://apps.worldagroforestry.org/treedb/AFTPDFS/Anacardium_occidentale.PDF,,3.0,assigned_confirm,False,
960,19,Kasoy,temp_max_c,32,https://apps.worldagroforestry.org/treedb/AFTPDFS/Anacardium_occidentale.PDF,,3.0,assigned_confirm,False,
961,19,Kasoy,corona_raw,"Type I, III",https://apps.worldagroforestry.org/treedb/AFTPDFS/Anacardium_occidentale.PDF,,3.0,assigned_confirm,False,
962,19,Kasoy,months_raw,"[5, 6]",https://apps.worldagroforestry.org/treedb/AFTPDFS/Anacardium_occidentale.PDF,,3.0,assigned_confirm,False,
963,19,Kasoy,deployment_stage,Seedling/Grafted (6-8 mos),https://apps.worldagroforestry.org/treedb/AFTPDFS/Anacardium_occidentale.PDF,,3.0,assigned_confirm,False,
964,19,Kasoy,climate_risk_notes,Highly resistant to drought once established,https://apps.worldagroforestry.org/treedb/AFTPDFS/Anacardium_occidentale.PDF,,3.0,assigned_confirm,False,
965,19,Kasoy,typhoon_res,Medium,https://tropical.theferns.info/viewtropical.php?id=Anacardium+occidentale,,3.0,assigned_confirm,False,
966,19,Kasoy,growth_rate_raw,Fast,https://apps.worldagroforestry.org/treedb/AFTPDFS/Anacardium_occidentale.PDF,,3.0,assigned_confirm,False,
967,19,Kasoy,reference_authority,World Agroforestry / StuartXChange,https://www.stuartxchange.org/Kasuy.html,,2.0,named,False,
968,19,Kasoy,special_care_notes,Needs pronounced dry season for best fruit set,https://apps.worldagroforestry.org/treedb/AFTPDFS/Anacardium_occidentale.PDF,,3.0,assigned_confirm,False,
969,19,Kasoy,preferred_climate_seasons,Dry tropical,https://apps.worldagroforestry.org/treedb/AFTPDFS/Anacardium_occidentale.PDF,,3.0,assigned_confirm,False,
970,19,Kasoy,endangered_raw,Least Concern,https://tropical.theferns.info/viewtropical.php?id=Anacardium+occidentale,,3.0,assigned_confirm,False,
971,19,Kasoy,planting_difficulty,Poor drainage guarantees root rot,https://apps.worldagroforestry.org/treedb/AFTPDFS/Anacardium_occidentale.PDF,,3.0,assigned_confirm,False,
972,19,Kasoy,drought_tolerance_notes,High,https://tropical.theferns.info/viewtropical.php?id=Anacardium+occidentale,,3.0,assigned_confirm,False,
973,19,Kasoy,mode_of_nutrition,Autotrophic,https://apps.worldagroforestry.org/treedb/AFTPDFS/Anacardium_occidentale.PDF,,3.0,assigned_confirm,False,
974,19,Kasoy,native_habitat,Cultivated widely,https://www.stuartxchange.org/Kasuy.html,,2.0,named,False,
975,19,Kasoy,growth_form,"Evergreen tree, irregular canopy",https://www.stuartxchange.org/Kasuy.html,,2.0,named,False,
976,19,Kasoy,sexuality_raw,Andromonoecious,https://apps.worldagroforestry.org/treedb/AFTPDFS/Anacardium_occidentale.PDF,,3.0,assigned_confirm,False,
977,19,Kasoy,water_preference,Low watering once established,https://tropical.theferns.info/viewtropical.php?id=Anacardium+occidentale,,3.0,assigned_confirm,False,
978,19,Kasoy,light_preference,Full Sun,https://tropical.theferns.info/viewtropical.php?id=Anacardium+occidentale,,3.0,assigned_confirm,False,
979,19,Kasoy,propagation_method,"Seeds, Grafting",https://apps.worldagroforestry.org/treedb/AFTPDFS/Anacardium_occidentale.PDF,,3.0,assigned_confirm,False,
980,19,Kasoy,plant_partners,Drought-resistant ground cover,https://apps.worldagroforestry.org/treedb/AFTPDFS/Anacardium_occidentale.PDF,,3.0,assigned_confirm,False,
981,19,Kasoy,common_problems,Tea mosquito bug,https://apps.worldagroforestry.org/treedb/AFTPDFS/Anacardium_occidentale.PDF,,3.0,assigned_confirm,False,
982,19,Kasoy,humidity,Low,https://tropical.theferns.info/viewtropical.php?id=Anacardium+occidentale,,3.0,assigned_confirm,False,
983,19,Kasoy,spacing_min_m,8,https://apps.worldagroforestry.org/treedb/AFTPDFS/Anacardium_occidentale.PDF,,3.0,assigned_confirm,False,
984,19,Kasoy,spacing_max_m,10,https://apps.worldagroforestry.org/treedb/AFTPDFS/Anacardium_occidentale.PDF,,3.0,assigned_confirm,False,
985,19,Kasoy,planting_depth,Collar level,https://apps.worldagroforestry.org/treedb/AFTPDFS/Anacardium_occidentale.PDF,,3.0,assigned_confirm,False,
986,19,Kasoy,germination_raw,15-20 days,https://apps.worldagroforestry.org/treedb/AFTPDFS/Anacardium_occidentale.PDF,,3.0,assigned_confirm,False,
987,19,Kasoy,planting_method,Hole 2x root ball,https://apps.worldagroforestry.org/treedb/AFTPDFS/Anacardium_occidentale.PDF,,3.0,assigned_confirm,False,
988,19,Kasoy,drainage,Well-drained,https://apps.worldagroforestry.org/treedb/AFTPDFS/Anacardium_occidentale.PDF,,3.0,assigned_confirm,False,
989,19,Kasoy,nutritional_requirements,Low requirement,https://apps.worldagroforestry.org/treedb/AFTPDFS/Anacardium_occidentale.PDF,,3.0,assigned_confirm,False,
990,19,Kasoy,dry_season_raw,Max 6-7 months,https://apps.worldagroforestry.org/treedb/AFTPDFS/Anacardium_occidentale.PDF,,3.0,assigned_confirm,False,
991,19,Kasoy,common_uses,"Edible nuts, pseudo-fruit, medicinal",https://www.stuartxchange.org/Kasuy.html,,2.0,named,False,
992,20,Sampalok,common_name,Sampalok,https://www.stuartxchange.org/Sampalok,,2.0,named,False,
993,20,Sampalok,scientific_name,Tamarindus indica,https://www.stuartxchange.org/Sampalok,,2.0,named,False,
994,20,Sampalok,category,High-Value Crop / Fruit Tree,https://apps.worldagroforestry.org/treedb/AFTPDFS/Tamarindus_indica.PDF,,3.0,assigned_confirm,False,
995,20,Sampalok,elev_min_m,0,https://apps.worldagroforestry.org/treedb/AFTPDFS/Tamarindus_indica.PDF,,3.0,assigned_confirm,False,
996,20,Sampalok,elev_max_m,1500,https://apps.worldagroforestry.org/treedb/AFTPDFS/Tamarindus_indica.PDF,,3.0,assigned_confirm,False,
997,20,Sampalok,rain_min_mm,500,https://apps.worldagroforestry.org/treedb/AFTPDFS/Tamarindus_indica.PDF,,3.0,assigned_confirm,False,
998,20,Sampalok,rain_max_mm,1500,https://apps.worldagroforestry.org/treedb/AFTPDFS/Tamarindus_indica.PDF,,3.0,assigned_confirm,False,
999,20,Sampalok,shade_tol,Low,https://tropical.theferns.info/viewtropical.php?id=Tamarindus+indica,,3.0,assigned_confirm,False,
1000,20,Sampalok,max_slope_pct,30,https://tropical.theferns.info/viewtropical.php?id=Tamarindus+indica,,3.0,assigned_confirm,False,
1001,20,Sampalok,soil_raw,"Deep alluvial, tolerant of poor and rocky soils",https://apps.worldagroforestry.org/treedb/AFTPDFS/Tamarindus_indica.PDF,,3.0,assigned_confirm,False,
1002,20,Sampalok,ph_min,5.5,https://apps.worldagroforestry.org/treedb/AFTPDFS/Tamarindus_indica.PDF,,3.0,assigned_confirm,False,
1003,20,Sampalok,ph_max,6.8,https://apps.worldagroforestry.org/treedb/AFTPDFS/Tamarindus_indica.PDF,,3.0,assigned_confirm,False,
1004,20,Sampalok,drought_tol,High,https://tropical.theferns.info/viewtropical.php?id=Tamarindus+indica,,3.0,assigned_confirm,False,
1005,20,Sampalok,waterlog_tol,Low,https://apps.worldagroforestry.org/treedb/AFTPDFS/Tamarindus_indica.PDF,,3.0,assigned_confirm,False,
1006,20,Sampalok,timber_density_raw,0.80,https://apps.worldagroforestry.org/treedb/AFTPDFS/Tamarindus_indica.PDF,,3.0,assigned_confirm,False,
1007,20,Sampalok,mature_height_m,25,https://www.stuartxchange.org/Sampalok,,2.0,named,False,
1008,20,Sampalok,canopy_spread_m,15,https://apps.worldagroforestry.org/treedb/AFTPDFS/Tamarindus_indica.PDF,,3.0,assigned_confirm,False,
1009,20,Sampalok,root_type,Deep Taproot,https://apps.worldagroforestry.org/treedb/AFTPDFS/Tamarindus_indica.PDF,,3.0,assigned_confirm,False,
1010,20,Sampalok,urban_raw,"Parks, Agroforestry",https://tropical.theferns.info/viewtropical.php?id=Tamarindus+indica,,3.0,assigned_confirm,False,
1011,20,Sampalok,temp_min_c,20,https://apps.worldagroforestry.org/treedb/AFTPDFS/Tamarindus_indica.PDF,,3.0,assigned_confirm,False,
1012,20,Sampalok,temp_max_c,33,https://apps.worldagroforestry.org/treedb/AFTPDFS/Tamarindus_indica.PDF,,3.0,assigned_confirm,False,
1013,20,Sampalok,corona_raw,"Type I, III",https://apps.worldagroforestry.org/treedb/AFTPDFS/Tamarindus_indica.PDF,,3.0,assigned_confirm,False,
1014,20,Sampalok,months_raw,"[5, 6]",https://apps.worldagroforestry.org/treedb/AFTPDFS/Tamarindus_indica.PDF,,3.0,assigned_confirm,False,
1015,20,Sampalok,deployment_stage,Sapling (6-8 mos),https://apps.worldagroforestry.org/treedb/AFTPDFS/Tamarindus_indica.PDF,,3.0,assigned_confirm,False,
1016,20,Sampalok,climate_risk_notes,Highly wind-resistant,https://apps.worldagroforestry.org/treedb/AFTPDFS/Tamarindus_indica.PDF,,3.0,assigned_confirm,False,
1017,20,Sampalok,typhoon_res,High,https://tropical.theferns.info/viewtropical.php?id=Tamarindus+indica,,3.0,assigned_confirm,False,
1018,20,Sampalok,growth_rate_raw,Slow,https://apps.worldagroforestry.org/treedb/AFTPDFS/Tamarindus_indica.PDF,,3.0,assigned_confirm,False,
1019,20,Sampalok,reference_authority,World Agroforestry / StuartXChange,https://www.stuartxchange.org/Sampalok,,2.0,named,False,
1020,20,Sampalok,special_care_notes,Extremely long-lived; requires a long dry season for fruit maturity,https://apps.worldagroforestry.org/treedb/AFTPDFS/Tamarindus_indica.PDF,,3.0,assigned_confirm,False,
1021,20,Sampalok,preferred_climate_seasons,Dry tropical,https://apps.worldagroforestry.org/treedb/AFTPDFS/Tamarindus_indica.PDF,,3.0,assigned_confirm,False,
1022,20,Sampalok,endangered_raw,Least Concern,https://tropical.theferns.info/viewtropical.php?id=Tamarindus+indica,,3.0,assigned_confirm,False,
1023,20,Sampalok,planting_difficulty,Intolerant of waterlogging,https://apps.worldagroforestry.org/treedb/AFTPDFS/Tamarindus_indica.PDF,,3.0,assigned_confirm,False,
1024,20,Sampalok,drought_tolerance_notes,High,https://tropical.theferns.info/viewtropical.php?id=Tamarindus+indica,,3.0,assigned_confirm,False,
1025,20,Sampalok,mode_of_nutrition,Autotrophic,https://apps.worldagroforestry.org/treedb/AFTPDFS/Tamarindus_indica.PDF,,3.0,assigned_confirm,False,
1026,20,Sampalok,native_habitat,Cultivated widely,https://www.stuartxchange.org/Sampalok,,2.0,named,False,
1027,20,Sampalok,growth_form,"Large evergreen tree, dense rounded crown",https://www.stuartxchange.org/Sampalok,,2.0,named,False,
1028,20,Sampalok,sexuality_raw,Hermaphroditic,https://apps.worldagroforestry.org/treedb/AFTPDFS/Tamarindus_indica.PDF,,3.0,assigned_confirm,False,
1029,20,Sampalok,water_preference,Low watering once established,https://tropical.theferns.info/viewtropical.php?id=Tamarindus+indica,,3.0,assigned_confirm,False,
1030,20,Sampalok,light_preference,Full Sun,https://tropical.theferns.info/viewtropical.php?id=Tamarindus+indica,,3.0,assigned_confirm,False,
1031,20,Sampalok,propagation_method,"Seeds, Grafting",https://apps.worldagroforestry.org/treedb/AFTPDFS/Tamarindus_indica.PDF,,3.0,assigned_confirm,False,
1032,20,Sampalok,plant_partners,Drought-resistant ground cover,https://apps.worldagroforestry.org/treedb/AFTPDFS/Tamarindus_indica.PDF,,3.0,assigned_confirm,False,
1033,20,Sampalok,common_problems,Pod borers,https://apps.worldagroforestry.org/treedb/AFTPDFS/Tamarindus_indica.PDF,,3.0,assigned_confirm,False,
1034,20,Sampalok,humidity,Low,https://tropical.theferns.info/viewtropical.php?id=Tamarindus+indica,,3.0,assigned_confirm,False,
1035,20,Sampalok,spacing_min_m,10,https://apps.worldagroforestry.org/treedb/AFTPDFS/Tamarindus_indica.PDF,,3.0,assigned_confirm,False,
1036,20,Sampalok,spacing_max_m,15,https://apps.worldagroforestry.org/treedb/AFTPDFS/Tamarindus_indica.PDF,,3.0,assigned_confirm,False,
1037,20,Sampalok,planting_depth,Collar level,https://apps.worldagroforestry.org/treedb/AFTPDFS/Tamarindus_indica.PDF,,3.0,assigned_confirm,False,
1038,20,Sampalok,germination_raw,10-20 days,https://apps.worldagroforestry.org/treedb/AFTPDFS/Tamarindus_indica.PDF,,3.0,assigned_confirm,False,
1039,20,Sampalok,planting_method,Hole 2x root ball,https://apps.worldagroforestry.org/treedb/AFTPDFS/Tamarindus_indica.PDF,,3.0,assigned_confirm,False,
1040,20,Sampalok,variants,Sweet and sour varieties,https://apps.worldagroforestry.org/treedb/AFTPDFS/Tamarindus_indica.PDF,,3.0,assigned_confirm,False,
1041,20,Sampalok,drainage,Well-drained,https://apps.worldagroforestry.org/treedb/AFTPDFS/Tamarindus_indica.PDF,,3.0,assigned_confirm,False,
1042,20,Sampalok,nutritional_requirements,Low requirement,https://apps.worldagroforestry.org/treedb/AFTPDFS/Tamarindus_indica.PDF,,3.0,assigned_confirm,False,
1043,20,Sampalok,dry_season_raw,Max 6-8 months,https://apps.worldagroforestry.org/treedb/AFTPDFS/Tamarindus_indica.PDF,,3.0,assigned_confirm,False,
1044,20,Sampalok,common_uses,"Edible fruit, flavoring, timber",https://www.stuartxchange.org/Sampalok,,2.0,named,False,
1045,21,Yakal,common_name,Yakal,https://binhi.ph/tree-info/?tree-name=Yakal,,4.0,unranked,False,
1046,21,Yakal,scientific_name,Shorea astylosa,https://binhi.ph/tree-info/?tree-name=Yakal,,4.0,unranked,False,
1047,21,Yakal,category,Native Timber,https://binhi.ph/tree-info/?tree-name=Yakal,,4.0,unranked,False,
1048,21,Yakal,elev_min_m,0,https://tropical.theferns.info/viewtropical.php?id=Shorea+astylosa,,3.0,assigned_confirm,False,
1049,21,Yakal,elev_max_m,1000,https://tropical.theferns.info/viewtropical.php?id=Shorea+astylosa,,3.0,assigned_confirm,False,
1050,21,Yakal,rain_min_mm,1500,https://tropical.theferns.info/viewtropical.php?id=Shorea+astylosa,,3.0,assigned_confirm,False,
1051,21,Yakal,rain_max_mm,3500,https://tropical.theferns.info/viewtropical.php?id=Shorea+astylosa,,3.0,assigned_confirm,False,
1052,21,Yakal,shade_tol,High,https://tropical.theferns.info/viewtropical.php?id=Shorea+astylosa,,3.0,assigned_confirm,False,
1053,21,Yakal,max_slope_pct,45,https://tropical.theferns.info/viewtropical.php?id=Shorea+astylosa,,3.0,assigned_confirm,False,
1054,21,Yakal,soil_raw,"Clay-Loam, Volcanic Loam",https://tropical.theferns.info/viewtropical.php?id=Shorea+astylosa,,3.0,assigned_confirm,False,
1055,21,Yakal,ph_min,5.0,https://tropical.theferns.info/viewtropical.php?id=Shorea+astylosa,,3.0,assigned_confirm,False,
1056,21,Yakal,ph_max,6.5,https://tropical.theferns.info/viewtropical.php?id=Shorea+astylosa,,3.0,assigned_confirm,False,
1057,21,Yakal,drought_tol,Low,https://tropical.theferns.info/viewtropical.php?id=Shorea+astylosa,,3.0,assigned_confirm,False,
1058,21,Yakal,waterlog_tol,Low,https://tropical.theferns.info/viewtropical.php?id=Shorea+astylosa,,3.0,assigned_confirm,False,
1059,21,Yakal,timber_density_raw,0.90,https://binhi.ph/tree-info/?tree-name=Yakal,,4.0,unranked,False,
1060,21,Yakal,mature_height_m,35,https://binhi.ph/tree-info/?tree-name=Yakal,,4.0,unranked,False,
1061,21,Yakal,canopy_spread_m,20,https://tropical.theferns.info/viewtropical.php?id=Shorea+astylosa,,3.0,assigned_confirm,False,
1062,21,Yakal,root_type,Taproot,https://tropical.theferns.info/viewtropical.php?id=Shorea+astylosa,,3.0,assigned_confirm,False,
1063,21,Yakal,urban_raw,"Watershed, Forest Restoration",https://tropical.theferns.info/viewtropical.php?id=Shorea+astylosa,,3.0,assigned_confirm,False,
1064,21,Yakal,temp_min_c,24,https://tropical.theferns.info/viewtropical.php?id=Shorea+astylosa,,3.0,assigned_confirm,False,
1065,21,Yakal,temp_max_c,28,https://tropical.theferns.info/viewtropical.php?id=Shorea+astylosa,,3.0,assigned_confirm,False,
1066,21,Yakal,corona_raw,"Type I, III, IV",https://tropical.theferns.info/viewtropical.php?id=Shorea+astylosa,,3.0,assigned_confirm,False,
1067,21,Yakal,months_raw,"[7, 8]",https://tropical.theferns.info/viewtropical.php?id=Shorea+astylosa,,3.0,assigned_confirm,False,
1068,21,Yakal,deployment_stage,Sapling (8-10 mos),https://tropical.theferns.info/viewtropical.php?id=Shorea+astylosa,,3.0,assigned_confirm,False,
1069,21,Yakal,climate_risk_notes,Requires shading during seedling stage; highly vulnerable to drought,https://tropical.theferns.info/viewtropical.php?id=Shorea+astylosa,,3.0,assigned_confirm,False,
1070,21,Yakal,typhoon_res,Medium,https://tropical.theferns.info/viewtropical.php?id=Shorea+astylosa,,3.0,assigned_confirm,False,
1071,21,Yakal,growth_rate_raw,Slow,https://tropical.theferns.info/viewtropical.php?id=Shorea+astylosa,,3.0,assigned_confirm,False,
1072,21,Yakal,reference_authority,DENR-ERDB / POWO,https://binhi.ph/tree-info/?tree-name=Yakal,,4.0,unranked,False,
1073,21,Yakal,special_care_notes,Dipterocarp species; requires mycorrhizal fungi for establishment,https://tropical.theferns.info/viewtropical.php?id=Shorea+astylosa,,3.0,assigned_confirm,False,
1074,21,Yakal,preferred_climate_seasons,Humid tropical,https://tropical.theferns.info/viewtropical.php?id=Shorea+astylosa,,3.0,assigned_confirm,False,
1075,21,Yakal,endangered_raw,Critically Endangered,https://binhi.ph/tree-info/?tree-name=Yakal,,4.0,unranked,False,
1076,21,Yakal,planting_difficulty,High difficulty; seed recalcitrance and requires nurse trees,https://tropical.theferns.info/viewtropical.php?id=Shorea+astylosa,,3.0,assigned_confirm,False,
1077,21,Yakal,drought_tolerance_notes,Low,https://tropical.theferns.info/viewtropical.php?id=Shorea+astylosa,,3.0,assigned_confirm,False,
1078,21,Yakal,mode_of_nutrition,Autotrophic,https://tropical.theferns.info/viewtropical.php?id=Shorea+astylosa,,3.0,assigned_confirm,False,
1079,21,Yakal,native_habitat,Primary forests,https://binhi.ph/tree-info/?tree-name=Yakal,,4.0,unranked,False,
1080,21,Yakal,growth_form,"Tall canopy tree, straight bole",https://binhi.ph/tree-info/?tree-name=Yakal,,4.0,unranked,False,
1081,21,Yakal,sexuality_raw,Hermaphroditic,https://tropical.theferns.info/viewtropical.php?id=Shorea+astylosa,,3.0,assigned_confirm,False,
1082,21,Yakal,water_preference,High watering,https://tropical.theferns.info/viewtropical.php?id=Shorea+astylosa,,3.0,assigned_confirm,False,
1083,21,Yakal,light_preference,"Partial Shade when young, Full Sun when mature",https://tropical.theferns.info/viewtropical.php?id=Shorea+astylosa,,3.0,assigned_confirm,False,
1084,21,Yakal,propagation_method,Seeds,https://tropical.theferns.info/viewtropical.php?id=Shorea+astylosa,,3.0,assigned_confirm,False,
1085,21,Yakal,plant_partners,Pioneer forest species,https://tropical.theferns.info/viewtropical.php?id=Shorea+astylosa,,3.0,assigned_confirm,False,
1086,21,Yakal,common_problems,Seed recalcitrance,https://tropical.theferns.info/viewtropical.php?id=Shorea+astylosa,,3.0,assigned_confirm,False,
1087,21,Yakal,humidity,High,https://tropical.theferns.info/viewtropical.php?id=Shorea+astylosa,,3.0,assigned_confirm,False,
1088,21,Yakal,spacing_min_m,10,https://tropical.theferns.info/viewtropical.php?id=Shorea+astylosa,,3.0,assigned_confirm,False,
1089,21,Yakal,spacing_max_m,15,https://tropical.theferns.info/viewtropical.php?id=Shorea+astylosa,,3.0,assigned_confirm,False,
1090,21,Yakal,planting_depth,Collar level,https://tropical.theferns.info/viewtropical.php?id=Shorea+astylosa,,3.0,assigned_confirm,False,
1091,21,Yakal,germination_raw,14-25 days,https://tropical.theferns.info/viewtropical.php?id=Shorea+astylosa,,3.0,assigned_confirm,False,
1092,21,Yakal,planting_method,Hole 2x root ball,https://tropical.theferns.info/viewtropical.php?id=Shorea+astylosa,,3.0,assigned_confirm,False,
1093,21,Yakal,drainage,Well-drained,https://tropical.theferns.info/viewtropical.php?id=Shorea+astylosa,,3.0,assigned_confirm,False,
1094,21,Yakal,nutritional_requirements,Standard NPK + Mycorrhiza,https://tropical.theferns.info/viewtropical.php?id=Shorea+astylosa,,3.0,assigned_confirm,False,
1095,21,Yakal,dry_season_raw,Max 2-3 months,https://tropical.theferns.info/viewtropical.php?id=Shorea+astylosa,,3.0,assigned_confirm,False,
1096,21,Yakal,common_uses,Premium construction timber,https://binhi.ph/tree-info/?tree-name=Yakal,,4.0,unranked,False,
1097,22,Indian/Carabao Mango,common_name,Indian/Carabao Mango,https://www.stuartxchange.org/Mangga.html,,2.0,named,False,
1098,22,Indian/Carabao Mango,scientific_name,Mangifera indica,https://www.stuartxchange.org/Mangga.html,,2.0,named,False,
1099,22,Indian/Carabao Mango,category,High-Value Crop / Fruit Tree,https://apps.worldagroforestry.org/treedb/AFTPDFS/Mangifera_indica.PDF,,3.0,assigned_confirm,False,
1100,22,Indian/Carabao Mango,elev_min_m,0,https://apps.worldagroforestry.org/treedb/AFTPDFS/Mangifera_indica.PDF,,3.0,assigned_confirm,False,
1101,22,Indian/Carabao Mango,elev_max_m,1200,https://apps.worldagroforestry.org/treedb/AFTPDFS/Mangifera_indica.PDF,,3.0,assigned_confirm,False,
1102,22,Indian/Carabao Mango,rain_min_mm,700,https://apps.worldagroforestry.org/treedb/AFTPDFS/Mangifera_indica.PDF,,3.0,assigned_confirm,False,
1103,22,Indian/Carabao Mango,rain_max_mm,2500,https://apps.worldagroforestry.org/treedb/AFTPDFS/Mangifera_indica.PDF,,3.0,assigned_confirm,False,
1104,22,Indian/Carabao Mango,shade_tol,Low,https://apps.worldagroforestry.org/treedb/AFTPDFS/Mangifera_indica.PDF,,3.0,assigned_confirm,False,
1105,22,Indian/Carabao Mango,max_slope_pct,25,https://apps.worldagroforestry.org/treedb/AFTPDFS/Mangifera_indica.PDF,,3.0,assigned_confirm,False,
1106,22,Indian/Carabao Mango,soil_raw,"Deep loam, sandy loam, alluvial",https://philippinetrees.com/philippine-mango-tree-carabao/,,4.0,unranked,False,
1107,22,Indian/Carabao Mango,ph_min,5.5,https://apps.worldagroforestry.org/treedb/AFTPDFS/Mangifera_indica.PDF,,3.0,assigned_confirm,False,
1108,22,Indian/Carabao Mango,ph_max,7.5,https://apps.worldagroforestry.org/treedb/AFTPDFS/Mangifera_indica.PDF,,3.0,assigned_confirm,False,
1109,22,Indian/Carabao Mango,drought_tol,High,https://urbangoesgreen.com/plant-guide/edible/mangga/,,4.0,unranked,False,
1110,22,Indian/Carabao Mango,waterlog_tol,Low,https://apps.worldagroforestry.org/treedb/AFTPDFS/Mangifera_indica.PDF,,3.0,assigned_confirm,False,
1111,22,Indian/Carabao Mango,timber_density_raw,0.65,https://apps.worldagroforestry.org/treedb/AFTPDFS/Mangifera_indica.PDF,,3.0,assigned_confirm,False,
1112,22,Indian/Carabao Mango,mature_height_m,25,https://www.stuartxchange.org/Mangga.html,,2.0,named,False,
1113,22,Indian/Carabao Mango,canopy_spread_m,15,https://apps.worldagroforestry.org/treedb/AFTPDFS/Mangifera_indica.PDF,,3.0,assigned_confirm,False,
1114,22,Indian/Carabao Mango,root_type,Deep Taproot,https://apps.worldagroforestry.org/treedb/AFTPDFS/Mangifera_indica.PDF,,3.0,assigned_confirm,False,
1115,22,Indian/Carabao Mango,urban_raw,"Agroforestry, Orchards, Parks",https://urbangoesgreen.com/plant-guide/edible/mangga/,,4.0,unranked,False,
1116,22,Indian/Carabao Mango,temp_min_c,24,https://apps.worldagroforestry.org/treedb/AFTPDFS/Mangifera_indica.PDF,,3.0,assigned_confirm,False,
1117,22,Indian/Carabao Mango,temp_max_c,32,https://apps.worldagroforestry.org/treedb/AFTPDFS/Mangifera_indica.PDF,,3.0,assigned_confirm,False,
1118,22,Indian/Carabao Mango,corona_raw,Type I,https://philippinetrees.com/philippine-mango-tree-carabao/,,4.0,unranked,False,
1119,22,Indian/Carabao Mango,months_raw,"[5, 6, 7]",https://urbangoesgreen.com/plant-guide/edible/mangga/,,4.0,unranked,False,
1120,22,Indian/Carabao Mango,deployment_stage,Grafted Sapling (6-12 mos),https://philippinetrees.com/philippine-mango-tree-carabao/,,4.0,unranked,False,
1121,22,Indian/Carabao Mango,climate_risk_notes,Requires dry season for flowering; rain during bloom causes flower drop,https://apps.worldagroforestry.org/treedb/AFTPDFS/Mangifera_indica.PDF,,3.0,assigned_confirm,False,
1122,22,Indian/Carabao Mango,typhoon_res,Medium,https://apps.worldagroforestry.org/treedb/AFTPDFS/Mangifera_indica.PDF,,3.0,assigned_confirm,False,
1123,22,Indian/Carabao Mango,growth_rate_raw,Fast,https://apps.worldagroforestry.org/treedb/AFTPDFS/Mangifera_indica.PDF,,3.0,assigned_confirm,False,
1124,22,Indian/Carabao Mango,reference_authority,DOST-PCAARRD / World Agroforestry,https://apps.worldagroforestry.org/treedb/AFTPDFS/Mangifera_indica.PDF,,3.0,assigned_confirm,False,
1125,22,Indian/Carabao Mango,special_care_notes,Pruning and flower induction using potassium nitrate recommended,https://philippinetrees.com/philippine-mango-tree-carabao/,,4.0,unranked,False,
1126,22,Indian/Carabao Mango,preferred_climate_seasons,Dry tropical,https://apps.worldagroforestry.org/treedb/AFTPDFS/Mangifera_indica.PDF,,3.0,assigned_confirm,False,
1127,22,Indian/Carabao Mango,endangered_raw,Least Concern,https://apps.worldagroforestry.org/treedb/AFTPDFS/Mangifera_indica.PDF,,3.0,assigned_confirm,False,
1128,22,Indian/Carabao Mango,planting_difficulty,Susceptible to anthracnose in highly humid zones,https://apps.worldagroforestry.org/treedb/AFTPDFS/Mangifera_indica.PDF,,3.0,assigned_confirm,False,
1129,22,Indian/Carabao Mango,drought_tolerance_notes,High,https://urbangoesgreen.com/plant-guide/edible/mangga/,,4.0,unranked,False,
1130,22,Indian/Carabao Mango,mode_of_nutrition,Autotrophic,https://apps.worldagroforestry.org/treedb/AFTPDFS/Mangifera_indica.PDF,,3.0,assigned_confirm,False,
1131,22,Indian/Carabao Mango,native_habitat,Cultivated widely,https://www.stuartxchange.org/Mangga.html,,2.0,named,False,
1132,22,Indian/Carabao Mango,growth_form,"Large evergreen tree, dense dome-shaped canopy",https://www.stuartxchange.org/Mangga.html,,2.0,named,False,
1133,22,Indian/Carabao Mango,sexuality_raw,Andromonoecious,https://apps.worldagroforestry.org/treedb/AFTPDFS/Mangifera_indica.PDF,,3.0,assigned_confirm,False,
1134,22,Indian/Carabao Mango,water_preference,Low watering once established,https://urbangoesgreen.com/plant-guide/edible/mangga/,,4.0,unranked,False,
1135,22,Indian/Carabao Mango,light_preference,Full Sun,https://apps.worldagroforestry.org/treedb/AFTPDFS/Mangifera_indica.PDF,,3.0,assigned_confirm,False,
1136,22,Indian/Carabao Mango,propagation_method,Grafting,https://philippinetrees.com/philippine-mango-tree-carabao/,,4.0,unranked,False,
1137,22,Indian/Carabao Mango,plant_partners,Nitrogen-fixing ground cover,https://apps.worldagroforestry.org/treedb/AFTPDFS/Mangifera_indica.PDF,,3.0,assigned_confirm,False,
1138,22,Indian/Carabao Mango,common_problems,"Mango hoppers, Anthracnose",https://apps.worldagroforestry.org/treedb/AFTPDFS/Mangifera_indica.PDF,,3.0,assigned_confirm,False,
1139,22,Indian/Carabao Mango,humidity,Medium,https://apps.worldagroforestry.org/treedb/AFTPDFS/Mangifera_indica.PDF,,3.0,assigned_confirm,False,
1140,22,Indian/Carabao Mango,spacing_min_m,10,https://apps.worldagroforestry.org/treedb/AFTPDFS/Mangifera_indica.PDF,,3.0,assigned_confirm,False,
1141,22,Indian/Carabao Mango,spacing_max_m,12,https://apps.worldagroforestry.org/treedb/AFTPDFS/Mangifera_indica.PDF,,3.0,assigned_confirm,False,
1142,22,Indian/Carabao Mango,planting_depth,Collar level,https://apps.worldagroforestry.org/treedb/AFTPDFS/Mangifera_indica.PDF,,3.0,assigned_confirm,False,
1143,22,Indian/Carabao Mango,germination_raw,20-30 days,https://apps.worldagroforestry.org/treedb/AFTPDFS/Mangifera_indica.PDF,,3.0,assigned_confirm,False,
1144,22,Indian/Carabao Mango,planting_method,Hole 2x root ball,https://urbangoesgreen.com/plant-guide/edible/mangga/,,4.0,unranked,False,
1145,22,Indian/Carabao Mango,variants,"Carabao, Pico, Indian",https://philippinetrees.com/philippine-mango-tree-carabao/,,4.0,unranked,False,
1146,22,Indian/Carabao Mango,drainage,Very Well-drained,https://apps.worldagroforestry.org/treedb/AFTPDFS/Mangifera_indica.PDF,,3.0,assigned_confirm,False,
1147,22,Indian/Carabao Mango,nutritional_requirements,High Potassium and Phosphorus for fruiting,https://philippinetrees.com/philippine-mango-tree-carabao/,,4.0,unranked,False,
1148,22,Indian/Carabao Mango,dry_season_raw,Max 6-7 months,https://apps.worldagroforestry.org/treedb/AFTPDFS/Mangifera_indica.PDF,,3.0,assigned_confirm,False,
1149,22,Indian/Carabao Mango,common_uses,"Edible fruit, timber",https://www.stuartxchange.org/Mangga.html,,2.0,named,False,
1150,23,Santol,common_name,Santol,https://www.stuartxchange.org/Santol.html,,2.0,named,False,
1151,23,Santol,scientific_name,Sandoricum koetjape,https://www.stuartxchange.org/Santol.html,,2.0,named,False,
1152,23,Santol,category,High-Value Crop / Fruit Tree,https://tropical.theferns.info/viewtropical.php?id=Sandoricum+koetjape,,3.0,assigned_confirm,False,
1153,23,Santol,elev_min_m,0,https://tropical.theferns.info/viewtropical.php?id=Sandoricum+koetjape,,3.0,assigned_confirm,False,
1154,23,Santol,elev_max_m,1000,https://tropical.theferns.info/viewtropical.php?id=Sandoricum+koetjape,,3.0,assigned_confirm,False,
1155,23,Santol,rain_min_mm,1500,https://tropical.theferns.info/viewtropical.php?id=Sandoricum+koetjape,,3.0,assigned_confirm,False,
1156,23,Santol,rain_max_mm,3500,https://tropical.theferns.info/viewtropical.php?id=Sandoricum+koetjape,,3.0,assigned_confirm,False,
1157,23,Santol,shade_tol,Medium,https://tropical.theferns.info/viewtropical.php?id=Sandoricum+koetjape,,3.0,assigned_confirm,False,
1158,23,Santol,max_slope_pct,30,https://tropical.theferns.info/viewtropical.php?id=Sandoricum+koetjape,,3.0,assigned_confirm,False,
1159,23,Santol,soil_raw,"Clay-Loam, Alluvial",https://tropical.theferns.info/viewtropical.php?id=Sandoricum+koetjape,,3.0,assigned_confirm,False,
1160,23,Santol,ph_min,5.0,https://tropical.theferns.info/viewtropical.php?id=Sandoricum+koetjape,,3.0,assigned_confirm,False,
1161,23,Santol,ph_max,7.0,https://tropical.theferns.info/viewtropical.php?id=Sandoricum+koetjape,,3.0,assigned_confirm,False,
1162,23,Santol,drought_tol,Medium,https://tropical.theferns.info/viewtropical.php?id=Sandoricum+koetjape,,3.0,assigned_confirm,False,
1163,23,Santol,waterlog_tol,Low,https://tropical.theferns.info/viewtropical.php?id=Sandoricum+koetjape,,3.0,assigned_confirm,False,
1164,23,Santol,timber_density_raw,0.55,https://tropical.theferns.info/viewtropical.php?id=Sandoricum+koetjape,,3.0,assigned_confirm,False,
1165,23,Santol,mature_height_m,30,https://www.stuartxchange.org/Santol.html,,2.0,named,False,
1166,23,Santol,canopy_spread_m,15,https://tropical.theferns.info/viewtropical.php?id=Sandoricum+koetjape,,3.0,assigned_confirm,False,
1167,23,Santol,root_type,Taproot,https://tropical.theferns.info/viewtropical.php?id=Sandoricum+koetjape,,3.0,assigned_confirm,False,
1168,23,Santol,urban_raw,"Agroforestry, Parks, Household Gardens",https://urbangoesgreen.com/plant-guide/edible/santol/,,4.0,unranked,False,
1169,23,Santol,temp_min_c,22,https://tropical.theferns.info/viewtropical.php?id=Sandoricum+koetjape,,3.0,assigned_confirm,False,
1170,23,Santol,temp_max_c,32,https://tropical.theferns.info/viewtropical.php?id=Sandoricum+koetjape,,3.0,assigned_confirm,False,
1171,23,Santol,corona_raw,"Type I, III, IV",https://tropical.theferns.info/viewtropical.php?id=Sandoricum+koetjape,,3.0,assigned_confirm,False,
1172,23,Santol,months_raw,"[5, 6, 7]",https://urbangoesgreen.com/plant-guide/edible/santol/,,4.0,unranked,False,
1173,23,Santol,deployment_stage,Grafted Sapling (6-8 mos),https://tropical.theferns.info/viewtropical.php?id=Sandoricum+koetjape,,3.0,assigned_confirm,False,
1174,23,Santol,climate_risk_notes,Intolerant of severe drought,https://tropical.theferns.info/viewtropical.php?id=Sandoricum+koetjape,,3.0,assigned_confirm,False,
1175,23,Santol,typhoon_res,High,https://tropical.theferns.info/viewtropical.php?id=Sandoricum+koetjape,,3.0,assigned_confirm,False,
1176,23,Santol,growth_rate_raw,Fast,https://tropical.theferns.info/viewtropical.php?id=Sandoricum+koetjape,,3.0,assigned_confirm,False,
1177,23,Santol,reference_authority,StuartXChange / POWO,https://www.stuartxchange.org/Santol.html,,2.0,named,False,
1178,23,Santol,special_care_notes,Requires regular pruning,https://tropical.theferns.info/viewtropical.php?id=Sandoricum+koetjape,,3.0,assigned_confirm,False,
1179,23,Santol,preferred_climate_seasons,Humid tropical,https://tropical.theferns.info/viewtropical.php?id=Sandoricum+koetjape,,3.0,assigned_confirm,False,
1180,23,Santol,endangered_raw,Least Concern,https://tropical.theferns.info/viewtropical.php?id=Sandoricum+koetjape,,3.0,assigned_confirm,False,
1181,23,Santol,planting_difficulty,Drops significant leaf litter,https://urbangoesgreen.com/plant-guide/edible/santol/,,4.0,unranked,False,
1182,23,Santol,drought_tolerance_notes,Medium,https://tropical.theferns.info/viewtropical.php?id=Sandoricum+koetjape,,3.0,assigned_confirm,False,
1183,23,Santol,mode_of_nutrition,Autotrophic,https://tropical.theferns.info/viewtropical.php?id=Sandoricum+koetjape,,3.0,assigned_confirm,False,
1184,23,Santol,native_habitat,Cultivated and secondary forests,https://www.stuartxchange.org/Santol.html,,2.0,named,False,
1185,23,Santol,growth_form,Evergreen or semi-deciduous tree,https://www.stuartxchange.org/Santol.html,,2.0,named,False,
1186,23,Santol,sexuality_raw,Hermaphroditic,https://tropical.theferns.info/viewtropical.php?id=Sandoricum+koetjape,,3.0,assigned_confirm,False,
1187,23,Santol,water_preference,Moderate watering,https://urbangoesgreen.com/plant-guide/edible/santol/,,4.0,unranked,False,
1188,23,Santol,light_preference,Full Sun,https://tropical.theferns.info/viewtropical.php?id=Sandoricum+koetjape,,3.0,assigned_confirm,False,
1189,23,Santol,propagation_method,"Seeds, Grafting, Marcotting",https://tropical.theferns.info/viewtropical.php?id=Sandoricum+koetjape,,3.0,assigned_confirm,False,
1190,23,Santol,plant_partners,Shade-tolerant understory crops,https://tropical.theferns.info/viewtropical.php?id=Sandoricum+koetjape,,3.0,assigned_confirm,False,
1191,23,Santol,common_problems,Fruit flies,https://tropical.theferns.info/viewtropical.php?id=Sandoricum+koetjape,,3.0,assigned_confirm,False,
1192,23,Santol,humidity,High,https://tropical.theferns.info/viewtropical.php?id=Sandoricum+koetjape,,3.0,assigned_confirm,False,
1193,23,Santol,spacing_min_m,8,https://tropical.theferns.info/viewtropical.php?id=Sandoricum+koetjape,,3.0,assigned_confirm,False,
1194,23,Santol,spacing_max_m,12,https://tropical.theferns.info/viewtropical.php?id=Sandoricum+koetjape,,3.0,assigned_confirm,False,
1195,23,Santol,planting_depth,Collar level,https://tropical.theferns.info/viewtropical.php?id=Sandoricum+koetjape,,3.0,assigned_confirm,False,
1196,23,Santol,germination_raw,20-25 days,https://tropical.theferns.info/viewtropical.php?id=Sandoricum+koetjape,,3.0,assigned_confirm,False,
1197,23,Santol,planting_method,Hole 2x root ball,https://urbangoesgreen.com/plant-guide/edible/santol/,,4.0,unranked,False,
1198,23,Santol,variants,"Bangkok, Native",https://www.stuartxchange.org/Santol.html,,2.0,named,False,
1199,23,Santol,drainage,Well-drained,https://tropical.theferns.info/viewtropical.php?id=Sandoricum+koetjape,,3.0,assigned_confirm,False,
1200,23,Santol,nutritional_requirements,Standard NPK,https://tropical.theferns.info/viewtropical.php?id=Sandoricum+koetjape,,3.0,assigned_confirm,False,
1201,23,Santol,dry_season_raw,Max 3-4 months,https://tropical.theferns.info/viewtropical.php?id=Sandoricum+koetjape,,3.0,assigned_confirm,False,
1202,23,Santol,common_uses,"Edible fruit, timber, medicinal",https://www.stuartxchange.org/Santol.html,,2.0,named,False,
1203,24,Malunggay,common_name,Malunggay,https://www.stuartxchange.com/Malungay,,2.0,named,False,
1204,24,Malunggay,scientific_name,Moringa oleifera,https://www.stuartxchange.com/Malungay,,2.0,named,False,
1205,24,Malunggay,category,High-Value Crop / Vegetable,https://apps.worldagroforestry.org/treedb2/speciesprofile.php?Spid=1169,,3.0,assigned_confirm,False,
1206,24,Malunggay,elev_min_m,0,https://apps.worldagroforestry.org/treedb2/speciesprofile.php?Spid=1169,,3.0,assigned_confirm,False,
1207,24,Malunggay,elev_max_m,600,https://apps.worldagroforestry.org/treedb2/speciesprofile.php?Spid=1169,,3.0,assigned_confirm,False,
1208,24,Malunggay,rain_min_mm,250,https://apps.worldagroforestry.org/treedb2/speciesprofile.php?Spid=1169,,3.0,assigned_confirm,False,
1209,24,Malunggay,rain_max_mm,1500,https://apps.worldagroforestry.org/treedb2/speciesprofile.php?Spid=1169,,3.0,assigned_confirm,False,
1210,24,Malunggay,shade_tol,Low,https://tropical.theferns.info/viewtropical.php?id=Moringa+oleifera,,3.0,assigned_confirm,False,
1211,24,Malunggay,max_slope_pct,25,https://tropical.theferns.info/viewtropical.php?id=Moringa+oleifera,,3.0,assigned_confirm,False,
1212,24,Malunggay,soil_raw,"Sandy, Loam, Well-drained",https://apps.worldagroforestry.org/treedb2/speciesprofile.php?Spid=1169,,3.0,assigned_confirm,False,
1213,24,Malunggay,ph_min,5.5,https://apps.worldagroforestry.org/treedb2/speciesprofile.php?Spid=1169,,3.0,assigned_confirm,False,
1214,24,Malunggay,ph_max,8.0,https://apps.worldagroforestry.org/treedb2/speciesprofile.php?Spid=1169,,3.0,assigned_confirm,False,
1215,24,Malunggay,drought_tol,High,https://tropical.theferns.info/viewtropical.php?id=Moringa+oleifera,,3.0,assigned_confirm,False,
1216,24,Malunggay,waterlog_tol,Low,https://apps.worldagroforestry.org/treedb2/speciesprofile.php?Spid=1169,,3.0,assigned_confirm,False,
1217,24,Malunggay,timber_density_raw,0.30,https://apps.worldagroforestry.org/treedb2/speciesprofile.php?Spid=1169,,3.0,assigned_confirm,False,
1218,24,Malunggay,mature_height_m,10,https://www.stuartxchange.com/Malungay,,2.0,named,False,
1219,24,Malunggay,canopy_spread_m,5,https://apps.worldagroforestry.org/treedb2/speciesprofile.php?Spid=1169,,3.0,assigned_confirm,False,
1220,24,Malunggay,root_type,Tuberous Taproot,https://apps.worldagroforestry.org/treedb2/speciesprofile.php?Spid=1169,,3.0,assigned_confirm,False,
1221,24,Malunggay,urban_raw,"Household Gardens, Agroforestry",https://tropical.theferns.info/viewtropical.php?id=Moringa+oleifera,,3.0,assigned_confirm,False,
1222,24,Malunggay,temp_min_c,25,https://apps.worldagroforestry.org/treedb2/speciesprofile.php?Spid=1169,,3.0,assigned_confirm,False,
1223,24,Malunggay,temp_max_c,35,https://apps.worldagroforestry.org/treedb2/speciesprofile.php?Spid=1169,,3.0,assigned_confirm,False,
1224,24,Malunggay,corona_raw,Type I,https://apps.worldagroforestry.org/treedb2/speciesprofile.php?Spid=1169,,3.0,assigned_confirm,False,
1225,24,Malunggay,months_raw,"[5, 6, 7]",https://apps.worldagroforestry.org/treedb2/speciesprofile.php?Spid=1169,,3.0,assigned_confirm,False,
1226,24,Malunggay,deployment_stage,Stem Cutting / Seedling (2-3 mos),https://apps.worldagroforestry.org/treedb2/speciesprofile.php?Spid=1169,,3.0,assigned_confirm,False,
1227,24,Malunggay,climate_risk_notes,Highly susceptible to root rot if waterlogged,https://apps.worldagroforestry.org/treedb2/speciesprofile.php?Spid=1169,,3.0,assigned_confirm,False,
1228,24,Malunggay,typhoon_res,Low,https://tropical.theferns.info/viewtropical.php?id=Moringa+oleifera,,3.0,assigned_confirm,False,
1229,24,Malunggay,growth_rate_raw,Very Fast,https://apps.worldagroforestry.org/treedb2/speciesprofile.php?Spid=1169,,3.0,assigned_confirm,False,
1230,24,Malunggay,reference_authority,DA / World Agroforestry,https://www.stuartxchange.com/Malungay,,2.0,named,False,
1231,24,Malunggay,special_care_notes,Regular pollarding/coppicing to promote leaf growth,https://apps.worldagroforestry.org/treedb2/speciesprofile.php?Spid=1169,,3.0,assigned_confirm,False,
1232,24,Malunggay,preferred_climate_seasons,Dry tropical,https://apps.worldagroforestry.org/treedb2/speciesprofile.php?Spid=1169,,3.0,assigned_confirm,False,
1233,24,Malunggay,endangered_raw,Least Concern,https://tropical.theferns.info/viewtropical.php?id=Moringa+oleifera,,3.0,assigned_confirm,False,
1234,24,Malunggay,planting_difficulty,Branches break easily in strong winds,https://apps.worldagroforestry.org/treedb2/speciesprofile.php?Spid=1169,,3.0,assigned_confirm,False,
1235,24,Malunggay,drought_tolerance_notes,High,https://tropical.theferns.info/viewtropical.php?id=Moringa+oleifera,,3.0,assigned_confirm,False,
1236,24,Malunggay,mode_of_nutrition,Autotrophic,https://apps.worldagroforestry.org/treedb2/speciesprofile.php?Spid=1169,,3.0,assigned_confirm,False,
1237,24,Malunggay,native_habitat,Cultivated widely,https://www.stuartxchange.com/Malungay,,2.0,named,False,
1238,24,Malunggay,growth_form,Small fast-growing deciduous tree,https://www.stuartxchange.com/Malungay,,2.0,named,False,
1239,24,Malunggay,sexuality_raw,Hermaphroditic,https://apps.worldagroforestry.org/treedb2/speciesprofile.php?Spid=1169,,3.0,assigned_confirm,False,
1240,24,Malunggay,water_preference,Low watering,https://tropical.theferns.info/viewtropical.php?id=Moringa+oleifera,,3.0,assigned_confirm,False,
1241,24,Malunggay,light_preference,Full Sun,https://tropical.theferns.info/viewtropical.php?id=Moringa+oleifera,,3.0,assigned_confirm,False,
1242,24,Malunggay,propagation_method,"Stem cuttings, Seeds",https://apps.worldagroforestry.org/treedb2/speciesprofile.php?Spid=1169,,3.0,assigned_confirm,False,
1243,24,Malunggay,plant_partners,Drought-resistant root crops,https://apps.worldagroforestry.org/treedb2/speciesprofile.php?Spid=1169,,3.0,assigned_confirm,False,
1244,24,Malunggay,common_problems,"Caterpillars, Root rot",https://apps.worldagroforestry.org/treedb2/speciesprofile.php?Spid=1169,,3.0,assigned_confirm,False,
1245,24,Malunggay,humidity,Low to Medium,https://tropical.theferns.info/viewtropical.php?id=Moringa+oleifera,,3.0,assigned_confirm,False,
1246,24,Malunggay,spacing_min_m,2,https://apps.worldagroforestry.org/treedb2/speciesprofile.php?Spid=1169,,3.0,assigned_confirm,False,
1247,24,Malunggay,spacing_max_m,3,https://apps.worldagroforestry.org/treedb2/speciesprofile.php?Spid=1169,,3.0,assigned_confirm,False,
1248,24,Malunggay,planting_depth,Collar level,https://apps.worldagroforestry.org/treedb2/speciesprofile.php?Spid=1169,,3.0,assigned_confirm,False,
1249,24,Malunggay,germination_raw,7-14 days,https://apps.worldagroforestry.org/treedb2/speciesprofile.php?Spid=1169,,3.0,assigned_confirm,False,
1250,24,Malunggay,planting_method,Direct seeding or trench for cuttings,https://apps.worldagroforestry.org/treedb2/speciesprofile.php?Spid=1169,,3.0,assigned_confirm,False,
1251,24,Malunggay,variants,PKM-1,https://apps.worldagroforestry.org/treedb2/speciesprofile.php?Spid=1169,,3.0,assigned_confirm,False,
1252,24,Malunggay,drainage,Very Well-drained,https://apps.worldagroforestry.org/treedb2/speciesprofile.php?Spid=1169,,3.0,assigned_confirm,False,
1253,24,Malunggay,nutritional_requirements,"Low requirement, benefits from nitrogen",https://apps.worldagroforestry.org/treedb2/speciesprofile.php?Spid=1169,,3.0,assigned_confirm,False,
1254,24,Malunggay,dry_season_raw,Max 6 months,https://apps.worldagroforestry.org/treedb2/speciesprofile.php?Spid=1169,,3.0,assigned_confirm,False,
1255,24,Malunggay,common_uses,"Edible leaves/pods, medicinal, water purification",https://www.stuartxchange.com/Malungay,,2.0,named,False,
1256,25,Star Apple,common_name,Star Apple,https://www.stuartxchange.org/Caimito.html,,2.0,named,False,
1257,25,Star Apple,scientific_name,Chrysophyllum cainito,https://www.stuartxchange.org/Caimito.html,,2.0,named,False,
1258,25,Star Apple,category,High-Value Crop / Fruit Tree,https://apps.worldagroforestry.org/treedb2/speciesprofile.php?Spid=524,,3.0,assigned_confirm,False,
1259,25,Star Apple,elev_min_m,0,https://apps.worldagroforestry.org/treedb2/speciesprofile.php?Spid=524,,3.0,assigned_confirm,False,
1260,25,Star Apple,elev_max_m,1000,https://apps.worldagroforestry.org/treedb2/speciesprofile.php?Spid=524,,3.0,assigned_confirm,False,
1261,25,Star Apple,rain_min_mm,1000,https://apps.worldagroforestry.org/treedb2/speciesprofile.php?Spid=524,,3.0,assigned_confirm,False,
1262,25,Star Apple,rain_max_mm,2000,https://apps.worldagroforestry.org/treedb2/speciesprofile.php?Spid=524,,3.0,assigned_confirm,False,
1263,25,Star Apple,shade_tol,Low,https://tropical.theferns.info/viewtropical.php?id=Chrysophyllum+cainito,,3.0,assigned_confirm,False,
1264,25,Star Apple,max_slope_pct,25,https://tropical.theferns.info/viewtropical.php?id=Chrysophyllum+cainito,,3.0,assigned_confirm,False,
1265,25,Star Apple,soil_raw,"Deep loam, Clay-loam, Sandy",https://apps.worldagroforestry.org/treedb2/speciesprofile.php?Spid=524,,3.0,assigned_confirm,False,
1266,25,Star Apple,ph_min,5.5,https://apps.worldagroforestry.org/treedb2/speciesprofile.php?Spid=524,,3.0,assigned_confirm,False,
1267,25,Star Apple,ph_max,7.5,https://apps.worldagroforestry.org/treedb2/speciesprofile.php?Spid=524,,3.0,assigned_confirm,False,
1268,25,Star Apple,drought_tol,Medium,https://tropical.theferns.info/viewtropical.php?id=Chrysophyllum+cainito,,3.0,assigned_confirm,False,
1269,25,Star Apple,waterlog_tol,Low,https://apps.worldagroforestry.org/treedb2/speciesprofile.php?Spid=524,,3.0,assigned_confirm,False,
1270,25,Star Apple,timber_density_raw,0.65,https://apps.worldagroforestry.org/treedb2/speciesprofile.php?Spid=524,,3.0,assigned_confirm,False,
1271,25,Star Apple,mature_height_m,20,https://www.stuartxchange.org/Caimito.html,,2.0,named,False,
1272,25,Star Apple,canopy_spread_m,12,https://apps.worldagroforestry.org/treedb2/speciesprofile.php?Spid=524,,3.0,assigned_confirm,False,
1273,25,Star Apple,root_type,Taproot,https://apps.worldagroforestry.org/treedb2/speciesprofile.php?Spid=524,,3.0,assigned_confirm,False,
1274,25,Star Apple,urban_raw,"Agroforestry, Parks, Orchards",https://urbangoesgreen.com/plant-guide/edible/caimito/,,4.0,unranked,False,
1275,25,Star Apple,temp_min_c,24,https://apps.worldagroforestry.org/treedb2/speciesprofile.php?Spid=524,,3.0,assigned_confirm,False,
1276,25,Star Apple,temp_max_c,32,https://apps.worldagroforestry.org/treedb2/speciesprofile.php?Spid=524,,3.0,assigned_confirm,False,
1277,25,Star Apple,corona_raw,"Type I, III, IV",https://apps.worldagroforestry.org/treedb2/speciesprofile.php?Spid=524,,3.0,assigned_confirm,False,
1278,25,Star Apple,months_raw,"[5, 6, 7]",https://urbangoesgreen.com/plant-guide/edible/caimito/,,4.0,unranked,False,
1279,25,Star Apple,deployment_stage,Grafted Sapling (6-8 mos),https://apps.worldagroforestry.org/treedb2/speciesprofile.php?Spid=524,,3.0,assigned_confirm,False,
1280,25,Star Apple,climate_risk_notes,Branches prone to breakage in severe typhoons,https://apps.worldagroforestry.org/treedb2/speciesprofile.php?Spid=524,,3.0,assigned_confirm,False,
1281,25,Star Apple,typhoon_res,Medium,https://tropical.theferns.info/viewtropical.php?id=Chrysophyllum+cainito,,3.0,assigned_confirm,False,
1282,25,Star Apple,growth_rate_raw,Fast,https://apps.worldagroforestry.org/treedb2/speciesprofile.php?Spid=524,,3.0,assigned_confirm,False,
1283,25,Star Apple,reference_authority,StuartXChange / World Agroforestry,https://www.stuartxchange.org/Caimito.html,,2.0,named,False,
1284,25,Star Apple,special_care_notes,Requires regular pruning for structural strength,https://apps.worldagroforestry.org/treedb2/speciesprofile.php?Spid=524,,3.0,assigned_confirm,False,
1285,25,Star Apple,preferred_climate_seasons,Humid tropical,https://apps.worldagroforestry.org/treedb2/speciesprofile.php?Spid=524,,3.0,assigned_confirm,False,
1286,25,Star Apple,endangered_raw,Least Concern,https://tropical.theferns.info/viewtropical.php?id=Chrysophyllum+cainito,,3.0,assigned_confirm,False,
1287,25,Star Apple,planting_difficulty,Shallow lateral roots can compete with crops,https://apps.worldagroforestry.org/treedb2/speciesprofile.php?Spid=524,,3.0,assigned_confirm,False,
1288,25,Star Apple,drought_tolerance_notes,Medium,https://tropical.theferns.info/viewtropical.php?id=Chrysophyllum+cainito,,3.0,assigned_confirm,False,
1289,25,Star Apple,mode_of_nutrition,Autotrophic,https://apps.worldagroforestry.org/treedb2/speciesprofile.php?Spid=524,,3.0,assigned_confirm,False,
1290,25,Star Apple,native_habitat,Cultivated widely,https://www.stuartxchange.org/Caimito.html,,2.0,named,False,
1291,25,Star Apple,growth_form,Evergreen tree with golden-brown underside leaves,https://www.stuartxchange.org/Caimito.html,,2.0,named,False,
1292,25,Star Apple,sexuality_raw,Hermaphroditic,https://apps.worldagroforestry.org/treedb2/speciesprofile.php?Spid=524,,3.0,assigned_confirm,False,
1293,25,Star Apple,water_preference,Moderate watering,https://urbangoesgreen.com/plant-guide/edible/caimito/,,4.0,unranked,False,
1294,25,Star Apple,light_preference,Full Sun,https://tropical.theferns.info/viewtropical.php?id=Chrysophyllum+cainito,,3.0,assigned_confirm,False,
1295,25,Star Apple,propagation_method,"Seeds, Grafting",https://apps.worldagroforestry.org/treedb2/speciesprofile.php?Spid=524,,3.0,assigned_confirm,False,
1296,25,Star Apple,plant_partners,Shade-tolerant understory crops,https://apps.worldagroforestry.org/treedb2/speciesprofile.php?Spid=524,,3.0,assigned_confirm,False,
1297,25,Star Apple,common_problems,"Fruit flies, leaf spots",https://apps.worldagroforestry.org/treedb2/speciesprofile.php?Spid=524,,3.0,assigned_confirm,False,
1298,25,Star Apple,humidity,High,https://tropical.theferns.info/viewtropical.php?id=Chrysophyllum+cainito,,3.0,assigned_confirm,False,
1299,25,Star Apple,spacing_min_m,8,https://apps.worldagroforestry.org/treedb2/speciesprofile.php?Spid=524,,3.0,assigned_confirm,False,
1300,25,Star Apple,spacing_max_m,12,https://apps.worldagroforestry.org/treedb2/speciesprofile.php?Spid=524,,3.0,assigned_confirm,False,
1301,25,Star Apple,planting_depth,Collar level,https://apps.worldagroforestry.org/treedb2/speciesprofile.php?Spid=524,,3.0,assigned_confirm,False,
1302,25,Star Apple,germination_raw,14-40 days,https://apps.worldagroforestry.org/treedb2/speciesprofile.php?Spid=524,,3.0,assigned_confirm,False,
1303,25,Star Apple,planting_method,Hole 2x root ball,https://urbangoesgreen.com/plant-guide/edible/caimito/,,4.0,unranked,False,
1304,25,Star Apple,variants,"Purple, Green",https://apps.worldagroforestry.org/treedb2/speciesprofile.php?Spid=524,,3.0,assigned_confirm,False,
1305,25,Star Apple,drainage,Well-drained,https://tropical.theferns.info/viewtropical.php?id=Chrysophyllum+cainito,,3.0,assigned_confirm,False,
1306,25,Star Apple,nutritional_requirements,Standard NPK,https://apps.worldagroforestry.org/treedb2/speciesprofile.php?Spid=524,,3.0,assigned_confirm,False,
1307,25,Star Apple,dry_season_raw,Max 3-4 months,https://apps.worldagroforestry.org/treedb2/speciesprofile.php?Spid=524,,3.0,assigned_confirm,False,
1308,25,Star Apple,common_uses,"Edible fruit, ornamental",https://www.stuartxchange.org/Caimito.html,,2.0,named,False,
1309,26,Banana - Saba,common_name,Banana - Saba,https://www.stuartxchange.org/Saging.html,,2.0,named,False,
1310,26,Banana - Saba,scientific_name,Musa acuminata x balbisiana (ABB Group),https://cagayandeoro.da.gov.ph/wp-content/uploads/2013/04/SABA-BANANA-PRODUCTION-GUIDE.pdf,,1.0,named,False,
1311,26,Banana - Saba,category,High-Value Crop / Fruit,https://cagayandeoro.da.gov.ph/wp-content/uploads/2013/04/SABA-BANANA-PRODUCTION-GUIDE.pdf,,1.0,named,False,
1312,26,Banana - Saba,elev_min_m,0,https://cagayandeoro.da.gov.ph/wp-content/uploads/2013/04/SABA-BANANA-PRODUCTION-GUIDE.pdf,,1.0,named,False,
1313,26,Banana - Saba,elev_max_m,1200,https://cagayandeoro.da.gov.ph/wp-content/uploads/2013/04/SABA-BANANA-PRODUCTION-GUIDE.pdf,,1.0,named,False,
1314,26,Banana - Saba,rain_min_mm,1500,https://cagayandeoro.da.gov.ph/wp-content/uploads/2013/04/SABA-BANANA-PRODUCTION-GUIDE.pdf,,1.0,named,False,
1315,26,Banana - Saba,rain_max_mm,2500,https://cagayandeoro.da.gov.ph/wp-content/uploads/2013/04/SABA-BANANA-PRODUCTION-GUIDE.pdf,,1.0,named,False,
1316,26,Banana - Saba,shade_tol,Medium,https://urbangoesgreen.com/plant-guide/edible/saba-banana/,,4.0,unranked,False,
1317,26,Banana - Saba,max_slope_pct,25,https://cagayandeoro.da.gov.ph/wp-content/uploads/2013/04/SABA-BANANA-PRODUCTION-GUIDE.pdf,,1.0,named,False,
1318,26,Banana - Saba,soil_raw,"Deep friable loam, Alluvial",https://cagayandeoro.da.gov.ph/wp-content/uploads/2013/04/SABA-BANANA-PRODUCTION-GUIDE.pdf,,1.0,named,False,
1319,26,Banana - Saba,ph_min,5.5,https://cagayandeoro.da.gov.ph/wp-content/uploads/2013/04/SABA-BANANA-PRODUCTION-GUIDE.pdf,,1.0,named,False,
1320,26,Banana - Saba,ph_max,7.0,https://cagayandeoro.da.gov.ph/wp-content/uploads/2013/04/SABA-BANANA-PRODUCTION-GUIDE.pdf,,1.0,named,False,
1321,26,Banana - Saba,drought_tol,Medium,https://urbangoesgreen.com/plant-guide/edible/saba-banana/,,4.0,unranked,False,
1322,26,Banana - Saba,waterlog_tol,Low,https://cagayandeoro.da.gov.ph/wp-content/uploads/2013/04/SABA-BANANA-PRODUCTION-GUIDE.pdf,,1.0,named,False,
1323,26,Banana - Saba,mature_height_m,6,https://www.stuartxchange.org/Saging.html,,2.0,named,False,
1324,26,Banana - Saba,canopy_spread_m,4,https://cagayandeoro.da.gov.ph/wp-content/uploads/2013/04/SABA-BANANA-PRODUCTION-GUIDE.pdf,,1.0,named,False,
1325,26,Banana - Saba,root_type,Shallow Corm / Fibrous,https://cagayandeoro.da.gov.ph/wp-content/uploads/2013/04/SABA-BANANA-PRODUCTION-GUIDE.pdf,,1.0,named,False,
1326,26,Banana - Saba,urban_raw,"Agroforestry, Household Gardens",https://urbangoesgreen.com/plant-guide/edible/saba-banana/,,4.0,unranked,False,
1327,26,Banana - Saba,temp_min_c,22,https://cagayandeoro.da.gov.ph/wp-content/uploads/2013/04/SABA-BANANA-PRODUCTION-GUIDE.pdf,,1.0,named,False,
1328,26,Banana - Saba,temp_max_c,31,https://cagayandeoro.da.gov.ph/wp-content/uploads/2013/04/SABA-BANANA-PRODUCTION-GUIDE.pdf,,1.0,named,False,
1329,26,Banana - Saba,corona_raw,"Type I, III, IV",https://cagayandeoro.da.gov.ph/wp-content/uploads/2013/04/SABA-BANANA-PRODUCTION-GUIDE.pdf,,1.0,named,False,
1330,26,Banana - Saba,months_raw,"[5, 6, 7]",https://cagayandeoro.da.gov.ph/wp-content/uploads/2013/04/SABA-BANANA-PRODUCTION-GUIDE.pdf,,1.0,named,False,
1331,26,Banana - Saba,deployment_stage,Sucker / Corm (2-3 mos),https://cagayandeoro.da.gov.ph/wp-content/uploads/2013/04/SABA-BANANA-PRODUCTION-GUIDE.pdf,,1.0,named,False,
1332,26,Banana - Saba,climate_risk_notes,Pseudostems break easily in strong winds,https://cagayandeoro.da.gov.ph/wp-content/uploads/2013/04/SABA-BANANA-PRODUCTION-GUIDE.pdf,,1.0,named,False,
1333,26,Banana - Saba,typhoon_res,Low,https://urbangoesgreen.com/plant-guide/edible/saba-banana/,,4.0,unranked,False,
1334,26,Banana - Saba,growth_rate_raw,Very Fast,https://cagayandeoro.da.gov.ph/wp-content/uploads/2013/04/SABA-BANANA-PRODUCTION-GUIDE.pdf,,1.0,named,False,
1335,26,Banana - Saba,reference_authority,DA (Dept. of Agriculture),https://cagayandeoro.da.gov.ph/wp-content/uploads/2013/04/SABA-BANANA-PRODUCTION-GUIDE.pdf,,1.0,named,False,
1336,26,Banana - Saba,special_care_notes,"Requires regular desuckering to maintain 1 mother, 1 daughter, 1 granddaughter",https://cagayandeoro.da.gov.ph/wp-content/uploads/2013/04/SABA-BANANA-PRODUCTION-GUIDE.pdf,,1.0,named,False,
1337,26,Banana - Saba,preferred_climate_seasons,Humid tropical,https://cagayandeoro.da.gov.ph/wp-content/uploads/2013/04/SABA-BANANA-PRODUCTION-GUIDE.pdf,,1.0,named,False,
1338,26,Banana - Saba,endangered_raw,Least Concern,https://urbangoesgreen.com/plant-guide/edible/saba-banana/,,4.0,unranked,False,
1339,26,Banana - Saba,planting_difficulty,Poor drainage causes Panama disease,https://cagayandeoro.da.gov.ph/wp-content/uploads/2013/04/SABA-BANANA-PRODUCTION-GUIDE.pdf,,1.0,named,False,
1340,26,Banana - Saba,drought_tolerance_notes,Medium,https://urbangoesgreen.com/plant-guide/edible/saba-banana/,,4.0,unranked,False,
1341,26,Banana - Saba,mode_of_nutrition,Autotrophic,https://cagayandeoro.da.gov.ph/wp-content/uploads/2013/04/SABA-BANANA-PRODUCTION-GUIDE.pdf,,1.0,named,False,
1342,26,Banana - Saba,native_habitat,Cultivated widely,https://www.stuartxchange.org/Saging.html,,2.0,named,False,
1343,26,Banana - Saba,growth_form,Large herbaceous plant with pseudostem,https://www.stuartxchange.org/Saging.html,,2.0,named,False,
1344,26,Banana - Saba,sexuality_raw,Monoecious,https://cagayandeoro.da.gov.ph/wp-content/uploads/2013/04/SABA-BANANA-PRODUCTION-GUIDE.pdf,,1.0,named,False,
1345,26,Banana - Saba,water_preference,High watering,https://urbangoesgreen.com/plant-guide/edible/saba-banana/,,4.0,unranked,False,
1346,26,Banana - Saba,light_preference,Full Sun,https://urbangoesgreen.com/plant-guide/edible/saba-banana/,,4.0,unranked,False,
1347,26,Banana - Saba,propagation_method,"Suckers, Tissue Culture",https://cagayandeoro.da.gov.ph/wp-content/uploads/2013/04/SABA-BANANA-PRODUCTION-GUIDE.pdf,,1.0,named,False,
1348,26,Banana - Saba,plant_partners,"Cacao, Coffee (as shade nurse)",https://cagayandeoro.da.gov.ph/wp-content/uploads/2013/04/SABA-BANANA-PRODUCTION-GUIDE.pdf,,1.0,named,False,
1349,26,Banana - Saba,common_problems,"Banana Bunchy Top Virus (BBTV), Panama Disease",https://cagayandeoro.da.gov.ph/wp-content/uploads/2013/04/SABA-BANANA-PRODUCTION-GUIDE.pdf,,1.0,named,False,
1350,26,Banana - Saba,humidity,High,https://urbangoesgreen.com/plant-guide/edible/saba-banana/,,4.0,unranked,False,
1351,26,Banana - Saba,spacing_min_m,3,https://cagayandeoro.da.gov.ph/wp-content/uploads/2013/04/SABA-BANANA-PRODUCTION-GUIDE.pdf,,1.0,named,False,
1352,26,Banana - Saba,spacing_max_m,5,https://cagayandeoro.da.gov.ph/wp-content/uploads/2013/04/SABA-BANANA-PRODUCTION-GUIDE.pdf,,1.0,named,False,
1353,26,Banana - Saba,planting_depth,30 cm,https://cagayandeoro.da.gov.ph/wp-content/uploads/2013/04/SABA-BANANA-PRODUCTION-GUIDE.pdf,,1.0,named,False,
1354,26,Banana - Saba,germination_raw,14-21 days,https://urbangoesgreen.com/plant-guide/edible/saba-banana/,,4.0,unranked,False,nonstandard_citation
1355,26,Banana - Saba,planting_method,Hole planting of corms/suckers,https://cagayandeoro.da.gov.ph/wp-content/uploads/2013/04/SABA-BANANA-PRODUCTION-GUIDE.pdf,,1.0,named,False,
1356,26,Banana - Saba,variants,"Saba, Cardaba",https://cagayandeoro.da.gov.ph/wp-content/uploads/2013/04/SABA-BANANA-PRODUCTION-GUIDE.pdf,,1.0,named,False,
1357,26,Banana - Saba,drainage,Well-drained,https://cagayandeoro.da.gov.ph/wp-content/uploads/2013/04/SABA-BANANA-PRODUCTION-GUIDE.pdf,,1.0,named,False,
1358,26,Banana - Saba,nutritional_requirements,High Potassium (K) required for fruiting,https://cagayandeoro.da.gov.ph/wp-content/uploads/2013/04/SABA-BANANA-PRODUCTION-GUIDE.pdf,,1.0,named,False,
1359,26,Banana - Saba,dry_season_raw,Max 2-3 months,https://cagayandeoro.da.gov.ph/wp-content/uploads/2013/04/SABA-BANANA-PRODUCTION-GUIDE.pdf,,1.0,named,False,
1360,26,Banana - Saba,common_uses,"Cooking banana, food security",https://www.stuartxchange.org/Saging.html,,2.0,named,False,
1361,27,Banana - Latundan,common_name,Banana - Latundan,https://urbangoesgreen.com/plant-guide/edible/saging/,,4.0,unranked,False,
1362,27,Banana - Latundan,scientific_name,Musa acuminata x balbisiana (AAB Group),https://hvcdp.da.gov.ph/wp-content/uploads/2022/05/Banana-Production-Manual.pdf,,1.0,named,False,
1363,27,Banana - Latundan,category,High-Value Crop / Fruit,https://hvcdp.da.gov.ph/wp-content/uploads/2022/05/Banana-Production-Manual.pdf,,1.0,named,False,
1364,27,Banana - Latundan,elev_min_m,0,https://hvcdp.da.gov.ph/wp-content/uploads/2022/05/Banana-Production-Manual.pdf,,1.0,named,False,
1365,27,Banana - Latundan,elev_max_m,1000,https://hvcdp.da.gov.ph/wp-content/uploads/2022/05/Banana-Production-Manual.pdf,,1.0,named,False,
1366,27,Banana - Latundan,rain_min_mm,1500,https://hvcdp.da.gov.ph/wp-content/uploads/2022/05/Banana-Production-Manual.pdf,,1.0,named,False,
1367,27,Banana - Latundan,rain_max_mm,2500,https://hvcdp.da.gov.ph/wp-content/uploads/2022/05/Banana-Production-Manual.pdf,,1.0,named,False,
1368,27,Banana - Latundan,shade_tol,Medium,https://urbangoesgreen.com/plant-guide/edible/saging/,,4.0,unranked,False,
1369,27,Banana - Latundan,max_slope_pct,25,https://hvcdp.da.gov.ph/wp-content/uploads/2022/05/Banana-Production-Manual.pdf,,1.0,named,False,
1370,27,Banana - Latundan,soil_raw,"Deep friable loam, Alluvial",https://hvcdp.da.gov.ph/wp-content/uploads/2022/05/Banana-Production-Manual.pdf,,1.0,named,False,
1371,27,Banana - Latundan,ph_min,5.5,https://hvcdp.da.gov.ph/wp-content/uploads/2022/05/Banana-Production-Manual.pdf,,1.0,named,False,
1372,27,Banana - Latundan,ph_max,7.0,https://hvcdp.da.gov.ph/wp-content/uploads/2022/05/Banana-Production-Manual.pdf,,1.0,named,False,
1373,27,Banana - Latundan,drought_tol,Low,https://urbangoesgreen.com/plant-guide/edible/saging/,,4.0,unranked,False,
1374,27,Banana - Latundan,waterlog_tol,Low,https://hvcdp.da.gov.ph/wp-content/uploads/2022/05/Banana-Production-Manual.pdf,,1.0,named,False,
1375,27,Banana - Latundan,mature_height_m,4,https://hvcdp.da.gov.ph/wp-content/uploads/2022/05/Banana-Production-Manual.pdf,,1.0,named,False,
1376,27,Banana - Latundan,canopy_spread_m,3,https://hvcdp.da.gov.ph/wp-content/uploads/2022/05/Banana-Production-Manual.pdf,,1.0,named,False,
1377,27,Banana - Latundan,root_type,Shallow Corm / Fibrous,https://hvcdp.da.gov.ph/wp-content/uploads/2022/05/Banana-Production-Manual.pdf,,1.0,named,False,
1378,27,Banana - Latundan,urban_raw,"Agroforestry, Household Gardens",https://urbangoesgreen.com/plant-guide/edible/saging/,,4.0,unranked,False,
1379,27,Banana - Latundan,temp_min_c,22,https://hvcdp.da.gov.ph/wp-content/uploads/2022/05/Banana-Production-Manual.pdf,,1.0,named,False,
1380,27,Banana - Latundan,temp_max_c,31,https://hvcdp.da.gov.ph/wp-content/uploads/2022/05/Banana-Production-Manual.pdf,,1.0,named,False,
1381,27,Banana - Latundan,corona_raw,"Type I, III, IV",https://hvcdp.da.gov.ph/wp-content/uploads/2022/05/Banana-Production-Manual.pdf,,1.0,named,False,
1382,27,Banana - Latundan,months_raw,"[5, 6, 7]",https://hvcdp.da.gov.ph/wp-content/uploads/2022/05/Banana-Production-Manual.pdf,,1.0,named,False,
1383,27,Banana - Latundan,deployment_stage,Sucker / Corm (2-3 mos),https://hvcdp.da.gov.ph/wp-content/uploads/2022/05/Banana-Production-Manual.pdf,,1.0,named,False,
1384,27,Banana - Latundan,climate_risk_notes,More susceptible to wind damage than Saba,https://hvcdp.da.gov.ph/wp-content/uploads/2022/05/Banana-Production-Manual.pdf,,1.0,named,False,
1385,27,Banana - Latundan,typhoon_res,Low,https://urbangoesgreen.com/plant-guide/edible/saging/,,4.0,unranked,False,
1386,27,Banana - Latundan,growth_rate_raw,Very Fast,https://hvcdp.da.gov.ph/wp-content/uploads/2022/05/Banana-Production-Manual.pdf,,1.0,named,False,
1387,27,Banana - Latundan,reference_authority,DA (Dept. of Agriculture),https://hvcdp.da.gov.ph/wp-content/uploads/2022/05/Banana-Production-Manual.pdf,,1.0,named,False,
1388,27,Banana - Latundan,special_care_notes,Requires regular desuckering and propping during fruiting,https://hvcdp.da.gov.ph/wp-content/uploads/2022/05/Banana-Production-Manual.pdf,,1.0,named,False,
1389,27,Banana - Latundan,preferred_climate_seasons,Humid tropical,https://hvcdp.da.gov.ph/wp-content/uploads/2022/05/Banana-Production-Manual.pdf,,1.0,named,False,
1390,27,Banana - Latundan,endangered_raw,Least Concern,https://urbangoesgreen.com/plant-guide/edible/saging/,,4.0,unranked,False,
1391,27,Banana - Latundan,planting_difficulty,Poor drainage causes root rot and diseases,https://hvcdp.da.gov.ph/wp-content/uploads/2022/05/Banana-Production-Manual.pdf,,1.0,named,False,
1392,27,Banana - Latundan,drought_tolerance_notes,Low,https://urbangoesgreen.com/plant-guide/edible/saging/,,4.0,unranked,False,
1393,27,Banana - Latundan,mode_of_nutrition,Autotrophic,https://hvcdp.da.gov.ph/wp-content/uploads/2022/05/Banana-Production-Manual.pdf,,1.0,named,False,
1394,27,Banana - Latundan,native_habitat,Cultivated widely,https://urbangoesgreen.com/plant-guide/edible/saging/,,4.0,unranked,False,
1395,27,Banana - Latundan,growth_form,Herbaceous plant with pseudostem,https://urbangoesgreen.com/plant-guide/edible/saging/,,4.0,unranked,False,
1396,27,Banana - Latundan,sexuality_raw,Monoecious,https://hvcdp.da.gov.ph/wp-content/uploads/2022/05/Banana-Production-Manual.pdf,,1.0,named,False,
1397,27,Banana - Latundan,water_preference,High watering,https://urbangoesgreen.com/plant-guide/edible/saging/,,4.0,unranked,False,
1398,27,Banana - Latundan,light_preference,Full Sun,https://urbangoesgreen.com/plant-guide/edible/saging/,,4.0,unranked,False,
1399,27,Banana - Latundan,propagation_method,"Suckers, Tissue Culture",https://hvcdp.da.gov.ph/wp-content/uploads/2022/05/Banana-Production-Manual.pdf,,1.0,named,False,
1400,27,Banana - Latundan,plant_partners,"Cacao, Coffee (as shade nurse)",https://hvcdp.da.gov.ph/wp-content/uploads/2022/05/Banana-Production-Manual.pdf,,1.0,named,False,
1401,27,Banana - Latundan,common_problems,"Panama Disease, Sigatoka",https://hvcdp.da.gov.ph/wp-content/uploads/2022/05/Banana-Production-Manual.pdf,,1.0,named,False,
1402,27,Banana - Latundan,humidity,High,https://urbangoesgreen.com/plant-guide/edible/saging/,,4.0,unranked,False,
1403,27,Banana - Latundan,spacing_min_m,3,https://hvcdp.da.gov.ph/wp-content/uploads/2022/05/Banana-Production-Manual.pdf,,1.0,named,False,
1404,27,Banana - Latundan,spacing_max_m,4,https://hvcdp.da.gov.ph/wp-content/uploads/2022/05/Banana-Production-Manual.pdf,,1.0,named,False,
1405,27,Banana - Latundan,planting_depth,30 cm,https://hvcdp.da.gov.ph/wp-content/uploads/2022/05/Banana-Production-Manual.pdf,,1.0,named,False,
1406,27,Banana - Latundan,germination_raw,Data Unavailable,https://hvcdp.da.gov.ph/wp-content/uploads/2022/05/Banana-Production-Manual.pdf,,1.0,named,False,
1407,27,Banana - Latundan,planting_method,Hole planting of corms,https://hvcdp.da.gov.ph/wp-content/uploads/2022/05/Banana-Production-Manual.pdf,,1.0,named,False,
1408,27,Banana - Latundan,variants,Latundan,https://hvcdp.da.gov.ph/wp-content/uploads/2022/05/Banana-Production-Manual.pdf,,1.0,named,False,
1409,27,Banana - Latundan,drainage,Well-drained,https://hvcdp.da.gov.ph/wp-content/uploads/2022/05/Banana-Production-Manual.pdf,,1.0,named,False,
1410,27,Banana - Latundan,nutritional_requirements,High Potassium (K) required,https://hvcdp.da.gov.ph/wp-content/uploads/2022/05/Banana-Production-Manual.pdf,,1.0,named,False,
1411,27,Banana - Latundan,dry_season_raw,Max 1-2 months,https://hvcdp.da.gov.ph/wp-content/uploads/2022/05/Banana-Production-Manual.pdf,,1.0,named,False,
1412,27,Banana - Latundan,common_uses,"Dessert banana, household consumption",https://urbangoesgreen.com/plant-guide/edible/saging/,,4.0,unranked,False,
1413,28,Coconut,common_name,Coconut,https://www.stuartxchange.org/Niyog2.html,,2.0,named,False,
1414,28,Coconut,scientific_name,Cocos nucifera,https://www.stuartxchange.org/Niyog2.html,,2.0,named,False,
1415,28,Coconut,category,High-Value Crop / Palm,https://tropical.theferns.info/viewtropical.php?id=Cocos+nucifera,,3.0,assigned_confirm,False,
1416,28,Coconut,elev_min_m,0,https://apps.worldagroforestry.org/treedb2/speciesprofile.php?Spid=545,,3.0,assigned_confirm,False,
1417,28,Coconut,elev_max_m,600,https://apps.worldagroforestry.org/treedb2/speciesprofile.php?Spid=545,,3.0,assigned_confirm,False,
1418,28,Coconut,rain_min_mm,1500,https://apps.worldagroforestry.org/treedb2/speciesprofile.php?Spid=545,,3.0,assigned_confirm,False,
1419,28,Coconut,rain_max_mm,2500,https://apps.worldagroforestry.org/treedb2/speciesprofile.php?Spid=545,,3.0,assigned_confirm,False,
1420,28,Coconut,shade_tol,Low,https://tropical.theferns.info/viewtropical.php?id=Cocos+nucifera,,3.0,assigned_confirm,False,
1421,28,Coconut,max_slope_pct,25,https://tropical.theferns.info/viewtropical.php?id=Cocos+nucifera,,3.0,assigned_confirm,False,
1422,28,Coconut,soil_raw,"Sandy, Alluvial, Coastal",https://apps.worldagroforestry.org/treedb2/speciesprofile.php?Spid=545,,3.0,assigned_confirm,False,
1423,28,Coconut,ph_min,5.5,https://apps.worldagroforestry.org/treedb2/speciesprofile.php?Spid=545,,3.0,assigned_confirm,False,
1424,28,Coconut,ph_max,8.0,https://apps.worldagroforestry.org/treedb2/speciesprofile.php?Spid=545,,3.0,assigned_confirm,False,
1425,28,Coconut,drought_tol,High,https://tropical.theferns.info/viewtropical.php?id=Cocos+nucifera,,3.0,assigned_confirm,False,
1426,28,Coconut,waterlog_tol,Medium,https://apps.worldagroforestry.org/treedb2/speciesprofile.php?Spid=545,,3.0,assigned_confirm,False,
1427,28,Coconut,timber_density_raw,0.90,https://iopscience.iop.org/article/10.1088/1757-899X/1298/1/012014/pdf,,4.0,unranked,True,nonstandard_citation
1428,28,Coconut,mature_height_m,30,https://www.stuartxchange.org/Niyog2.html,,2.0,named,False,
1429,28,Coconut,canopy_spread_m,8,https://apps.worldagroforestry.org/treedb2/speciesprofile.php?Spid=545,,3.0,assigned_confirm,False,
1430,28,Coconut,root_type,Extensive Fibrous,https://apps.worldagroforestry.org/treedb2/speciesprofile.php?Spid=545,,3.0,assigned_confirm,False,
1431,28,Coconut,urban_raw,"Agroforestry, Coastal",https://urbangoesgreen.com/plant-guide/edible/niyog/,,4.0,unranked,False,
1432,28,Coconut,temp_min_c,22,https://apps.worldagroforestry.org/treedb2/speciesprofile.php?Spid=545,,3.0,assigned_confirm,False,
1433,28,Coconut,temp_max_c,32,https://apps.worldagroforestry.org/treedb2/speciesprofile.php?Spid=545,,3.0,assigned_confirm,False,
1434,28,Coconut,corona_raw,"Type I, III, IV",https://apps.worldagroforestry.org/treedb2/speciesprofile.php?Spid=545,,3.0,assigned_confirm,False,
1435,28,Coconut,months_raw,"[5, 6, 7]",https://apps.worldagroforestry.org/treedb2/speciesprofile.php?Spid=545,,3.0,assigned_confirm,False,
1436,28,Coconut,deployment_stage,Seedling Nut (6-8 mos),https://apps.worldagroforestry.org/treedb2/speciesprofile.php?Spid=545,,3.0,assigned_confirm,False,
1437,28,Coconut,climate_risk_notes,Tolerates high winds and coastal salt spray,https://apps.worldagroforestry.org/treedb2/speciesprofile.php?Spid=545,,3.0,assigned_confirm,False,
1438,28,Coconut,typhoon_res,High,https://tropical.theferns.info/viewtropical.php?id=Cocos+nucifera,,3.0,assigned_confirm,False,
1439,28,Coconut,growth_rate_raw,Medium,https://apps.worldagroforestry.org/treedb2/speciesprofile.php?Spid=545,,3.0,assigned_confirm,False,
1440,28,Coconut,reference_authority,World Agroforestry / StuartXChange,https://www.stuartxchange.org/Niyog2.html,,2.0,named,False,
1441,28,Coconut,special_care_notes,Requires full sunlight; shading stunts growth,https://apps.worldagroforestry.org/treedb2/speciesprofile.php?Spid=545,,3.0,assigned_confirm,False,
1442,28,Coconut,preferred_climate_seasons,Humid tropical,https://apps.worldagroforestry.org/treedb2/speciesprofile.php?Spid=545,,3.0,assigned_confirm,False,
1443,28,Coconut,endangered_raw,Least Concern,https://tropical.theferns.info/viewtropical.php?id=Cocos+nucifera,,3.0,assigned_confirm,False,
1444,28,Coconut,planting_difficulty,Intolerant of heavy clay soils,https://apps.worldagroforestry.org/treedb2/speciesprofile.php?Spid=545,,3.0,assigned_confirm,False,
1445,28,Coconut,drought_tolerance_notes,High,https://tropical.theferns.info/viewtropical.php?id=Cocos+nucifera,,3.0,assigned_confirm,False,
1446,28,Coconut,mode_of_nutrition,Autotrophic,https://apps.worldagroforestry.org/treedb2/speciesprofile.php?Spid=545,,3.0,assigned_confirm,False,
1447,28,Coconut,native_habitat,Coastal zones,https://www.stuartxchange.org/Niyog2.html,,2.0,named,False,
1448,28,Coconut,growth_form,Tall unbranched palm,https://www.stuartxchange.org/Niyog2.html,,2.0,named,False,
1449,28,Coconut,sexuality_raw,Monoecious,https://apps.worldagroforestry.org/treedb2/speciesprofile.php?Spid=545,,3.0,assigned_confirm,False,
1450,28,Coconut,water_preference,Moderate watering,https://urbangoesgreen.com/plant-guide/edible/niyog/,,4.0,unranked,False,
1451,28,Coconut,light_preference,Full Sun,https://tropical.theferns.info/viewtropical.php?id=Cocos+nucifera,,3.0,assigned_confirm,False,
1452,28,Coconut,propagation_method,Seeds (Nuts),https://apps.worldagroforestry.org/treedb2/speciesprofile.php?Spid=545,,3.0,assigned_confirm,False,
1453,28,Coconut,plant_partners,"Pineapple, Cacao, Coffee (intercropping)",https://apps.worldagroforestry.org/treedb2/speciesprofile.php?Spid=545,,3.0,assigned_confirm,False,
1454,28,Coconut,common_problems,"Rhinoceros beetle, Cadang-cadang",https://apps.worldagroforestry.org/treedb2/speciesprofile.php?Spid=545,,3.0,assigned_confirm,False,
1455,28,Coconut,humidity,High,https://tropical.theferns.info/viewtropical.php?id=Cocos+nucifera,,3.0,assigned_confirm,False,
1456,28,Coconut,spacing_min_m,8,https://apps.worldagroforestry.org/treedb2/speciesprofile.php?Spid=545,,3.0,assigned_confirm,False,
1457,28,Coconut,spacing_max_m,10,https://apps.worldagroforestry.org/treedb2/speciesprofile.php?Spid=545,,3.0,assigned_confirm,False,
1458,28,Coconut,planting_depth,Nut half-buried,https://apps.worldagroforestry.org/treedb2/speciesprofile.php?Spid=545,,3.0,assigned_confirm,False,
1459,28,Coconut,germination_raw,45-90 days,https://apps.worldagroforestry.org/treedb2/speciesprofile.php?Spid=545,,3.0,assigned_confirm,False,
1460,28,Coconut,planting_method,Hole planting,https://apps.worldagroforestry.org/treedb2/speciesprofile.php?Spid=545,,3.0,assigned_confirm,False,
1461,28,Coconut,variants,"Tall, Dwarf varieties",https://apps.worldagroforestry.org/treedb2/speciesprofile.php?Spid=545,,3.0,assigned_confirm,False,
1462,28,Coconut,drainage,Well-drained,https://apps.worldagroforestry.org/treedb2/speciesprofile.php?Spid=545,,3.0,assigned_confirm,False,
1463,28,Coconut,nutritional_requirements,Standard NPK + Sodium (NaCl),https://apps.worldagroforestry.org/treedb2/speciesprofile.php?Spid=545,,3.0,assigned_confirm,False,
1464,28,Coconut,dry_season_raw,Max 4-5 months,https://apps.worldagroforestry.org/treedb2/speciesprofile.php?Spid=545,,3.0,assigned_confirm,False,
1465,28,Coconut,common_uses,"Copra, coconut water, timber, oil",https://www.stuartxchange.org/Niyog2.html,,2.0,named,False,
1466,29,Calamansi,common_name,Calamansi,https://www.stuartxchange.org/Kalamansi.html,,2.0,named,False,
1467,29,Calamansi,scientific_name,Citrofortunella microcarpa,https://www.stuartxchange.org/Kalamansi.html,,2.0,named,False,
1468,29,Calamansi,category,High-Value Crop / Fruit Shrub,https://ati2.da.gov.ph/ati-4b/content/sites/default/files/2022-12/calamansi_final.pdf,,1.0,named,False,
1469,29,Calamansi,elev_min_m,0,https://ati2.da.gov.ph/ati-4b/content/sites/default/files/2022-12/calamansi_final.pdf,,1.0,named,False,
1470,29,Calamansi,elev_max_m,800,https://ati2.da.gov.ph/ati-4b/content/sites/default/files/2022-12/calamansi_final.pdf,,1.0,named,False,
1471,29,Calamansi,rain_min_mm,1000,https://ati2.da.gov.ph/ati-4b/content/sites/default/files/2022-12/calamansi_final.pdf,,1.0,named,False,
1472,29,Calamansi,rain_max_mm,2000,https://ati2.da.gov.ph/ati-4b/content/sites/default/files/2022-12/calamansi_final.pdf,,1.0,named,False,
1473,29,Calamansi,shade_tol,Low,https://urbangoesgreen.com/plant-guide/edible/calamansi/,,4.0,unranked,False,
1474,29,Calamansi,max_slope_pct,25,https://ati2.da.gov.ph/ati-4b/content/sites/default/files/2022-12/calamansi_final.pdf,,1.0,named,False,
1475,29,Calamansi,soil_raw,"Sandy loam, Clay-loam",https://ati2.da.gov.ph/ati-4b/content/sites/default/files/2022-12/calamansi_final.pdf,,1.0,named,False,
1476,29,Calamansi,ph_min,5.5,https://ati2.da.gov.ph/ati-4b/content/sites/default/files/2022-12/calamansi_final.pdf,,1.0,named,False,
1477,29,Calamansi,ph_max,6.5,https://ati2.da.gov.ph/ati-4b/content/sites/default/files/2022-12/calamansi_final.pdf,,1.0,named,False,
1478,29,Calamansi,drought_tol,Medium,https://urbangoesgreen.com/plant-guide/edible/calamansi/,,4.0,unranked,False,
1479,29,Calamansi,waterlog_tol,Low,https://ati2.da.gov.ph/ati-4b/content/sites/default/files/2022-12/calamansi_final.pdf,,1.0,named,False,
1480,29,Calamansi,mature_height_m,5,https://www.stuartxchange.org/Kalamansi.html,,2.0,named,False,
1481,29,Calamansi,canopy_spread_m,4,https://ati2.da.gov.ph/ati-4b/content/sites/default/files/2022-12/calamansi_final.pdf,,1.0,named,False,
1482,29,Calamansi,root_type,Taproot / Fibrous,https://ati2.da.gov.ph/ati-4b/content/sites/default/files/2022-12/calamansi_final.pdf,,1.0,named,False,
1483,29,Calamansi,urban_raw,"Household Gardens, Orchards",https://urbangoesgreen.com/plant-guide/edible/calamansi/,,4.0,unranked,False,
1484,29,Calamansi,temp_min_c,20,https://ati2.da.gov.ph/ati-4b/content/sites/default/files/2022-12/calamansi_final.pdf,,1.0,named,False,
1485,29,Calamansi,temp_max_c,32,https://ati2.da.gov.ph/ati-4b/content/sites/default/files/2022-12/calamansi_final.pdf,,1.0,named,False,
1486,29,Calamansi,corona_raw,"Type I, III, IV",https://ati2.da.gov.ph/ati-4b/content/sites/default/files/2022-12/calamansi_final.pdf,,1.0,named,False,
1487,29,Calamansi,months_raw,"[5, 6, 7]",https://ati2.da.gov.ph/ati-4b/content/sites/default/files/2022-12/calamansi_final.pdf,,1.0,named,False,
1488,29,Calamansi,deployment_stage,Grafted / Seedling (4-6 mos),https://ati2.da.gov.ph/ati-4b/content/sites/default/files/2022-12/calamansi_final.pdf,,1.0,named,False,
1489,29,Calamansi,climate_risk_notes,Intolerant of waterlogging; roots rot easily,https://ati2.da.gov.ph/ati-4b/content/sites/default/files/2022-12/calamansi_final.pdf,,1.0,named,False,
1490,29,Calamansi,typhoon_res,Medium,https://urbangoesgreen.com/plant-guide/edible/calamansi/,,4.0,unranked,False,
1491,29,Calamansi,growth_rate_raw,Medium,https://ati2.da.gov.ph/ati-4b/content/sites/default/files/2022-12/calamansi_final.pdf,,1.0,named,False,
1492,29,Calamansi,reference_authority,DA (Dept. of Agriculture),https://ati2.da.gov.ph/ati-4b/content/sites/default/files/2022-12/calamansi_final.pdf,,1.0,named,False,
1493,29,Calamansi,special_care_notes,Requires pruning of water sprouts to maximize fruit yield,https://ati2.da.gov.ph/ati-4b/content/sites/default/files/2022-12/calamansi_final.pdf,,1.0,named,False,
1494,29,Calamansi,preferred_climate_seasons,Dry tropical,https://ati2.da.gov.ph/ati-4b/content/sites/default/files/2022-12/calamansi_final.pdf,,1.0,named,False,
1495,29,Calamansi,endangered_raw,Least Concern,https://urbangoesgreen.com/plant-guide/edible/calamansi/,,4.0,unranked,False,
1496,29,Calamansi,planting_difficulty,Requires excellent drainage,https://ati2.da.gov.ph/ati-4b/content/sites/default/files/2022-12/calamansi_final.pdf,,1.0,named,False,
1497,29,Calamansi,drought_tolerance_notes,Medium,https://urbangoesgreen.com/plant-guide/edible/calamansi/,,4.0,unranked,False,
1498,29,Calamansi,mode_of_nutrition,Autotrophic,https://ati2.da.gov.ph/ati-4b/content/sites/default/files/2022-12/calamansi_final.pdf,,1.0,named,False,
1499,29,Calamansi,native_habitat,Cultivated widely,https://www.stuartxchange.org/Kalamansi.html,,2.0,named,False,
1500,29,Calamansi,growth_form,Small evergreen tree or shrub,https://www.stuartxchange.org/Kalamansi.html,,2.0,named,False,
1501,29,Calamansi,sexuality_raw,Hermaphroditic,https://ati2.da.gov.ph/ati-4b/content/sites/default/files/2022-12/calamansi_final.pdf,,1.0,named,False,
1502,29,Calamansi,water_preference,Moderate watering,https://urbangoesgreen.com/plant-guide/edible/calamansi/,,4.0,unranked,False,
1503,29,Calamansi,light_preference,Full Sun,https://urbangoesgreen.com/plant-guide/edible/calamansi/,,4.0,unranked,False,
1504,29,Calamansi,propagation_method,"Grafting, Seeds, Marcotting",https://ati2.da.gov.ph/ati-4b/content/sites/default/files/2022-12/calamansi_final.pdf,,1.0,named,False,
1505,29,Calamansi,plant_partners,Nitrogen-fixing ground cover,https://ati2.da.gov.ph/ati-4b/content/sites/default/files/2022-12/calamansi_final.pdf,,1.0,named,False,
1506,29,Calamansi,common_problems,"Citrus rind borer, Citrus greening",https://ati2.da.gov.ph/ati-4b/content/sites/default/files/2022-12/calamansi_final.pdf,,1.0,named,False,
1507,29,Calamansi,humidity,Medium,https://urbangoesgreen.com/plant-guide/edible/calamansi/,,4.0,unranked,False,
1508,29,Calamansi,spacing_min_m,4,https://ati2.da.gov.ph/ati-4b/content/sites/default/files/2022-12/calamansi_final.pdf,,1.0,named,False,
1509,29,Calamansi,spacing_max_m,5,https://ati2.da.gov.ph/ati-4b/content/sites/default/files/2022-12/calamansi_final.pdf,,1.0,named,False,
1510,29,Calamansi,planting_depth,Collar level,https://ati2.da.gov.ph/ati-4b/content/sites/default/files/2022-12/calamansi_final.pdf,,1.0,named,False,
1511,29,Calamansi,germination_raw,20-30 days,https://ati2.da.gov.ph/ati-4b/content/sites/default/files/2022-12/calamansi_final.pdf,,1.0,named,False,
1512,29,Calamansi,planting_method,Hole 2x root ball,https://ati2.da.gov.ph/ati-4b/content/sites/default/files/2022-12/calamansi_final.pdf,,1.0,named,False,
1513,29,Calamansi,variants,Data Unavailable,https://ati2.da.gov.ph/ati-4b/content/sites/default/files/2022-12/calamansi_final.pdf,,1.0,named,False,
1514,29,Calamansi,drainage,Very Well-drained,https://ati2.da.gov.ph/ati-4b/content/sites/default/files/2022-12/calamansi_final.pdf,,1.0,named,False,
1515,29,Calamansi,nutritional_requirements,High Nitrogen and Potassium,https://ati2.da.gov.ph/ati-4b/content/sites/default/files/2022-12/calamansi_final.pdf,,1.0,named,False,
1516,29,Calamansi,dry_season_raw,Max 3-4 months,https://ati2.da.gov.ph/ati-4b/content/sites/default/files/2022-12/calamansi_final.pdf,,1.0,named,False,
1517,29,Calamansi,common_uses,"Fruit juice, condiment, medicinal",https://www.stuartxchange.org/Kalamansi.html,,2.0,named,False,
1518,30,Papaya,common_name,Papaya,https://www.stuartxchange.org/Papaya.html,,2.0,named,False,
1519,30,Papaya,scientific_name,Carica papaya,https://www.stuartxchange.org/Papaya.html,,2.0,named,False,
1520,30,Papaya,category,High-Value Crop / Fruit,https://apps.worldagroforestry.org/treedb2/speciesprofile.php?Spid=442,,3.0,assigned_confirm,False,
1521,30,Papaya,elev_min_m,0,https://apps.worldagroforestry.org/treedb2/speciesprofile.php?Spid=442,,3.0,assigned_confirm,False,
1522,30,Papaya,elev_max_m,1000,https://apps.worldagroforestry.org/treedb2/speciesprofile.php?Spid=442,,3.0,assigned_confirm,False,
1523,30,Papaya,rain_min_mm,1000,https://apps.worldagroforestry.org/treedb2/speciesprofile.php?Spid=442,,3.0,assigned_confirm,False,
1524,30,Papaya,rain_max_mm,2000,https://apps.worldagroforestry.org/treedb2/speciesprofile.php?Spid=442,,3.0,assigned_confirm,False,
1525,30,Papaya,shade_tol,Low,https://tropical.theferns.info/viewtropical.php?id=Carica+papaya,,3.0,assigned_confirm,False,
1526,30,Papaya,max_slope_pct,15,https://tropical.theferns.info/viewtropical.php?id=Carica+papaya,,3.0,assigned_confirm,False,
1527,30,Papaya,soil_raw,"Sandy loam, well-drained",https://apps.worldagroforestry.org/treedb2/speciesprofile.php?Spid=442,,3.0,assigned_confirm,False,
1528,30,Papaya,ph_min,5.5,https://apps.worldagroforestry.org/treedb2/speciesprofile.php?Spid=442,,3.0,assigned_confirm,False,
1529,30,Papaya,ph_max,7.0,https://apps.worldagroforestry.org/treedb2/speciesprofile.php?Spid=442,,3.0,assigned_confirm,False,
1530,30,Papaya,drought_tol,Medium,https://tropical.theferns.info/viewtropical.php?id=Carica+papaya,,3.0,assigned_confirm,False,
1531,30,Papaya,waterlog_tol,Low,https://apps.worldagroforestry.org/treedb2/speciesprofile.php?Spid=442,,3.0,assigned_confirm,False,
1532,30,Papaya,timber_density_raw,0.20,https://apps.worldagroforestry.org/treedb2/speciesprofile.php?Spid=442,,3.0,assigned_confirm,False,
1533,30,Papaya,mature_height_m,8,https://www.stuartxchange.org/Papaya.html,,2.0,named,False,
1534,30,Papaya,canopy_spread_m,3,https://apps.worldagroforestry.org/treedb2/speciesprofile.php?Spid=442,,3.0,assigned_confirm,False,
1535,30,Papaya,root_type,Shallow Taproot / Fibrous,https://apps.worldagroforestry.org/treedb2/speciesprofile.php?Spid=442,,3.0,assigned_confirm,False,
1536,30,Papaya,urban_raw,"Agroforestry, Household Gardens",https://urbangoesgreen.com/plant-guide/edible/papaya/,,4.0,unranked,False,
1537,30,Papaya,temp_min_c,21,https://apps.worldagroforestry.org/treedb2/speciesprofile.php?Spid=442,,3.0,assigned_confirm,False,
1538,30,Papaya,temp_max_c,32,https://apps.worldagroforestry.org/treedb2/speciesprofile.php?Spid=442,,3.0,assigned_confirm,False,
1539,30,Papaya,corona_raw,"Type I, III, IV",https://apps.worldagroforestry.org/treedb2/speciesprofile.php?Spid=442,,3.0,assigned_confirm,False,
1540,30,Papaya,months_raw,"[5, 6, 7]",https://apps.worldagroforestry.org/treedb2/speciesprofile.php?Spid=442,,3.0,assigned_confirm,False,
1541,30,Papaya,deployment_stage,Seedling (2-3 mos),https://apps.worldagroforestry.org/treedb2/speciesprofile.php?Spid=442,,3.0,assigned_confirm,False,
1542,30,Papaya,climate_risk_notes,Extremely sensitive to standing water; 48 hours of flooding will kill it,https://apps.worldagroforestry.org/treedb2/speciesprofile.php?Spid=442,,3.0,assigned_confirm,False,
1543,30,Papaya,typhoon_res,Low,https://tropical.theferns.info/viewtropical.php?id=Carica+papaya,,3.0,assigned_confirm,False,
1544,30,Papaya,growth_rate_raw,Very Fast,https://apps.worldagroforestry.org/treedb2/speciesprofile.php?Spid=442,,3.0,assigned_confirm,False,
1545,30,Papaya,reference_authority,World Agroforestry / StuartXChange,https://www.stuartxchange.org/Papaya.html,,2.0,named,False,
1546,30,Papaya,special_care_notes,Needs male-to-female ratio management if non-hermaphroditic variety,https://apps.worldagroforestry.org/treedb2/speciesprofile.php?Spid=442,,3.0,assigned_confirm,False,
1547,30,Papaya,preferred_climate_seasons,Humid tropical,https://apps.worldagroforestry.org/treedb2/speciesprofile.php?Spid=442,,3.0,assigned_confirm,False,
1548,30,Papaya,endangered_raw,Least Concern,https://tropical.theferns.info/viewtropical.php?id=Carica+papaya,,3.0,assigned_confirm,False,
1549,30,Papaya,planting_difficulty,Cannot survive poorly drained soils,https://apps.worldagroforestry.org/treedb2/speciesprofile.php?Spid=442,,3.0,assigned_confirm,False,
1550,30,Papaya,drought_tolerance_notes,Medium,https://tropical.theferns.info/viewtropical.php?id=Carica+papaya,,3.0,assigned_confirm,False,
1551,30,Papaya,mode_of_nutrition,Autotrophic,https://apps.worldagroforestry.org/treedb2/speciesprofile.php?Spid=442,,3.0,assigned_confirm,False,
1552,30,Papaya,native_habitat,Cultivated widely,https://www.stuartxchange.org/Papaya.html,,2.0,named,False,
1553,30,Papaya,growth_form,"Fast-growing herbaceous tree, unbranched trunk",https://www.stuartxchange.org/Papaya.html,,2.0,named,False,
1554,30,Papaya,sexuality_raw,"Dioecious, Hermaphroditic",https://apps.worldagroforestry.org/treedb2/speciesprofile.php?Spid=442,,3.0,assigned_confirm,False,
1555,30,Papaya,water_preference,Moderate watering,https://urbangoesgreen.com/plant-guide/edible/papaya/,,4.0,unranked,False,
1556,30,Papaya,light_preference,Full Sun,https://tropical.theferns.info/viewtropical.php?id=Carica+papaya,,3.0,assigned_confirm,False,
1557,30,Papaya,propagation_method,Seeds,https://apps.worldagroforestry.org/treedb2/speciesprofile.php?Spid=442,,3.0,assigned_confirm,False,
1558,30,Papaya,plant_partners,Short-term cash crops,https://apps.worldagroforestry.org/treedb2/speciesprofile.php?Spid=442,,3.0,assigned_confirm,False,
1559,30,Papaya,common_problems,"Papaya Ringspot Virus, Root rot",https://apps.worldagroforestry.org/treedb2/speciesprofile.php?Spid=442,,3.0,assigned_confirm,False,
1560,30,Papaya,humidity,High,https://tropical.theferns.info/viewtropical.php?id=Carica+papaya,,3.0,assigned_confirm,False,
1561,30,Papaya,spacing_min_m,2,https://apps.worldagroforestry.org/treedb2/speciesprofile.php?Spid=442,,3.0,assigned_confirm,False,
1562,30,Papaya,spacing_max_m,3,https://apps.worldagroforestry.org/treedb2/speciesprofile.php?Spid=442,,3.0,assigned_confirm,False,
1563,30,Papaya,planting_depth,Collar level,https://apps.worldagroforestry.org/treedb2/speciesprofile.php?Spid=442,,3.0,assigned_confirm,False,
1564,30,Papaya,germination_raw,10-21 days,https://apps.worldagroforestry.org/treedb2/speciesprofile.php?Spid=442,,3.0,assigned_confirm,False,
1565,30,Papaya,planting_method,Hole 2x root ball,https://apps.worldagroforestry.org/treedb2/speciesprofile.php?Spid=442,,3.0,assigned_confirm,False,
1566,30,Papaya,variants,"Red Lady, Solo",https://apps.worldagroforestry.org/treedb2/speciesprofile.php?Spid=442,,3.0,assigned_confirm,False,
1567,30,Papaya,drainage,Very Well-drained,https://apps.worldagroforestry.org/treedb2/speciesprofile.php?Spid=442,,3.0,assigned_confirm,False,
1568,30,Papaya,nutritional_requirements,High Nitrogen and Phosphorus,https://apps.worldagroforestry.org/treedb2/speciesprofile.php?Spid=442,,3.0,assigned_confirm,False,
1569,30,Papaya,dry_season_raw,Max 2-3 months,https://apps.worldagroforestry.org/treedb2/speciesprofile.php?Spid=442,,3.0,assigned_confirm,False,
1570,30,Papaya,common_uses,"Edible fruit, meat tenderizer (papain)",https://www.stuartxchange.org/Papaya.html,,2.0,named,False,
1571,31,Fire Tree,common_name,Fire Tree,https://www.stuartxchange.com/FireTree.html,,2.0,named,False,
1572,31,Fire Tree,scientific_name,Delonix regia,https://www.stuartxchange.com/FireTree.html,,2.0,named,False,
1573,31,Fire Tree,category,Introduced Ornamental / Shade,https://apps.worldagroforestry.org/treedb2/speciesprofile.php?Spid=648,,3.0,assigned_confirm,False,
1574,31,Fire Tree,elev_min_m,0,https://tropical.theferns.info/viewtropical.php?id=delonix+regia,,3.0,assigned_confirm,False,
1575,31,Fire Tree,elev_max_m,2000,https://tropical.theferns.info/viewtropical.php?id=delonix+regia,,3.0,assigned_confirm,False,
1576,31,Fire Tree,rain_min_mm,700,https://tropical.theferns.info/viewtropical.php?id=delonix+regia,,3.0,assigned_confirm,False,
1577,31,Fire Tree,rain_max_mm,2500,https://tropical.theferns.info/viewtropical.php?id=delonix+regia,,3.0,assigned_confirm,False,
1578,31,Fire Tree,shade_tol,Low,https://tropical.theferns.info/viewtropical.php?id=delonix+regia,,3.0,assigned_confirm,False,
1579,31,Fire Tree,max_slope_pct,20,https://tropical.theferns.info/viewtropical.php?id=delonix+regia,,3.0,assigned_confirm,False,
1580,31,Fire Tree,soil_raw,"Sandy, Loam, highly tolerant of poor soils",https://apps.worldagroforestry.org/treedb2/speciesprofile.php?Spid=648,,3.0,assigned_confirm,False,
1581,31,Fire Tree,ph_min,5.5,https://apps.worldagroforestry.org/treedb2/speciesprofile.php?Spid=648,,3.0,assigned_confirm,False,
1582,31,Fire Tree,ph_max,7.5,https://apps.worldagroforestry.org/treedb2/speciesprofile.php?Spid=648,,3.0,assigned_confirm,False,
1583,31,Fire Tree,drought_tol,High,https://tropical.theferns.info/viewtropical.php?id=delonix+regia,,3.0,assigned_confirm,False,
1584,31,Fire Tree,waterlog_tol,Low,https://apps.worldagroforestry.org/treedb2/speciesprofile.php?Spid=648,,3.0,assigned_confirm,False,
1585,31,Fire Tree,timber_density_raw,0.80,https://apps.worldagroforestry.org/treedb2/speciesprofile.php?Spid=648,,3.0,assigned_confirm,False,
1586,31,Fire Tree,mature_height_m,15,https://www.stuartxchange.com/FireTree.html,,2.0,named,False,
1587,31,Fire Tree,canopy_spread_m,15,https://apps.worldagroforestry.org/treedb2/speciesprofile.php?Spid=648,,3.0,assigned_confirm,False,
1588,31,Fire Tree,root_type,Extensive shallow and aggressive surface roots,https://apps.worldagroforestry.org/treedb2/speciesprofile.php?Spid=648,,3.0,assigned_confirm,False,
1589,31,Fire Tree,urban_raw,"Parks, Open Spaces, Roadsides",https://urbangoesgreen.com/plant-guide/ornamental/fire-tree/,,4.0,unranked,False,
1590,31,Fire Tree,temp_min_c,20,https://tropical.theferns.info/viewtropical.php?id=delonix+regia,,3.0,assigned_confirm,False,
1591,31,Fire Tree,temp_max_c,35,https://tropical.theferns.info/viewtropical.php?id=delonix+regia,,3.0,assigned_confirm,False,
1592,31,Fire Tree,corona_raw,"Type I, III, IV",https://apps.worldagroforestry.org/treedb2/speciesprofile.php?Spid=648,,3.0,assigned_confirm,False,
1593,31,Fire Tree,months_raw,"[5, 6, 7]",https://urbangoesgreen.com/plant-guide/ornamental/fire-tree/,,4.0,unranked,False,
1594,31,Fire Tree,deployment_stage,Sapling (6-8 mos),https://apps.worldagroforestry.org/treedb2/speciesprofile.php?Spid=648,,3.0,assigned_confirm,False,
1595,31,Fire Tree,climate_risk_notes,Needs dry season to trigger spectacular flowering,https://apps.worldagroforestry.org/treedb2/speciesprofile.php?Spid=648,,3.0,assigned_confirm,False,
1596,31,Fire Tree,typhoon_res,Low,https://tropical.theferns.info/viewtropical.php?id=delonix+regia,,3.0,assigned_confirm,False,
1597,31,Fire Tree,growth_rate_raw,Fast,https://apps.worldagroforestry.org/treedb2/speciesprofile.php?Spid=648,,3.0,assigned_confirm,False,
1598,31,Fire Tree,reference_authority,World Agroforestry / StuartXChange,https://www.stuartxchange.com/FireTree.html,,2.0,named,False,
1599,31,Fire Tree,special_care_notes,Do not plant near sidewalks or pipes; roots will destroy infrastructure,https://apps.worldagroforestry.org/treedb2/speciesprofile.php?Spid=648,,3.0,assigned_confirm,False,
1600,31,Fire Tree,preferred_climate_seasons,Dry tropical,https://apps.worldagroforestry.org/treedb2/speciesprofile.php?Spid=648,,3.0,assigned_confirm,False,
1601,31,Fire Tree,endangered_raw,Least Concern,https://tropical.theferns.info/viewtropical.php?id=delonix+regia,,3.0,assigned_confirm,False,
1602,31,Fire Tree,planting_difficulty,High infrastructure damage risk,https://urbangoesgreen.com/plant-guide/ornamental/fire-tree/,,4.0,unranked,False,
1603,31,Fire Tree,drought_tolerance_notes,High,https://tropical.theferns.info/viewtropical.php?id=delonix+regia,,3.0,assigned_confirm,False,
1604,31,Fire Tree,mode_of_nutrition,Autotrophic,https://apps.worldagroforestry.org/treedb2/speciesprofile.php?Spid=648,,3.0,assigned_confirm,False,
1605,31,Fire Tree,native_habitat,"Cultivated widely, native to Madagascar",https://www.stuartxchange.com/FireTree.html,,2.0,named,False,
1606,31,Fire Tree,growth_form,"Deciduous tree, umbrella-shaped crown",https://www.stuartxchange.com/FireTree.html,,2.0,named,False,
1607,31,Fire Tree,sexuality_raw,Hermaphroditic,https://apps.worldagroforestry.org/treedb2/speciesprofile.php?Spid=648,,3.0,assigned_confirm,False,
1608,31,Fire Tree,water_preference,Low watering once established,https://urbangoesgreen.com/plant-guide/ornamental/fire-tree/,,4.0,unranked,False,
1609,31,Fire Tree,light_preference,Full Sun,https://tropical.theferns.info/viewtropical.php?id=delonix+regia,,3.0,assigned_confirm,False,
1610,31,Fire Tree,propagation_method,"Seeds, Cuttings",https://apps.worldagroforestry.org/treedb2/speciesprofile.php?Spid=648,,3.0,assigned_confirm,False,
1611,31,Fire Tree,plant_partners,Drought-resistant ground cover,https://apps.worldagroforestry.org/treedb2/speciesprofile.php?Spid=648,,3.0,assigned_confirm,False,
1612,31,Fire Tree,common_problems,Root rot in poor drainage,https://apps.worldagroforestry.org/treedb2/speciesprofile.php?Spid=648,,3.0,assigned_confirm,False,
1613,31,Fire Tree,humidity,Low,https://tropical.theferns.info/viewtropical.php?id=delonix+regia,,3.0,assigned_confirm,False,
1614,31,Fire Tree,spacing_min_m,10,https://apps.worldagroforestry.org/treedb2/speciesprofile.php?Spid=648,,3.0,assigned_confirm,False,
1615,31,Fire Tree,spacing_max_m,15,https://apps.worldagroforestry.org/treedb2/speciesprofile.php?Spid=648,,3.0,assigned_confirm,False,
1616,31,Fire Tree,planting_depth,Collar level,https://apps.worldagroforestry.org/treedb2/speciesprofile.php?Spid=648,,3.0,assigned_confirm,False,
1617,31,Fire Tree,germination_raw,10-20 days (requires scarification),https://apps.worldagroforestry.org/treedb2/speciesprofile.php?Spid=648,,3.0,assigned_confirm,False,
1618,31,Fire Tree,planting_method,Hole 2x root ball,https://urbangoesgreen.com/plant-guide/ornamental/fire-tree/,,4.0,unranked,False,
1619,31,Fire Tree,drainage,Very Well-drained,https://apps.worldagroforestry.org/treedb2/speciesprofile.php?Spid=648,,3.0,assigned_confirm,False,
1620,31,Fire Tree,nutritional_requirements,Low requirement,https://apps.worldagroforestry.org/treedb2/speciesprofile.php?Spid=648,,3.0,assigned_confirm,False,
1621,31,Fire Tree,dry_season_raw,Max 6-8 months,https://apps.worldagroforestry.org/treedb2/speciesprofile.php?Spid=648,,3.0,assigned_confirm,False,
1622,31,Fire Tree,common_uses,"Ornamental, Shade",https://www.stuartxchange.com/FireTree.html,,2.0,named,False,
1623,32,Salinggogon,common_name,Salinggogon,https://www.stuartxchange.org/Salingogonn,,2.0,named,False,
1624,32,Salinggogon,scientific_name,Cratoxylum formosum,https://www.stuartxchange.org/Salingogonn,,2.0,named,False,
1625,32,Salinggogon,category,Native Ornamental / Timber,https://www.stuartxchange.org/Salingogonn,,2.0,named,False,
1626,32,Salinggogon,elev_min_m,0,https://tropical.theferns.info/viewtropical.php?id=Cratoxylum+formosum,,3.0,assigned_confirm,False,
1627,32,Salinggogon,elev_max_m,1000,https://tropical.theferns.info/viewtropical.php?id=Cratoxylum+formosum,,3.0,assigned_confirm,False,
1628,32,Salinggogon,rain_min_mm,1200,https://tropical.theferns.info/viewtropical.php?id=Cratoxylum+formosum,,3.0,assigned_confirm,False,
1629,32,Salinggogon,rain_max_mm,3000,https://tropical.theferns.info/viewtropical.php?id=Cratoxylum+formosum,,3.0,assigned_confirm,False,
1630,32,Salinggogon,shade_tol,Low,https://tropical.theferns.info/viewtropical.php?id=Cratoxylum+formosum,,3.0,assigned_confirm,False,
1631,32,Salinggogon,max_slope_pct,30,https://tropical.theferns.info/viewtropical.php?id=Cratoxylum+formosum,,3.0,assigned_confirm,False,
1632,32,Salinggogon,soil_raw,"Loam, Sandy",https://tropical.theferns.info/viewtropical.php?id=Cratoxylum+formosum,,3.0,assigned_confirm,False,
1633,32,Salinggogon,ph_min,5.0,https://tropical.theferns.info/viewtropical.php?id=Cratoxylum+formosum,,3.0,assigned_confirm,False,
1634,32,Salinggogon,ph_max,7.0,https://tropical.theferns.info/viewtropical.php?id=Cratoxylum+formosum,,3.0,assigned_confirm,False,
1635,32,Salinggogon,drought_tol,High,https://tropical.theferns.info/viewtropical.php?id=Cratoxylum+formosum,,3.0,assigned_confirm,False,
1636,32,Salinggogon,waterlog_tol,Low,https://tropical.theferns.info/viewtropical.php?id=Cratoxylum+formosum,,3.0,assigned_confirm,False,
1637,32,Salinggogon,timber_density_raw,0.75,https://tropical.theferns.info/viewtropical.php?id=Cratoxylum+formosum,,3.0,assigned_confirm,False,
1638,32,Salinggogon,mature_height_m,20,https://www.stuartxchange.org/Salingogonn,,2.0,named,False,
1639,32,Salinggogon,canopy_spread_m,10,https://tropical.theferns.info/viewtropical.php?id=Cratoxylum+formosum,,3.0,assigned_confirm,False,
1640,32,Salinggogon,root_type,Taproot,https://tropical.theferns.info/viewtropical.php?id=Cratoxylum+formosum,,3.0,assigned_confirm,False,
1641,32,Salinggogon,urban_raw,"Streetscape, Parks (Philippine Cherry Blossom)",https://eplantai.com/plant/pink-mempat-cratoxylum-formosum,,4.0,unranked,False,
1642,32,Salinggogon,temp_min_c,24,https://tropical.theferns.info/viewtropical.php?id=Cratoxylum+formosum,,3.0,assigned_confirm,False,
1643,32,Salinggogon,temp_max_c,28,https://tropical.theferns.info/viewtropical.php?id=Cratoxylum+formosum,,3.0,assigned_confirm,False,
1644,32,Salinggogon,corona_raw,"Type I, III, IV",https://tropical.theferns.info/viewtropical.php?id=Cratoxylum+formosum,,3.0,assigned_confirm,False,
1645,32,Salinggogon,months_raw,"[5, 6, 7]",https://tropical.theferns.info/viewtropical.php?id=Cratoxylum+formosum,,3.0,assigned_confirm,False,
1646,32,Salinggogon,deployment_stage,Sapling (6-8 mos),https://tropical.theferns.info/viewtropical.php?id=Cratoxylum+formosum,,3.0,assigned_confirm,False,
1647,32,Salinggogon,climate_risk_notes,Flowering is induced by distinct dry season,https://tropical.theferns.info/viewtropical.php?id=Cratoxylum+formosum,,3.0,assigned_confirm,False,
1648,32,Salinggogon,typhoon_res,Medium,https://tropical.theferns.info/viewtropical.php?id=Cratoxylum+formosum,,3.0,assigned_confirm,False,
1649,32,Salinggogon,growth_rate_raw,Medium,https://tropical.theferns.info/viewtropical.php?id=Cratoxylum+formosum,,3.0,assigned_confirm,False,
1650,32,Salinggogon,reference_authority,StuartXChange / Tropical Ferns,https://www.stuartxchange.org/Salingogonn,,2.0,named,False,
1651,32,Salinggogon,special_care_notes,Sheds leaves entirely before spectacular pink bloom,https://tropical.theferns.info/viewtropical.php?id=Cratoxylum+formosum,,3.0,assigned_confirm,False,
1652,32,Salinggogon,preferred_climate_seasons,Dry and humid tropical,https://tropical.theferns.info/viewtropical.php?id=Cratoxylum+formosum,,3.0,assigned_confirm,False,
1653,32,Salinggogon,endangered_raw,Least Concern,https://tropical.theferns.info/viewtropical.php?id=Cratoxylum+formosum,,3.0,assigned_confirm,False,
1654,32,Salinggogon,planting_difficulty,Low infrastructure risk,https://tropical.theferns.info/viewtropical.php?id=Cratoxylum+formosum,,3.0,assigned_confirm,False,
1655,32,Salinggogon,drought_tolerance_notes,High,https://tropical.theferns.info/viewtropical.php?id=Cratoxylum+formosum,,3.0,assigned_confirm,False,
1656,32,Salinggogon,mode_of_nutrition,Autotrophic,https://tropical.theferns.info/viewtropical.php?id=Cratoxylum+formosum,,3.0,assigned_confirm,False,
1657,32,Salinggogon,native_habitat,"Secondary forests, open areas",https://www.stuartxchange.org/Salingogonn,,2.0,named,False,
1658,32,Salinggogon,growth_form,"Medium deciduous tree, thin spreading canopy",https://www.stuartxchange.org/Salingogonn,,2.0,named,False,
1659,32,Salinggogon,sexuality_raw,Hermaphroditic,https://tropical.theferns.info/viewtropical.php?id=Cratoxylum+formosum,,3.0,assigned_confirm,False,
1660,32,Salinggogon,water_preference,Moderate watering,https://tropical.theferns.info/viewtropical.php?id=Cratoxylum+formosum,,3.0,assigned_confirm,False,
1661,32,Salinggogon,light_preference,Full Sun,https://tropical.theferns.info/viewtropical.php?id=Cratoxylum+formosum,,3.0,assigned_confirm,False,
1662,32,Salinggogon,propagation_method,Seeds,https://tropical.theferns.info/viewtropical.php?id=Cratoxylum+formosum,,3.0,assigned_confirm,False,
1663,32,Salinggogon,plant_partners,Ornamental understory,https://tropical.theferns.info/viewtropical.php?id=Cratoxylum+formosum,,3.0,assigned_confirm,False,
1664,32,Salinggogon,common_problems,"Low seed germination rates, seedling vulnerability to damping-off disease, intense weed competition, and a lack of direct sunlight",https://agriculture.com.ph/2021/06/10/philippine-native-tree-that-resembles-japans-cherry-blossoms-grows-in-rizal/,,4.0,unranked,True,nonstandard_citation
1665,32,Salinggogon,humidity,Medium,https://tropical.theferns.info/viewtropical.php?id=Cratoxylum+formosum,,3.0,assigned_confirm,False,
1666,32,Salinggogon,spacing_min_m,5,https://tropical.theferns.info/viewtropical.php?id=Cratoxylum+formosum,,3.0,assigned_confirm,False,
1667,32,Salinggogon,spacing_max_m,8,https://tropical.theferns.info/viewtropical.php?id=Cratoxylum+formosum,,3.0,assigned_confirm,False,
1668,32,Salinggogon,planting_depth,Collar level,https://tropical.theferns.info/viewtropical.php?id=Cratoxylum+formosum,,3.0,assigned_confirm,False,
1669,32,Salinggogon,germination_raw,15-25 days,https://tropical.theferns.info/viewtropical.php?id=Cratoxylum+formosum,,3.0,assigned_confirm,False,
1670,32,Salinggogon,planting_method,Hole 2x root ball,https://tropical.theferns.info/viewtropical.php?id=Cratoxylum+formosum,,3.0,assigned_confirm,False,
1671,32,Salinggogon,drainage,Well-drained,https://tropical.theferns.info/viewtropical.php?id=Cratoxylum+formosum,,3.0,assigned_confirm,False,
1672,32,Salinggogon,nutritional_requirements,Standard NPK,https://tropical.theferns.info/viewtropical.php?id=Cratoxylum+formosum,,3.0,assigned_confirm,False,
1673,32,Salinggogon,dry_season_raw,Max 4-5 months,https://tropical.theferns.info/viewtropical.php?id=Cratoxylum+formosum,,3.0,assigned_confirm,False,
1674,32,Salinggogon,common_uses,"Ornamental flowering, timber",https://www.stuartxchange.org/Salingogonn,,2.0,named,False,
1675,33,White Lauan,common_name,White Lauan,https://www.stuartxchange.org/LauanPuti,,2.0,named,False,
1676,33,White Lauan,scientific_name,Shorea contorta,https://www.stuartxchange.org/LauanPuti,,2.0,named,False,
1677,33,White Lauan,category,Native Timber (Dipterocarp),https://www.stuartxchange.org/LauanPuti,,2.0,named,False,
1678,33,White Lauan,elev_min_m,0,https://tropical.theferns.info/viewtropical.php?id=Shorea+contorta,,3.0,assigned_confirm,False,
1679,33,White Lauan,elev_max_m,700,https://tropical.theferns.info/viewtropical.php?id=Shorea+contorta,,3.0,assigned_confirm,False,
1680,33,White Lauan,rain_min_mm,1500,https://tropical.theferns.info/viewtropical.php?id=Shorea+contorta,,3.0,assigned_confirm,False,
1681,33,White Lauan,rain_max_mm,3500,https://tropical.theferns.info/viewtropical.php?id=Shorea+contorta,,3.0,assigned_confirm,False,
1682,33,White Lauan,shade_tol,High,https://tropical.theferns.info/viewtropical.php?id=Shorea+contorta,,3.0,assigned_confirm,False,
1683,33,White Lauan,max_slope_pct,45,https://tropical.theferns.info/viewtropical.php?id=Shorea+contorta,,3.0,assigned_confirm,False,
1684,33,White Lauan,soil_raw,"Clay-Loam, Volcanic Loam",https://tropical.theferns.info/viewtropical.php?id=Shorea+contorta,,3.0,assigned_confirm,False,
1685,33,White Lauan,ph_min,5.0,https://tropical.theferns.info/viewtropical.php?id=Shorea+contorta,,3.0,assigned_confirm,False,
1686,33,White Lauan,ph_max,6.5,https://tropical.theferns.info/viewtropical.php?id=Shorea+contorta,,3.0,assigned_confirm,False,
1687,33,White Lauan,drought_tol,Low,https://tropical.theferns.info/viewtropical.php?id=Shorea+contorta,,3.0,assigned_confirm,False,
1688,33,White Lauan,waterlog_tol,Low,https://tropical.theferns.info/viewtropical.php?id=Shorea+contorta,,3.0,assigned_confirm,False,
1689,33,White Lauan,timber_density_raw,0.55,https://tropical.theferns.info/viewtropical.php?id=Shorea+contorta,,3.0,assigned_confirm,False,
1690,33,White Lauan,mature_height_m,50,https://www.stuartxchange.org/LauanPuti,,2.0,named,False,
1691,33,White Lauan,canopy_spread_m,20,https://tropical.theferns.info/viewtropical.php?id=Shorea+contorta,,3.0,assigned_confirm,False,
1692,33,White Lauan,root_type,Taproot,https://tropical.theferns.info/viewtropical.php?id=Shorea+contorta,,3.0,assigned_confirm,False,
1693,33,White Lauan,urban_raw,"Forest Restoration, Watershed",https://tropical.theferns.info/viewtropical.php?id=Shorea+contorta,,3.0,assigned_confirm,False,
1694,33,White Lauan,temp_min_c,24,https://tropical.theferns.info/viewtropical.php?id=Shorea+contorta,,3.0,assigned_confirm,False,
1695,33,White Lauan,temp_max_c,28,https://tropical.theferns.info/viewtropical.php?id=Shorea+contorta,,3.0,assigned_confirm,False,
1696,33,White Lauan,corona_raw,"Type II, III, IV",https://tropical.theferns.info/viewtropical.php?id=Shorea+contorta,,3.0,assigned_confirm,False,
1697,33,White Lauan,months_raw,"[7, 8]",https://tropical.theferns.info/viewtropical.php?id=Shorea+contorta,,3.0,assigned_confirm,False,
1698,33,White Lauan,deployment_stage,Sapling (8-10 mos),https://tropical.theferns.info/viewtropical.php?id=Shorea+contorta,,3.0,assigned_confirm,False,
1699,33,White Lauan,climate_risk_notes,Requires shading during seedling stage; highly vulnerable to drought,https://tropical.theferns.info/viewtropical.php?id=Shorea+contorta,,3.0,assigned_confirm,False,
1700,33,White Lauan,typhoon_res,Medium,https://tropical.theferns.info/viewtropical.php?id=Shorea+contorta,,3.0,assigned_confirm,False,
1701,33,White Lauan,growth_rate_raw,Slow,https://tropical.theferns.info/viewtropical.php?id=Shorea+contorta,,3.0,assigned_confirm,False,
1702,33,White Lauan,reference_authority,StuartXChange / POWO,https://www.stuartxchange.org/LauanPuti,,2.0,named,False,
1703,33,White Lauan,special_care_notes,Dipterocarp species; requires mycorrhizal fungi for establishment,https://tropical.theferns.info/viewtropical.php?id=Shorea+contorta,,3.0,assigned_confirm,False,
1704,33,White Lauan,preferred_climate_seasons,Humid tropical,https://tropical.theferns.info/viewtropical.php?id=Shorea+contorta,,3.0,assigned_confirm,False,
1705,33,White Lauan,endangered_raw,Vulnerable,https://tropical.theferns.info/viewtropical.php?id=Shorea+contorta,,3.0,assigned_confirm,False,
1706,33,White Lauan,planting_difficulty,High difficulty; seed recalcitrance and requires nurse trees,https://tropical.theferns.info/viewtropical.php?id=Shorea+contorta,,3.0,assigned_confirm,False,
1707,33,White Lauan,drought_tolerance_notes,Low,https://tropical.theferns.info/viewtropical.php?id=Shorea+contorta,,3.0,assigned_confirm,False,
1708,33,White Lauan,mode_of_nutrition,Autotrophic,https://tropical.theferns.info/viewtropical.php?id=Shorea+contorta,,3.0,assigned_confirm,False,
1709,33,White Lauan,native_habitat,Primary forests,https://www.stuartxchange.org/LauanPuti,,2.0,named,False,
1710,33,White Lauan,growth_form,"Tall emergent canopy tree, cylindrical bole",https://www.stuartxchange.org/LauanPuti,,2.0,named,False,
1711,33,White Lauan,sexuality_raw,Hermaphroditic,https://tropical.theferns.info/viewtropical.php?id=Shorea+contorta,,3.0,assigned_confirm,False,
1712,33,White Lauan,water_preference,High watering,https://tropical.theferns.info/viewtropical.php?id=Shorea+contorta,,3.0,assigned_confirm,False,
1713,33,White Lauan,light_preference,"Partial Shade when young, Full Sun when mature",https://tropical.theferns.info/viewtropical.php?id=Shorea+contorta,,3.0,assigned_confirm,False,
1714,33,White Lauan,propagation_method,Seeds,https://tropical.theferns.info/viewtropical.php?id=Shorea+contorta,,3.0,assigned_confirm,False,
1715,33,White Lauan,plant_partners,Pioneer forest species,https://tropical.theferns.info/viewtropical.php?id=Shorea+contorta,,3.0,assigned_confirm,False,
1716,33,White Lauan,common_problems,Seed recalcitrance,https://tropical.theferns.info/viewtropical.php?id=Shorea+contorta,,3.0,assigned_confirm,False,
1717,33,White Lauan,humidity,High,https://tropical.theferns.info/viewtropical.php?id=Shorea+contorta,,3.0,assigned_confirm,False,
1718,33,White Lauan,spacing_min_m,10,https://tropical.theferns.info/viewtropical.php?id=Shorea+contorta,,3.0,assigned_confirm,False,
1719,33,White Lauan,spacing_max_m,15,https://tropical.theferns.info/viewtropical.php?id=Shorea+contorta,,3.0,assigned_confirm,False,
1720,33,White Lauan,planting_depth,Collar level,https://tropical.theferns.info/viewtropical.php?id=Shorea+contorta,,3.0,assigned_confirm,False,
1721,33,White Lauan,germination_raw,14-25 days,https://tropical.theferns.info/viewtropical.php?id=Shorea+contorta,,3.0,assigned_confirm,False,
1722,33,White Lauan,planting_method,Hole 2x root ball,https://tropical.theferns.info/viewtropical.php?id=Shorea+contorta,,3.0,assigned_confirm,False,
1723,33,White Lauan,drainage,Well-drained,https://tropical.theferns.info/viewtropical.php?id=Shorea+contorta,,3.0,assigned_confirm,False,
1724,33,White Lauan,nutritional_requirements,Standard NPK + Mycorrhiza,https://tropical.theferns.info/viewtropical.php?id=Shorea+contorta,,3.0,assigned_confirm,False,
1725,33,White Lauan,dry_season_raw,Max 2-3 months,https://tropical.theferns.info/viewtropical.php?id=Shorea+contorta,,3.0,assigned_confirm,False,
1726,33,White Lauan,common_uses,Premium construction timber,https://www.stuartxchange.org/LauanPuti,,2.0,named,False,
1727,34,Red Lauan,common_name,Red Lauan,https://www.stuartxchange.org/LauanPula,,2.0,named,False,
1728,34,Red Lauan,scientific_name,Shorea negrosensis,https://www.stuartxchange.org/LauanPula,,2.0,named,False,
1729,34,Red Lauan,category,Native Timber (Dipterocarp),https://www.stuartxchange.org/LauanPula,,2.0,named,False,
1730,34,Red Lauan,elev_min_m,0,https://apps.worldagroforestry.org/treedb2/speciesprofile.php?Spid=17971,,3.0,assigned_confirm,False,
1731,34,Red Lauan,elev_max_m,1000,https://apps.worldagroforestry.org/treedb2/speciesprofile.php?Spid=17971,,3.0,assigned_confirm,False,
1732,34,Red Lauan,rain_min_mm,1500,https://apps.worldagroforestry.org/treedb2/speciesprofile.php?Spid=17971,,3.0,assigned_confirm,False,
1733,34,Red Lauan,rain_max_mm,3500,https://apps.worldagroforestry.org/treedb2/speciesprofile.php?Spid=17971,,3.0,assigned_confirm,False,
1734,34,Red Lauan,shade_tol,High,https://binhi.ph/tree-info/?tree-name=Red%20Lauan,,4.0,unranked,False,
1735,34,Red Lauan,max_slope_pct,45,https://apps.worldagroforestry.org/treedb2/speciesprofile.php?Spid=17971,,3.0,assigned_confirm,False,
1736,34,Red Lauan,soil_raw,"Clay-Loam, Volcanic Loam",https://binhi.ph/tree-info/?tree-name=Red%20Lauan,,4.0,unranked,False,
1737,34,Red Lauan,ph_min,5.0,https://apps.worldagroforestry.org/treedb2/speciesprofile.php?Spid=17971,,3.0,assigned_confirm,False,
1738,34,Red Lauan,ph_max,6.5,https://apps.worldagroforestry.org/treedb2/speciesprofile.php?Spid=17971,,3.0,assigned_confirm,False,
1739,34,Red Lauan,drought_tol,Low,https://binhi.ph/tree-info/?tree-name=Red%20Lauan,,4.0,unranked,False,
1740,34,Red Lauan,waterlog_tol,Low,https://apps.worldagroforestry.org/treedb2/speciesprofile.php?Spid=17971,,3.0,assigned_confirm,False,
1741,34,Red Lauan,timber_density_raw,0.60,https://binhi.ph/tree-info/?tree-name=Red%20Lauan,,4.0,unranked,False,
1742,34,Red Lauan,mature_height_m,50,https://www.stuartxchange.org/LauanPula,,2.0,named,False,
1743,34,Red Lauan,canopy_spread_m,20,https://apps.worldagroforestry.org/treedb2/speciesprofile.php?Spid=17971,,3.0,assigned_confirm,False,
1744,34,Red Lauan,root_type,Taproot,https://apps.worldagroforestry.org/treedb2/speciesprofile.php?Spid=17971,,3.0,assigned_confirm,False,
1745,34,Red Lauan,urban_raw,"Forest Restoration, Watershed",https://binhi.ph/tree-info/?tree-name=Red%20Lauan,,4.0,unranked,False,
1746,34,Red Lauan,temp_min_c,24,https://apps.worldagroforestry.org/treedb2/speciesprofile.php?Spid=17971,,3.0,assigned_confirm,False,
1747,34,Red Lauan,temp_max_c,28,https://apps.worldagroforestry.org/treedb2/speciesprofile.php?Spid=17971,,3.0,assigned_confirm,False,
1748,34,Red Lauan,corona_raw,"Type II, III, IV",https://apps.worldagroforestry.org/treedb2/speciesprofile.php?Spid=17971,,3.0,assigned_confirm,False,
1749,34,Red Lauan,months_raw,"[7, 8]",https://binhi.ph/tree-info/?tree-name=Red%20Lauan,,4.0,unranked,False,
1750,34,Red Lauan,deployment_stage,Sapling (8-10 mos),https://apps.worldagroforestry.org/treedb2/speciesprofile.php?Spid=17971,,3.0,assigned_confirm,False,
1751,34,Red Lauan,climate_risk_notes,Requires shading during seedling stage; highly vulnerable to drought,https://binhi.ph/tree-info/?tree-name=Red%20Lauan,,4.0,unranked,False,
1752,34,Red Lauan,typhoon_res,Medium,https://binhi.ph/tree-info/?tree-name=Red%20Lauan,,4.0,unranked,False,
1753,34,Red Lauan,growth_rate_raw,Slow,https://apps.worldagroforestry.org/treedb2/speciesprofile.php?Spid=17971,,3.0,assigned_confirm,False,
1754,34,Red Lauan,reference_authority,DENR-ERDB / Binhi.ph,https://binhi.ph/tree-info/?tree-name=Red%20Lauan,,4.0,unranked,False,
1755,34,Red Lauan,special_care_notes,Dipterocarp species; requires mycorrhizal fungi for establishment,https://apps.worldagroforestry.org/treedb2/speciesprofile.php?Spid=17971,,3.0,assigned_confirm,False,
1756,34,Red Lauan,preferred_climate_seasons,Humid tropical,https://apps.worldagroforestry.org/treedb2/speciesprofile.php?Spid=17971,,3.0,assigned_confirm,False,
1757,34,Red Lauan,endangered_raw,Critically Endangered,https://binhi.ph/tree-info/?tree-name=Red%20Lauan,,4.0,unranked,False,
1758,34,Red Lauan,planting_difficulty,High difficulty; seed recalcitrance and requires nurse trees,https://binhi.ph/tree-info/?tree-name=Red%20Lauan,,4.0,unranked,False,
1759,34,Red Lauan,drought_tolerance_notes,Low,https://binhi.ph/tree-info/?tree-name=Red%20Lauan,,4.0,unranked,False,
1760,34,Red Lauan,mode_of_nutrition,Autotrophic,https://apps.worldagroforestry.org/treedb2/speciesprofile.php?Spid=17971,,3.0,assigned_confirm,False,
1761,34,Red Lauan,native_habitat,Primary forests,https://www.stuartxchange.org/LauanPula,,2.0,named,False,
1762,34,Red Lauan,growth_form,"Tall emergent canopy tree, dark red bark",https://www.stuartxchange.org/LauanPula,,2.0,named,False,
1763,34,Red Lauan,sexuality_raw,Hermaphroditic,https://apps.worldagroforestry.org/treedb2/speciesprofile.php?Spid=17971,,3.0,assigned_confirm,False,
1764,34,Red Lauan,water_preference,High watering,https://binhi.ph/tree-info/?tree-name=Red%20Lauan,,4.0,unranked,False,
1765,34,Red Lauan,light_preference,"Partial Shade when young, Full Sun when mature",https://binhi.ph/tree-info/?tree-name=Red%20Lauan,,4.0,unranked,False,
1766,34,Red Lauan,propagation_method,Seeds,https://apps.worldagroforestry.org/treedb2/speciesprofile.php?Spid=17971,,3.0,assigned_confirm,False,
1767,34,Red Lauan,plant_partners,Pioneer forest species,https://binhi.ph/tree-info/?tree-name=Red%20Lauan,,4.0,unranked,False,
1768,34,Red Lauan,common_problems,Seed recalcitrance,https://binhi.ph/tree-info/?tree-name=Red%20Lauan,,4.0,unranked,False,
1769,34,Red Lauan,humidity,High,https://binhi.ph/tree-info/?tree-name=Red%20Lauan,,4.0,unranked,False,
1770,34,Red Lauan,spacing_min_m,10,https://apps.worldagroforestry.org/treedb2/speciesprofile.php?Spid=17971,,3.0,assigned_confirm,False,
1771,34,Red Lauan,spacing_max_m,15,https://apps.worldagroforestry.org/treedb2/speciesprofile.php?Spid=17971,,3.0,assigned_confirm,False,
1772,34,Red Lauan,planting_depth,Collar level,https://apps.worldagroforestry.org/treedb2/speciesprofile.php?Spid=17971,,3.0,assigned_confirm,False,
1773,34,Red Lauan,germination_raw,14-25 days,https://apps.worldagroforestry.org/treedb2/speciesprofile.php?Spid=17971,,3.0,assigned_confirm,False,
1774,34,Red Lauan,planting_method,Hole 2x root ball,https://binhi.ph/tree-info/?tree-name=Red%20Lauan,,4.0,unranked,False,
1775,34,Red Lauan,drainage,Well-drained,https://binhi.ph/tree-info/?tree-name=Red%20Lauan,,4.0,unranked,False,
1776,34,Red Lauan,nutritional_requirements,Standard NPK + Mycorrhiza,https://apps.worldagroforestry.org/treedb2/speciesprofile.php?Spid=17971,,3.0,assigned_confirm,False,
1777,34,Red Lauan,dry_season_raw,Max 2-3 months,https://apps.worldagroforestry.org/treedb2/speciesprofile.php?Spid=17971,,3.0,assigned_confirm,False,
1778,34,Red Lauan,common_uses,Premium construction timber (Philippine Mahogany),https://www.stuartxchange.org/LauanPula,,2.0,named,False,
1779,35,Bagtikan,common_name,Bagtikan,https://binhi.ph/tree-info/?tree-name=Bagtikan,,4.0,unranked,False,
1780,35,Bagtikan,scientific_name,Parashorea malaanonan,https://binhi.ph/tree-info/?tree-name=Bagtikan,,4.0,unranked,False,
1781,35,Bagtikan,category,Native Timber (Dipterocarp),https://binhi.ph/tree-info/?tree-name=Bagtikan,,4.0,unranked,False,
1782,35,Bagtikan,elev_min_m,0,https://tropical.theferns.info/viewtropical.php?id=Parashorea+malaanonan,,3.0,assigned_confirm,False,
1783,35,Bagtikan,elev_max_m,1300,https://tropical.theferns.info/viewtropical.php?id=Parashorea+malaanonan,,3.0,assigned_confirm,False,
1784,35,Bagtikan,rain_min_mm,1500,https://tropical.theferns.info/viewtropical.php?id=Parashorea+malaanonan,,3.0,assigned_confirm,False,
1785,35,Bagtikan,rain_max_mm,3500,https://tropical.theferns.info/viewtropical.php?id=Parashorea+malaanonan,,3.0,assigned_confirm,False,
1786,35,Bagtikan,shade_tol,High,https://tropical.theferns.info/viewtropical.php?id=Parashorea+malaanonan,,3.0,assigned_confirm,False,
1787,35,Bagtikan,max_slope_pct,45,https://tropical.theferns.info/viewtropical.php?id=Parashorea+malaanonan,,3.0,assigned_confirm,False,
1788,35,Bagtikan,soil_raw,"Clay-Loam, Volcanic Loam",https://tropical.theferns.info/viewtropical.php?id=Parashorea+malaanonan,,3.0,assigned_confirm,False,
1789,35,Bagtikan,ph_min,5.0,https://tropical.theferns.info/viewtropical.php?id=Parashorea+malaanonan,,3.0,assigned_confirm,False,
1790,35,Bagtikan,ph_max,6.5,https://tropical.theferns.info/viewtropical.php?id=Parashorea+malaanonan,,3.0,assigned_confirm,False,
1791,35,Bagtikan,drought_tol,Low,https://tropical.theferns.info/viewtropical.php?id=Parashorea+malaanonan,,3.0,assigned_confirm,False,
1792,35,Bagtikan,waterlog_tol,Low,https://tropical.theferns.info/viewtropical.php?id=Parashorea+malaanonan,,3.0,assigned_confirm,False,
1793,35,Bagtikan,timber_density_raw,0.65,https://tropical.theferns.info/viewtropical.php?id=Parashorea+malaanonan,,3.0,assigned_confirm,False,
1794,35,Bagtikan,mature_height_m,60,https://binhi.ph/tree-info/?tree-name=Bagtikan,,4.0,unranked,False,
1795,35,Bagtikan,canopy_spread_m,25,https://tropical.theferns.info/viewtropical.php?id=Parashorea+malaanonan,,3.0,assigned_confirm,False,
1796,35,Bagtikan,root_type,Taproot,https://tropical.theferns.info/viewtropical.php?id=Parashorea+malaanonan,,3.0,assigned_confirm,False,
1797,35,Bagtikan,urban_raw,"Forest Restoration, Watershed",https://tropical.theferns.info/viewtropical.php?id=Parashorea+malaanonan,,3.0,assigned_confirm,False,
1798,35,Bagtikan,temp_min_c,24,https://tropical.theferns.info/viewtropical.php?id=Parashorea+malaanonan,,3.0,assigned_confirm,False,
1799,35,Bagtikan,temp_max_c,28,https://tropical.theferns.info/viewtropical.php?id=Parashorea+malaanonan,,3.0,assigned_confirm,False,
1800,35,Bagtikan,corona_raw,"Type II, III, IV",https://tropical.theferns.info/viewtropical.php?id=Parashorea+malaanonan,,3.0,assigned_confirm,False,
1801,35,Bagtikan,months_raw,"[7, 8]",https://tropical.theferns.info/viewtropical.php?id=Parashorea+malaanonan,,3.0,assigned_confirm,False,
1802,35,Bagtikan,deployment_stage,Sapling (8-10 mos),https://tropical.theferns.info/viewtropical.php?id=Parashorea+malaanonan,,3.0,assigned_confirm,False,
1803,35,Bagtikan,climate_risk_notes,Requires shading during seedling stage; highly vulnerable to drought,https://tropical.theferns.info/viewtropical.php?id=Parashorea+malaanonan,,3.0,assigned_confirm,False,
1804,35,Bagtikan,typhoon_res,Medium,https://tropical.theferns.info/viewtropical.php?id=Parashorea+malaanonan,,3.0,assigned_confirm,False,
1805,35,Bagtikan,growth_rate_raw,Slow,https://tropical.theferns.info/viewtropical.php?id=Parashorea+malaanonan,,3.0,assigned_confirm,False,
1806,35,Bagtikan,reference_authority,DENR-ERDB / POWO,https://binhi.ph/tree-info/?tree-name=Bagtikan,,4.0,unranked,False,
1807,35,Bagtikan,special_care_notes,Dipterocarp species; requires mycorrhizal fungi for establishment,https://tropical.theferns.info/viewtropical.php?id=Parashorea+malaanonan,,3.0,assigned_confirm,False,
1808,35,Bagtikan,preferred_climate_seasons,Humid tropical,https://tropical.theferns.info/viewtropical.php?id=Parashorea+malaanonan,,3.0,assigned_confirm,False,
1809,35,Bagtikan,endangered_raw,Vulnerable,https://binhi.ph/tree-info/?tree-name=Bagtikan,,4.0,unranked,False,
1810,35,Bagtikan,planting_difficulty,High difficulty; seed recalcitrance and requires nurse trees,https://tropical.theferns.info/viewtropical.php?id=Parashorea+malaanonan,,3.0,assigned_confirm,False,
1811,35,Bagtikan,drought_tolerance_notes,Low,https://tropical.theferns.info/viewtropical.php?id=Parashorea+malaanonan,,3.0,assigned_confirm,False,
1812,35,Bagtikan,mode_of_nutrition,Autotrophic,https://tropical.theferns.info/viewtropical.php?id=Parashorea+malaanonan,,3.0,assigned_confirm,False,
1813,35,Bagtikan,native_habitat,Primary forests,https://binhi.ph/tree-info/?tree-name=Bagtikan,,4.0,unranked,False,
1814,35,Bagtikan,growth_form,Tall emergent canopy tree,https://binhi.ph/tree-info/?tree-name=Bagtikan,,4.0,unranked,False,
1815,35,Bagtikan,sexuality_raw,Hermaphroditic,https://tropical.theferns.info/viewtropical.php?id=Parashorea+malaanonan,,3.0,assigned_confirm,False,
1816,35,Bagtikan,water_preference,High watering,https://tropical.theferns.info/viewtropical.php?id=Parashorea+malaanonan,,3.0,assigned_confirm,False,
1817,35,Bagtikan,light_preference,"Partial Shade when young, Full Sun when mature",https://tropical.theferns.info/viewtropical.php?id=Parashorea+malaanonan,,3.0,assigned_confirm,False,
1818,35,Bagtikan,propagation_method,Seeds,https://tropical.theferns.info/viewtropical.php?id=Parashorea+malaanonan,,3.0,assigned_confirm,False,
1819,35,Bagtikan,plant_partners,Pioneer forest species,https://tropical.theferns.info/viewtropical.php?id=Parashorea+malaanonan,,3.0,assigned_confirm,False,
1820,35,Bagtikan,common_problems,Seed recalcitrance,https://tropical.theferns.info/viewtropical.php?id=Parashorea+malaanonan,,3.0,assigned_confirm,False,
1821,35,Bagtikan,humidity,High,https://tropical.theferns.info/viewtropical.php?id=Parashorea+malaanonan,,3.0,assigned_confirm,False,
1822,35,Bagtikan,spacing_min_m,10,https://tropical.theferns.info/viewtropical.php?id=Parashorea+malaanonan,,3.0,assigned_confirm,False,
1823,35,Bagtikan,spacing_max_m,15,https://tropical.theferns.info/viewtropical.php?id=Parashorea+malaanonan,,3.0,assigned_confirm,False,
1824,35,Bagtikan,planting_depth,Collar level,https://tropical.theferns.info/viewtropical.php?id=Parashorea+malaanonan,,3.0,assigned_confirm,False,
1825,35,Bagtikan,germination_raw,14-25 days,https://tropical.theferns.info/viewtropical.php?id=Parashorea+malaanonan,,3.0,assigned_confirm,False,
1826,35,Bagtikan,planting_method,Hole 2x root ball,https://tropical.theferns.info/viewtropical.php?id=Parashorea+malaanonan,,3.0,assigned_confirm,False,
1827,35,Bagtikan,drainage,Well-drained,https://tropical.theferns.info/viewtropical.php?id=Parashorea+malaanonan,,3.0,assigned_confirm,False,
1828,35,Bagtikan,nutritional_requirements,Standard NPK + Mycorrhiza,https://tropical.theferns.info/viewtropical.php?id=Parashorea+malaanonan,,3.0,assigned_confirm,False,
1829,35,Bagtikan,dry_season_raw,Max 2-3 months,https://tropical.theferns.info/viewtropical.php?id=Parashorea+malaanonan,,3.0,assigned_confirm,False,
1830,35,Bagtikan,common_uses,Premium construction timber,https://binhi.ph/tree-info/?tree-name=Bagtikan,,4.0,unranked,False,
1831,36,Robusta (Coffee),common_name,Robusta (Coffee),https://hvcdp.da.gov.ph/wp-content/uploads/2022/05/Coffee-Production-guide.pdf,,1.0,named,False,
1832,36,Robusta (Coffee),scientific_name,Coffea canephora,https://hvcdp.da.gov.ph/wp-content/uploads/2022/05/Coffee-Production-guide.pdf,,1.0,named,False,
1833,36,Robusta (Coffee),category,High-Value Crop / Beverage,https://hvcdp.da.gov.ph/wp-content/uploads/2022/05/Coffee-Production-guide.pdf,,1.0,named,False,
1834,36,Robusta (Coffee),elev_min_m,300,https://hvcdp.da.gov.ph/wp-content/uploads/2022/05/Coffee-Production-guide.pdf,,1.0,named,False,
1835,36,Robusta (Coffee),elev_max_m,800,https://hvcdp.da.gov.ph/wp-content/uploads/2022/05/Coffee-Production-guide.pdf,,1.0,named,False,
1836,36,Robusta (Coffee),rain_min_mm,1500,https://hvcdp.da.gov.ph/wp-content/uploads/2022/05/Coffee-Production-guide.pdf,,1.0,named,False,
1837,36,Robusta (Coffee),rain_max_mm,2500,https://hvcdp.da.gov.ph/wp-content/uploads/2022/05/Coffee-Production-guide.pdf,,1.0,named,False,
1838,36,Robusta (Coffee),shade_tol,High,https://tropical.theferns.info/viewtropical.php?id=Coffea+canephora,,3.0,assigned_confirm,False,
1839,36,Robusta (Coffee),max_slope_pct,30,https://hvcdp.da.gov.ph/wp-content/uploads/2022/05/Coffee-Production-guide.pdf,,1.0,named,False,
1840,36,Robusta (Coffee),soil_raw,"Deep loam, Volcanic loam",https://hvcdp.da.gov.ph/wp-content/uploads/2022/05/Coffee-Production-guide.pdf,,1.0,named,False,
1841,36,Robusta (Coffee),ph_min,5.5,https://hvcdp.da.gov.ph/wp-content/uploads/2022/05/Coffee-Production-guide.pdf,,1.0,named,False,
1842,36,Robusta (Coffee),ph_max,6.5,https://hvcdp.da.gov.ph/wp-content/uploads/2022/05/Coffee-Production-guide.pdf,,1.0,named,False,
1843,36,Robusta (Coffee),drought_tol,Medium,https://tropical.theferns.info/viewtropical.php?id=Coffea+canephora,,3.0,assigned_confirm,False,
1844,36,Robusta (Coffee),waterlog_tol,Low,https://hvcdp.da.gov.ph/wp-content/uploads/2022/05/Coffee-Production-guide.pdf,,1.0,named,False,
1845,36,Robusta (Coffee),timber_density_raw,0.60,https://tropical.theferns.info/viewtropical.php?id=Coffea+canephora,,3.0,assigned_confirm,False,
1846,36,Robusta (Coffee),mature_height_m,5,https://tropical.theferns.info/viewtropical.php?id=Coffea+canephora,,3.0,assigned_confirm,False,
1847,36,Robusta (Coffee),canopy_spread_m,4,https://tropical.theferns.info/viewtropical.php?id=Coffea+canephora,,3.0,assigned_confirm,False,
1848,36,Robusta (Coffee),root_type,Shallow Taproot / Fibrous,https://hvcdp.da.gov.ph/wp-content/uploads/2022/05/Coffee-Production-guide.pdf,,1.0,named,False,
1849,36,Robusta (Coffee),urban_raw,"Agroforestry, Understory Orchards",https://hvcdp.da.gov.ph/wp-content/uploads/2022/05/Coffee-Production-guide.pdf,,1.0,named,False,
1850,36,Robusta (Coffee),temp_min_c,20,https://hvcdp.da.gov.ph/wp-content/uploads/2022/05/Coffee-Production-guide.pdf,,1.0,named,False,
1851,36,Robusta (Coffee),temp_max_c,30,https://hvcdp.da.gov.ph/wp-content/uploads/2022/05/Coffee-Production-guide.pdf,,1.0,named,False,
1852,36,Robusta (Coffee),corona_raw,"Type I, III, IV",https://hvcdp.da.gov.ph/wp-content/uploads/2022/05/Coffee-Production-guide.pdf,,1.0,named,False,
1853,36,Robusta (Coffee),months_raw,"[5, 6, 7]",https://hvcdp.da.gov.ph/wp-content/uploads/2022/05/Coffee-Production-guide.pdf,,1.0,named,False,
1854,36,Robusta (Coffee),deployment_stage,Seedling / Cutting (6-8 mos),https://hvcdp.da.gov.ph/wp-content/uploads/2022/05/Coffee-Production-guide.pdf,,1.0,named,False,
1855,36,Robusta (Coffee),climate_risk_notes,Requires shading during early establishment; sensitive to prolonged drought,https://hvcdp.da.gov.ph/wp-content/uploads/2022/05/Coffee-Production-guide.pdf,,1.0,named,False,
1856,36,Robusta (Coffee),typhoon_res,Medium,https://tropical.theferns.info/viewtropical.php?id=Coffea+canephora,,3.0,assigned_confirm,False,
1857,36,Robusta (Coffee),growth_rate_raw,Fast,https://hvcdp.da.gov.ph/wp-content/uploads/2022/05/Coffee-Production-guide.pdf,,1.0,named,False,
1858,36,Robusta (Coffee),reference_authority,DA (Dept. of Agriculture),https://hvcdp.da.gov.ph/wp-content/uploads/2022/05/Coffee-Production-guide.pdf,,1.0,named,False,
1859,36,Robusta (Coffee),special_care_notes,Requires regular rejuvenation pruning,https://hvcdp.da.gov.ph/wp-content/uploads/2022/05/Coffee-Production-guide.pdf,,1.0,named,False,
1860,36,Robusta (Coffee),preferred_climate_seasons,Humid tropical,https://hvcdp.da.gov.ph/wp-content/uploads/2022/05/Coffee-Production-guide.pdf,,1.0,named,False,
1861,36,Robusta (Coffee),endangered_raw,Least Concern,https://tropical.theferns.info/viewtropical.php?id=Coffea+canephora,,3.0,assigned_confirm,False,
1862,36,Robusta (Coffee),planting_difficulty,Intolerant of waterlogging and heavy clay soils,https://hvcdp.da.gov.ph/wp-content/uploads/2022/05/Coffee-Production-guide.pdf,,1.0,named,False,
1863,36,Robusta (Coffee),drought_tolerance_notes,Medium,https://tropical.theferns.info/viewtropical.php?id=Coffea+canephora,,3.0,assigned_confirm,False,
1864,36,Robusta (Coffee),mode_of_nutrition,Autotrophic,https://hvcdp.da.gov.ph/wp-content/uploads/2022/05/Coffee-Production-guide.pdf,,1.0,named,False,
1865,36,Robusta (Coffee),native_habitat,Cultivated widely,https://tropical.theferns.info/viewtropical.php?id=Coffea+canephora,,3.0,assigned_confirm,False,
1866,36,Robusta (Coffee),growth_form,Evergreen shrub or small tree,https://tropical.theferns.info/viewtropical.php?id=Coffea+canephora,,3.0,assigned_confirm,False,
1867,36,Robusta (Coffee),sexuality_raw,Hermaphroditic,https://hvcdp.da.gov.ph/wp-content/uploads/2022/05/Coffee-Production-guide.pdf,,1.0,named,False,
1868,36,Robusta (Coffee),water_preference,Moderate watering,https://hvcdp.da.gov.ph/wp-content/uploads/2022/05/Coffee-Production-guide.pdf,,1.0,named,False,
1869,36,Robusta (Coffee),light_preference,Partial Shade,https://hvcdp.da.gov.ph/wp-content/uploads/2022/05/Coffee-Production-guide.pdf,,1.0,named,False,
1870,36,Robusta (Coffee),propagation_method,"Seeds, Cuttings, Grafting",https://hvcdp.da.gov.ph/wp-content/uploads/2022/05/Coffee-Production-guide.pdf,,1.0,named,False,
1871,36,Robusta (Coffee),plant_partners,"Banana, Gliricidia, Jackfruit (as shade trees)",https://hvcdp.da.gov.ph/wp-content/uploads/2022/05/Coffee-Production-guide.pdf,,1.0,named,False,
1872,36,Robusta (Coffee),common_problems,"Coffee Berry Borer, Coffee Leaf Rust",https://hvcdp.da.gov.ph/wp-content/uploads/2022/05/Coffee-Production-guide.pdf,,1.0,named,False,
1873,36,Robusta (Coffee),humidity,High,https://tropical.theferns.info/viewtropical.php?id=Coffea+canephora,,3.0,assigned_confirm,False,
1874,36,Robusta (Coffee),spacing_min_m,3,https://hvcdp.da.gov.ph/wp-content/uploads/2022/05/Coffee-Production-guide.pdf,,1.0,named,False,
1875,36,Robusta (Coffee),spacing_max_m,4,https://hvcdp.da.gov.ph/wp-content/uploads/2022/05/Coffee-Production-guide.pdf,,1.0,named,False,
1876,36,Robusta (Coffee),planting_depth,Collar level,https://hvcdp.da.gov.ph/wp-content/uploads/2022/05/Coffee-Production-guide.pdf,,1.0,named,False,
1877,36,Robusta (Coffee),germination_raw,30-50 days,https://hvcdp.da.gov.ph/wp-content/uploads/2022/05/Coffee-Production-guide.pdf,,1.0,named,False,
1878,36,Robusta (Coffee),planting_method,Hole 2x root ball,https://hvcdp.da.gov.ph/wp-content/uploads/2022/05/Coffee-Production-guide.pdf,,1.0,named,False,
1879,36,Robusta (Coffee),drainage,Well-drained,https://hvcdp.da.gov.ph/wp-content/uploads/2022/05/Coffee-Production-guide.pdf,,1.0,named,False,
1880,36,Robusta (Coffee),nutritional_requirements,"Standard NPK, high requirement during fruiting",https://hvcdp.da.gov.ph/wp-content/uploads/2022/05/Coffee-Production-guide.pdf,,1.0,named,False,
1881,36,Robusta (Coffee),dry_season_raw,Max 3-4 months,https://hvcdp.da.gov.ph/wp-content/uploads/2022/05/Coffee-Production-guide.pdf,,1.0,named,False,
1882,36,Robusta (Coffee),common_uses,"Beverage production, agroforestry",https://hvcdp.da.gov.ph/wp-content/uploads/2022/05/Coffee-Production-guide.pdf,,1.0,named,False,
1883,37,Apitong,common_name,Apitong,https://www.stuartxchange.com/Apitong,,2.0,named,False,
1884,37,Apitong,scientific_name,Dipterocarpus grandiflorus,https://www.stuartxchange.com/Apitong,,2.0,named,False,
1885,37,Apitong,category,Native Timber (Dipterocarp),https://binhi.ph/tree-info/?tree-name=Apitong,,4.0,unranked,False,
1886,37,Apitong,elev_min_m,0,https://apps.worldagroforestry.org/treedb/AFTPDFS/Dipterocarpus_grandiflorus.PDF,,3.0,assigned_confirm,False,
1887,37,Apitong,elev_max_m,600,https://apps.worldagroforestry.org/treedb/AFTPDFS/Dipterocarpus_grandiflorus.PDF,,3.0,assigned_confirm,False,
1888,37,Apitong,rain_min_mm,1500,https://apps.worldagroforestry.org/treedb/AFTPDFS/Dipterocarpus_grandiflorus.PDF,,3.0,assigned_confirm,False,
1889,37,Apitong,rain_max_mm,3500,https://apps.worldagroforestry.org/treedb/AFTPDFS/Dipterocarpus_grandiflorus.PDF,,3.0,assigned_confirm,False,
1890,37,Apitong,shade_tol,High,https://tropical.theferns.info/viewtropical.php?id=Dipterocarpus+grandiflorus,,3.0,assigned_confirm,False,
1891,37,Apitong,max_slope_pct,45,https://apps.worldagroforestry.org/treedb/AFTPDFS/Dipterocarpus_grandiflorus.PDF,,3.0,assigned_confirm,False,
1892,37,Apitong,soil_raw,"Clay-Loam, Volcanic Loam",https://apps.worldagroforestry.org/treedb/AFTPDFS/Dipterocarpus_grandiflorus.PDF,,3.0,assigned_confirm,False,
1893,37,Apitong,ph_min,5.0,https://apps.worldagroforestry.org/treedb/AFTPDFS/Dipterocarpus_grandiflorus.PDF,,3.0,assigned_confirm,False,
1894,37,Apitong,ph_max,6.5,https://apps.worldagroforestry.org/treedb/AFTPDFS/Dipterocarpus_grandiflorus.PDF,,3.0,assigned_confirm,False,
1895,37,Apitong,drought_tol,Low,https://binhi.ph/tree-info/?tree-name=Apitong,,4.0,unranked,False,
1896,37,Apitong,waterlog_tol,Low,https://apps.worldagroforestry.org/treedb/AFTPDFS/Dipterocarpus_grandiflorus.PDF,,3.0,assigned_confirm,False,
1897,37,Apitong,timber_density_raw,0.75,https://apps.worldagroforestry.org/treedb/AFTPDFS/Dipterocarpus_grandiflorus.PDF,,3.0,assigned_confirm,False,
1898,37,Apitong,mature_height_m,40,https://www.stuartxchange.com/Apitong,,2.0,named,False,
1899,37,Apitong,canopy_spread_m,20,https://apps.worldagroforestry.org/treedb/AFTPDFS/Dipterocarpus_grandiflorus.PDF,,3.0,assigned_confirm,False,
1900,37,Apitong,root_type,Taproot,https://apps.worldagroforestry.org/treedb/AFTPDFS/Dipterocarpus_grandiflorus.PDF,,3.0,assigned_confirm,False,
1901,37,Apitong,urban_raw,"Forest Restoration, Watershed",https://binhi.ph/tree-info/?tree-name=Apitong,,4.0,unranked,False,
1902,37,Apitong,temp_min_c,22,https://apps.worldagroforestry.org/treedb/AFTPDFS/Dipterocarpus_grandiflorus.PDF,,3.0,assigned_confirm,False,
1903,37,Apitong,temp_max_c,28,https://apps.worldagroforestry.org/treedb/AFTPDFS/Dipterocarpus_grandiflorus.PDF,,3.0,assigned_confirm,False,
1904,37,Apitong,corona_raw,"Type II, III, IV",https://apps.worldagroforestry.org/treedb/AFTPDFS/Dipterocarpus_grandiflorus.PDF,,3.0,assigned_confirm,False,
1905,37,Apitong,months_raw,"[7, 8]",https://apps.worldagroforestry.org/treedb/AFTPDFS/Dipterocarpus_grandiflorus.PDF,,3.0,assigned_confirm,False,
1906,37,Apitong,deployment_stage,Sapling (8-10 mos),https://apps.worldagroforestry.org/treedb/AFTPDFS/Dipterocarpus_grandiflorus.PDF,,3.0,assigned_confirm,False,
1907,37,Apitong,climate_risk_notes,Requires shading during seedling stage; highly vulnerable to drought,https://binhi.ph/tree-info/?tree-name=Apitong,,4.0,unranked,False,
1908,37,Apitong,typhoon_res,Medium,https://tropical.theferns.info/viewtropical.php?id=Dipterocarpus+grandiflorus,,3.0,assigned_confirm,False,
1909,37,Apitong,growth_rate_raw,Slow,https://apps.worldagroforestry.org/treedb/AFTPDFS/Dipterocarpus_grandiflorus.PDF,,3.0,assigned_confirm,False,
1910,37,Apitong,reference_authority,DENR / World Agroforestry,https://apps.worldagroforestry.org/treedb/AFTPDFS/Dipterocarpus_grandiflorus.PDF,,3.0,assigned_confirm,False,
1911,37,Apitong,special_care_notes,Requires mycorrhizal fungi for establishment,https://apps.worldagroforestry.org/treedb/AFTPDFS/Dipterocarpus_grandiflorus.PDF,,3.0,assigned_confirm,False,
1912,37,Apitong,preferred_climate_seasons,Humid tropical,https://apps.worldagroforestry.org/treedb/AFTPDFS/Dipterocarpus_grandiflorus.PDF,,3.0,assigned_confirm,False,
1913,37,Apitong,endangered_raw,Critically Endangered,https://binhi.ph/tree-info/?tree-name=Apitong,,4.0,unranked,False,
1914,37,Apitong,planting_difficulty,High difficulty; seed recalcitrance and requires nurse trees,https://apps.worldagroforestry.org/treedb/AFTPDFS/Dipterocarpus_grandiflorus.PDF,,3.0,assigned_confirm,False,
1915,37,Apitong,drought_tolerance_notes,Low,https://binhi.ph/tree-info/?tree-name=Apitong,,4.0,unranked,False,
1916,37,Apitong,mode_of_nutrition,Autotrophic,https://apps.worldagroforestry.org/treedb/AFTPDFS/Dipterocarpus_grandiflorus.PDF,,3.0,assigned_confirm,False,
1917,37,Apitong,native_habitat,Primary forests,https://www.stuartxchange.com/Apitong,,2.0,named,False,
1918,37,Apitong,growth_form,"Tall emergent canopy tree, cylindrical bole",https://www.stuartxchange.com/Apitong,,2.0,named,False,
1919,37,Apitong,sexuality_raw,Hermaphroditic,https://apps.worldagroforestry.org/treedb/AFTPDFS/Dipterocarpus_grandiflorus.PDF,,3.0,assigned_confirm,False,
1920,37,Apitong,water_preference,High watering,https://binhi.ph/tree-info/?tree-name=Apitong,,4.0,unranked,False,
1921,37,Apitong,light_preference,"Partial Shade when young, Full Sun when mature",https://binhi.ph/tree-info/?tree-name=Apitong,,4.0,unranked,False,
1922,37,Apitong,propagation_method,Seeds,https://apps.worldagroforestry.org/treedb/AFTPDFS/Dipterocarpus_grandiflorus.PDF,,3.0,assigned_confirm,False,
1923,37,Apitong,plant_partners,Pioneer forest species,https://apps.worldagroforestry.org/treedb/AFTPDFS/Dipterocarpus_grandiflorus.PDF,,3.0,assigned_confirm,False,
1924,37,Apitong,common_problems,Seed recalcitrance,https://apps.worldagroforestry.org/treedb/AFTPDFS/Dipterocarpus_grandiflorus.PDF,,3.0,assigned_confirm,False,
1925,37,Apitong,humidity,High,https://tropical.theferns.info/viewtropical.php?id=Dipterocarpus+grandiflorus,,3.0,assigned_confirm,False,
1926,37,Apitong,spacing_min_m,10,https://apps.worldagroforestry.org/treedb/AFTPDFS/Dipterocarpus_grandiflorus.PDF,,3.0,assigned_confirm,False,
1927,37,Apitong,spacing_max_m,15,https://apps.worldagroforestry.org/treedb/AFTPDFS/Dipterocarpus_grandiflorus.PDF,,3.0,assigned_confirm,False,
1928,37,Apitong,planting_depth,Collar level,https://apps.worldagroforestry.org/treedb/AFTPDFS/Dipterocarpus_grandiflorus.PDF,,3.0,assigned_confirm,False,
1929,37,Apitong,germination_raw,10-20 days,https://apps.worldagroforestry.org/treedb/AFTPDFS/Dipterocarpus_grandiflorus.PDF,,3.0,assigned_confirm,False,
1930,37,Apitong,planting_method,Hole 2x root ball,https://apps.worldagroforestry.org/treedb/AFTPDFS/Dipterocarpus_grandiflorus.PDF,,3.0,assigned_confirm,False,
1931,37,Apitong,drainage,Well-drained,https://apps.worldagroforestry.org/treedb/AFTPDFS/Dipterocarpus_grandiflorus.PDF,,3.0,assigned_confirm,False,
1932,37,Apitong,nutritional_requirements,Standard NPK + Mycorrhiza,https://apps.worldagroforestry.org/treedb/AFTPDFS/Dipterocarpus_grandiflorus.PDF,,3.0,assigned_confirm,False,
1933,37,Apitong,dry_season_raw,Max 2-3 months,https://apps.worldagroforestry.org/treedb/AFTPDFS/Dipterocarpus_grandiflorus.PDF,,3.0,assigned_confirm,False,
1934,37,Apitong,common_uses,"Premium construction timber, resin (Balau)",https://www.stuartxchange.com/Apitong,,2.0,named,False,
1935,38,Chesa/Tiesa,common_name,Chesa/Tiesa,https://www.stuartxchange.org/Tiesa.html,,2.0,named,False,
1936,38,Chesa/Tiesa,scientific_name,Pouteria campechiana,https://www.stuartxchange.org/Tiesa.html,,2.0,named,False,
1937,38,Chesa/Tiesa,category,High-Value Crop / Fruit Tree,https://apps.worldagroforestry.org/treedb/AFTPDFS/Pouteria_campechiana.PDF,,3.0,assigned_confirm,False,
1938,38,Chesa/Tiesa,elev_min_m,0,https://apps.worldagroforestry.org/treedb/AFTPDFS/Pouteria_campechiana.PDF,,3.0,assigned_confirm,False,
1939,38,Chesa/Tiesa,elev_max_m,1400,https://apps.worldagroforestry.org/treedb/AFTPDFS/Pouteria_campechiana.PDF,,3.0,assigned_confirm,False,
1940,38,Chesa/Tiesa,rain_min_mm,900,https://apps.worldagroforestry.org/treedb/AFTPDFS/Pouteria_campechiana.PDF,,3.0,assigned_confirm,False,
1941,38,Chesa/Tiesa,rain_max_mm,1800,https://apps.worldagroforestry.org/treedb/AFTPDFS/Pouteria_campechiana.PDF,,3.0,assigned_confirm,False,
1942,38,Chesa/Tiesa,shade_tol,Medium,https://www.nparks.gov.sg/florafaunaweb/flora/3/0/3086,,3.0,named,False,
1943,38,Chesa/Tiesa,max_slope_pct,25,https://tropical.theferns.info/viewtropical.php?id=Pouteria+campechiana,,3.0,assigned_confirm,False,
1944,38,Chesa/Tiesa,soil_raw,"Sandy, Loam, highly tolerant of poor soils",https://apps.worldagroforestry.org/treedb/AFTPDFS/Pouteria_campechiana.PDF,,3.0,assigned_confirm,False,
1945,38,Chesa/Tiesa,ph_min,5.5,https://apps.worldagroforestry.org/treedb/AFTPDFS/Pouteria_campechiana.PDF,,3.0,assigned_confirm,False,
1946,38,Chesa/Tiesa,ph_max,7.5,https://apps.worldagroforestry.org/treedb/AFTPDFS/Pouteria_campechiana.PDF,,3.0,assigned_confirm,False,
1947,38,Chesa/Tiesa,drought_tol,High,https://www.nparks.gov.sg/florafaunaweb/flora/3/0/3086,,3.0,named,False,
1948,38,Chesa/Tiesa,waterlog_tol,Low,https://apps.worldagroforestry.org/treedb/AFTPDFS/Pouteria_campechiana.PDF,,3.0,assigned_confirm,False,
1949,38,Chesa/Tiesa,timber_density_raw,0.65,https://apps.worldagroforestry.org/treedb/AFTPDFS/Pouteria_campechiana.PDF,,3.0,assigned_confirm,False,
1950,38,Chesa/Tiesa,mature_height_m,15,https://www.stuartxchange.org/Tiesa.html,,2.0,named,False,
1951,38,Chesa/Tiesa,canopy_spread_m,10,https://www.nparks.gov.sg/florafaunaweb/flora/3/0/3086,,3.0,named,False,
1952,38,Chesa/Tiesa,root_type,Taproot,https://apps.worldagroforestry.org/treedb/AFTPDFS/Pouteria_campechiana.PDF,,3.0,assigned_confirm,False,
1953,38,Chesa/Tiesa,urban_raw,"Agroforestry, Household Gardens",https://www.nparks.gov.sg/florafaunaweb/flora/3/0/3086,,3.0,named,False,
1954,38,Chesa/Tiesa,temp_min_c,20,https://apps.worldagroforestry.org/treedb/AFTPDFS/Pouteria_campechiana.PDF,,3.0,assigned_confirm,False,
1955,38,Chesa/Tiesa,temp_max_c,32,https://apps.worldagroforestry.org/treedb/AFTPDFS/Pouteria_campechiana.PDF,,3.0,assigned_confirm,False,
1956,38,Chesa/Tiesa,corona_raw,"Type I, III, IV",https://apps.worldagroforestry.org/treedb/AFTPDFS/Pouteria_campechiana.PDF,,3.0,assigned_confirm,False,
1957,38,Chesa/Tiesa,months_raw,"[5, 6, 7]",https://apps.worldagroforestry.org/treedb/AFTPDFS/Pouteria_campechiana.PDF,,3.0,assigned_confirm,False,
1958,38,Chesa/Tiesa,deployment_stage,Seedling / Grafted (6-8 mos),https://apps.worldagroforestry.org/treedb/AFTPDFS/Pouteria_campechiana.PDF,,3.0,assigned_confirm,False,
1959,38,Chesa/Tiesa,climate_risk_notes,Highly wind-resistant,https://apps.worldagroforestry.org/treedb/AFTPDFS/Pouteria_campechiana.PDF,,3.0,assigned_confirm,False,
1960,38,Chesa/Tiesa,typhoon_res,High,https://tropical.theferns.info/viewtropical.php?id=Pouteria+campechiana,,3.0,assigned_confirm,False,
1961,38,Chesa/Tiesa,growth_rate_raw,Medium,https://apps.worldagroforestry.org/treedb/AFTPDFS/Pouteria_campechiana.PDF,,3.0,assigned_confirm,False,
1962,38,Chesa/Tiesa,reference_authority,World Agroforestry / StuartXChange,https://www.stuartxchange.org/Tiesa.html,,2.0,named,False,
1963,38,Chesa/Tiesa,special_care_notes,Requires minimal maintenance once established,https://www.nparks.gov.sg/florafaunaweb/flora/3/0/3086,,3.0,named,False,
1964,38,Chesa/Tiesa,preferred_climate_seasons,Dry and humid tropical,https://apps.worldagroforestry.org/treedb/AFTPDFS/Pouteria_campechiana.PDF,,3.0,assigned_confirm,False,
1965,38,Chesa/Tiesa,endangered_raw,Least Concern,https://www.nparks.gov.sg/florafaunaweb/flora/3/0/3086,,3.0,named,False,
1966,38,Chesa/Tiesa,planting_difficulty,Intolerant of heavy flooding,https://apps.worldagroforestry.org/treedb/AFTPDFS/Pouteria_campechiana.PDF,,3.0,assigned_confirm,False,
1967,38,Chesa/Tiesa,drought_tolerance_notes,High,https://www.nparks.gov.sg/florafaunaweb/flora/3/0/3086,,3.0,named,False,
1968,38,Chesa/Tiesa,mode_of_nutrition,Autotrophic,https://apps.worldagroforestry.org/treedb/AFTPDFS/Pouteria_campechiana.PDF,,3.0,assigned_confirm,False,
1969,38,Chesa/Tiesa,native_habitat,Cultivated widely,https://www.stuartxchange.org/Tiesa.html,,2.0,named,False,
1970,38,Chesa/Tiesa,growth_form,Small to medium evergreen tree,https://www.stuartxchange.org/Tiesa.html,,2.0,named,False,
1971,38,Chesa/Tiesa,sexuality_raw,Hermaphroditic,https://apps.worldagroforestry.org/treedb/AFTPDFS/Pouteria_campechiana.PDF,,3.0,assigned_confirm,False,
1972,38,Chesa/Tiesa,water_preference,Moderate watering,https://www.nparks.gov.sg/florafaunaweb/flora/3/0/3086,,3.0,named,False,
1973,38,Chesa/Tiesa,light_preference,Full Sun,https://www.nparks.gov.sg/florafaunaweb/flora/3/0/3086,,3.0,named,False,
1974,38,Chesa/Tiesa,propagation_method,"Seeds, Grafting",https://apps.worldagroforestry.org/treedb/AFTPDFS/Pouteria_campechiana.PDF,,3.0,assigned_confirm,False,
1975,38,Chesa/Tiesa,plant_partners,Drought-resistant ground cover,https://apps.worldagroforestry.org/treedb/AFTPDFS/Pouteria_campechiana.PDF,,3.0,assigned_confirm,False,
1976,38,Chesa/Tiesa,common_problems,"Scale insects, fruit flies",https://apps.worldagroforestry.org/treedb/AFTPDFS/Pouteria_campechiana.PDF,,3.0,assigned_confirm,False,
1977,38,Chesa/Tiesa,humidity,Medium,https://tropical.theferns.info/viewtropical.php?id=Pouteria+campechiana,,3.0,assigned_confirm,False,
1978,38,Chesa/Tiesa,spacing_min_m,6,https://apps.worldagroforestry.org/treedb/AFTPDFS/Pouteria_campechiana.PDF,,3.0,assigned_confirm,False,
1979,38,Chesa/Tiesa,spacing_max_m,8,https://apps.worldagroforestry.org/treedb/AFTPDFS/Pouteria_campechiana.PDF,,3.0,assigned_confirm,False,
1980,38,Chesa/Tiesa,planting_depth,Collar level,https://apps.worldagroforestry.org/treedb/AFTPDFS/Pouteria_campechiana.PDF,,3.0,assigned_confirm,False,
1981,38,Chesa/Tiesa,germination_raw,14-28 days,https://apps.worldagroforestry.org/treedb/AFTPDFS/Pouteria_campechiana.PDF,,3.0,assigned_confirm,False,
1982,38,Chesa/Tiesa,planting_method,Hole 2x root ball,https://apps.worldagroforestry.org/treedb/AFTPDFS/Pouteria_campechiana.PDF,,3.0,assigned_confirm,False,
1983,38,Chesa/Tiesa,drainage,Well-drained,https://www.nparks.gov.sg/florafaunaweb/flora/3/0/3086,,3.0,named,False,
1984,38,Chesa/Tiesa,nutritional_requirements,Low requirement,https://apps.worldagroforestry.org/treedb/AFTPDFS/Pouteria_campechiana.PDF,,3.0,assigned_confirm,False,
1985,38,Chesa/Tiesa,dry_season_raw,Max 5-6 months,https://apps.worldagroforestry.org/treedb/AFTPDFS/Pouteria_campechiana.PDF,,3.0,assigned_confirm,False,
1986,38,Chesa/Tiesa,common_uses,Edible fruit (Canistel),https://www.stuartxchange.org/Tiesa.html,,2.0,named,False,
1987,39,Avocado,common_name,Avocado,https://www.stuartxchange.org/Abukado.html,,2.0,named,False,
1988,39,Avocado,scientific_name,Persea americana,https://www.stuartxchange.org/Abukado.html,,2.0,named,False,
1989,39,Avocado,category,High-Value Crop / Fruit Tree,https://apps.worldagroforestry.org/treedb2/speciesprofile.php?Spid=1274,,3.0,assigned_confirm,False,
1990,39,Avocado,elev_min_m,0,https://apps.worldagroforestry.org/treedb2/speciesprofile.php?Spid=1274,,3.0,assigned_confirm,False,
1991,39,Avocado,elev_max_m,1200,https://apps.worldagroforestry.org/treedb2/speciesprofile.php?Spid=1274,,3.0,assigned_confirm,False,
1992,39,Avocado,rain_min_mm,1000,https://apps.worldagroforestry.org/treedb2/speciesprofile.php?Spid=1274,,3.0,assigned_confirm,False,
1993,39,Avocado,rain_max_mm,2500,https://apps.worldagroforestry.org/treedb2/speciesprofile.php?Spid=1274,,3.0,assigned_confirm,False,
1994,39,Avocado,shade_tol,Low,https://www.nparks.gov.sg/florafaunaweb/flora/4/5/4542,,3.0,named,False,
1995,39,Avocado,max_slope_pct,20,https://apps.worldagroforestry.org/treedb2/speciesprofile.php?Spid=1274,,3.0,assigned_confirm,False,
1996,39,Avocado,soil_raw,"Deep loam, highly aerated",https://apps.worldagroforestry.org/treedb2/speciesprofile.php?Spid=1274,,3.0,assigned_confirm,False,
1997,39,Avocado,ph_min,5.5,https://apps.worldagroforestry.org/treedb2/speciesprofile.php?Spid=1274,,3.0,assigned_confirm,False,
1998,39,Avocado,ph_max,6.5,https://apps.worldagroforestry.org/treedb2/speciesprofile.php?Spid=1274,,3.0,assigned_confirm,False,
1999,39,Avocado,drought_tol,Low,https://www.nparks.gov.sg/florafaunaweb/flora/4/5/4542,,3.0,named,False,
2000,39,Avocado,waterlog_tol,Low,https://apps.worldagroforestry.org/treedb2/speciesprofile.php?Spid=1274,,3.0,assigned_confirm,False,
2001,39,Avocado,timber_density_raw,0.50,https://apps.worldagroforestry.org/treedb2/speciesprofile.php?Spid=1274,,3.0,assigned_confirm,False,
2002,39,Avocado,mature_height_m,15,https://www.stuartxchange.org/Abukado.html,,2.0,named,False,
2003,39,Avocado,canopy_spread_m,10,https://www.nparks.gov.sg/florafaunaweb/flora/4/5/4542,,3.0,named,False,
2004,39,Avocado,root_type,"Shallow root system, highly susceptible to Phytophthora",https://apps.worldagroforestry.org/treedb2/speciesprofile.php?Spid=1274,,3.0,assigned_confirm,False,
2005,39,Avocado,urban_raw,"Agroforestry, Orchards",https://www.nparks.gov.sg/florafaunaweb/flora/4/5/4542,,3.0,named,False,
2006,39,Avocado,temp_min_c,20,https://apps.worldagroforestry.org/treedb2/speciesprofile.php?Spid=1274,,3.0,assigned_confirm,False,
2007,39,Avocado,temp_max_c,30,https://apps.worldagroforestry.org/treedb2/speciesprofile.php?Spid=1274,,3.0,assigned_confirm,False,
2008,39,Avocado,corona_raw,"Type I, III, IV",https://apps.worldagroforestry.org/treedb2/speciesprofile.php?Spid=1274,,3.0,assigned_confirm,False,
2009,39,Avocado,months_raw,"[5, 6, 7]",https://apps.worldagroforestry.org/treedb2/speciesprofile.php?Spid=1274,,3.0,assigned_confirm,False,
2010,39,Avocado,deployment_stage,Grafted Sapling (6-10 mos),https://apps.worldagroforestry.org/treedb2/speciesprofile.php?Spid=1274,,3.0,assigned_confirm,False,
2011,39,Avocado,climate_risk_notes,High mortality in waterlogged soils due to root rot,https://apps.worldagroforestry.org/treedb2/speciesprofile.php?Spid=1274,,3.0,assigned_confirm,False,
2012,39,Avocado,typhoon_res,Low,https://apps.worldagroforestry.org/treedb2/speciesprofile.php?Spid=1274,,3.0,assigned_confirm,False,
2013,39,Avocado,growth_rate_raw,Medium to Fast,https://apps.worldagroforestry.org/treedb2/speciesprofile.php?Spid=1274,,3.0,assigned_confirm,False,
2014,39,Avocado,reference_authority,World Agroforestry / StuartXChange,https://www.stuartxchange.org/Abukado.html,,2.0,named,False,
2015,39,Avocado,special_care_notes,Requires cross-pollination (Type A and Type B planting),https://apps.worldagroforestry.org/treedb2/speciesprofile.php?Spid=1274,,3.0,assigned_confirm,False,
2016,39,Avocado,preferred_climate_seasons,Humid tropical,https://apps.worldagroforestry.org/treedb2/speciesprofile.php?Spid=1274,,3.0,assigned_confirm,False,
2017,39,Avocado,endangered_raw,Least Concern,https://www.nparks.gov.sg/florafaunaweb/flora/4/5/4542,,3.0,named,False,
2018,39,Avocado,planting_difficulty,Brittle branches easily broken by wind,https://apps.worldagroforestry.org/treedb2/speciesprofile.php?Spid=1274,,3.0,assigned_confirm,False,
2019,39,Avocado,drought_tolerance_notes,Low,https://www.nparks.gov.sg/florafaunaweb/flora/4/5/4542,,3.0,named,False,
2020,39,Avocado,mode_of_nutrition,Autotrophic,https://apps.worldagroforestry.org/treedb2/speciesprofile.php?Spid=1274,,3.0,assigned_confirm,False,
2021,39,Avocado,native_habitat,Cultivated widely,https://www.stuartxchange.org/Abukado.html,,2.0,named,False,
2022,39,Avocado,growth_form,"Medium evergreen tree, dense canopy",https://www.stuartxchange.org/Abukado.html,,2.0,named,False,
2023,39,Avocado,sexuality_raw,Hermaphroditic,https://apps.worldagroforestry.org/treedb2/speciesprofile.php?Spid=1274,,3.0,assigned_confirm,False,
2024,39,Avocado,water_preference,"High watering, but needs drainage",https://www.nparks.gov.sg/florafaunaweb/flora/4/5/4542,,3.0,named,False,
2025,39,Avocado,light_preference,Full Sun,https://www.nparks.gov.sg/florafaunaweb/flora/4/5/4542,,3.0,named,False,
2026,39,Avocado,propagation_method,"Grafting, Seeds",https://apps.worldagroforestry.org/treedb2/speciesprofile.php?Spid=1274,,3.0,assigned_confirm,False,
2027,39,Avocado,plant_partners,Windbreak trees,https://apps.worldagroforestry.org/treedb2/speciesprofile.php?Spid=1274,,3.0,assigned_confirm,False,
2028,39,Avocado,common_problems,"Phytophthora root rot, fruit flies",https://apps.worldagroforestry.org/treedb2/speciesprofile.php?Spid=1274,,3.0,assigned_confirm,False,
2029,39,Avocado,humidity,Medium to High,https://www.nparks.gov.sg/florafaunaweb/flora/4/5/4542,,3.0,named,False,
2030,39,Avocado,spacing_min_m,8,https://apps.worldagroforestry.org/treedb2/speciesprofile.php?Spid=1274,,3.0,assigned_confirm,False,
2031,39,Avocado,spacing_max_m,10,https://apps.worldagroforestry.org/treedb2/speciesprofile.php?Spid=1274,,3.0,assigned_confirm,False,
2032,39,Avocado,planting_depth,"Collar level, often on raised mounds",https://apps.worldagroforestry.org/treedb2/speciesprofile.php?Spid=1274,,3.0,assigned_confirm,False,
2033,39,Avocado,germination_raw,20-30 days,https://apps.worldagroforestry.org/treedb2/speciesprofile.php?Spid=1274,,3.0,assigned_confirm,False,
2034,39,Avocado,planting_method,Raised mound planting,https://apps.worldagroforestry.org/treedb2/speciesprofile.php?Spid=1274,,3.0,assigned_confirm,False,
2035,39,Avocado,drainage,Very Well-drained,https://www.nparks.gov.sg/florafaunaweb/flora/4/5/4542,,3.0,named,False,
2036,39,Avocado,nutritional_requirements,High Nitrogen and Zinc,https://apps.worldagroforestry.org/treedb2/speciesprofile.php?Spid=1274,,3.0,assigned_confirm,False,
2037,39,Avocado,dry_season_raw,Max 2-3 months,https://apps.worldagroforestry.org/treedb2/speciesprofile.php?Spid=1274,,3.0,assigned_confirm,False,
2038,39,Avocado,common_uses,Edible fruit,https://www.stuartxchange.org/Abukado.html,,2.0,named,False,
2039,40,Peacock Flower Tree,common_name,Peacock Flower Tree,https://www.stuartxchange.org/Bulaklak.html,,2.0,named,False,
2040,40,Peacock Flower Tree,scientific_name,Caesalpinia pulcherrima,https://www.stuartxchange.org/Bulaklak.html,,2.0,named,False,
2041,40,Peacock Flower Tree,category,Ornamental Shrub,https://www.nparks.gov.sg/florafaunaweb/flora/1/7/1740,,3.0,named,False,
2042,40,Peacock Flower Tree,elev_min_m,0,https://tropical.theferns.info/viewtropical.php?id=Caesalpinia+pulcherrima,,3.0,assigned_confirm,False,
2043,40,Peacock Flower Tree,elev_max_m,1000,https://tropical.theferns.info/viewtropical.php?id=Caesalpinia+pulcherrima,,3.0,assigned_confirm,False,
2044,40,Peacock Flower Tree,rain_min_mm,500,https://tropical.theferns.info/viewtropical.php?id=Caesalpinia+pulcherrima,,3.0,assigned_confirm,False,
2045,40,Peacock Flower Tree,rain_max_mm,2000,https://tropical.theferns.info/viewtropical.php?id=Caesalpinia+pulcherrima,,3.0,assigned_confirm,False,
2046,40,Peacock Flower Tree,shade_tol,Low,https://www.nparks.gov.sg/florafaunaweb/flora/1/7/1740,,3.0,named,False,
2047,40,Peacock Flower Tree,max_slope_pct,30,https://tropical.theferns.info/viewtropical.php?id=Caesalpinia+pulcherrima,,3.0,assigned_confirm,False,
2048,40,Peacock Flower Tree,soil_raw,"Sandy, Loam, adaptable",https://www.nparks.gov.sg/florafaunaweb/flora/1/7/1740,,3.0,named,False,
2049,40,Peacock Flower Tree,ph_min,5.5,https://tropical.theferns.info/viewtropical.php?id=Caesalpinia+pulcherrima,,3.0,assigned_confirm,False,
2050,40,Peacock Flower Tree,ph_max,8.0,https://tropical.theferns.info/viewtropical.php?id=Caesalpinia+pulcherrima,,3.0,assigned_confirm,False,
2051,40,Peacock Flower Tree,drought_tol,High,https://www.nparks.gov.sg/florafaunaweb/flora/1/7/1740,,3.0,named,False,
2052,40,Peacock Flower Tree,waterlog_tol,Low,https://tropical.theferns.info/viewtropical.php?id=Caesalpinia+pulcherrima,,3.0,assigned_confirm,False,
2053,40,Peacock Flower Tree,mature_height_m,4,https://www.stuartxchange.org/Bulaklak.html,,2.0,named,False,
2054,40,Peacock Flower Tree,canopy_spread_m,3,https://www.nparks.gov.sg/florafaunaweb/flora/1/7/1740,,3.0,named,False,
2055,40,Peacock Flower Tree,root_type,Fibrous,https://www.nparks.gov.sg/florafaunaweb/flora/1/7/1740,,3.0,named,False,
2056,40,Peacock Flower Tree,urban_raw,"Parks, Streetscape, Medians",https://www.nparks.gov.sg/florafaunaweb/flora/1/7/1740,,3.0,named,False,
2057,40,Peacock Flower Tree,temp_min_c,20,https://tropical.theferns.info/viewtropical.php?id=Caesalpinia+pulcherrima,,3.0,assigned_confirm,False,
2058,40,Peacock Flower Tree,temp_max_c,35,https://tropical.theferns.info/viewtropical.php?id=Caesalpinia+pulcherrima,,3.0,assigned_confirm,False,
2059,40,Peacock Flower Tree,corona_raw,"Type I, III, IV",https://tropical.theferns.info/viewtropical.php?id=Caesalpinia+pulcherrima,,3.0,assigned_confirm,False,
2060,40,Peacock Flower Tree,months_raw,"[5, 6, 7]",https://tropical.theferns.info/viewtropical.php?id=Caesalpinia+pulcherrima,,3.0,assigned_confirm,False,
2061,40,Peacock Flower Tree,deployment_stage,Seedling/Cutting (3-5 mos),https://tropical.theferns.info/viewtropical.php?id=Caesalpinia+pulcherrima,,3.0,assigned_confirm,False,
2062,40,Peacock Flower Tree,climate_risk_notes,Highly resilient to urban pollution and heat,https://www.nparks.gov.sg/florafaunaweb/flora/1/7/1740,,3.0,named,False,
2063,40,Peacock Flower Tree,typhoon_res,Medium,https://tropical.theferns.info/viewtropical.php?id=Caesalpinia+pulcherrima,,3.0,assigned_confirm,False,
2064,40,Peacock Flower Tree,growth_rate_raw,Fast,https://www.nparks.gov.sg/florafaunaweb/flora/1/7/1740,,3.0,named,False,
2065,40,Peacock Flower Tree,reference_authority,NParks / StuartXChange,https://www.stuartxchange.org/Bulaklak.html,,2.0,named,False,
2066,40,Peacock Flower Tree,special_care_notes,Prune severely after flowering to maintain compact shape,https://www.nparks.gov.sg/florafaunaweb/flora/1/7/1740,,3.0,named,False,
2067,40,Peacock Flower Tree,preferred_climate_seasons,Dry tropical,https://tropical.theferns.info/viewtropical.php?id=Caesalpinia+pulcherrima,,3.0,assigned_confirm,False,
2068,40,Peacock Flower Tree,endangered_raw,Least Concern,https://www.nparks.gov.sg/florafaunaweb/flora/1/7/1740,,3.0,named,False,
2069,40,Peacock Flower Tree,planting_difficulty,Low infrastructure risk,https://www.nparks.gov.sg/florafaunaweb/flora/1/7/1740,,3.0,named,False,
2070,40,Peacock Flower Tree,drought_tolerance_notes,High,https://www.nparks.gov.sg/florafaunaweb/flora/1/7/1740,,3.0,named,False,
2071,40,Peacock Flower Tree,mode_of_nutrition,Autotrophic,https://tropical.theferns.info/viewtropical.php?id=Caesalpinia+pulcherrima,,3.0,assigned_confirm,False,
2072,40,Peacock Flower Tree,native_habitat,Cultivated widely,https://www.stuartxchange.org/Bulaklak.html,,2.0,named,False,
2073,40,Peacock Flower Tree,growth_form,Fast-growing shrub with striking red/yellow flowers,https://www.stuartxchange.org/Bulaklak.html,,2.0,named,False,
2074,40,Peacock Flower Tree,sexuality_raw,Hermaphroditic,https://tropical.theferns.info/viewtropical.php?id=Caesalpinia+pulcherrima,,3.0,assigned_confirm,False,
2075,40,Peacock Flower Tree,water_preference,Low watering once established,https://www.nparks.gov.sg/florafaunaweb/flora/1/7/1740,,3.0,named,False,
2076,40,Peacock Flower Tree,light_preference,Full Sun,https://www.nparks.gov.sg/florafaunaweb/flora/1/7/1740,,3.0,named,False,
2077,40,Peacock Flower Tree,propagation_method,"Seeds, Cuttings",https://tropical.theferns.info/viewtropical.php?id=Caesalpinia+pulcherrima,,3.0,assigned_confirm,False,
2078,40,Peacock Flower Tree,plant_partners,Ornamental ground cover,https://www.nparks.gov.sg/florafaunaweb/flora/1/7/1740,,3.0,named,False,
2079,40,Peacock Flower Tree,common_problems,Generally pest-free,https://www.nparks.gov.sg/florafaunaweb/flora/1/7/1740,,3.0,named,False,
2080,40,Peacock Flower Tree,humidity,Low,https://tropical.theferns.info/viewtropical.php?id=Caesalpinia+pulcherrima,,3.0,assigned_confirm,False,
2081,40,Peacock Flower Tree,spacing_min_m,2,https://tropical.theferns.info/viewtropical.php?id=Caesalpinia+pulcherrima,,3.0,assigned_confirm,False,
2082,40,Peacock Flower Tree,spacing_max_m,3,https://tropical.theferns.info/viewtropical.php?id=Caesalpinia+pulcherrima,,3.0,assigned_confirm,False,
2083,40,Peacock Flower Tree,planting_depth,Collar level,https://tropical.theferns.info/viewtropical.php?id=Caesalpinia+pulcherrima,,3.0,assigned_confirm,False,
2084,40,Peacock Flower Tree,germination_raw,10-15 days,https://tropical.theferns.info/viewtropical.php?id=Caesalpinia+pulcherrima,,3.0,assigned_confirm,False,
2085,40,Peacock Flower Tree,planting_method,Hole 2x root ball,https://tropical.theferns.info/viewtropical.php?id=Caesalpinia+pulcherrima,,3.0,assigned_confirm,False,
2086,40,Peacock Flower Tree,drainage,Well-drained,https://www.nparks.gov.sg/florafaunaweb/flora/1/7/1740,,3.0,named,False,
2087,40,Peacock Flower Tree,nutritional_requirements,Low requirement,https://tropical.theferns.info/viewtropical.php?id=Caesalpinia+pulcherrima,,3.0,assigned_confirm,False,
2088,40,Peacock Flower Tree,dry_season_raw,Max 5-6 months,https://tropical.theferns.info/viewtropical.php?id=Caesalpinia+pulcherrima,,3.0,assigned_confirm,False,
2089,40,Peacock Flower Tree,common_uses,Ornamental landscaping,https://www.stuartxchange.org/Bulaklak.html,,2.0,named,False,
2090,41,Guava,common_name,Guava,https://www.stuartxchange.com/Bayabas.html,,2.0,named,False,
2091,41,Guava,scientific_name,Psidium guajava,https://www.stuartxchange.com/Bayabas.html,,2.0,named,False,
2092,41,Guava,category,High-Value Crop / Fruit Tree,https://apps.worldagroforestry.org/treedb2/speciesprofile.php?Spid=1375,,3.0,assigned_confirm,False,
2093,41,Guava,elev_min_m,0,https://apps.worldagroforestry.org/treedb2/speciesprofile.php?Spid=1375,,3.0,assigned_confirm,False,
2094,41,Guava,elev_max_m,1500,https://apps.worldagroforestry.org/treedb2/speciesprofile.php?Spid=1375,,3.0,assigned_confirm,False,
2095,41,Guava,rain_min_mm,1000,https://apps.worldagroforestry.org/treedb2/speciesprofile.php?Spid=1375,,3.0,assigned_confirm,False,
2096,41,Guava,rain_max_mm,2000,https://apps.worldagroforestry.org/treedb2/speciesprofile.php?Spid=1375,,3.0,assigned_confirm,False,
2097,41,Guava,shade_tol,Low,https://www.nparks.gov.sg/florafaunaweb/flora/2/3/2374,,3.0,named,False,
2098,41,Guava,max_slope_pct,25,https://apps.worldagroforestry.org/treedb2/speciesprofile.php?Spid=1375,,3.0,assigned_confirm,False,
2099,41,Guava,soil_raw,"Highly adaptable, clay to sandy loam",https://apps.worldagroforestry.org/treedb2/speciesprofile.php?Spid=1375,,3.0,assigned_confirm,False,
2100,41,Guava,ph_min,4.5,https://apps.worldagroforestry.org/treedb2/speciesprofile.php?Spid=1375,,3.0,assigned_confirm,False,
2101,41,Guava,ph_max,8.2,https://apps.worldagroforestry.org/treedb2/speciesprofile.php?Spid=1375,,3.0,assigned_confirm,False,
2102,41,Guava,drought_tol,High,https://www.nparks.gov.sg/florafaunaweb/flora/2/3/2374,,3.0,named,False,
2103,41,Guava,waterlog_tol,Low,https://apps.worldagroforestry.org/treedb2/speciesprofile.php?Spid=1375,,3.0,assigned_confirm,False,
2104,41,Guava,timber_density_raw,0.80,https://apps.worldagroforestry.org/treedb2/speciesprofile.php?Spid=1375,,3.0,assigned_confirm,False,
2105,41,Guava,mature_height_m,10,https://www.stuartxchange.com/Bayabas.html,,2.0,named,False,
2106,41,Guava,canopy_spread_m,8,https://www.nparks.gov.sg/florafaunaweb/flora/2/3/2374,,3.0,named,False,
2107,41,Guava,root_type,Shallow spreading,https://apps.worldagroforestry.org/treedb2/speciesprofile.php?Spid=1375,,3.0,assigned_confirm,False,
2108,41,Guava,urban_raw,"Agroforestry, Orchards, Urban Gardens",https://urbangoesgreen.com/plant-guide/edible/bayabas/,,4.0,unranked,False,
2109,41,Guava,temp_min_c,23,https://apps.worldagroforestry.org/treedb2/speciesprofile.php?Spid=1375,,3.0,assigned_confirm,False,
2110,41,Guava,temp_max_c,28,https://apps.worldagroforestry.org/treedb2/speciesprofile.php?Spid=1375,,3.0,assigned_confirm,False,
2111,41,Guava,corona_raw,"Type I, III, IV",https://apps.worldagroforestry.org/treedb2/speciesprofile.php?Spid=1375,,3.0,assigned_confirm,False,
2112,41,Guava,months_raw,"[5, 6, 7]",https://urbangoesgreen.com/plant-guide/edible/bayabas/,,4.0,unranked,False,
2113,41,Guava,deployment_stage,Seedling / Grafted (4-6 mos),https://apps.worldagroforestry.org/treedb2/speciesprofile.php?Spid=1375,,3.0,assigned_confirm,False,
2114,41,Guava,climate_risk_notes,Highly resilient to drought but severe flooding causes root rot,https://apps.worldagroforestry.org/treedb2/speciesprofile.php?Spid=1375,,3.0,assigned_confirm,False,
2115,41,Guava,typhoon_res,Medium,https://www.nparks.gov.sg/florafaunaweb/flora/2/3/2374,,3.0,named,False,
2116,41,Guava,growth_rate_raw,Fast,https://apps.worldagroforestry.org/treedb2/speciesprofile.php?Spid=1375,,3.0,assigned_confirm,False,
2117,41,Guava,reference_authority,World Agroforestry / StuartXChange,https://www.stuartxchange.com/Bayabas.html,,2.0,named,False,
2118,41,Guava,special_care_notes,Prune back to maintain fruiting height,https://apps.worldagroforestry.org/treedb2/speciesprofile.php?Spid=1375,,3.0,assigned_confirm,False,
2119,41,Guava,preferred_climate_seasons,Dry and humid tropical,https://apps.worldagroforestry.org/treedb2/speciesprofile.php?Spid=1375,,3.0,assigned_confirm,False,
2120,41,Guava,endangered_raw,Least Concern,https://www.nparks.gov.sg/florafaunaweb/flora/2/3/2374,,3.0,named,False,
2121,41,Guava,planting_difficulty,Poor drainage stunts growth,https://apps.worldagroforestry.org/treedb2/speciesprofile.php?Spid=1375,,3.0,assigned_confirm,False,
2122,41,Guava,drought_tolerance_notes,High,https://www.nparks.gov.sg/florafaunaweb/flora/2/3/2374,,3.0,named,False,
2123,41,Guava,mode_of_nutrition,Autotrophic,https://apps.worldagroforestry.org/treedb2/speciesprofile.php?Spid=1375,,3.0,assigned_confirm,False,
2124,41,Guava,native_habitat,Cultivated widely,https://www.stuartxchange.com/Bayabas.html,,2.0,named,False,
2125,41,Guava,growth_form,"Small evergreen tree, peeling bark",https://www.stuartxchange.com/Bayabas.html,,2.0,named,False,
2126,41,Guava,sexuality_raw,Hermaphroditic,https://apps.worldagroforestry.org/treedb2/speciesprofile.php?Spid=1375,,3.0,assigned_confirm,False,
2127,41,Guava,water_preference,Low watering once established,https://urbangoesgreen.com/plant-guide/edible/bayabas/,,4.0,unranked,False,
2128,41,Guava,light_preference,Full Sun,https://www.nparks.gov.sg/florafaunaweb/flora/2/3/2374,,3.0,named,False,
2129,41,Guava,propagation_method,"Seeds, Grafting, Marcotting",https://apps.worldagroforestry.org/treedb2/speciesprofile.php?Spid=1375,,3.0,assigned_confirm,False,
2130,41,Guava,plant_partners,Drought-resistant ground cover,https://apps.worldagroforestry.org/treedb2/speciesprofile.php?Spid=1375,,3.0,assigned_confirm,False,
2131,41,Guava,common_problems,"Fruit flies, Guava moth",https://apps.worldagroforestry.org/treedb2/speciesprofile.php?Spid=1375,,3.0,assigned_confirm,False,
2132,41,Guava,humidity,Medium,https://www.nparks.gov.sg/florafaunaweb/flora/2/3/2374,,3.0,named,False,
2133,41,Guava,spacing_min_m,5,https://apps.worldagroforestry.org/treedb2/speciesprofile.php?Spid=1375,,3.0,assigned_confirm,False,
2134,41,Guava,spacing_max_m,8,https://apps.worldagroforestry.org/treedb2/speciesprofile.php?Spid=1375,,3.0,assigned_confirm,False,
2135,41,Guava,planting_depth,Collar level,https://apps.worldagroforestry.org/treedb2/speciesprofile.php?Spid=1375,,3.0,assigned_confirm,False,
2136,41,Guava,germination_raw,15-20 days,https://apps.worldagroforestry.org/treedb2/speciesprofile.php?Spid=1375,,3.0,assigned_confirm,False,
2137,41,Guava,planting_method,Hole 2x root ball,https://urbangoesgreen.com/plant-guide/edible/bayabas/,,4.0,unranked,False,
2138,41,Guava,variants,"Native, Apple Guava",https://apps.worldagroforestry.org/treedb2/speciesprofile.php?Spid=1375,,3.0,assigned_confirm,False,
2139,41,Guava,drainage,Well-drained,https://www.nparks.gov.sg/florafaunaweb/flora/2/3/2374,,3.0,named,False,
2140,41,Guava,nutritional_requirements,Standard NPK,https://apps.worldagroforestry.org/treedb2/speciesprofile.php?Spid=1375,,3.0,assigned_confirm,False,
2141,41,Guava,dry_season_raw,Max 4-5 months,https://apps.worldagroforestry.org/treedb2/speciesprofile.php?Spid=1375,,3.0,assigned_confirm,False,
2142,41,Guava,common_uses,"Edible fruit, medicinal leaves (antiseptic)",https://www.stuartxchange.com/Bayabas.html,,2.0,named,False,
2143,42,Weeping Fig (Balete),common_name,Weeping Fig (Balete),https://www.stuartxchange.org/Balete.html,,2.0,named,False,
2144,42,Weeping Fig (Balete),scientific_name,Ficus benjamina,https://www.stuartxchange.org/Balete.html,,2.0,named,False,
2145,42,Weeping Fig (Balete),category,Native Ornamental / Shade,https://urbangoesgreen.com/plant-guide/ornamental/ficus-benjamina/,,4.0,unranked,False,
2146,42,Weeping Fig (Balete),elev_min_m,0,https://tropical.theferns.info/viewtropical.php?id=ficus+benjamina,,3.0,assigned_confirm,False,
2147,42,Weeping Fig (Balete),elev_max_m,1200,https://tropical.theferns.info/viewtropical.php?id=ficus+benjamina,,3.0,assigned_confirm,False,
2148,42,Weeping Fig (Balete),rain_min_mm,1000,https://tropical.theferns.info/viewtropical.php?id=ficus+benjamina,,3.0,assigned_confirm,False,
2149,42,Weeping Fig (Balete),rain_max_mm,3000,https://tropical.theferns.info/viewtropical.php?id=ficus+benjamina,,3.0,assigned_confirm,False,
2150,42,Weeping Fig (Balete),shade_tol,Medium,https://www.nparks.gov.sg/florafaunaweb/flora/2/9/2902,,3.0,named,False,
2151,42,Weeping Fig (Balete),max_slope_pct,30,https://tropical.theferns.info/viewtropical.php?id=ficus+benjamina,,3.0,assigned_confirm,False,
2152,42,Weeping Fig (Balete),soil_raw,"Clay, Loam, Sand, highly adaptable",https://www.nparks.gov.sg/florafaunaweb/flora/2/9/2902,,3.0,named,False,
2153,42,Weeping Fig (Balete),ph_min,5.5,https://tropical.theferns.info/viewtropical.php?id=ficus+benjamina,,3.0,assigned_confirm,False,
2154,42,Weeping Fig (Balete),ph_max,8.0,https://tropical.theferns.info/viewtropical.php?id=ficus+benjamina,,3.0,assigned_confirm,False,
2155,42,Weeping Fig (Balete),drought_tol,High,https://www.nparks.gov.sg/florafaunaweb/flora/2/9/2902,,3.0,named,False,
2156,42,Weeping Fig (Balete),waterlog_tol,Low,https://tropical.theferns.info/viewtropical.php?id=ficus+benjamina,,3.0,assigned_confirm,False,
2157,42,Weeping Fig (Balete),mature_height_m,30,https://www.stuartxchange.org/Balete.html,,2.0,named,False,
2158,42,Weeping Fig (Balete),canopy_spread_m,25,https://www.nparks.gov.sg/florafaunaweb/flora/2/9/2902,,3.0,named,False,
2159,42,Weeping Fig (Balete),root_type,"Extensive aggressive surface roots, aerial roots",https://www.nparks.gov.sg/florafaunaweb/flora/2/9/2902,,3.0,named,False,
2160,42,Weeping Fig (Balete),urban_raw,"Parks, Open Spaces (NOT streetscape)",https://urbangoesgreen.com/plant-guide/ornamental/ficus-benjamina/,,4.0,unranked,False,
2161,42,Weeping Fig (Balete),temp_min_c,20,https://tropical.theferns.info/viewtropical.php?id=ficus+benjamina,,3.0,assigned_confirm,False,
2162,42,Weeping Fig (Balete),temp_max_c,35,https://tropical.theferns.info/viewtropical.php?id=ficus+benjamina,,3.0,assigned_confirm,False,
2163,42,Weeping Fig (Balete),corona_raw,"Type I, III, IV",https://tropical.theferns.info/viewtropical.php?id=ficus+benjamina,,3.0,assigned_confirm,False,
2164,42,Weeping Fig (Balete),months_raw,"[5, 6, 7]",https://urbangoesgreen.com/plant-guide/ornamental/ficus-benjamina/,,4.0,unranked,False,
2165,42,Weeping Fig (Balete),deployment_stage,Sapling / Cuttings (6-8 mos),https://tropical.theferns.info/viewtropical.php?id=ficus+benjamina,,3.0,assigned_confirm,False,
2166,42,Weeping Fig (Balete),climate_risk_notes,Extremely resilient but drops leaves during sudden temperature shifts,https://www.nparks.gov.sg/florafaunaweb/flora/2/9/2902,,3.0,named,False,
2167,42,Weeping Fig (Balete),typhoon_res,High,https://tropical.theferns.info/viewtropical.php?id=ficus+benjamina,,3.0,assigned_confirm,False,
2168,42,Weeping Fig (Balete),growth_rate_raw,Fast,https://www.nparks.gov.sg/florafaunaweb/flora/2/9/2902,,3.0,named,False,
2169,42,Weeping Fig (Balete),reference_authority,NParks / StuartXChange,https://www.stuartxchange.org/Balete.html,,2.0,named,False,
2170,42,Weeping Fig (Balete),special_care_notes,Roots destroy pavements and pipes; plant only in massive open spaces,https://www.nparks.gov.sg/florafaunaweb/flora/2/9/2902,,3.0,named,False,
2171,42,Weeping Fig (Balete),preferred_climate_seasons,Humid tropical,https://tropical.theferns.info/viewtropical.php?id=ficus+benjamina,,3.0,assigned_confirm,False,
2172,42,Weeping Fig (Balete),endangered_raw,Least Concern,https://www.nparks.gov.sg/florafaunaweb/flora/2/9/2902,,3.0,named,False,
2173,42,Weeping Fig (Balete),planting_difficulty,Severe infrastructure damage risk,https://www.nparks.gov.sg/florafaunaweb/flora/2/9/2902,,3.0,named,False,
2174,42,Weeping Fig (Balete),drought_tolerance_notes,High,https://www.nparks.gov.sg/florafaunaweb/flora/2/9/2902,,3.0,named,False,
2175,42,Weeping Fig (Balete),mode_of_nutrition,Autotrophic / Hemiepiphytic,https://tropical.theferns.info/viewtropical.php?id=ficus+benjamina,,3.0,assigned_confirm,False,
2176,42,Weeping Fig (Balete),native_habitat,Primary and secondary forests,https://www.stuartxchange.org/Balete.html,,2.0,named,False,
2177,42,Weeping Fig (Balete),growth_form,"Massive evergreen tree, drooping branches",https://www.stuartxchange.org/Balete.html,,2.0,named,False,
2178,42,Weeping Fig (Balete),sexuality_raw,Monoecious,https://tropical.theferns.info/viewtropical.php?id=ficus+benjamina,,3.0,assigned_confirm,False,
2179,42,Weeping Fig (Balete),water_preference,Moderate watering,https://urbangoesgreen.com/plant-guide/ornamental/ficus-benjamina/,,4.0,unranked,False,
2180,42,Weeping Fig (Balete),light_preference,Full Sun to Partial Shade,https://www.nparks.gov.sg/florafaunaweb/flora/2/9/2902,,3.0,named,False,
2181,42,Weeping Fig (Balete),propagation_method,"Cuttings, Seeds, Marcotting",https://tropical.theferns.info/viewtropical.php?id=ficus+benjamina,,3.0,assigned_confirm,False,
2182,42,Weeping Fig (Balete),plant_partners,Shade-loving ground ferns,https://www.nparks.gov.sg/florafaunaweb/flora/2/9/2902,,3.0,named,False,
2183,42,Weeping Fig (Balete),common_problems,"Thrips, scale insects",https://www.nparks.gov.sg/florafaunaweb/flora/2/9/2902,,3.0,named,False,
2184,42,Weeping Fig (Balete),humidity,High,https://tropical.theferns.info/viewtropical.php?id=ficus+benjamina,,3.0,assigned_confirm,False,
2185,42,Weeping Fig (Balete),spacing_min_m,15,https://www.nparks.gov.sg/florafaunaweb/flora/2/9/2902,,3.0,named,False,
2186,42,Weeping Fig (Balete),spacing_max_m,25,https://www.nparks.gov.sg/florafaunaweb/flora/2/9/2902,,3.0,named,False,
2187,42,Weeping Fig (Balete),planting_depth,Collar level,https://tropical.theferns.info/viewtropical.php?id=ficus+benjamina,,3.0,assigned_confirm,False,
2188,42,Weeping Fig (Balete),germination_raw,15-30 days,https://tropical.theferns.info/viewtropical.php?id=ficus+benjamina,,3.0,assigned_confirm,False,
2189,42,Weeping Fig (Balete),planting_method,Hole 2x root ball,https://urbangoesgreen.com/plant-guide/ornamental/ficus-benjamina/,,4.0,unranked,False,
2190,42,Weeping Fig (Balete),drainage,Well-drained,https://www.nparks.gov.sg/florafaunaweb/flora/2/9/2902,,3.0,named,False,
2191,42,Weeping Fig (Balete),nutritional_requirements,Low requirement,https://tropical.theferns.info/viewtropical.php?id=ficus+benjamina,,3.0,assigned_confirm,False,
2192,42,Weeping Fig (Balete),dry_season_raw,Max 4-5 months,https://tropical.theferns.info/viewtropical.php?id=ficus+benjamina,,3.0,assigned_confirm,False,
2193,42,Weeping Fig (Balete),common_uses,"Ornamental shade, medicinal",https://www.stuartxchange.org/Balete.html,,2.0,named,False,
2194,43,Lemon,common_name,Lemon,https://pfaf.org/user/Plant.aspx?LatinName=Citrus+limon,,3.0,assigned_confirm,False,
2195,43,Lemon,scientific_name,Citrus limon,https://pfaf.org/user/Plant.aspx?LatinName=Citrus+limon,,3.0,assigned_confirm,False,
2196,43,Lemon,category,High-Value Crop / Fruit Tree,https://www.nparks.gov.sg/florafaunaweb/flora/3/8/3821,,3.0,named,False,
2197,43,Lemon,elev_min_m,0,https://pfaf.org/user/Plant.aspx?LatinName=Citrus+limon,,3.0,assigned_confirm,False,
2198,43,Lemon,elev_max_m,1000,https://pfaf.org/user/Plant.aspx?LatinName=Citrus+limon,,3.0,assigned_confirm,False,
2199,43,Lemon,rain_min_mm,800,https://pfaf.org/user/Plant.aspx?LatinName=Citrus+limon,,3.0,assigned_confirm,False,
2200,43,Lemon,rain_max_mm,2000,https://pfaf.org/user/Plant.aspx?LatinName=Citrus+limon,,3.0,assigned_confirm,False,
2201,43,Lemon,shade_tol,Low,https://www.nparks.gov.sg/florafaunaweb/flora/3/8/3821,,3.0,named,False,
2202,43,Lemon,max_slope_pct,20,https://pfaf.org/user/Plant.aspx?LatinName=Citrus+limon,,3.0,assigned_confirm,False,
2203,43,Lemon,soil_raw,"Sandy loam, well-drained",https://www.nparks.gov.sg/florafaunaweb/flora/3/8/3821,,3.0,named,False,
2204,43,Lemon,ph_min,5.5,https://pfaf.org/user/Plant.aspx?LatinName=Citrus+limon,,3.0,assigned_confirm,False,
2205,43,Lemon,ph_max,6.5,https://pfaf.org/user/Plant.aspx?LatinName=Citrus+limon,,3.0,assigned_confirm,False,
2206,43,Lemon,drought_tol,Medium,https://www.nparks.gov.sg/florafaunaweb/flora/3/8/3821,,3.0,named,False,
2207,43,Lemon,waterlog_tol,Low,https://pfaf.org/user/Plant.aspx?LatinName=Citrus+limon,,3.0,assigned_confirm,False,
2208,43,Lemon,mature_height_m,6,https://www.nparks.gov.sg/florafaunaweb/flora/3/8/3821,,3.0,named,False,
2209,43,Lemon,canopy_spread_m,4,https://www.nparks.gov.sg/florafaunaweb/flora/3/8/3821,,3.0,named,False,
2210,43,Lemon,root_type,"Shallow taproot, fibrous",https://pfaf.org/user/Plant.aspx?LatinName=Citrus+limon,,3.0,assigned_confirm,False,
2211,43,Lemon,urban_raw,"Agroforestry, Household Gardens",https://www.nparks.gov.sg/florafaunaweb/flora/3/8/3821,,3.0,named,False,
2212,43,Lemon,temp_min_c,20,https://pfaf.org/user/Plant.aspx?LatinName=Citrus+limon,,3.0,assigned_confirm,False,
2213,43,Lemon,temp_max_c,30,https://pfaf.org/user/Plant.aspx?LatinName=Citrus+limon,,3.0,assigned_confirm,False,
2214,43,Lemon,corona_raw,"Type I, III, IV",https://pfaf.org/user/Plant.aspx?LatinName=Citrus+limon,,3.0,assigned_confirm,False,
2215,43,Lemon,months_raw,"[5, 6, 7]",https://pfaf.org/user/Plant.aspx?LatinName=Citrus+limon,,3.0,assigned_confirm,False,
2216,43,Lemon,deployment_stage,Grafted Sapling (6-8 mos),https://pfaf.org/user/Plant.aspx?LatinName=Citrus+limon,,3.0,assigned_confirm,False,
2217,43,Lemon,climate_risk_notes,Extremely susceptible to root rot in waterlogged soils,https://www.nparks.gov.sg/florafaunaweb/flora/3/8/3821,,3.0,named,False,
2218,43,Lemon,typhoon_res,Low,https://pfaf.org/user/Plant.aspx?LatinName=Citrus+limon,,3.0,assigned_confirm,False,
2219,43,Lemon,growth_rate_raw,Medium,https://www.nparks.gov.sg/florafaunaweb/flora/3/8/3821,,3.0,named,False,
2220,43,Lemon,reference_authority,NParks / PFAF,https://www.nparks.gov.sg/florafaunaweb/flora/3/8/3821,,3.0,named,False,
2221,43,Lemon,special_care_notes,Requires regular pruning to increase airflow and fruit yield,https://www.nparks.gov.sg/florafaunaweb/flora/3/8/3821,,3.0,named,False,
2222,43,Lemon,preferred_climate_seasons,Dry and humid tropical,https://pfaf.org/user/Plant.aspx?LatinName=Citrus+limon,,3.0,assigned_confirm,False,
2223,43,Lemon,endangered_raw,Least Concern,https://www.nparks.gov.sg/florafaunaweb/flora/3/8/3821,,3.0,named,False,
2224,43,Lemon,planting_difficulty,Requires excellent drainage,https://www.nparks.gov.sg/florafaunaweb/flora/3/8/3821,,3.0,named,False,
2225,43,Lemon,drought_tolerance_notes,Medium,https://www.nparks.gov.sg/florafaunaweb/flora/3/8/3821,,3.0,named,False,
2226,43,Lemon,mode_of_nutrition,Autotrophic,https://pfaf.org/user/Plant.aspx?LatinName=Citrus+limon,,3.0,assigned_confirm,False,
2227,43,Lemon,native_habitat,Cultivated widely,https://pfaf.org/user/Plant.aspx?LatinName=Citrus+limon,,3.0,assigned_confirm,False,
2228,43,Lemon,growth_form,Small evergreen tree with thorny branches,https://www.nparks.gov.sg/florafaunaweb/flora/3/8/3821,,3.0,named,False,
2229,43,Lemon,sexuality_raw,Hermaphroditic,https://pfaf.org/user/Plant.aspx?LatinName=Citrus+limon,,3.0,assigned_confirm,False,
2230,43,Lemon,water_preference,Moderate watering,https://www.nparks.gov.sg/florafaunaweb/flora/3/8/3821,,3.0,named,False,
2231,43,Lemon,light_preference,Full Sun,https://www.nparks.gov.sg/florafaunaweb/flora/3/8/3821,,3.0,named,False,
2232,43,Lemon,propagation_method,"Grafting, Marcotting",https://pfaf.org/user/Plant.aspx?LatinName=Citrus+limon,,3.0,assigned_confirm,False,
2233,43,Lemon,plant_partners,Nitrogen-fixing ground cover,https://pfaf.org/user/Plant.aspx?LatinName=Citrus+limon,,3.0,assigned_confirm,False,
2234,43,Lemon,common_problems,"Citrus leaf miner, root rot",https://www.nparks.gov.sg/florafaunaweb/flora/3/8/3821,,3.0,named,False,
2235,43,Lemon,humidity,Medium,https://www.nparks.gov.sg/florafaunaweb/flora/3/8/3821,,3.0,named,False,
2236,43,Lemon,spacing_min_m,4,https://pfaf.org/user/Plant.aspx?LatinName=Citrus+limon,,3.0,assigned_confirm,False,
2237,43,Lemon,spacing_max_m,6,https://pfaf.org/user/Plant.aspx?LatinName=Citrus+limon,,3.0,assigned_confirm,False,
2238,43,Lemon,planting_depth,Collar level,https://pfaf.org/user/Plant.aspx?LatinName=Citrus+limon,,3.0,assigned_confirm,False,
2239,43,Lemon,germination_raw,20-30 days,https://pfaf.org/user/Plant.aspx?LatinName=Citrus+limon,,3.0,assigned_confirm,False,
2240,43,Lemon,planting_method,Hole 2x root ball,https://pfaf.org/user/Plant.aspx?LatinName=Citrus+limon,,3.0,assigned_confirm,False,
2241,43,Lemon,drainage,Very Well-drained,https://www.nparks.gov.sg/florafaunaweb/flora/3/8/3821,,3.0,named,False,
2242,43,Lemon,nutritional_requirements,High Nitrogen and Potassium,https://pfaf.org/user/Plant.aspx?LatinName=Citrus+limon,,3.0,assigned_confirm,False,
2243,43,Lemon,dry_season_raw,Max 3-4 months,https://pfaf.org/user/Plant.aspx?LatinName=Citrus+limon,,3.0,assigned_confirm,False,
2244,43,Lemon,common_uses,"Edible fruit, culinary flavoring",https://www.nparks.gov.sg/florafaunaweb/flora/3/8/3821,,3.0,named,False,
2245,44,Balai Lamok,common_name,Balai Lamok,https://www.stuartxchange.com/Salingbobog.html,,2.0,named,False,
2246,44,Balai Lamok,scientific_name,Crateva religiosa,https://www.stuartxchange.com/Salingbobog.html,,2.0,named,False,
2247,44,Balai Lamok,category,Native Ornamental / Timber,https://www.stuartxchange.com/Salingbobog.html,,2.0,named,False,
2248,44,Balai Lamok,elev_min_m,0,https://tropical.theferns.info/viewtropical.php?id=Crateva+religiosa,,3.0,assigned_confirm,False,
2249,44,Balai Lamok,elev_max_m,700,https://tropical.theferns.info/viewtropical.php?id=Crateva+religiosa,,3.0,assigned_confirm,False,
2250,44,Balai Lamok,rain_min_mm,1200,https://tropical.theferns.info/viewtropical.php?id=Crateva+religiosa,,3.0,assigned_confirm,False,
2251,44,Balai Lamok,rain_max_mm,3500,https://tropical.theferns.info/viewtropical.php?id=Crateva+religiosa,,3.0,assigned_confirm,False,
2252,44,Balai Lamok,shade_tol,Low,https://www.nparks.gov.sg/florafaunaweb/flora/2/8/2828,,3.0,named,False,
2253,44,Balai Lamok,max_slope_pct,30,https://tropical.theferns.info/viewtropical.php?id=Crateva+religiosa,,3.0,assigned_confirm,False,
2254,44,Balai Lamok,soil_raw,"Loam, Clay-Loam, Alluvial",https://www.nparks.gov.sg/florafaunaweb/flora/2/8/2828,,3.0,named,False,
2255,44,Balai Lamok,ph_min,5.5,https://tropical.theferns.info/viewtropical.php?id=Crateva+religiosa,,3.0,assigned_confirm,False,
2256,44,Balai Lamok,ph_max,7.5,https://tropical.theferns.info/viewtropical.php?id=Crateva+religiosa,,3.0,assigned_confirm,False,
2257,44,Balai Lamok,drought_tol,Medium,https://www.nparks.gov.sg/florafaunaweb/flora/2/8/2828,,3.0,named,False,
2258,44,Balai Lamok,waterlog_tol,Medium,https://tropical.theferns.info/viewtropical.php?id=Crateva+religiosa,,3.0,assigned_confirm,False,
2259,44,Balai Lamok,mature_height_m,15,https://www.stuartxchange.com/Salingbobog.html,,2.0,named,False,
2260,44,Balai Lamok,canopy_spread_m,10,https://www.nparks.gov.sg/florafaunaweb/flora/2/8/2828,,3.0,named,False,
2261,44,Balai Lamok,root_type,Taproot,https://tropical.theferns.info/viewtropical.php?id=Crateva+religiosa,,3.0,assigned_confirm,False,
2262,44,Balai Lamok,urban_raw,"Parks, Streetscape",https://www.nparks.gov.sg/florafaunaweb/flora/2/8/2828,,3.0,named,False,
2263,44,Balai Lamok,temp_min_c,24,https://tropical.theferns.info/viewtropical.php?id=Crateva+religiosa,,3.0,assigned_confirm,False,
2264,44,Balai Lamok,temp_max_c,30,https://tropical.theferns.info/viewtropical.php?id=Crateva+religiosa,,3.0,assigned_confirm,False,
2265,44,Balai Lamok,corona_raw,"Type I, III, IV",https://tropical.theferns.info/viewtropical.php?id=Crateva+religiosa,,3.0,assigned_confirm,False,
2266,44,Balai Lamok,months_raw,"[5, 6, 7]",https://tropical.theferns.info/viewtropical.php?id=Crateva+religiosa,,3.0,assigned_confirm,False,
2267,44,Balai Lamok,deployment_stage,Sapling (6-8 mos),https://tropical.theferns.info/viewtropical.php?id=Crateva+religiosa,,3.0,assigned_confirm,False,
2268,44,Balai Lamok,climate_risk_notes,Requires full sun to produce spectacular flowering,https://www.nparks.gov.sg/florafaunaweb/flora/2/8/2828,,3.0,named,False,
2269,44,Balai Lamok,typhoon_res,Medium,https://tropical.theferns.info/viewtropical.php?id=Crateva+religiosa,,3.0,assigned_confirm,False,
2270,44,Balai Lamok,growth_rate_raw,Medium,https://tropical.theferns.info/viewtropical.php?id=Crateva+religiosa,,3.0,assigned_confirm,False,
2271,44,Balai Lamok,reference_authority,StuartXChange / NParks,https://www.stuartxchange.com/Salingbobog.html,,2.0,named,False,
2272,44,Balai Lamok,special_care_notes,Deciduous; drops leaves before producing pale yellow flowers,https://www.nparks.gov.sg/florafaunaweb/flora/2/8/2828,,3.0,named,False,
2273,44,Balai Lamok,preferred_climate_seasons,Humid tropical,https://tropical.theferns.info/viewtropical.php?id=Crateva+religiosa,,3.0,assigned_confirm,False,
2274,44,Balai Lamok,endangered_raw,Least Concern,https://www.nparks.gov.sg/florafaunaweb/flora/2/8/2828,,3.0,named,False,
2275,44,Balai Lamok,planting_difficulty,Low infrastructure risk,https://www.nparks.gov.sg/florafaunaweb/flora/2/8/2828,,3.0,named,False,
2276,44,Balai Lamok,drought_tolerance_notes,Medium,https://www.nparks.gov.sg/florafaunaweb/flora/2/8/2828,,3.0,named,False,
2277,44,Balai Lamok,mode_of_nutrition,Autotrophic,https://tropical.theferns.info/viewtropical.php?id=Crateva+religiosa,,3.0,assigned_confirm,False,
2278,44,Balai Lamok,native_habitat,"Along streams, thickets",https://www.stuartxchange.com/Salingbobog.html,,2.0,named,False,
2279,44,Balai Lamok,growth_form,Small to medium deciduous tree,https://www.stuartxchange.com/Salingbobog.html,,2.0,named,False,
2280,44,Balai Lamok,sexuality_raw,Hermaphroditic,https://tropical.theferns.info/viewtropical.php?id=Crateva+religiosa,,3.0,assigned_confirm,False,
2281,44,Balai Lamok,water_preference,Moderate watering,https://www.nparks.gov.sg/florafaunaweb/flora/2/8/2828,,3.0,named,False,
2282,44,Balai Lamok,light_preference,Full Sun,https://www.nparks.gov.sg/florafaunaweb/flora/2/8/2828,,3.0,named,False,
2283,44,Balai Lamok,propagation_method,"Seeds, Cuttings",https://tropical.theferns.info/viewtropical.php?id=Crateva+religiosa,,3.0,assigned_confirm,False,
2284,44,Balai Lamok,plant_partners,Ornamental ground cover,https://www.nparks.gov.sg/florafaunaweb/flora/2/8/2828,,3.0,named,False,
2285,44,Balai Lamok,common_problems,Generally pest-free,https://www.nparks.gov.sg/florafaunaweb/flora/2/8/2828,,3.0,named,False,
2286,44,Balai Lamok,humidity,High,https://tropical.theferns.info/viewtropical.php?id=Crateva+religiosa,,3.0,assigned_confirm,False,
2287,44,Balai Lamok,spacing_min_m,6,https://tropical.theferns.info/viewtropical.php?id=Crateva+religiosa,,3.0,assigned_confirm,False,
2288,44,Balai Lamok,spacing_max_m,8,https://tropical.theferns.info/viewtropical.php?id=Crateva+religiosa,,3.0,assigned_confirm,False,
2289,44,Balai Lamok,planting_depth,Collar level,https://tropical.theferns.info/viewtropical.php?id=Crateva+religiosa,,3.0,assigned_confirm,False,
2290,44,Balai Lamok,germination_raw,20-30 days,https://tropical.theferns.info/viewtropical.php?id=Crateva+religiosa,,3.0,assigned_confirm,False,
2291,44,Balai Lamok,planting_method,Hole 2x root ball,https://tropical.theferns.info/viewtropical.php?id=Crateva+religiosa,,3.0,assigned_confirm,False,
2292,44,Balai Lamok,drainage,Well-drained,https://www.nparks.gov.sg/florafaunaweb/flora/2/8/2828,,3.0,named,False,
2293,44,Balai Lamok,nutritional_requirements,Standard NPK,https://tropical.theferns.info/viewtropical.php?id=Crateva+religiosa,,3.0,assigned_confirm,False,
2294,44,Balai Lamok,dry_season_raw,Max 4-5 months,https://tropical.theferns.info/viewtropical.php?id=Crateva+religiosa,,3.0,assigned_confirm,False,
2295,44,Balai Lamok,common_uses,"Ornamental, Medicinal",https://www.stuartxchange.com/Salingbobog.html,,2.0,named,False,
2296,45,Kamias,common_name,Kamias,https://www.stuartxchange.org/Kamias.html,,2.0,named,False,
2297,45,Kamias,scientific_name,Averrhoa bilimbi,https://www.stuartxchange.org/Kamias.html,,2.0,named,False,
2298,45,Kamias,category,High-Value Crop / Fruit Tree,https://apps.worldagroforestry.org/treedb/AFTPDFS/Averrhoa_bilimbi.PDF,,3.0,assigned_confirm,False,
2299,45,Kamias,elev_min_m,0,https://apps.worldagroforestry.org/treedb/AFTPDFS/Averrhoa_bilimbi.PDF,,3.0,assigned_confirm,False,
2300,45,Kamias,elev_max_m,500,https://apps.worldagroforestry.org/treedb/AFTPDFS/Averrhoa_bilimbi.PDF,,3.0,assigned_confirm,False,
2301,45,Kamias,rain_min_mm,1000,https://apps.worldagroforestry.org/treedb/AFTPDFS/Averrhoa_bilimbi.PDF,,3.0,assigned_confirm,False,
2302,45,Kamias,rain_max_mm,2500,https://apps.worldagroforestry.org/treedb/AFTPDFS/Averrhoa_bilimbi.PDF,,3.0,assigned_confirm,False,
2303,45,Kamias,shade_tol,Medium,https://apps.worldagroforestry.org/treedb/AFTPDFS/Averrhoa_bilimbi.PDF,,3.0,assigned_confirm,False,
2304,45,Kamias,max_slope_pct,20,https://apps.worldagroforestry.org/treedb/AFTPDFS/Averrhoa_bilimbi.PDF,,3.0,assigned_confirm,False,
2305,45,Kamias,soil_raw,"Rich, well-drained loam, sandy loam",https://apps.worldagroforestry.org/treedb/AFTPDFS/Averrhoa_bilimbi.PDF,,3.0,assigned_confirm,False,
2306,45,Kamias,ph_min,5.5,https://apps.worldagroforestry.org/treedb/AFTPDFS/Averrhoa_bilimbi.PDF,,3.0,assigned_confirm,False,
2307,45,Kamias,ph_max,6.5,https://apps.worldagroforestry.org/treedb/AFTPDFS/Averrhoa_bilimbi.PDF,,3.0,assigned_confirm,False,
2308,45,Kamias,drought_tol,Low,https://apps.worldagroforestry.org/treedb/AFTPDFS/Averrhoa_bilimbi.PDF,,3.0,assigned_confirm,False,
2309,45,Kamias,waterlog_tol,Low,https://apps.worldagroforestry.org/treedb/AFTPDFS/Averrhoa_bilimbi.PDF,,3.0,assigned_confirm,False,
2310,45,Kamias,timber_density_raw,0.50,https://apps.worldagroforestry.org/atlas-documents/ENGLISH/Averrhoa%20bilimbi.pdf,,3.0,assigned_confirm,True,nonstandard_citation
2311,45,Kamias,mature_height_m,10,https://www.stuartxchange.org/Kamias.html,,2.0,named,False,
2312,45,Kamias,canopy_spread_m,6,https://apps.worldagroforestry.org/treedb/AFTPDFS/Averrhoa_bilimbi.PDF,,3.0,assigned_confirm,False,
2313,45,Kamias,root_type,Taproot,https://apps.worldagroforestry.org/treedb/AFTPDFS/Averrhoa_bilimbi.PDF,,3.0,assigned_confirm,False,
2314,45,Kamias,urban_raw,"Household Gardens, Agroforestry",https://urbangoesgreen.com/plant-guide/edible/kamias/,,4.0,unranked,False,
2315,45,Kamias,temp_min_c,22,https://apps.worldagroforestry.org/treedb/AFTPDFS/Averrhoa_bilimbi.PDF,,3.0,assigned_confirm,False,
2316,45,Kamias,temp_max_c,32,https://apps.worldagroforestry.org/treedb/AFTPDFS/Averrhoa_bilimbi.PDF,,3.0,assigned_confirm,False,
2317,45,Kamias,corona_raw,"Type I, III, IV",https://apps.worldagroforestry.org/treedb/AFTPDFS/Averrhoa_bilimbi.PDF,,3.0,assigned_confirm,False,
2318,45,Kamias,months_raw,"[5, 6, 7]",https://apps.worldagroforestry.org/treedb/AFTPDFS/Averrhoa_bilimbi.PDF,,3.0,assigned_confirm,False,
2319,45,Kamias,deployment_stage,Seedling (4-6 mos),https://apps.worldagroforestry.org/treedb/AFTPDFS/Averrhoa_bilimbi.PDF,,3.0,assigned_confirm,False,
2320,45,Kamias,climate_risk_notes,Highly susceptible to drought and extreme wind,https://apps.worldagroforestry.org/treedb/AFTPDFS/Averrhoa_bilimbi.PDF,,3.0,assigned_confirm,False,
2321,45,Kamias,typhoon_res,Low,https://apps.worldagroforestry.org/treedb/AFTPDFS/Averrhoa_bilimbi.PDF,,3.0,assigned_confirm,False,
2322,45,Kamias,growth_rate_raw,Medium,https://apps.worldagroforestry.org/treedb/AFTPDFS/Averrhoa_bilimbi.PDF,,3.0,assigned_confirm,False,
2323,45,Kamias,reference_authority,World Agroforestry / StuartXChange,https://www.stuartxchange.org/Kamias.html,,2.0,named,False,
2324,45,Kamias,special_care_notes,Fruits directly on trunk and older branches (cauliflorous),https://apps.worldagroforestry.org/treedb/AFTPDFS/Averrhoa_bilimbi.PDF,,3.0,assigned_confirm,False,
2325,45,Kamias,preferred_climate_seasons,Humid tropical,https://apps.worldagroforestry.org/treedb/AFTPDFS/Averrhoa_bilimbi.PDF,,3.0,assigned_confirm,False,
2326,45,Kamias,endangered_raw,Least Concern,https://apps.worldagroforestry.org/treedb/AFTPDFS/Averrhoa_bilimbi.PDF,,3.0,assigned_confirm,False,
2327,45,Kamias,planting_difficulty,Needs protection from strong winds,https://apps.worldagroforestry.org/treedb/AFTPDFS/Averrhoa_bilimbi.PDF,,3.0,assigned_confirm,False,
2328,45,Kamias,drought_tolerance_notes,Low,https://apps.worldagroforestry.org/treedb/AFTPDFS/Averrhoa_bilimbi.PDF,,3.0,assigned_confirm,False,
2329,45,Kamias,mode_of_nutrition,Autotrophic,https://apps.worldagroforestry.org/treedb/AFTPDFS/Averrhoa_bilimbi.PDF,,3.0,assigned_confirm,False,
2330,45,Kamias,native_habitat,Cultivated widely,https://www.stuartxchange.org/Kamias.html,,2.0,named,False,
2331,45,Kamias,growth_form,"Small evergreen tree, sparsely branched",https://www.stuartxchange.org/Kamias.html,,2.0,named,False,
2332,45,Kamias,sexuality_raw,Hermaphroditic,https://apps.worldagroforestry.org/treedb/AFTPDFS/Averrhoa_bilimbi.PDF,,3.0,assigned_confirm,False,
2333,45,Kamias,water_preference,Moderate to High watering,https://urbangoesgreen.com/plant-guide/edible/kamias/,,4.0,unranked,False,
2334,45,Kamias,light_preference,Full Sun to Partial Shade,https://apps.worldagroforestry.org/treedb/AFTPDFS/Averrhoa_bilimbi.PDF,,3.0,assigned_confirm,False,
2335,45,Kamias,propagation_method,Seeds,https://apps.worldagroforestry.org/treedb/AFTPDFS/Averrhoa_bilimbi.PDF,,3.0,assigned_confirm,False,
2336,45,Kamias,plant_partners,Windbreak trees,https://apps.worldagroforestry.org/treedb/AFTPDFS/Averrhoa_bilimbi.PDF,,3.0,assigned_confirm,False,
2337,45,Kamias,common_problems,"Leaf spot, fruit flies",https://apps.worldagroforestry.org/treedb/AFTPDFS/Averrhoa_bilimbi.PDF,,3.0,assigned_confirm,False,
2338,45,Kamias,humidity,High,https://apps.worldagroforestry.org/treedb/AFTPDFS/Averrhoa_bilimbi.PDF,,3.0,assigned_confirm,False,
2339,45,Kamias,spacing_min_m,4,https://apps.worldagroforestry.org/treedb/AFTPDFS/Averrhoa_bilimbi.PDF,,3.0,assigned_confirm,False,
2340,45,Kamias,spacing_max_m,6,https://apps.worldagroforestry.org/treedb/AFTPDFS/Averrhoa_bilimbi.PDF,,3.0,assigned_confirm,False,
2341,45,Kamias,planting_depth,Collar level,https://apps.worldagroforestry.org/treedb/AFTPDFS/Averrhoa_bilimbi.PDF,,3.0,assigned_confirm,False,
2342,45,Kamias,germination_raw,14-21 days,https://apps.worldagroforestry.org/treedb/AFTPDFS/Averrhoa_bilimbi.PDF,,3.0,assigned_confirm,False,
2343,45,Kamias,planting_method,Hole 2x root ball,https://urbangoesgreen.com/plant-guide/edible/kamias/,,4.0,unranked,False,
2344,45,Kamias,drainage,Well-drained,https://apps.worldagroforestry.org/treedb/AFTPDFS/Averrhoa_bilimbi.PDF,,3.0,assigned_confirm,False,
2345,45,Kamias,nutritional_requirements,Standard NPK,https://apps.worldagroforestry.org/treedb/AFTPDFS/Averrhoa_bilimbi.PDF,,3.0,assigned_confirm,False,
2346,45,Kamias,dry_season_raw,Max 2-3 months,https://apps.worldagroforestry.org/treedb/AFTPDFS/Averrhoa_bilimbi.PDF,,3.0,assigned_confirm,False,
2347,45,Kamias,common_uses,"Culinary flavoring, medicinal",https://www.stuartxchange.org/Kamias.html,,2.0,named,False,
